rank,rule,params,val_min_pr,val_fall_p,val_nfall_p,val_fall_r,val_nfall_r,val_fp,val_fn,test_min_pr,test_fall_p,test_nfall_p,test_fall_r,test_nfall_r,test_fp,test_fn
1,consecutive,"{""min_consecutive"": 4, ""threshold"": 0.475}",0.89375,0.9618834080717489,0.9069767441860465,0.9669421487603306,0.89375,51,44,0.8979591836734694,0.9629080118694362,0.9282700421940928,0.9744744744744744,0.8979591836734694,25,17
2,consecutive_count,"{""min_consecutive"": 4, ""min_count"": 2, ""threshold"": 0.475}",0.89375,0.9618834080717489,0.9069767441860465,0.9669421487603306,0.89375,51,44,0.8979591836734694,0.9629080118694362,0.9282700421940928,0.9744744744744744,0.8979591836734694,25,17
3,consecutive_count,"{""min_consecutive"": 4, ""min_count"": 3, ""threshold"": 0.475}",0.89375,0.9618834080717489,0.9069767441860465,0.9669421487603306,0.89375,51,44,0.8979591836734694,0.9629080118694362,0.9282700421940928,0.9744744744744744,0.8979591836734694,25,17
4,consecutive_count,"{""min_consecutive"": 4, ""min_count"": 4, ""threshold"": 0.475}",0.89375,0.9618834080717489,0.9069767441860465,0.9669421487603306,0.89375,51,44,0.8979591836734694,0.9629080118694362,0.9282700421940928,0.9744744744744744,0.8979591836734694,25,17
5,consecutive_ratio,"{""min_consecutive"": 4, ""min_ratio"": 0.03, ""threshold"": 0.475}",0.89375,0.9618834080717489,0.9069767441860465,0.9669421487603306,0.89375,51,44,0.8979591836734694,0.9629080118694362,0.9282700421940928,0.9744744744744744,0.8979591836734694,25,17
6,consecutive_ratio,"{""min_consecutive"": 4, ""min_ratio"": 0.05, ""threshold"": 0.475}",0.89375,0.9618834080717489,0.9069767441860465,0.9669421487603306,0.89375,51,44,0.8979591836734694,0.9629080118694362,0.9282700421940928,0.9744744744744744,0.8979591836734694,25,17
7,consecutive_ratio,"{""min_consecutive"": 4, ""min_ratio"": 0.07, ""threshold"": 0.475}",0.89375,0.9618834080717489,0.9069767441860465,0.9669421487603306,0.89375,51,44,0.8979591836734694,0.9629080118694362,0.9282700421940928,0.9744744744744744,0.8979591836734694,25,17
8,consecutive_ratio,"{""min_consecutive"": 4, ""min_ratio"": 0.09, ""threshold"": 0.475}",0.89375,0.9618834080717489,0.9069767441860465,0.9669421487603306,0.89375,51,44,0.8979591836734694,0.9629080118694362,0.9282700421940928,0.9744744744744744,0.8979591836734694,25,17
9,consecutive_count,"{""min_consecutive"": 1, ""min_count"": 4, ""threshold"": 0.5}",0.89375,0.9617117117117117,0.8956158663883089,0.9624342599549212,0.89375,51,50,0.9102040816326531,0.9671150971599403,0.9214876033057852,0.9714714714714715,0.9102040816326531,22,19
10,consecutive_ratio,"{""min_consecutive"": 1, ""min_ratio"": 0.09, ""threshold"": 0.5}",0.89375,0.9617117117117117,0.8956158663883089,0.9624342599549212,0.89375,51,50,0.9102040816326531,0.9671150971599403,0.9214876033057852,0.9714714714714715,0.9102040816326531,22,19
11,consecutive_count,"{""min_consecutive"": 2, ""min_count"": 4, ""threshold"": 0.5}",0.89375,0.9617117117117117,0.8956158663883089,0.9624342599549212,0.89375,51,50,0.9102040816326531,0.9671150971599403,0.9214876033057852,0.9714714714714715,0.9102040816326531,22,19
12,consecutive_ratio,"{""min_consecutive"": 2, ""min_ratio"": 0.09, ""threshold"": 0.5}",0.89375,0.9617117117117117,0.8956158663883089,0.9624342599549212,0.89375,51,50,0.9102040816326531,0.9671150971599403,0.9214876033057852,0.9714714714714715,0.9102040816326531,22,19
13,hysteresis,"{""high"": 0.525, ""low"": 0.475, ""min_consecutive"": 4}",0.89375,0.9616829451540195,0.89375,0.9616829451540195,0.89375,51,51,0.9102040816326531,0.967016491754123,0.9139344262295082,0.9684684684684685,0.9102040816326531,22,21
14,topk_mean,"{""threshold"": 0.475, ""top_k"": 9}",0.8916666666666667,0.9610486891385768,0.8991596638655462,0.9639368895567243,0.8916666666666667,52,48,0.8938775510204081,0.9615952732644018,0.9358974358974359,0.9774774774774775,0.8938775510204081,26,15
15,topk_mean,"{""threshold"": 0.525, ""top_k"": 5}",0.8916666666666667,0.960960960960961,0.8935281837160751,0.9616829451540195,0.8916666666666667,52,51,0.9142857142857143,0.968609865470852,0.9256198347107438,0.972972972972973,0.9142857142857143,21,18
16,consecutive_count,"{""min_consecutive"": 1, ""min_count"": 5, ""threshold"": 0.475}",0.8916666666666667,0.9609316303531179,0.8916666666666667,0.9609316303531179,0.8916666666666667,52,52,0.8938775510204081,0.9614243323442137,0.9240506329113924,0.972972972972973,0.8938775510204081,26,18
17,consecutive_ratio,"{""min_consecutive"": 1, ""min_ratio"": 0.11, ""threshold"": 0.475}",0.8916666666666667,0.9609316303531179,0.8916666666666667,0.9609316303531179,0.8916666666666667,52,52,0.8938775510204081,0.9614243323442137,0.9240506329113924,0.972972972972973,0.8938775510204081,26,18
18,consecutive_count,"{""min_consecutive"": 2, ""min_count"": 5, ""threshold"": 0.475}",0.8916666666666667,0.9609316303531179,0.8916666666666667,0.9609316303531179,0.8916666666666667,52,52,0.8938775510204081,0.9614243323442137,0.9240506329113924,0.972972972972973,0.8938775510204081,26,18
19,consecutive_ratio,"{""min_consecutive"": 2, ""min_ratio"": 0.11, ""threshold"": 0.475}",0.8916666666666667,0.9609316303531179,0.8916666666666667,0.9609316303531179,0.8916666666666667,52,52,0.8938775510204081,0.9614243323442137,0.9240506329113924,0.972972972972973,0.8938775510204081,26,18
20,topk_mean,"{""threshold"": 0.5, ""top_k"": 7}",0.8916666666666667,0.9609316303531179,0.8916666666666667,0.9609316303531179,0.8916666666666667,52,52,0.9102040816326531,0.9672619047619048,0.9330543933054394,0.975975975975976,0.9102040816326531,22,16
21,consecutive_count,"{""min_consecutive"": 3, ""min_count"": 4, ""threshold"": 0.5}",0.8902691511387164,0.9623493975903614,0.8902691511387164,0.9601803155522164,0.8958333333333334,50,53,0.9142857142857143,0.968562874251497,0.9218106995884774,0.9714714714714715,0.9142857142857143,21,19
22,consecutive_ratio,"{""min_consecutive"": 3, ""min_ratio"": 0.09, ""threshold"": 0.5}",0.8902691511387164,0.9623493975903614,0.8902691511387164,0.9601803155522164,0.8958333333333334,50,53,0.9142857142857143,0.968562874251497,0.9218106995884774,0.9714714714714715,0.9142857142857143,21,19
23,consecutive_count,"{""min_consecutive"": 3, ""min_count"": 5, ""threshold"": 0.475}",0.8898128898128899,0.9609022556390977,0.8898128898128899,0.9601803155522164,0.8916666666666667,52,53,0.8938775510204081,0.9613670133729569,0.9201680672268907,0.9714714714714715,0.8938775510204081,26,19
24,consecutive_ratio,"{""min_consecutive"": 3, ""min_ratio"": 0.11, ""threshold"": 0.475}",0.8898128898128899,0.9609022556390977,0.8898128898128899,0.9601803155522164,0.8916666666666667,52,53,0.8938775510204081,0.9613670133729569,0.9201680672268907,0.9714714714714715,0.8938775510204081,26,19
25,consecutive_count,"{""min_consecutive"": 1, ""min_count"": 4, ""threshold"": 0.475}",0.8895833333333333,0.9606533036377134,0.9202586206896551,0.9722013523666416,0.8895833333333333,53,37,0.8857142857142857,0.9588235294117647,0.9393939393939394,0.978978978978979,0.8857142857142857,28,14
26,consecutive_ratio,"{""min_consecutive"": 1, ""min_ratio"": 0.09, ""threshold"": 0.475}",0.8895833333333333,0.9606533036377134,0.9202586206896551,0.9722013523666416,0.8895833333333333,53,37,0.8857142857142857,0.9588235294117647,0.9393939393939394,0.978978978978979,0.8857142857142857,28,14
27,consecutive_count,"{""min_consecutive"": 2, ""min_count"": 4, ""threshold"": 0.475}",0.8895833333333333,0.9606533036377134,0.9202586206896551,0.9722013523666416,0.8895833333333333,53,37,0.8857142857142857,0.9588235294117647,0.9393939393939394,0.978978978978979,0.8857142857142857,28,14
28,consecutive_ratio,"{""min_consecutive"": 2, ""min_ratio"": 0.09, ""threshold"": 0.475}",0.8895833333333333,0.9606533036377134,0.9202586206896551,0.9722013523666416,0.8895833333333333,53,37,0.8857142857142857,0.9588235294117647,0.9393939393939394,0.978978978978979,0.8857142857142857,28,14
29,consecutive_count,"{""min_consecutive"": 3, ""min_count"": 4, ""threshold"": 0.475}",0.8895833333333333,0.9606240713224369,0.9182795698924732,0.97145003756574,0.8895833333333333,53,38,0.889795918367347,0.9601769911504425,0.9356223175965666,0.9774774774774775,0.889795918367347,27,15
30,consecutive_ratio,"{""min_consecutive"": 3, ""min_ratio"": 0.09, ""threshold"": 0.475}",0.8895833333333333,0.9606240713224369,0.9182795698924732,0.97145003756574,0.8895833333333333,53,38,0.889795918367347,0.9601769911504425,0.9356223175965666,0.9774774774774775,0.889795918367347,27,15
31,hysteresis,"{""high"": 0.55, ""low"": 0.45, ""min_consecutive"": 4}",0.8895833333333333,0.9602400600150037,0.893305439330544,0.9616829451540195,0.8895833333333333,53,51,0.9102040816326531,0.9670658682634731,0.9176954732510288,0.96996996996997,0.9102040816326531,22,20
32,topk_mean,"{""threshold"": 0.55, ""top_k"": 3}",0.8895833333333333,0.9602102102102102,0.8914405010438413,0.9609316303531179,0.8895833333333333,53,52,0.9061224489795918,0.9656716417910448,0.921161825726141,0.9714714714714715,0.9061224489795918,23,19
33,consecutive_count,"{""min_consecutive"": 2, ""min_count"": 3, ""threshold"": 0.525}",0.8884297520661157,0.9623210248681235,0.8884297520661157,0.9594290007513148,0.8958333333333334,50,54,0.9183673469387755,0.96996996996997,0.9183673469387755,0.96996996996997,0.9183673469387755,20,20
34,consecutive_ratio,"{""min_consecutive"": 2, ""min_ratio"": 0.05, ""threshold"": 0.525}",0.8884297520661157,0.9623210248681235,0.8884297520661157,0.9594290007513148,0.8958333333333334,50,54,0.9183673469387755,0.96996996996997,0.9183673469387755,0.96996996996997,0.9183673469387755,20,20
35,consecutive_ratio,"{""min_consecutive"": 2, ""min_ratio"": 0.07, ""threshold"": 0.525}",0.8884297520661157,0.9623210248681235,0.8884297520661157,0.9594290007513148,0.8958333333333334,50,54,0.9183673469387755,0.96996996996997,0.9183673469387755,0.96996996996997,0.9183673469387755,20,20
36,consecutive_count,"{""min_consecutive"": 1, ""min_count"": 3, ""threshold"": 0.525}",0.8881987577639752,0.9615963855421686,0.8881987577639752,0.9594290007513148,0.89375,51,54,0.9183673469387755,0.96996996996997,0.9183673469387755,0.96996996996997,0.9183673469387755,20,20
37,consecutive_ratio,"{""min_consecutive"": 1, ""min_ratio"": 0.05, ""threshold"": 0.525}",0.8881987577639752,0.9615963855421686,0.8881987577639752,0.9594290007513148,0.89375,51,54,0.9183673469387755,0.96996996996997,0.9183673469387755,0.96996996996997,0.9183673469387755,20,20
38,consecutive_ratio,"{""min_consecutive"": 1, ""min_ratio"": 0.07, ""threshold"": 0.525}",0.8881987577639752,0.9615963855421686,0.8881987577639752,0.9594290007513148,0.89375,51,54,0.9183673469387755,0.96996996996997,0.9183673469387755,0.96996996996997,0.9183673469387755,20,20
39,hysteresis,"{""high"": 0.5, ""low"": 0.45, ""min_consecutive"": 5}",0.8875,0.959489872468117,0.891213389121339,0.9609316303531179,0.8875,54,52,0.8938775510204081,0.9614814814814815,0.9279661016949152,0.9744744744744744,0.8938775510204081,26,17
40,hysteresis,"{""high"": 0.55, ""low"": 0.5, ""min_consecutive"": 3}",0.8875,0.959489872468117,0.891213389121339,0.9609316303531179,0.8875,54,52,0.9102040816326531,0.9670658682634731,0.9176954732510288,0.96996996996997,0.9102040816326531,22,20
41,hysteresis,"{""high"": 0.55, ""low"": 0.4, ""min_consecutive"": 5}",0.8875,0.959489872468117,0.891213389121339,0.9609316303531179,0.8875,54,52,0.9142857142857143,0.9685157421289355,0.9180327868852459,0.96996996996997,0.9142857142857143,21,20
42,topk_mean,"{""threshold"": 0.525, ""top_k"": 4}",0.8854166666666666,0.9589552238805971,0.9023354564755839,0.9654395191585274,0.8854166666666666,55,46,0.9020408163265307,0.9643387815750372,0.9285714285714286,0.9744744744744744,0.9020408163265307,24,17
43,hysteresis,"{""high"": 0.525, ""low"": 0.425, ""min_consecutive"": 5}",0.8854166666666666,0.9588014981273408,0.8928571428571429,0.9616829451540195,0.8854166666666666,55,51,0.8979591836734694,0.962852897473997,0.9243697478991597,0.972972972972973,0.8979591836734694,25,18
44,hysteresis,"{""high"": 0.55, ""low"": 0.35, ""min_consecutive"": 6}",0.8854166666666666,0.9586776859504132,0.8854166666666666,0.9586776859504132,0.8854166666666666,55,55,0.9061224489795918,0.9655688622754491,0.9135802469135802,0.9684684684684685,0.9061224489795918,23,21
45,consecutive_count,"{""min_consecutive"": 4, ""min_count"": 5, ""threshold"": 0.475}",0.8847736625514403,0.9622641509433962,0.8847736625514403,0.9579263711495116,0.8958333333333334,50,56,0.9020408163265307,0.9641791044776119,0.91701244813278,0.96996996996997,0.9020408163265307,24,20
46,consecutive_ratio,"{""min_consecutive"": 4, ""min_ratio"": 0.11, ""threshold"": 0.475}",0.8847736625514403,0.9622641509433962,0.8847736625514403,0.9579263711495116,0.8958333333333334,50,56,0.9020408163265307,0.9641791044776119,0.91701244813278,0.96996996996997,0.9020408163265307,24,20
47,consecutive,"{""min_consecutive"": 3, ""threshold"": 0.525}",0.8847736625514403,0.9622641509433962,0.8847736625514403,0.9579263711495116,0.8958333333333334,50,56,0.9186991869918699,0.9714285714285714,0.9186991869918699,0.96996996996997,0.9224489795918367,19,20
48,consecutive_count,"{""min_consecutive"": 3, ""min_count"": 2, ""threshold"": 0.525}",0.8847736625514403,0.9622641509433962,0.8847736625514403,0.9579263711495116,0.8958333333333334,50,56,0.9186991869918699,0.9714285714285714,0.9186991869918699,0.96996996996997,0.9224489795918367,19,20
49,consecutive_count,"{""min_consecutive"": 3, ""min_count"": 3, ""threshold"": 0.525}",0.8847736625514403,0.9622641509433962,0.8847736625514403,0.9579263711495116,0.8958333333333334,50,56,0.9186991869918699,0.9714285714285714,0.9186991869918699,0.96996996996997,0.9224489795918367,19,20
50,consecutive_ratio,"{""min_consecutive"": 3, ""min_ratio"": 0.03, ""threshold"": 0.525}",0.8847736625514403,0.9622641509433962,0.8847736625514403,0.9579263711495116,0.8958333333333334,50,56,0.9186991869918699,0.9714285714285714,0.9186991869918699,0.96996996996997,0.9224489795918367,19,20
51,consecutive_ratio,"{""min_consecutive"": 3, ""min_ratio"": 0.05, ""threshold"": 0.525}",0.8847736625514403,0.9622641509433962,0.8847736625514403,0.9579263711495116,0.8958333333333334,50,56,0.9186991869918699,0.9714285714285714,0.9186991869918699,0.96996996996997,0.9224489795918367,19,20
52,consecutive_ratio,"{""min_consecutive"": 3, ""min_ratio"": 0.07, ""threshold"": 0.525}",0.8847736625514403,0.9622641509433962,0.8847736625514403,0.9579263711495116,0.8958333333333334,50,56,0.9186991869918699,0.9714285714285714,0.9186991869918699,0.96996996996997,0.9224489795918367,19,20
53,hysteresis,"{""high"": 0.575, ""low"": 0.375, ""min_consecutive"": 4}",0.8840579710144928,0.9600903614457831,0.8840579710144928,0.9579263711495116,0.8895833333333333,53,56,0.9061224489795918,0.9655172413793104,0.9098360655737705,0.9669669669669669,0.9061224489795918,23,22
54,hysteresis,"{""high"": 0.575, ""low"": 0.525, ""min_consecutive"": 2}",0.8838174273858921,0.9593679458239278,0.8838174273858921,0.9579263711495116,0.8875,54,56,0.9061224489795918,0.9655172413793104,0.9098360655737705,0.9669669669669669,0.9061224489795918,23,22
55,hysteresis,"{""high"": 0.575, ""low"": 0.425, ""min_consecutive"": 3}",0.8838174273858921,0.9593679458239278,0.8838174273858921,0.9579263711495116,0.8875,54,56,0.9061224489795918,0.9655172413793104,0.9098360655737705,0.9669669669669669,0.9061224489795918,23,22
56,topk_mean,"{""threshold"": 0.475, ""top_k"": 7}",0.8833333333333333,0.9585185185185185,0.9197396963123644,0.9722013523666416,0.8833333333333333,56,37,0.8857142857142857,0.9589442815249267,0.9475982532751092,0.9819819819819819,0.8857142857142857,28,12
57,topk_mean,"{""threshold"": 0.5, ""top_k"": 5}",0.8833333333333333,0.958364312267658,0.9098712446351931,0.9684447783621337,0.8833333333333333,56,42,0.8816326530612245,0.9574780058651027,0.9432314410480349,0.9804804804804805,0.8816326530612245,29,13
58,consecutive,"{""min_consecutive"": 3, ""threshold"": 0.5}",0.8833333333333333,0.9582089552238806,0.9002123142250531,0.9646882043576258,0.8833333333333333,56,47,0.8979591836734694,0.9630723781388478,0.9401709401709402,0.978978978978979,0.8979591836734694,25,14
59,consecutive_count,"{""min_consecutive"": 3, ""min_count"": 2, ""threshold"": 0.5}",0.8833333333333333,0.9582089552238806,0.9002123142250531,0.9646882043576258,0.8833333333333333,56,47,0.8979591836734694,0.9630723781388478,0.9401709401709402,0.978978978978979,0.8979591836734694,25,14
60,consecutive_count,"{""min_consecutive"": 3, ""min_count"": 3, ""threshold"": 0.5}",0.8833333333333333,0.9582089552238806,0.9002123142250531,0.9646882043576258,0.8833333333333333,56,47,0.8979591836734694,0.9630723781388478,0.9401709401709402,0.978978978978979,0.8979591836734694,25,14
61,consecutive_ratio,"{""min_consecutive"": 3, ""min_ratio"": 0.03, ""threshold"": 0.5}",0.8833333333333333,0.9582089552238806,0.9002123142250531,0.9646882043576258,0.8833333333333333,56,47,0.8979591836734694,0.9630723781388478,0.9401709401709402,0.978978978978979,0.8979591836734694,25,14
62,consecutive_ratio,"{""min_consecutive"": 3, ""min_ratio"": 0.05, ""threshold"": 0.5}",0.8833333333333333,0.9582089552238806,0.9002123142250531,0.9646882043576258,0.8833333333333333,56,47,0.8979591836734694,0.9630723781388478,0.9401709401709402,0.978978978978979,0.8979591836734694,25,14
63,consecutive_ratio,"{""min_consecutive"": 3, ""min_ratio"": 0.07, ""threshold"": 0.5}",0.8833333333333333,0.9582089552238806,0.9002123142250531,0.9646882043576258,0.8833333333333333,56,47,0.8979591836734694,0.9630723781388478,0.9401709401709402,0.978978978978979,0.8979591836734694,25,14
64,consecutive,"{""min_consecutive"": 2, ""threshold"": 0.55}",0.8833333333333333,0.9579894973743436,0.8870292887029289,0.9594290007513148,0.8833333333333333,56,54,0.9061224489795918,0.9656716417910448,0.921161825726141,0.9714714714714715,0.9061224489795918,23,19
65,consecutive_count,"{""min_consecutive"": 2, ""min_count"": 2, ""threshold"": 0.55}",0.8833333333333333,0.9579894973743436,0.8870292887029289,0.9594290007513148,0.8833333333333333,56,54,0.9061224489795918,0.9656716417910448,0.921161825726141,0.9714714714714715,0.9061224489795918,23,19
66,consecutive_ratio,"{""min_consecutive"": 2, ""min_ratio"": 0.03, ""threshold"": 0.55}",0.8833333333333333,0.9579894973743436,0.8870292887029289,0.9594290007513148,0.8833333333333333,56,54,0.9061224489795918,0.9656716417910448,0.921161825726141,0.9714714714714715,0.9061224489795918,23,19
67,hysteresis,"{""high"": 0.525, ""low"": 0.375, ""min_consecutive"": 6}",0.8833333333333333,0.9579894973743436,0.8870292887029289,0.9594290007513148,0.8833333333333333,56,54,0.889795918367347,0.9599406528189911,0.919831223628692,0.9714714714714715,0.889795918367347,27,19
68,hysteresis,"{""high"": 0.575, ""low"": 0.475, ""min_consecutive"": 2}",0.8833333333333333,0.9579894973743436,0.8870292887029289,0.9594290007513148,0.8833333333333333,56,54,0.9020408163265307,0.9640718562874252,0.9094650205761317,0.9669669669669669,0.9020408163265307,24,22
69,topk_mean,"{""threshold"": 0.55, ""top_k"": 4}",0.8829568788501027,0.9622356495468278,0.8829568788501027,0.9571750563486101,0.8958333333333334,50,57,0.9112903225806451,0.971342383107089,0.9112903225806451,0.9669669669669669,0.9224489795918367,19,22
70,topk_mean,"{""threshold"": 0.575, ""top_k"": 2}",0.8824742268041237,0.9607843137254902,0.8824742268041237,0.9571750563486101,0.8916666666666667,52,57,0.9024390243902439,0.9654135338345865,0.9024390243902439,0.963963963963964,0.9061224489795918,23,24
71,topk_mean,"{""threshold"": 0.525, ""top_k"": 7}",0.8816326530612245,0.9636638909916729,0.8816326530612245,0.9564237415477085,0.9,48,58,0.9112903225806451,0.971342383107089,0.9112903225806451,0.9669669669669669,0.9224489795918367,19,22
72,consecutive,"{""min_consecutive"": 4, ""threshold"": 0.5}",0.8813905930470347,0.9629349470499243,0.8813905930470347,0.9564237415477085,0.8979166666666667,49,58,0.9146341463414634,0.9699248120300752,0.9146341463414634,0.9684684684684685,0.9183673469387755,20,21
73,consecutive_count,"{""min_consecutive"": 4, ""min_count"": 2, ""threshold"": 0.5}",0.8813905930470347,0.9629349470499243,0.8813905930470347,0.9564237415477085,0.8979166666666667,49,58,0.9146341463414634,0.9699248120300752,0.9146341463414634,0.9684684684684685,0.9183673469387755,20,21
74,consecutive_count,"{""min_consecutive"": 4, ""min_count"": 3, ""threshold"": 0.5}",0.8813905930470347,0.9629349470499243,0.8813905930470347,0.9564237415477085,0.8979166666666667,49,58,0.9146341463414634,0.9699248120300752,0.9146341463414634,0.9684684684684685,0.9183673469387755,20,21
75,consecutive_count,"{""min_consecutive"": 4, ""min_count"": 4, ""threshold"": 0.5}",0.8813905930470347,0.9629349470499243,0.8813905930470347,0.9564237415477085,0.8979166666666667,49,58,0.9146341463414634,0.9699248120300752,0.9146341463414634,0.9684684684684685,0.9183673469387755,20,21
76,consecutive_ratio,"{""min_consecutive"": 4, ""min_ratio"": 0.03, ""threshold"": 0.5}",0.8813905930470347,0.9629349470499243,0.8813905930470347,0.9564237415477085,0.8979166666666667,49,58,0.9146341463414634,0.9699248120300752,0.9146341463414634,0.9684684684684685,0.9183673469387755,20,21
77,consecutive_ratio,"{""min_consecutive"": 4, ""min_ratio"": 0.05, ""threshold"": 0.5}",0.8813905930470347,0.9629349470499243,0.8813905930470347,0.9564237415477085,0.8979166666666667,49,58,0.9146341463414634,0.9699248120300752,0.9146341463414634,0.9684684684684685,0.9183673469387755,20,21
78,consecutive_ratio,"{""min_consecutive"": 4, ""min_ratio"": 0.07, ""threshold"": 0.5}",0.8813905930470347,0.9629349470499243,0.8813905930470347,0.9564237415477085,0.8979166666666667,49,58,0.9146341463414634,0.9699248120300752,0.9146341463414634,0.9684684684684685,0.9183673469387755,20,21
79,consecutive_ratio,"{""min_consecutive"": 4, ""min_ratio"": 0.09, ""threshold"": 0.5}",0.8813905930470347,0.9629349470499243,0.8813905930470347,0.9564237415477085,0.8979166666666667,49,58,0.9146341463414634,0.9699248120300752,0.9146341463414634,0.9684684684684685,0.9183673469387755,20,21
80,hysteresis,"{""high"": 0.55, ""low"": 0.45, ""min_consecutive"": 3}",0.88125,0.9575260804769001,0.9019189765458422,0.9654395191585274,0.88125,57,46,0.8979591836734694,0.962852897473997,0.9243697478991597,0.972972972972973,0.8979591836734694,25,18
81,consecutive_count,"{""min_consecutive"": 1, ""min_count"": 2, ""threshold"": 0.55}",0.88125,0.9573033707865168,0.8886554621848739,0.9601803155522164,0.88125,57,53,0.9061224489795918,0.9656716417910448,0.921161825726141,0.9714714714714715,0.9061224489795918,23,19
82,consecutive_ratio,"{""min_consecutive"": 1, ""min_ratio"": 0.03, ""threshold"": 0.55}",0.88125,0.9573033707865168,0.8886554621848739,0.9601803155522164,0.88125,57,53,0.9061224489795918,0.9656716417910448,0.921161825726141,0.9714714714714715,0.9061224489795918,23,19
83,hysteresis,"{""high"": 0.575, ""low"": 0.375, ""min_consecutive"": 3}",0.88125,0.9572713643178411,0.8867924528301887,0.9594290007513148,0.88125,57,54,0.8938775510204081,0.9611940298507463,0.9087136929460581,0.9669669669669669,0.8938775510204081,26,22
84,consecutive_count,"{""min_consecutive"": 1, ""min_count"": 6, ""threshold"": 0.45}",0.88125,0.9572072072072072,0.8830897703549061,0.9579263711495116,0.88125,57,56,0.8857142857142857,0.9587628865979382,0.9353448275862069,0.9774774774774775,0.8857142857142857,28,15
85,consecutive_ratio,"{""min_consecutive"": 1, ""min_ratio"": 0.13, ""threshold"": 0.45}",0.88125,0.9572072072072072,0.8830897703549061,0.9579263711495116,0.88125,57,56,0.8857142857142857,0.9587628865979382,0.9353448275862069,0.9774774774774775,0.8857142857142857,28,15
86,consecutive_count,"{""min_consecutive"": 2, ""min_count"": 6, ""threshold"": 0.45}",0.88125,0.9572072072072072,0.8830897703549061,0.9579263711495116,0.88125,57,56,0.8857142857142857,0.9587628865979382,0.9353448275862069,0.9774774774774775,0.8857142857142857,28,15
87,consecutive_ratio,"{""min_consecutive"": 2, ""min_ratio"": 0.13, ""threshold"": 0.45}",0.88125,0.9572072072072072,0.8830897703549061,0.9579263711495116,0.88125,57,56,0.8857142857142857,0.9587628865979382,0.9353448275862069,0.9774774774774775,0.8857142857142857,28,15
88,consecutive_count,"{""min_consecutive"": 3, ""min_count"": 6, ""threshold"": 0.45}",0.88125,0.9571750563486101,0.88125,0.9571750563486101,0.88125,57,57,0.8857142857142857,0.9587628865979382,0.9353448275862069,0.9774774774774775,0.8857142857142857,28,15
89,consecutive_ratio,"{""min_consecutive"": 3, ""min_ratio"": 0.13, ""threshold"": 0.45}",0.88125,0.9571750563486101,0.88125,0.9571750563486101,0.88125,57,57,0.8857142857142857,0.9587628865979382,0.9353448275862069,0.9774774774774775,0.8857142857142857,28,15
90,consecutive_count,"{""min_consecutive"": 4, ""min_count"": 6, ""threshold"": 0.45}",0.8796680497925311,0.9578630549285176,0.8796680497925311,0.9564237415477085,0.8833333333333333,56,58,0.8938775510204081,0.9615384615384616,0.9319148936170213,0.975975975975976,0.8938775510204081,26,16
91,consecutive_ratio,"{""min_consecutive"": 4, ""min_ratio"": 0.13, ""threshold"": 0.45}",0.8796680497925311,0.9578630549285176,0.8796680497925311,0.9564237415477085,0.8833333333333333,56,58,0.8938775510204081,0.9615384615384616,0.9319148936170213,0.975975975975976,0.8938775510204081,26,16
92,consecutive,"{""min_consecutive"": 5, ""threshold"": 0.475}",0.8793456032719836,0.962178517397882,0.8793456032719836,0.9556724267468069,0.8958333333333334,50,59,0.9061224489795918,0.9655688622754491,0.9135802469135802,0.9684684684684685,0.9061224489795918,23,21
93,consecutive_count,"{""min_consecutive"": 5, ""min_count"": 2, ""threshold"": 0.475}",0.8793456032719836,0.962178517397882,0.8793456032719836,0.9556724267468069,0.8958333333333334,50,59,0.9061224489795918,0.9655688622754491,0.9135802469135802,0.9684684684684685,0.9061224489795918,23,21
94,consecutive_count,"{""min_consecutive"": 5, ""min_count"": 3, ""threshold"": 0.475}",0.8793456032719836,0.962178517397882,0.8793456032719836,0.9556724267468069,0.8958333333333334,50,59,0.9061224489795918,0.9655688622754491,0.9135802469135802,0.9684684684684685,0.9061224489795918,23,21
95,consecutive_count,"{""min_consecutive"": 5, ""min_count"": 4, ""threshold"": 0.475}",0.8793456032719836,0.962178517397882,0.8793456032719836,0.9556724267468069,0.8958333333333334,50,59,0.9061224489795918,0.9655688622754491,0.9135802469135802,0.9684684684684685,0.9061224489795918,23,21
96,consecutive_count,"{""min_consecutive"": 5, ""min_count"": 5, ""threshold"": 0.475}",0.8793456032719836,0.962178517397882,0.8793456032719836,0.9556724267468069,0.8958333333333334,50,59,0.9061224489795918,0.9655688622754491,0.9135802469135802,0.9684684684684685,0.9061224489795918,23,21
97,consecutive_ratio,"{""min_consecutive"": 5, ""min_ratio"": 0.03, ""threshold"": 0.475}",0.8793456032719836,0.962178517397882,0.8793456032719836,0.9556724267468069,0.8958333333333334,50,59,0.9061224489795918,0.9655688622754491,0.9135802469135802,0.9684684684684685,0.9061224489795918,23,21
98,consecutive_ratio,"{""min_consecutive"": 5, ""min_ratio"": 0.05, ""threshold"": 0.475}",0.8793456032719836,0.962178517397882,0.8793456032719836,0.9556724267468069,0.8958333333333334,50,59,0.9061224489795918,0.9655688622754491,0.9135802469135802,0.9684684684684685,0.9061224489795918,23,21
99,consecutive_ratio,"{""min_consecutive"": 5, ""min_ratio"": 0.07, ""threshold"": 0.475}",0.8793456032719836,0.962178517397882,0.8793456032719836,0.9556724267468069,0.8958333333333334,50,59,0.9061224489795918,0.9655688622754491,0.9135802469135802,0.9684684684684685,0.9061224489795918,23,21
100,consecutive_ratio,"{""min_consecutive"": 5, ""min_ratio"": 0.09, ""threshold"": 0.475}",0.8793456032719836,0.962178517397882,0.8793456032719836,0.9556724267468069,0.8958333333333334,50,59,0.9061224489795918,0.9655688622754491,0.9135802469135802,0.9684684684684685,0.9061224489795918,23,21
101,consecutive_ratio,"{""min_consecutive"": 5, ""min_ratio"": 0.11, ""threshold"": 0.475}",0.8793456032719836,0.962178517397882,0.8793456032719836,0.9556724267468069,0.8958333333333334,50,59,0.9061224489795918,0.9655688622754491,0.9135802469135802,0.9684684684684685,0.9061224489795918,23,21
102,hysteresis,"{""high"": 0.575, ""low"": 0.375, ""min_consecutive"": 5}",0.8793456032719836,0.962178517397882,0.8793456032719836,0.9556724267468069,0.8958333333333334,50,59,0.9068825910931174,0.9683734939759037,0.9068825910931174,0.9654654654654654,0.9142857142857143,21,23
103,hysteresis,"{""high"": 0.5, ""low"": 0.45, ""min_consecutive"": 4}",0.8791666666666667,0.9570051890289103,0.9134199134199135,0.9699474079639369,0.8791666666666667,58,40,0.889795918367347,0.9602356406480118,0.9396551724137931,0.978978978978979,0.889795918367347,27,14
104,hysteresis,"{""high"": 0.525, ""low"": 0.475, ""min_consecutive"": 3}",0.8791666666666667,0.9569093610698366,0.9075268817204301,0.9676934635612322,0.8791666666666667,58,43,0.8938775510204081,0.9614814814814815,0.9279661016949152,0.9744744744744744,0.8938775510204081,26,17
105,consecutive_count,"{""min_consecutive"": 1, ""min_count"": 3, ""threshold"": 0.5}",0.8791666666666667,0.9568773234200744,0.9055793991416309,0.9669421487603306,0.8791666666666667,58,44,0.889795918367347,0.9602941176470589,0.9437229437229437,0.9804804804804805,0.889795918367347,27,13
106,consecutive_ratio,"{""min_consecutive"": 1, ""min_ratio"": 0.05, ""threshold"": 0.5}",0.8791666666666667,0.9568773234200744,0.9055793991416309,0.9669421487603306,0.8791666666666667,58,44,0.889795918367347,0.9602941176470589,0.9437229437229437,0.9804804804804805,0.889795918367347,27,13
107,consecutive_ratio,"{""min_consecutive"": 1, ""min_ratio"": 0.07, ""threshold"": 0.5}",0.8791666666666667,0.9568773234200744,0.9055793991416309,0.9669421487603306,0.8791666666666667,58,44,0.889795918367347,0.9602941176470589,0.9437229437229437,0.9804804804804805,0.889795918367347,27,13
108,consecutive_count,"{""min_consecutive"": 2, ""min_count"": 3, ""threshold"": 0.5}",0.8791666666666667,0.9568773234200744,0.9055793991416309,0.9669421487603306,0.8791666666666667,58,44,0.889795918367347,0.9602941176470589,0.9437229437229437,0.9804804804804805,0.889795918367347,27,13
109,consecutive_ratio,"{""min_consecutive"": 2, ""min_ratio"": 0.05, ""threshold"": 0.5}",0.8791666666666667,0.9568773234200744,0.9055793991416309,0.9669421487603306,0.8791666666666667,58,44,0.889795918367347,0.9602941176470589,0.9437229437229437,0.9804804804804805,0.889795918367347,27,13
110,consecutive_ratio,"{""min_consecutive"": 2, ""min_ratio"": 0.07, ""threshold"": 0.5}",0.8791666666666667,0.9568773234200744,0.9055793991416309,0.9669421487603306,0.8791666666666667,58,44,0.889795918367347,0.9602941176470589,0.9437229437229437,0.9804804804804805,0.889795918367347,27,13
111,hysteresis,"{""high"": 0.55, ""low"": 0.35, ""min_consecutive"": 5}",0.8791666666666667,0.956813104988831,0.9017094017094017,0.9654395191585274,0.8791666666666667,58,46,0.8938775510204081,0.9613670133729569,0.9201680672268907,0.9714714714714715,0.8938775510204081,26,19
112,hysteresis,"{""high"": 0.5, ""low"": 0.4, ""min_consecutive"": 6}",0.8791666666666667,0.9567164179104478,0.8959660297239915,0.9631855747558227,0.8791666666666667,58,49,0.889795918367347,0.9601769911504425,0.9356223175965666,0.9774774774774775,0.889795918367347,27,15
113,hysteresis,"{""high"": 0.5, ""low"": 0.35, ""min_consecutive"": 7}",0.8791666666666667,0.9565868263473054,0.888421052631579,0.9601803155522164,0.8791666666666667,58,53,0.8816326530612245,0.9573529411764706,0.935064935064935,0.9774774774774775,0.8816326530612245,29,15
114,hysteresis,"{""high"": 0.525, ""low"": 0.325, ""min_consecutive"": 7}",0.8791666666666667,0.9565868263473054,0.888421052631579,0.9601803155522164,0.8791666666666667,58,53,0.8857142857142857,0.9584569732937686,0.9156118143459916,0.96996996996997,0.8857142857142857,28,20
115,consecutive,"{""min_consecutive"": 1, ""threshold"": 0.575}",0.8791666666666667,0.9565543071161049,0.8865546218487395,0.9594290007513148,0.8791666666666667,58,54,0.8938775510204081,0.9611940298507463,0.9087136929460581,0.9669669669669669,0.8938775510204081,26,22
116,hysteresis,"{""high"": 0.575, ""low"": 0.425, ""min_consecutive"": 2}",0.8791666666666667,0.9565543071161049,0.8865546218487395,0.9594290007513148,0.8791666666666667,58,54,0.8938775510204081,0.9611940298507463,0.9087136929460581,0.9669669669669669,0.8938775510204081,26,22
117,hysteresis,"{""high"": 0.575, ""low"": 0.375, ""min_consecutive"": 2}",0.8791666666666667,0.9565543071161049,0.8865546218487395,0.9594290007513148,0.8791666666666667,58,54,0.8938775510204081,0.9611940298507463,0.9087136929460581,0.9669669669669669,0.8938775510204081,26,22
118,consecutive_count,"{""min_consecutive"": 6, ""min_count"": 7, ""threshold"": 0.4}",0.8791666666666667,0.9565217391304348,0.8846960167714885,0.9586776859504132,0.8791666666666667,58,55,0.8734693877551021,0.9546783625730995,0.9427312775330396,0.9804804804804805,0.8734693877551021,31,13
119,consecutive_ratio,"{""min_consecutive"": 6, ""min_ratio"": 0.15, ""threshold"": 0.4}",0.8791666666666667,0.9565217391304348,0.8846960167714885,0.9586776859504132,0.8791666666666667,58,55,0.8734693877551021,0.9546783625730995,0.9427312775330396,0.9804804804804805,0.8734693877551021,31,13
120,hysteresis,"{""high"": 0.475, ""low"": 0.425, ""min_consecutive"": 6}",0.8791666666666667,0.9564891222805701,0.8828451882845189,0.9579263711495116,0.8791666666666667,58,56,0.8816326530612245,0.9572901325478645,0.9310344827586207,0.975975975975976,0.8816326530612245,29,16
121,consecutive_count,"{""min_consecutive"": 5, ""min_count"": 8, ""threshold"": 0.4}",0.8791666666666667,0.9564564564564565,0.8810020876826722,0.9571750563486101,0.8791666666666667,58,57,0.8693877551020408,0.9533527696793003,0.9466666666666667,0.9819819819819819,0.8693877551020408,32,12
122,hysteresis,"{""high"": 0.55, ""low"": 0.4, ""min_consecutive"": 6}",0.8786008230452675,0.96,0.8786008230452675,0.9556724267468069,0.8895833333333333,53,59,0.9105691056910569,0.968421052631579,0.9105691056910569,0.9669669669669669,0.9142857142857143,21,22
123,hysteresis,"{""high"": 0.55, ""low"": 0.5, ""min_consecutive"": 4}",0.8780487804878049,0.9636087945413192,0.8780487804878049,0.9549211119459053,0.9,48,60,0.900398406374502,0.9712121212121212,0.900398406374502,0.9624624624624625,0.9224489795918367,19,25
124,consecutive,"{""min_consecutive"": 7, ""threshold"": 0.4}",0.8775933609958506,0.9571106094808126,0.8775933609958506,0.9556724267468069,0.88125,57,59,0.8775510204081632,0.9560117302052786,0.9388646288209607,0.978978978978979,0.8775510204081632,30,14
125,consecutive_count,"{""min_consecutive"": 7, ""min_count"": 2, ""threshold"": 0.4}",0.8775933609958506,0.9571106094808126,0.8775933609958506,0.9556724267468069,0.88125,57,59,0.8775510204081632,0.9560117302052786,0.9388646288209607,0.978978978978979,0.8775510204081632,30,14
126,consecutive_count,"{""min_consecutive"": 7, ""min_count"": 3, ""threshold"": 0.4}",0.8775933609958506,0.9571106094808126,0.8775933609958506,0.9556724267468069,0.88125,57,59,0.8775510204081632,0.9560117302052786,0.9388646288209607,0.978978978978979,0.8775510204081632,30,14
127,consecutive_count,"{""min_consecutive"": 7, ""min_count"": 4, ""threshold"": 0.4}",0.8775933609958506,0.9571106094808126,0.8775933609958506,0.9556724267468069,0.88125,57,59,0.8775510204081632,0.9560117302052786,0.9388646288209607,0.978978978978979,0.8775510204081632,30,14
128,consecutive_count,"{""min_consecutive"": 7, ""min_count"": 5, ""threshold"": 0.4}",0.8775933609958506,0.9571106094808126,0.8775933609958506,0.9556724267468069,0.88125,57,59,0.8775510204081632,0.9560117302052786,0.9388646288209607,0.978978978978979,0.8775510204081632,30,14
129,consecutive_count,"{""min_consecutive"": 7, ""min_count"": 6, ""threshold"": 0.4}",0.8775933609958506,0.9571106094808126,0.8775933609958506,0.9556724267468069,0.88125,57,59,0.8775510204081632,0.9560117302052786,0.9388646288209607,0.978978978978979,0.8775510204081632,30,14
130,consecutive_count,"{""min_consecutive"": 7, ""min_count"": 7, ""threshold"": 0.4}",0.8775933609958506,0.9571106094808126,0.8775933609958506,0.9556724267468069,0.88125,57,59,0.8775510204081632,0.9560117302052786,0.9388646288209607,0.978978978978979,0.8775510204081632,30,14
131,consecutive_ratio,"{""min_consecutive"": 7, ""min_ratio"": 0.03, ""threshold"": 0.4}",0.8775933609958506,0.9571106094808126,0.8775933609958506,0.9556724267468069,0.88125,57,59,0.8775510204081632,0.9560117302052786,0.9388646288209607,0.978978978978979,0.8775510204081632,30,14
132,consecutive_ratio,"{""min_consecutive"": 7, ""min_ratio"": 0.05, ""threshold"": 0.4}",0.8775933609958506,0.9571106094808126,0.8775933609958506,0.9556724267468069,0.88125,57,59,0.8775510204081632,0.9560117302052786,0.9388646288209607,0.978978978978979,0.8775510204081632,30,14
133,consecutive_ratio,"{""min_consecutive"": 7, ""min_ratio"": 0.07, ""threshold"": 0.4}",0.8775933609958506,0.9571106094808126,0.8775933609958506,0.9556724267468069,0.88125,57,59,0.8775510204081632,0.9560117302052786,0.9388646288209607,0.978978978978979,0.8775510204081632,30,14
134,consecutive_ratio,"{""min_consecutive"": 7, ""min_ratio"": 0.09, ""threshold"": 0.4}",0.8775933609958506,0.9571106094808126,0.8775933609958506,0.9556724267468069,0.88125,57,59,0.8775510204081632,0.9560117302052786,0.9388646288209607,0.978978978978979,0.8775510204081632,30,14
135,consecutive_ratio,"{""min_consecutive"": 7, ""min_ratio"": 0.11, ""threshold"": 0.4}",0.8775933609958506,0.9571106094808126,0.8775933609958506,0.9556724267468069,0.88125,57,59,0.8775510204081632,0.9560117302052786,0.9388646288209607,0.978978978978979,0.8775510204081632,30,14
136,consecutive_ratio,"{""min_consecutive"": 7, ""min_ratio"": 0.13, ""threshold"": 0.4}",0.8775933609958506,0.9571106094808126,0.8775933609958506,0.9556724267468069,0.88125,57,59,0.8775510204081632,0.9560117302052786,0.9388646288209607,0.978978978978979,0.8775510204081632,30,14
137,consecutive_ratio,"{""min_consecutive"": 7, ""min_ratio"": 0.15, ""threshold"": 0.4}",0.8775933609958506,0.9571106094808126,0.8775933609958506,0.9556724267468069,0.88125,57,59,0.8775510204081632,0.9560117302052786,0.9388646288209607,0.978978978978979,0.8775510204081632,30,14
138,hysteresis,"{""high"": 0.575, ""low"": 0.475, ""min_consecutive"": 3}",0.8773006134969326,0.9614220877458396,0.8773006134969326,0.9549211119459053,0.89375,51,60,0.9032258064516129,0.9683257918552036,0.9032258064516129,0.963963963963964,0.9142857142857143,21,24
139,hysteresis,"{""high"": 0.575, ""low"": 0.425, ""min_consecutive"": 4}",0.8773006134969326,0.9614220877458396,0.8773006134969326,0.9549211119459053,0.89375,51,60,0.9109311740890689,0.9698795180722891,0.9109311740890689,0.9669669669669669,0.9183673469387755,20,22
140,hysteresis,"{""high"": 0.5, ""low"": 0.4, ""min_consecutive"": 5}",0.8770833333333333,0.9562962962962963,0.913232104121475,0.9699474079639369,0.8770833333333333,59,40,0.8816326530612245,0.9575402635431918,0.9473684210526315,0.9819819819819819,0.8816326530612245,29,12
141,hysteresis,"{""high"": 0.525, ""low"": 0.375, ""min_consecutive"": 5}",0.8770833333333333,0.9562314540059347,0.9092872570194385,0.9684447783621337,0.8770833333333333,59,42,0.8857142857142857,0.9587020648967551,0.9313304721030042,0.975975975975976,0.8857142857142857,28,16
142,consecutive_count,"{""min_consecutive"": 4, ""min_count"": 5, ""threshold"": 0.45}",0.8770833333333333,0.9561664190193165,0.9053763440860215,0.9669421487603306,0.8770833333333333,59,44,0.8775510204081632,0.9560761346998536,0.9429824561403509,0.9804804804804805,0.8775510204081632,30,13
143,consecutive_ratio,"{""min_consecutive"": 4, ""min_ratio"": 0.11, ""threshold"": 0.45}",0.8770833333333333,0.9561664190193165,0.9053763440860215,0.9669421487603306,0.8770833333333333,59,44,0.8775510204081632,0.9560761346998536,0.9429824561403509,0.9804804804804805,0.8775510204081632,30,13
144,hysteresis,"{""high"": 0.55, ""low"": 0.4, ""min_consecutive"": 4}",0.8770833333333333,0.9560685033507074,0.8995726495726496,0.9646882043576258,0.8770833333333333,59,47,0.9020408163265307,0.9642857142857143,0.9246861924686193,0.972972972972973,0.9020408163265307,24,18
145,consecutive,"{""min_consecutive"": 5, ""threshold"": 0.45}",0.8770833333333333,0.9559372666168783,0.8919491525423728,0.9616829451540195,0.8770833333333333,59,51,0.8816326530612245,0.9574155653450808,0.9391304347826087,0.978978978978979,0.8816326530612245,29,14
146,consecutive_count,"{""min_consecutive"": 5, ""min_count"": 2, ""threshold"": 0.45}",0.8770833333333333,0.9559372666168783,0.8919491525423728,0.9616829451540195,0.8770833333333333,59,51,0.8816326530612245,0.9574155653450808,0.9391304347826087,0.978978978978979,0.8816326530612245,29,14
147,consecutive_count,"{""min_consecutive"": 5, ""min_count"": 3, ""threshold"": 0.45}",0.8770833333333333,0.9559372666168783,0.8919491525423728,0.9616829451540195,0.8770833333333333,59,51,0.8816326530612245,0.9574155653450808,0.9391304347826087,0.978978978978979,0.8816326530612245,29,14
148,consecutive_count,"{""min_consecutive"": 5, ""min_count"": 4, ""threshold"": 0.45}",0.8770833333333333,0.9559372666168783,0.8919491525423728,0.9616829451540195,0.8770833333333333,59,51,0.8816326530612245,0.9574155653450808,0.9391304347826087,0.978978978978979,0.8816326530612245,29,14
149,consecutive_count,"{""min_consecutive"": 5, ""min_count"": 5, ""threshold"": 0.45}",0.8770833333333333,0.9559372666168783,0.8919491525423728,0.9616829451540195,0.8770833333333333,59,51,0.8816326530612245,0.9574155653450808,0.9391304347826087,0.978978978978979,0.8816326530612245,29,14
150,consecutive_ratio,"{""min_consecutive"": 5, ""min_ratio"": 0.03, ""threshold"": 0.45}",0.8770833333333333,0.9559372666168783,0.8919491525423728,0.9616829451540195,0.8770833333333333,59,51,0.8816326530612245,0.9574155653450808,0.9391304347826087,0.978978978978979,0.8816326530612245,29,14
151,consecutive_ratio,"{""min_consecutive"": 5, ""min_ratio"": 0.05, ""threshold"": 0.45}",0.8770833333333333,0.9559372666168783,0.8919491525423728,0.9616829451540195,0.8770833333333333,59,51,0.8816326530612245,0.9574155653450808,0.9391304347826087,0.978978978978979,0.8816326530612245,29,14
152,consecutive_ratio,"{""min_consecutive"": 5, ""min_ratio"": 0.07, ""threshold"": 0.45}",0.8770833333333333,0.9559372666168783,0.8919491525423728,0.9616829451540195,0.8770833333333333,59,51,0.8816326530612245,0.9574155653450808,0.9391304347826087,0.978978978978979,0.8816326530612245,29,14
153,consecutive_ratio,"{""min_consecutive"": 5, ""min_ratio"": 0.09, ""threshold"": 0.45}",0.8770833333333333,0.9559372666168783,0.8919491525423728,0.9616829451540195,0.8770833333333333,59,51,0.8816326530612245,0.9574155653450808,0.9391304347826087,0.978978978978979,0.8816326530612245,29,14
154,consecutive_ratio,"{""min_consecutive"": 5, ""min_ratio"": 0.11, ""threshold"": 0.45}",0.8770833333333333,0.9559372666168783,0.8919491525423728,0.9616829451540195,0.8770833333333333,59,51,0.8816326530612245,0.9574155653450808,0.9391304347826087,0.978978978978979,0.8816326530612245,29,14
155,consecutive_count,"{""min_consecutive"": 1, ""min_count"": 8, ""threshold"": 0.4}",0.8770833333333333,0.9558383233532934,0.8863157894736842,0.9594290007513148,0.8770833333333333,59,54,0.8612244897959184,0.9505813953488372,0.9461883408071748,0.9819819819819819,0.8612244897959184,34,12
156,consecutive_count,"{""min_consecutive"": 2, ""min_count"": 8, ""threshold"": 0.4}",0.8770833333333333,0.9558383233532934,0.8863157894736842,0.9594290007513148,0.8770833333333333,59,54,0.8612244897959184,0.9505813953488372,0.9461883408071748,0.9819819819819819,0.8612244897959184,34,12
157,consecutive_count,"{""min_consecutive"": 3, ""min_count"": 8, ""threshold"": 0.4}",0.8770833333333333,0.9558383233532934,0.8863157894736842,0.9594290007513148,0.8770833333333333,59,54,0.8612244897959184,0.9505813953488372,0.9461883408071748,0.9819819819819819,0.8612244897959184,34,12
158,consecutive_count,"{""min_consecutive"": 4, ""min_count"": 8, ""threshold"": 0.4}",0.8770833333333333,0.9558052434456928,0.884453781512605,0.9586776859504132,0.8770833333333333,59,55,0.8612244897959184,0.9505813953488372,0.9461883408071748,0.9819819819819819,0.8612244897959184,34,12
159,consecutive,"{""min_consecutive"": 6, ""threshold"": 0.425}",0.8770833333333333,0.9558052434456928,0.884453781512605,0.9586776859504132,0.8770833333333333,59,55,0.8775510204081632,0.9559471365638766,0.9347826086956522,0.9774774774774775,0.8775510204081632,30,15
160,consecutive_count,"{""min_consecutive"": 6, ""min_count"": 2, ""threshold"": 0.425}",0.8770833333333333,0.9558052434456928,0.884453781512605,0.9586776859504132,0.8770833333333333,59,55,0.8775510204081632,0.9559471365638766,0.9347826086956522,0.9774774774774775,0.8775510204081632,30,15
161,consecutive_count,"{""min_consecutive"": 6, ""min_count"": 3, ""threshold"": 0.425}",0.8770833333333333,0.9558052434456928,0.884453781512605,0.9586776859504132,0.8770833333333333,59,55,0.8775510204081632,0.9559471365638766,0.9347826086956522,0.9774774774774775,0.8775510204081632,30,15
162,consecutive_count,"{""min_consecutive"": 6, ""min_count"": 4, ""threshold"": 0.425}",0.8770833333333333,0.9558052434456928,0.884453781512605,0.9586776859504132,0.8770833333333333,59,55,0.8775510204081632,0.9559471365638766,0.9347826086956522,0.9774774774774775,0.8775510204081632,30,15
163,consecutive_count,"{""min_consecutive"": 6, ""min_count"": 5, ""threshold"": 0.425}",0.8770833333333333,0.9558052434456928,0.884453781512605,0.9586776859504132,0.8770833333333333,59,55,0.8775510204081632,0.9559471365638766,0.9347826086956522,0.9774774774774775,0.8775510204081632,30,15
164,consecutive_count,"{""min_consecutive"": 6, ""min_count"": 6, ""threshold"": 0.425}",0.8770833333333333,0.9558052434456928,0.884453781512605,0.9586776859504132,0.8770833333333333,59,55,0.8775510204081632,0.9559471365638766,0.9347826086956522,0.9774774774774775,0.8775510204081632,30,15
165,consecutive_ratio,"{""min_consecutive"": 6, ""min_ratio"": 0.03, ""threshold"": 0.425}",0.8770833333333333,0.9558052434456928,0.884453781512605,0.9586776859504132,0.8770833333333333,59,55,0.8775510204081632,0.9559471365638766,0.9347826086956522,0.9774774774774775,0.8775510204081632,30,15
166,consecutive_ratio,"{""min_consecutive"": 6, ""min_ratio"": 0.05, ""threshold"": 0.425}",0.8770833333333333,0.9558052434456928,0.884453781512605,0.9586776859504132,0.8770833333333333,59,55,0.8775510204081632,0.9559471365638766,0.9347826086956522,0.9774774774774775,0.8775510204081632,30,15
167,consecutive_ratio,"{""min_consecutive"": 6, ""min_ratio"": 0.07, ""threshold"": 0.425}",0.8770833333333333,0.9558052434456928,0.884453781512605,0.9586776859504132,0.8770833333333333,59,55,0.8775510204081632,0.9559471365638766,0.9347826086956522,0.9774774774774775,0.8775510204081632,30,15
168,consecutive_ratio,"{""min_consecutive"": 6, ""min_ratio"": 0.09, ""threshold"": 0.425}",0.8770833333333333,0.9558052434456928,0.884453781512605,0.9586776859504132,0.8770833333333333,59,55,0.8775510204081632,0.9559471365638766,0.9347826086956522,0.9774774774774775,0.8775510204081632,30,15
169,consecutive_ratio,"{""min_consecutive"": 6, ""min_ratio"": 0.11, ""threshold"": 0.425}",0.8770833333333333,0.9558052434456928,0.884453781512605,0.9586776859504132,0.8770833333333333,59,55,0.8775510204081632,0.9559471365638766,0.9347826086956522,0.9774774774774775,0.8775510204081632,30,15
170,consecutive_ratio,"{""min_consecutive"": 6, ""min_ratio"": 0.13, ""threshold"": 0.425}",0.8770833333333333,0.9558052434456928,0.884453781512605,0.9586776859504132,0.8770833333333333,59,55,0.8775510204081632,0.9559471365638766,0.9347826086956522,0.9774774774774775,0.8775510204081632,30,15
171,topk_mean,"{""threshold"": 0.5, ""top_k"": 9}",0.8770491803278688,0.9606953892668179,0.8770491803278688,0.9549211119459053,0.8916666666666667,52,60,0.9102040816326531,0.967016491754123,0.9139344262295082,0.9684684684684685,0.9102040816326531,22,21
172,hysteresis,"{""high"": 0.45, ""low"": 0.4, ""min_consecutive"": 7}",0.8757763975155279,0.9570783132530121,0.8757763975155279,0.9549211119459053,0.88125,57,60,0.8816326530612245,0.9574155653450808,0.9391304347826087,0.978978978978979,0.8816326530612245,29,14
173,hysteresis,"{""high"": 0.55, ""low"": 0.45, ""min_consecutive"": 5}",0.8757637474541752,0.9621212121212122,0.8757637474541752,0.9541697971450037,0.8958333333333334,50,61,0.9105691056910569,0.968421052631579,0.9105691056910569,0.9669669669669669,0.9142857142857143,21,22
174,hysteresis,"{""high"": 0.6, ""low"": 0.45, ""min_consecutive"": 2}",0.8757637474541752,0.9621212121212122,0.8757637474541752,0.9541697971450037,0.8958333333333334,50,61,0.8932806324110671,0.9711246200607903,0.8932806324110671,0.9594594594594594,0.9224489795918367,19,27
175,consecutive,"{""min_consecutive"": 1, ""threshold"": 0.6}",0.8755102040816326,0.9613928841786525,0.8755102040816326,0.9541697971450037,0.89375,51,61,0.8932806324110671,0.9711246200607903,0.8932806324110671,0.9594594594594594,0.9224489795918367,19,27
176,hysteresis,"{""high"": 0.6, ""low"": 0.4, ""min_consecutive"": 2}",0.8755102040816326,0.9613928841786525,0.8755102040816326,0.9541697971450037,0.89375,51,61,0.8932806324110671,0.9711246200607903,0.8932806324110671,0.9594594594594594,0.9224489795918367,19,27
177,consecutive_count,"{""min_consecutive"": 5, ""min_count"": 7, ""threshold"": 0.425}",0.8752598752598753,0.955639097744361,0.8752598752598753,0.9549211119459053,0.8770833333333333,59,60,0.8857142857142857,0.9588235294117647,0.9393939393939394,0.978978978978979,0.8857142857142857,28,14
178,consecutive_ratio,"{""min_consecutive"": 5, ""min_ratio"": 0.15, ""threshold"": 0.425}",0.8752598752598753,0.955639097744361,0.8752598752598753,0.9549211119459053,0.8770833333333333,59,60,0.8857142857142857,0.9588235294117647,0.9393939393939394,0.978978978978979,0.8857142857142857,28,14
179,consecutive,"{""min_consecutive"": 3, ""threshold"": 0.475}",0.875,0.955719557195572,0.9210526315789473,0.9729526671675433,0.875,60,36,0.8816326530612245,0.9575402635431918,0.9473684210526315,0.9819819819819819,0.8816326530612245,29,12
180,consecutive_count,"{""min_consecutive"": 3, ""min_count"": 2, ""threshold"": 0.475}",0.875,0.955719557195572,0.9210526315789473,0.9729526671675433,0.875,60,36,0.8816326530612245,0.9575402635431918,0.9473684210526315,0.9819819819819819,0.8816326530612245,29,12
181,consecutive_count,"{""min_consecutive"": 3, ""min_count"": 3, ""threshold"": 0.475}",0.875,0.955719557195572,0.9210526315789473,0.9729526671675433,0.875,60,36,0.8816326530612245,0.9575402635431918,0.9473684210526315,0.9819819819819819,0.8816326530612245,29,12
182,consecutive_ratio,"{""min_consecutive"": 3, ""min_ratio"": 0.03, ""threshold"": 0.475}",0.875,0.955719557195572,0.9210526315789473,0.9729526671675433,0.875,60,36,0.8816326530612245,0.9575402635431918,0.9473684210526315,0.9819819819819819,0.8816326530612245,29,12
183,consecutive_ratio,"{""min_consecutive"": 3, ""min_ratio"": 0.05, ""threshold"": 0.475}",0.875,0.955719557195572,0.9210526315789473,0.9729526671675433,0.875,60,36,0.8816326530612245,0.9575402635431918,0.9473684210526315,0.9819819819819819,0.8816326530612245,29,12
184,consecutive_ratio,"{""min_consecutive"": 3, ""min_ratio"": 0.07, ""threshold"": 0.475}",0.875,0.955719557195572,0.9210526315789473,0.9729526671675433,0.875,60,36,0.8816326530612245,0.9575402635431918,0.9473684210526315,0.9819819819819819,0.8816326530612245,29,12
185,topk_mean,"{""threshold"": 0.5, ""top_k"": 4}",0.875,0.9556541019955654,0.9170305676855895,0.97145003756574,0.875,60,38,0.8816326530612245,0.9575402635431918,0.9473684210526315,0.9819819819819819,0.8816326530612245,29,12
186,hysteresis,"{""high"": 0.525, ""low"": 0.425, ""min_consecutive"": 4}",0.875,0.9554896142433235,0.9071274298056156,0.9676934635612322,0.875,60,43,0.8938775510204081,0.9615952732644018,0.9358974358974359,0.9774774774774775,0.8938775510204081,26,15
187,hysteresis,"{""high"": 0.5, ""low"": 0.3, ""min_consecutive"": 9}",0.875,0.9550898203592815,0.8842105263157894,0.9586776859504132,0.875,60,55,0.8734693877551021,0.9545454545454546,0.9344978165938864,0.9774774774774775,0.8734693877551021,31,15
188,consecutive,"{""min_consecutive"": 9, ""threshold"": 0.35}",0.875,0.9550224887556222,0.8805031446540881,0.9571750563486101,0.875,60,57,0.8448979591836735,0.9447674418604651,0.9282511210762332,0.975975975975976,0.8448979591836735,38,16
189,consecutive,"{""min_consecutive"": 8, ""threshold"": 0.375}",0.875,0.9550224887556222,0.8805031446540881,0.9571750563486101,0.875,60,57,0.8530612244897959,0.9475982532751092,0.9330357142857143,0.9774774774774775,0.8530612244897959,36,15
190,consecutive_count,"{""min_consecutive"": 1, ""min_count"": 7, ""threshold"": 0.425}",0.875,0.9549887471867967,0.8786610878661087,0.9564237415477085,0.875,60,58,0.8775510204081632,0.9560117302052786,0.9388646288209607,0.978978978978979,0.8775510204081632,30,14
191,consecutive_ratio,"{""min_consecutive"": 1, ""min_ratio"": 0.15, ""threshold"": 0.425}",0.875,0.9549887471867967,0.8786610878661087,0.9564237415477085,0.875,60,58,0.8775510204081632,0.9560117302052786,0.9388646288209607,0.978978978978979,0.8775510204081632,30,14
192,consecutive_count,"{""min_consecutive"": 2, ""min_count"": 7, ""threshold"": 0.425}",0.875,0.9549887471867967,0.8786610878661087,0.9564237415477085,0.875,60,58,0.8775510204081632,0.9560117302052786,0.9388646288209607,0.978978978978979,0.8775510204081632,30,14
193,consecutive_ratio,"{""min_consecutive"": 2, ""min_ratio"": 0.15, ""threshold"": 0.425}",0.875,0.9549887471867967,0.8786610878661087,0.9564237415477085,0.875,60,58,0.8775510204081632,0.9560117302052786,0.9388646288209607,0.978978978978979,0.8775510204081632,30,14
194,consecutive_count,"{""min_consecutive"": 3, ""min_count"": 7, ""threshold"": 0.425}",0.875,0.9549887471867967,0.8786610878661087,0.9564237415477085,0.875,60,58,0.8775510204081632,0.9560117302052786,0.9388646288209607,0.978978978978979,0.8775510204081632,30,14
195,consecutive_ratio,"{""min_consecutive"": 3, ""min_ratio"": 0.15, ""threshold"": 0.425}",0.875,0.9549887471867967,0.8786610878661087,0.9564237415477085,0.875,60,58,0.8775510204081632,0.9560117302052786,0.9388646288209607,0.978978978978979,0.8775510204081632,30,14
196,consecutive_count,"{""min_consecutive"": 4, ""min_count"": 7, ""threshold"": 0.425}",0.875,0.9549887471867967,0.8786610878661087,0.9564237415477085,0.875,60,58,0.8775510204081632,0.9560117302052786,0.9388646288209607,0.978978978978979,0.8775510204081632,30,14
197,consecutive_ratio,"{""min_consecutive"": 4, ""min_ratio"": 0.15, ""threshold"": 0.425}",0.875,0.9549887471867967,0.8786610878661087,0.9564237415477085,0.875,60,58,0.8775510204081632,0.9560117302052786,0.9388646288209607,0.978978978978979,0.8775510204081632,30,14
198,consecutive_count,"{""min_consecutive"": 1, ""min_count"": 4, ""threshold"": 0.525}",0.875,0.9650190114068441,0.875,0.9534184823441022,0.9041666666666667,46,62,0.8968253968253969,0.9711684370257967,0.8968253968253969,0.960960960960961,0.9224489795918367,19,26
199,consecutive_ratio,"{""min_consecutive"": 1, ""min_ratio"": 0.09, ""threshold"": 0.525}",0.875,0.9650190114068441,0.875,0.9534184823441022,0.9041666666666667,46,62,0.8968253968253969,0.9711684370257967,0.8968253968253969,0.960960960960961,0.9224489795918367,19,26
200,consecutive_count,"{""min_consecutive"": 2, ""min_count"": 4, ""threshold"": 0.525}",0.875,0.9650190114068441,0.875,0.9534184823441022,0.9041666666666667,46,62,0.8968253968253969,0.9711684370257967,0.8968253968253969,0.960960960960961,0.9224489795918367,19,26
201,consecutive_ratio,"{""min_consecutive"": 2, ""min_ratio"": 0.09, ""threshold"": 0.525}",0.875,0.9650190114068441,0.875,0.9534184823441022,0.9041666666666667,46,62,0.8968253968253969,0.9711684370257967,0.8968253968253969,0.960960960960961,0.9224489795918367,19,26
202,hysteresis,"{""high"": 0.5, ""low"": 0.35, ""min_consecutive"": 8}",0.8747433264887063,0.959214501510574,0.8747433264887063,0.9541697971450037,0.8875,54,61,0.8816326530612245,0.9573529411764706,0.935064935064935,0.9774774774774775,0.8816326530612245,29,15
203,topk_mean,"{""threshold"": 0.55, ""top_k"": 5}",0.8744939271255061,0.9635535307517085,0.8744939271255061,0.9534184823441022,0.9,48,62,0.908,0.972768532526475,0.908,0.9654654654654654,0.926530612244898,18,23
204,topk_mean,"{""threshold"": 0.575, ""top_k"": 3}",0.8744939271255061,0.9635535307517085,0.8744939271255061,0.9534184823441022,0.9,48,62,0.900398406374502,0.9712121212121212,0.900398406374502,0.9624624624624625,0.9224489795918367,19,25
205,consecutive_count,"{""min_consecutive"": 6, ""min_count"": 8, ""threshold"": 0.4}",0.8744855967078189,0.9584905660377359,0.8744855967078189,0.9541697971450037,0.8854166666666666,55,61,0.8775510204081632,0.9560117302052786,0.9388646288209607,0.978978978978979,0.8775510204081632,30,14
206,hysteresis,"{""high"": 0.525, ""low"": 0.325, ""min_consecutive"": 8}",0.8744855967078189,0.9584905660377359,0.8744855967078189,0.9541697971450037,0.8854166666666666,55,61,0.889795918367347,0.9598811292719168,0.9159663865546218,0.96996996996997,0.889795918367347,27,20
207,hysteresis,"{""high"": 0.6, ""low"": 0.5, ""min_consecutive"": 2}",0.8739837398373984,0.9620924943138741,0.8739837398373984,0.9534184823441022,0.8958333333333334,50,62,0.8932806324110671,0.9711246200607903,0.8932806324110671,0.9594594594594594,0.9224489795918367,19,27
208,hysteresis,"{""high"": 0.6, ""low"": 0.4, ""min_consecutive"": 3}",0.8739837398373984,0.9620924943138741,0.8739837398373984,0.9534184823441022,0.8958333333333334,50,62,0.8937007874015748,0.9726027397260274,0.8937007874015748,0.9594594594594594,0.926530612244898,18,27
209,consecutive_count,"{""min_consecutive"": 7, ""min_count"": 9, ""threshold"": 0.375}",0.8739669421487604,0.9570459683496609,0.8739669421487604,0.9541697971450037,0.88125,57,61,0.8530612244897959,0.9474452554744526,0.9247787610619469,0.9744744744744744,0.8530612244897959,36,17
210,consecutive_ratio,"{""min_consecutive"": 7, ""min_ratio"": 0.2, ""threshold"": 0.375}",0.8739669421487604,0.9570459683496609,0.8739669421487604,0.9541697971450037,0.88125,57,61,0.8530612244897959,0.9474452554744526,0.9247787610619469,0.9744744744744744,0.8530612244897959,36,17
211,hysteresis,"{""high"": 0.475, ""low"": 0.375, ""min_consecutive"": 8}",0.8739669421487604,0.9570459683496609,0.8739669421487604,0.9541697971450037,0.88125,57,61,0.8693877551020408,0.9530791788856305,0.9301310043668122,0.975975975975976,0.8693877551020408,32,16
212,consecutive_count,"{""min_consecutive"": 3, ""min_count"": 4, ""threshold"": 0.525}",0.8732394366197183,0.9649923896499238,0.8732394366197183,0.9526671675432006,0.9041666666666667,46,63,0.8972332015810277,0.9726443768996961,0.8972332015810277,0.960960960960961,0.926530612244898,18,26
213,consecutive_ratio,"{""min_consecutive"": 3, ""min_ratio"": 0.09, ""threshold"": 0.525}",0.8732394366197183,0.9649923896499238,0.8732394366197183,0.9526671675432006,0.9041666666666667,46,63,0.8972332015810277,0.9726443768996961,0.8972332015810277,0.960960960960961,0.926530612244898,18,26
214,consecutive_count,"{""min_consecutive"": 7, ""min_count"": 8, ""threshold"": 0.4}",0.8729508196721312,0.9591836734693877,0.8729508196721312,0.9534184823441022,0.8875,54,62,0.8816326530612245,0.9573529411764706,0.935064935064935,0.9774774774774775,0.8816326530612245,29,15
215,consecutive_count,"{""min_consecutive"": 1, ""min_count"": 5, ""threshold"": 0.45}",0.8729166666666667,0.9548482605477424,0.9108695652173913,0.9691960931630353,0.8729166666666667,61,41,0.8693877551020408,0.9533527696793003,0.9466666666666667,0.9819819819819819,0.8693877551020408,32,12
216,consecutive_ratio,"{""min_consecutive"": 1, ""min_ratio"": 0.11, ""threshold"": 0.45}",0.8729166666666667,0.9548482605477424,0.9108695652173913,0.9691960931630353,0.8729166666666667,61,41,0.8693877551020408,0.9533527696793003,0.9466666666666667,0.9819819819819819,0.8693877551020408,32,12
217,consecutive_count,"{""min_consecutive"": 2, ""min_count"": 5, ""threshold"": 0.45}",0.8729166666666667,0.9548482605477424,0.9108695652173913,0.9691960931630353,0.8729166666666667,61,41,0.8693877551020408,0.9533527696793003,0.9466666666666667,0.9819819819819819,0.8693877551020408,32,12
218,consecutive_ratio,"{""min_consecutive"": 2, ""min_ratio"": 0.11, ""threshold"": 0.45}",0.8729166666666667,0.9548482605477424,0.9108695652173913,0.9691960931630353,0.8729166666666667,61,41,0.8693877551020408,0.9533527696793003,0.9466666666666667,0.9819819819819819,0.8693877551020408,32,12
219,consecutive_count,"{""min_consecutive"": 3, ""min_count"": 5, ""threshold"": 0.45}",0.8729166666666667,0.9548148148148148,0.9088937093275488,0.9684447783621337,0.8729166666666667,61,42,0.8693877551020408,0.9533527696793003,0.9466666666666667,0.9819819819819819,0.8693877551020408,32,12
220,consecutive_ratio,"{""min_consecutive"": 3, ""min_ratio"": 0.11, ""threshold"": 0.45}",0.8729166666666667,0.9548148148148148,0.9088937093275488,0.9684447783621337,0.8729166666666667,61,42,0.8693877551020408,0.9533527696793003,0.9466666666666667,0.9819819819819819,0.8693877551020408,32,12
221,topk_mean,"{""threshold"": 0.55, ""top_k"": 2}",0.8729166666666667,0.9546130952380952,0.8972162740899358,0.9639368895567243,0.8729166666666667,61,48,0.8938775510204081,0.9614243323442137,0.9240506329113924,0.972972972972973,0.8938775510204081,26,18
222,consecutive_count,"{""min_consecutive"": 5, ""min_count"": 6, ""threshold"": 0.425}",0.8729166666666667,0.9545454545454546,0.8933901918976546,0.9624342599549212,0.8729166666666667,61,50,0.8775510204081632,0.9560117302052786,0.9388646288209607,0.978978978978979,0.8775510204081632,30,14
223,consecutive_ratio,"{""min_consecutive"": 5, ""min_ratio"": 0.13, ""threshold"": 0.425}",0.8729166666666667,0.9545454545454546,0.8933901918976546,0.9624342599549212,0.8729166666666667,61,50,0.8775510204081632,0.9560117302052786,0.9388646288209607,0.978978978978979,0.8775510204081632,30,14
224,consecutive_count,"{""min_consecutive"": 6, ""min_count"": 9, ""threshold"": 0.375}",0.8729166666666667,0.95423855963991,0.8765690376569037,0.9556724267468069,0.8729166666666667,61,59,0.8530612244897959,0.9474452554744526,0.9247787610619469,0.9744744744744744,0.8530612244897959,36,17
225,consecutive_ratio,"{""min_consecutive"": 6, ""min_ratio"": 0.2, ""threshold"": 0.375}",0.8729166666666667,0.95423855963991,0.8765690376569037,0.9556724267468069,0.8729166666666667,61,59,0.8530612244897959,0.9474452554744526,0.9247787610619469,0.9744744744744744,0.8530612244897959,36,17
226,hysteresis,"{""high"": 0.5, ""low"": 0.4, ""min_consecutive"": 7}",0.8716904276985743,0.9606060606060606,0.8716904276985743,0.9526671675432006,0.8916666666666667,52,63,0.8979591836734694,0.9629080118694362,0.9282700421940928,0.9744744744744744,0.8979591836734694,25,17
227,consecutive_count,"{""min_consecutive"": 1, ""min_count"": 3, ""threshold"": 0.55}",0.8712273641851107,0.9642313546423136,0.8712273641851107,0.9519158527422991,0.9020833333333333,47,64,0.8937007874015748,0.9726027397260274,0.8937007874015748,0.9594594594594594,0.926530612244898,18,27
228,consecutive_ratio,"{""min_consecutive"": 1, ""min_ratio"": 0.05, ""threshold"": 0.55}",0.8712273641851107,0.9642313546423136,0.8712273641851107,0.9519158527422991,0.9020833333333333,47,64,0.8937007874015748,0.9726027397260274,0.8937007874015748,0.9594594594594594,0.926530612244898,18,27
229,consecutive_ratio,"{""min_consecutive"": 1, ""min_ratio"": 0.07, ""threshold"": 0.55}",0.8712273641851107,0.9642313546423136,0.8712273641851107,0.9519158527422991,0.9020833333333333,47,64,0.8937007874015748,0.9726027397260274,0.8937007874015748,0.9594594594594594,0.926530612244898,18,27
230,consecutive_count,"{""min_consecutive"": 1, ""min_count"": 9, ""threshold"": 0.4}",0.8709016393442623,0.9584278155706727,0.8709016393442623,0.9526671675432006,0.8854166666666666,55,63,0.8775510204081632,0.9558823529411765,0.9307359307359307,0.975975975975976,0.8775510204081632,30,16
231,consecutive_ratio,"{""min_consecutive"": 1, ""min_ratio"": 0.2, ""threshold"": 0.4}",0.8709016393442623,0.9584278155706727,0.8709016393442623,0.9526671675432006,0.8854166666666666,55,63,0.8775510204081632,0.9558823529411765,0.9307359307359307,0.975975975975976,0.8775510204081632,30,16
232,consecutive_count,"{""min_consecutive"": 2, ""min_count"": 9, ""threshold"": 0.4}",0.8709016393442623,0.9584278155706727,0.8709016393442623,0.9526671675432006,0.8854166666666666,55,63,0.8775510204081632,0.9558823529411765,0.9307359307359307,0.975975975975976,0.8775510204081632,30,16
233,consecutive_ratio,"{""min_consecutive"": 2, ""min_ratio"": 0.2, ""threshold"": 0.4}",0.8709016393442623,0.9584278155706727,0.8709016393442623,0.9526671675432006,0.8854166666666666,55,63,0.8775510204081632,0.9558823529411765,0.9307359307359307,0.975975975975976,0.8775510204081632,30,16
234,consecutive_count,"{""min_consecutive"": 3, ""min_count"": 9, ""threshold"": 0.4}",0.8709016393442623,0.9584278155706727,0.8709016393442623,0.9526671675432006,0.8854166666666666,55,63,0.8775510204081632,0.9558823529411765,0.9307359307359307,0.975975975975976,0.8775510204081632,30,16
235,consecutive_ratio,"{""min_consecutive"": 3, ""min_ratio"": 0.2, ""threshold"": 0.4}",0.8709016393442623,0.9584278155706727,0.8709016393442623,0.9526671675432006,0.8854166666666666,55,63,0.8775510204081632,0.9558823529411765,0.9307359307359307,0.975975975975976,0.8775510204081632,30,16
236,hysteresis,"{""high"": 0.45, ""low"": 0.35, ""min_consecutive"": 9}",0.8709016393442623,0.9584278155706727,0.8709016393442623,0.9526671675432006,0.8854166666666666,55,63,0.8571428571428571,0.948905109489051,0.9292035398230089,0.975975975975976,0.8571428571428571,35,16
237,hysteresis,"{""high"": 0.55, ""low"": 0.35, ""min_consecutive"": 4}",0.8708333333333333,0.9540059347181009,0.9028077753779697,0.966190833959429,0.8708333333333333,62,45,0.889795918367347,0.96,0.923728813559322,0.972972972972973,0.889795918367347,27,18
238,consecutive,"{""min_consecutive"": 2, ""threshold"": 0.525}",0.8708333333333333,0.9539717891610987,0.9008620689655172,0.9654395191585274,0.8708333333333333,62,46,0.889795918367347,0.9601181683899557,0.9316239316239316,0.975975975975976,0.889795918367347,27,16
239,consecutive_count,"{""min_consecutive"": 2, ""min_count"": 2, ""threshold"": 0.525}",0.8708333333333333,0.9539717891610987,0.9008620689655172,0.9654395191585274,0.8708333333333333,62,46,0.889795918367347,0.9601181683899557,0.9316239316239316,0.975975975975976,0.889795918367347,27,16
240,consecutive_ratio,"{""min_consecutive"": 2, ""min_ratio"": 0.03, ""threshold"": 0.525}",0.8708333333333333,0.9539717891610987,0.9008620689655172,0.9654395191585274,0.8708333333333333,62,46,0.889795918367347,0.9601181683899557,0.9316239316239316,0.975975975975976,0.889795918367347,27,16
241,topk_mean,"{""threshold"": 0.525, ""top_k"": 3}",0.8708333333333333,0.9539717891610987,0.9008620689655172,0.9654395191585274,0.8708333333333333,62,46,0.889795918367347,0.9601181683899557,0.9316239316239316,0.975975975975976,0.889795918367347,27,16
242,consecutive_count,"{""min_consecutive"": 1, ""min_count"": 6, ""threshold"": 0.425}",0.8708333333333333,0.9539375928677564,0.8989247311827957,0.9646882043576258,0.8708333333333333,62,47,0.8612244897959184,0.950509461426492,0.9419642857142857,0.9804804804804805,0.8612244897959184,34,13
243,consecutive_ratio,"{""min_consecutive"": 1, ""min_ratio"": 0.13, ""threshold"": 0.425}",0.8708333333333333,0.9539375928677564,0.8989247311827957,0.9646882043576258,0.8708333333333333,62,47,0.8612244897959184,0.950509461426492,0.9419642857142857,0.9804804804804805,0.8612244897959184,34,13
244,consecutive_count,"{""min_consecutive"": 2, ""min_count"": 6, ""threshold"": 0.425}",0.8708333333333333,0.9539375928677564,0.8989247311827957,0.9646882043576258,0.8708333333333333,62,47,0.8612244897959184,0.950509461426492,0.9419642857142857,0.9804804804804805,0.8612244897959184,34,13
245,consecutive_ratio,"{""min_consecutive"": 2, ""min_ratio"": 0.13, ""threshold"": 0.425}",0.8708333333333333,0.9539375928677564,0.8989247311827957,0.9646882043576258,0.8708333333333333,62,47,0.8612244897959184,0.950509461426492,0.9419642857142857,0.9804804804804805,0.8612244897959184,34,13
246,consecutive_count,"{""min_consecutive"": 3, ""min_count"": 6, ""threshold"": 0.425}",0.8708333333333333,0.9539375928677564,0.8989247311827957,0.9646882043576258,0.8708333333333333,62,47,0.8612244897959184,0.950509461426492,0.9419642857142857,0.9804804804804805,0.8612244897959184,34,13
247,consecutive_ratio,"{""min_consecutive"": 3, ""min_ratio"": 0.13, ""threshold"": 0.425}",0.8708333333333333,0.9539375928677564,0.8989247311827957,0.9646882043576258,0.8708333333333333,62,47,0.8612244897959184,0.950509461426492,0.9419642857142857,0.9804804804804805,0.8612244897959184,34,13
248,hysteresis,"{""high"": 0.55, ""low"": 0.5, ""min_consecutive"": 2}",0.8708333333333333,0.9539375928677564,0.8989247311827957,0.9646882043576258,0.8708333333333333,62,47,0.8857142857142857,0.9585798816568047,0.9234042553191489,0.972972972972973,0.8857142857142857,28,18
249,consecutive_count,"{""min_consecutive"": 4, ""min_count"": 6, ""threshold"": 0.425}",0.8708333333333333,0.9539033457249071,0.8969957081545065,0.9639368895567243,0.8708333333333333,62,48,0.8653061224489796,0.9518950437317785,0.9422222222222222,0.9804804804804805,0.8653061224489796,33,13
250,consecutive_ratio,"{""min_consecutive"": 4, ""min_ratio"": 0.13, ""threshold"": 0.425}",0.8708333333333333,0.9539033457249071,0.8969957081545065,0.9639368895567243,0.8708333333333333,62,48,0.8653061224489796,0.9518950437317785,0.9422222222222222,0.9804804804804805,0.8653061224489796,33,13
251,consecutive_count,"{""min_consecutive"": 1, ""min_count"": 2, ""threshold"": 0.575}",0.8707070707070707,0.9627659574468085,0.8707070707070707,0.9519158527422991,0.8979166666666667,49,64,0.8928571428571429,0.9696509863429439,0.8928571428571429,0.9594594594594594,0.9183673469387755,20,27
252,consecutive_ratio,"{""min_consecutive"": 1, ""min_ratio"": 0.03, ""threshold"": 0.575}",0.8707070707070707,0.9627659574468085,0.8707070707070707,0.9519158527422991,0.8979166666666667,49,64,0.8928571428571429,0.9696509863429439,0.8928571428571429,0.9594594594594594,0.9183673469387755,20,27
253,consecutive_count,"{""min_consecutive"": 5, ""min_count"": 6, ""threshold"": 0.45}",0.8706365503080082,0.9577039274924471,0.8706365503080082,0.9526671675432006,0.8833333333333333,56,63,0.8979591836734694,0.9629080118694362,0.9282700421940928,0.9744744744744744,0.8979591836734694,25,17
254,consecutive_ratio,"{""min_consecutive"": 5, ""min_ratio"": 0.13, ""threshold"": 0.45}",0.8706365503080082,0.9577039274924471,0.8706365503080082,0.9526671675432006,0.8833333333333333,56,63,0.8979591836734694,0.9629080118694362,0.9282700421940928,0.9744744744744744,0.8979591836734694,25,17
255,hysteresis,"{""high"": 0.525, ""low"": 0.475, ""min_consecutive"": 5}",0.8704453441295547,0.9620349278663629,0.8704453441295547,0.9519158527422991,0.8958333333333334,50,64,0.9032258064516129,0.9683257918552036,0.9032258064516129,0.963963963963964,0.9142857142857143,21,24
256,hysteresis,"{""high"": 0.525, ""low"": 0.425, ""min_consecutive"": 6}",0.869653767820774,0.9598484848484848,0.869653767820774,0.9519158527422991,0.8895833333333333,53,64,0.8979591836734694,0.9626865671641791,0.9128630705394191,0.9684684684684685,0.8979591836734694,25,21
257,consecutive_count,"{""min_consecutive"": 2, ""min_count"": 3, ""threshold"": 0.55}",0.8694779116465864,0.9642041127189642,0.8694779116465864,0.9511645379413974,0.9020833333333333,47,65,0.8937007874015748,0.9726027397260274,0.8937007874015748,0.9594594594594594,0.926530612244898,18,27
258,consecutive_ratio,"{""min_consecutive"": 2, ""min_ratio"": 0.05, ""threshold"": 0.55}",0.8694779116465864,0.9642041127189642,0.8694779116465864,0.9511645379413974,0.9020833333333333,47,65,0.8937007874015748,0.9726027397260274,0.8937007874015748,0.9594594594594594,0.926530612244898,18,27
259,consecutive_ratio,"{""min_consecutive"": 2, ""min_ratio"": 0.07, ""threshold"": 0.55}",0.8694779116465864,0.9642041127189642,0.8694779116465864,0.9511645379413974,0.9020833333333333,47,65,0.8937007874015748,0.9726027397260274,0.8937007874015748,0.9594594594594594,0.926530612244898,18,27
260,hysteresis,"{""high"": 0.6, ""low"": 0.45, ""min_consecutive"": 3}",0.8694779116465864,0.9642041127189642,0.8694779116465864,0.9511645379413974,0.9020833333333333,47,65,0.8937007874015748,0.9726027397260274,0.8937007874015748,0.9594594594594594,0.926530612244898,18,27
261,consecutive,"{""min_consecutive"": 8, ""threshold"": 0.4}",0.8693877551020408,0.9591218773656321,0.8693877551020408,0.9519158527422991,0.8875,54,64,0.8816326530612245,0.9572901325478645,0.9310344827586207,0.975975975975976,0.8816326530612245,29,16
262,hysteresis,"{""high"": 0.525, ""low"": 0.375, ""min_consecutive"": 7}",0.8693877551020408,0.9591218773656321,0.8693877551020408,0.9519158527422991,0.8875,54,64,0.889795918367347,0.9598811292719168,0.9159663865546218,0.96996996996997,0.889795918367347,27,20
263,consecutive,"{""min_consecutive"": 2, ""threshold"": 0.575}",0.869215291750503,0.9634703196347032,0.869215291750503,0.9511645379413974,0.9,48,65,0.8893280632411067,0.9696048632218845,0.8893280632411067,0.9579579579579579,0.9183673469387755,20,28
264,consecutive_count,"{""min_consecutive"": 2, ""min_count"": 2, ""threshold"": 0.575}",0.869215291750503,0.9634703196347032,0.869215291750503,0.9511645379413974,0.9,48,65,0.8893280632411067,0.9696048632218845,0.8893280632411067,0.9579579579579579,0.9183673469387755,20,28
265,consecutive_ratio,"{""min_consecutive"": 2, ""min_ratio"": 0.03, ""threshold"": 0.575}",0.869215291750503,0.9634703196347032,0.869215291750503,0.9511645379413974,0.9,48,65,0.8893280632411067,0.9696048632218845,0.8893280632411067,0.9579579579579579,0.9183673469387755,20,28
266,hysteresis,"{""high"": 0.6, ""low"": 0.55, ""min_consecutive"": 2}",0.869215291750503,0.9634703196347032,0.869215291750503,0.9511645379413974,0.9,48,65,0.8941176470588236,0.9740853658536586,0.8941176470588236,0.9594594594594594,0.9306122448979591,17,27
267,hysteresis,"{""high"": 0.6, ""low"": 0.4, ""min_consecutive"": 4}",0.869215291750503,0.9634703196347032,0.869215291750503,0.9511645379413974,0.9,48,65,0.8937007874015748,0.9726027397260274,0.8937007874015748,0.9594594594594594,0.926530612244898,18,27
268,consecutive_count,"{""min_consecutive"": 4, ""min_count"": 9, ""threshold"": 0.4}",0.869120654396728,0.9583963691376702,0.869120654396728,0.9519158527422991,0.8854166666666666,55,64,0.8775510204081632,0.9558823529411765,0.9307359307359307,0.975975975975976,0.8775510204081632,30,16
269,consecutive_ratio,"{""min_consecutive"": 4, ""min_ratio"": 0.2, ""threshold"": 0.4}",0.869120654396728,0.9583963691376702,0.869120654396728,0.9519158527422991,0.8854166666666666,55,64,0.8775510204081632,0.9558823529411765,0.9307359307359307,0.975975975975976,0.8775510204081632,30,16
270,consecutive_count,"{""min_consecutive"": 1, ""min_count"": 3, ""threshold"": 0.475}",0.86875,0.9536764705882353,0.9246119733924612,0.9744552967693464,0.86875,63,34,0.8734693877551021,0.9548104956268222,0.9511111111111111,0.9834834834834835,0.8734693877551021,31,11
271,consecutive_ratio,"{""min_consecutive"": 1, ""min_ratio"": 0.05, ""threshold"": 0.475}",0.86875,0.9536764705882353,0.9246119733924612,0.9744552967693464,0.86875,63,34,0.8734693877551021,0.9548104956268222,0.9511111111111111,0.9834834834834835,0.8734693877551021,31,11
272,consecutive_ratio,"{""min_consecutive"": 1, ""min_ratio"": 0.07, ""threshold"": 0.475}",0.86875,0.9536764705882353,0.9246119733924612,0.9744552967693464,0.86875,63,34,0.8734693877551021,0.9548104956268222,0.9511111111111111,0.9834834834834835,0.8734693877551021,31,11
273,consecutive_count,"{""min_consecutive"": 2, ""min_count"": 3, ""threshold"": 0.475}",0.86875,0.9536764705882353,0.9246119733924612,0.9744552967693464,0.86875,63,34,0.8734693877551021,0.9548104956268222,0.9511111111111111,0.9834834834834835,0.8734693877551021,31,11
274,consecutive_ratio,"{""min_consecutive"": 2, ""min_ratio"": 0.05, ""threshold"": 0.475}",0.86875,0.9536764705882353,0.9246119733924612,0.9744552967693464,0.86875,63,34,0.8734693877551021,0.9548104956268222,0.9511111111111111,0.9834834834834835,0.8734693877551021,31,11
275,consecutive_ratio,"{""min_consecutive"": 2, ""min_ratio"": 0.07, ""threshold"": 0.475}",0.86875,0.9536764705882353,0.9246119733924612,0.9744552967693464,0.86875,63,34,0.8734693877551021,0.9548104956268222,0.9511111111111111,0.9834834834834835,0.8734693877551021,31,11
276,topk_mean,"{""threshold"": 0.45, ""top_k"": 9}",0.86875,0.9535055350553505,0.9144736842105263,0.9706987227648385,0.86875,63,39,0.8734693877551021,0.9548762736535662,0.9553571428571429,0.984984984984985,0.8734693877551021,31,10
277,hysteresis,"{""high"": 0.475, ""low"": 0.425, ""min_consecutive"": 5}",0.86875,0.9534023668639053,0.9084967320261438,0.9684447783621337,0.86875,63,42,0.8816326530612245,0.9574780058651027,0.9432314410480349,0.9804804804804805,0.8816326530612245,29,13
278,hysteresis,"{""high"": 0.525, ""low"": 0.325, ""min_consecutive"": 6}",0.86875,0.9533678756476683,0.9065217391304348,0.9676934635612322,0.86875,63,43,0.8816326530612245,0.9571639586410635,0.9230769230769231,0.972972972972973,0.8816326530612245,29,18
279,hysteresis,"{""high"": 0.5, ""low"": 0.3, ""min_consecutive"": 8}",0.86875,0.9532987398072647,0.9025974025974026,0.966190833959429,0.86875,63,45,0.8734693877551021,0.9546120058565154,0.9385964912280702,0.978978978978979,0.8734693877551021,31,14
280,consecutive_count,"{""min_consecutive"": 1, ""min_count"": 2, ""threshold"": 0.525}",0.86875,0.9532640949554896,0.9006479481641468,0.9654395191585274,0.86875,63,46,0.889795918367347,0.9601181683899557,0.9316239316239316,0.975975975975976,0.889795918367347,27,16
281,consecutive_ratio,"{""min_consecutive"": 1, ""min_ratio"": 0.03, ""threshold"": 0.525}",0.86875,0.9532640949554896,0.9006479481641468,0.9654395191585274,0.86875,63,46,0.889795918367347,0.9601181683899557,0.9316239316239316,0.975975975975976,0.889795918367347,27,16
282,consecutive_count,"{""min_consecutive"": 5, ""min_count"": 7, ""threshold"": 0.4}",0.86875,0.953090096798213,0.8910256410256411,0.9616829451540195,0.86875,63,51,0.8612244897959184,0.9506531204644412,0.9504504504504504,0.9834834834834835,0.8612244897959184,34,11
283,consecutive_ratio,"{""min_consecutive"": 5, ""min_ratio"": 0.15, ""threshold"": 0.4}",0.86875,0.953090096798213,0.8910256410256411,0.9616829451540195,0.86875,63,51,0.8612244897959184,0.9506531204644412,0.9504504504504504,0.9834834834834835,0.8612244897959184,34,11
284,consecutive_count,"{""min_consecutive"": 1, ""min_count"": 9, ""threshold"": 0.375}",0.86875,0.9529499626587006,0.8834745762711864,0.9586776859504132,0.86875,63,55,0.8408163265306122,0.9434782608695652,0.9321266968325792,0.9774774774774775,0.8408163265306122,39,15
285,consecutive_ratio,"{""min_consecutive"": 1, ""min_ratio"": 0.2, ""threshold"": 0.375}",0.86875,0.9529499626587006,0.8834745762711864,0.9586776859504132,0.86875,63,55,0.8408163265306122,0.9434782608695652,0.9321266968325792,0.9774774774774775,0.8408163265306122,39,15
286,consecutive_count,"{""min_consecutive"": 2, ""min_count"": 9, ""threshold"": 0.375}",0.86875,0.9529499626587006,0.8834745762711864,0.9586776859504132,0.86875,63,55,0.8408163265306122,0.9434782608695652,0.9321266968325792,0.9774774774774775,0.8408163265306122,39,15
287,consecutive_ratio,"{""min_consecutive"": 2, ""min_ratio"": 0.2, ""threshold"": 0.375}",0.86875,0.9529499626587006,0.8834745762711864,0.9586776859504132,0.86875,63,55,0.8408163265306122,0.9434782608695652,0.9321266968325792,0.9774774774774775,0.8408163265306122,39,15
288,consecutive_count,"{""min_consecutive"": 3, ""min_count"": 9, ""threshold"": 0.375}",0.86875,0.9529499626587006,0.8834745762711864,0.9586776859504132,0.86875,63,55,0.8408163265306122,0.9434782608695652,0.9321266968325792,0.9774774774774775,0.8408163265306122,39,15
289,consecutive_ratio,"{""min_consecutive"": 3, ""min_ratio"": 0.2, ""threshold"": 0.375}",0.86875,0.9529499626587006,0.8834745762711864,0.9586776859504132,0.86875,63,55,0.8408163265306122,0.9434782608695652,0.9321266968325792,0.9774774774774775,0.8408163265306122,39,15
290,consecutive_count,"{""min_consecutive"": 4, ""min_count"": 9, ""threshold"": 0.375}",0.86875,0.9529499626587006,0.8834745762711864,0.9586776859504132,0.86875,63,55,0.8408163265306122,0.9434782608695652,0.9321266968325792,0.9774774774774775,0.8408163265306122,39,15
291,consecutive_ratio,"{""min_consecutive"": 4, ""min_ratio"": 0.2, ""threshold"": 0.375}",0.86875,0.9529499626587006,0.8834745762711864,0.9586776859504132,0.86875,63,55,0.8408163265306122,0.9434782608695652,0.9321266968325792,0.9774774774774775,0.8408163265306122,39,15
292,consecutive_count,"{""min_consecutive"": 5, ""min_count"": 9, ""threshold"": 0.375}",0.86875,0.9528443113772455,0.8778947368421053,0.9564237415477085,0.86875,63,58,0.8408163265306122,0.9434782608695652,0.9321266968325792,0.9774774774774775,0.8408163265306122,39,15
293,consecutive_ratio,"{""min_consecutive"": 5, ""min_ratio"": 0.2, ""threshold"": 0.375}",0.86875,0.9528443113772455,0.8778947368421053,0.9564237415477085,0.86875,63,58,0.8408163265306122,0.9434782608695652,0.9321266968325792,0.9774774774774775,0.8408163265306122,39,15
294,hysteresis,"{""high"": 0.55, ""low"": 0.35, ""min_consecutive"": 7}",0.8678861788617886,0.9598180439727066,0.8678861788617886,0.9511645379413974,0.8895833333333333,53,65,0.9065040650406504,0.9669172932330827,0.9065040650406504,0.9654654654654654,0.9102040816326531,22,23
295,consecutive_count,"{""min_consecutive"": 5, ""min_count"": 9, ""threshold"": 0.4}",0.8676171079429735,0.9590909090909091,0.8676171079429735,0.9511645379413974,0.8875,54,65,0.8775510204081632,0.9558823529411765,0.9307359307359307,0.975975975975976,0.8775510204081632,30,16
296,consecutive_ratio,"{""min_consecutive"": 5, ""min_ratio"": 0.2, ""threshold"": 0.4}",0.8676171079429735,0.9590909090909091,0.8676171079429735,0.9511645379413974,0.8875,54,65,0.8775510204081632,0.9558823529411765,0.9307359307359307,0.975975975975976,0.8775510204081632,30,16
297,hysteresis,"{""high"": 0.45, ""low"": 0.4, ""min_consecutive"": 8}",0.8676171079429735,0.9590909090909091,0.8676171079429735,0.9511645379413974,0.8875,54,65,0.8816326530612245,0.9572901325478645,0.9310344827586207,0.975975975975976,0.8816326530612245,29,16
298,hysteresis,"{""high"": 0.575, ""low"": 0.525, ""min_consecutive"": 3}",0.8672032193158954,0.9627092846270928,0.8672032193158954,0.9504132231404959,0.8979166666666667,49,66,0.9011857707509882,0.9741641337386018,0.9011857707509882,0.9624624624624625,0.9306122448979591,17,25
299,consecutive_count,"{""min_consecutive"": 7, ""min_count"": 11, ""threshold"": 0.35}",0.8669438669438669,0.9526315789473684,0.8669438669438669,0.9519158527422991,0.86875,63,64,0.8530612244897959,0.9472913616398243,0.9166666666666666,0.9714714714714715,0.8530612244897959,36,19
300,consecutive_count,"{""min_consecutive"": 6, ""min_count"": 7, ""threshold"": 0.425}",0.8668032786885246,0.9569160997732427,0.8668032786885246,0.9511645379413974,0.88125,57,65,0.8857142857142857,0.9587628865979382,0.9353448275862069,0.9774774774774775,0.8857142857142857,28,15
301,consecutive_ratio,"{""min_consecutive"": 6, ""min_ratio"": 0.15, ""threshold"": 0.425}",0.8668032786885246,0.9569160997732427,0.8668032786885246,0.9511645379413974,0.88125,57,65,0.8857142857142857,0.9587628865979382,0.9353448275862069,0.9774774774774775,0.8857142857142857,28,15
302,consecutive,"{""min_consecutive"": 4, ""threshold"": 0.45}",0.8666666666666667,0.9528718703976435,0.9183222958057395,0.9722013523666416,0.8666666666666667,64,37,0.8775510204081632,0.9562043795620438,0.9513274336283186,0.9834834834834835,0.8775510204081632,30,11
303,consecutive_count,"{""min_consecutive"": 4, ""min_count"": 2, ""threshold"": 0.45}",0.8666666666666667,0.9528718703976435,0.9183222958057395,0.9722013523666416,0.8666666666666667,64,37,0.8775510204081632,0.9562043795620438,0.9513274336283186,0.9834834834834835,0.8775510204081632,30,11
304,consecutive_count,"{""min_consecutive"": 4, ""min_count"": 3, ""threshold"": 0.45}",0.8666666666666667,0.9528718703976435,0.9183222958057395,0.9722013523666416,0.8666666666666667,64,37,0.8775510204081632,0.9562043795620438,0.9513274336283186,0.9834834834834835,0.8775510204081632,30,11
305,consecutive_count,"{""min_consecutive"": 4, ""min_count"": 4, ""threshold"": 0.45}",0.8666666666666667,0.9528718703976435,0.9183222958057395,0.9722013523666416,0.8666666666666667,64,37,0.8775510204081632,0.9562043795620438,0.9513274336283186,0.9834834834834835,0.8775510204081632,30,11
306,consecutive_ratio,"{""min_consecutive"": 4, ""min_ratio"": 0.03, ""threshold"": 0.45}",0.8666666666666667,0.9528718703976435,0.9183222958057395,0.9722013523666416,0.8666666666666667,64,37,0.8775510204081632,0.9562043795620438,0.9513274336283186,0.9834834834834835,0.8775510204081632,30,11
307,consecutive_ratio,"{""min_consecutive"": 4, ""min_ratio"": 0.05, ""threshold"": 0.45}",0.8666666666666667,0.9528718703976435,0.9183222958057395,0.9722013523666416,0.8666666666666667,64,37,0.8775510204081632,0.9562043795620438,0.9513274336283186,0.9834834834834835,0.8775510204081632,30,11
308,consecutive_ratio,"{""min_consecutive"": 4, ""min_ratio"": 0.07, ""threshold"": 0.45}",0.8666666666666667,0.9528718703976435,0.9183222958057395,0.9722013523666416,0.8666666666666667,64,37,0.8775510204081632,0.9562043795620438,0.9513274336283186,0.9834834834834835,0.8775510204081632,30,11
309,consecutive_ratio,"{""min_consecutive"": 4, ""min_ratio"": 0.09, ""threshold"": 0.45}",0.8666666666666667,0.9528718703976435,0.9183222958057395,0.9722013523666416,0.8666666666666667,64,37,0.8775510204081632,0.9562043795620438,0.9513274336283186,0.9834834834834835,0.8775510204081632,30,11
310,consecutive,"{""min_consecutive"": 5, ""threshold"": 0.425}",0.8666666666666667,0.9527675276752767,0.9122807017543859,0.9699474079639369,0.8666666666666667,64,40,0.8775510204081632,0.956140350877193,0.947136563876652,0.9819819819819819,0.8775510204081632,30,12
311,consecutive_count,"{""min_consecutive"": 5, ""min_count"": 2, ""threshold"": 0.425}",0.8666666666666667,0.9527675276752767,0.9122807017543859,0.9699474079639369,0.8666666666666667,64,40,0.8775510204081632,0.956140350877193,0.947136563876652,0.9819819819819819,0.8775510204081632,30,12
312,consecutive_count,"{""min_consecutive"": 5, ""min_count"": 3, ""threshold"": 0.425}",0.8666666666666667,0.9527675276752767,0.9122807017543859,0.9699474079639369,0.8666666666666667,64,40,0.8775510204081632,0.956140350877193,0.947136563876652,0.9819819819819819,0.8775510204081632,30,12
313,consecutive_count,"{""min_consecutive"": 5, ""min_count"": 4, ""threshold"": 0.425}",0.8666666666666667,0.9527675276752767,0.9122807017543859,0.9699474079639369,0.8666666666666667,64,40,0.8775510204081632,0.956140350877193,0.947136563876652,0.9819819819819819,0.8775510204081632,30,12
314,consecutive_count,"{""min_consecutive"": 5, ""min_count"": 5, ""threshold"": 0.425}",0.8666666666666667,0.9527675276752767,0.9122807017543859,0.9699474079639369,0.8666666666666667,64,40,0.8775510204081632,0.956140350877193,0.947136563876652,0.9819819819819819,0.8775510204081632,30,12
315,consecutive_ratio,"{""min_consecutive"": 5, ""min_ratio"": 0.03, ""threshold"": 0.425}",0.8666666666666667,0.9527675276752767,0.9122807017543859,0.9699474079639369,0.8666666666666667,64,40,0.8775510204081632,0.956140350877193,0.947136563876652,0.9819819819819819,0.8775510204081632,30,12
316,consecutive_ratio,"{""min_consecutive"": 5, ""min_ratio"": 0.05, ""threshold"": 0.425}",0.8666666666666667,0.9527675276752767,0.9122807017543859,0.9699474079639369,0.8666666666666667,64,40,0.8775510204081632,0.956140350877193,0.947136563876652,0.9819819819819819,0.8775510204081632,30,12
317,consecutive_ratio,"{""min_consecutive"": 5, ""min_ratio"": 0.07, ""threshold"": 0.425}",0.8666666666666667,0.9527675276752767,0.9122807017543859,0.9699474079639369,0.8666666666666667,64,40,0.8775510204081632,0.956140350877193,0.947136563876652,0.9819819819819819,0.8775510204081632,30,12
318,consecutive_ratio,"{""min_consecutive"": 5, ""min_ratio"": 0.09, ""threshold"": 0.425}",0.8666666666666667,0.9527675276752767,0.9122807017543859,0.9699474079639369,0.8666666666666667,64,40,0.8775510204081632,0.956140350877193,0.947136563876652,0.9819819819819819,0.8775510204081632,30,12
319,consecutive_ratio,"{""min_consecutive"": 5, ""min_ratio"": 0.11, ""threshold"": 0.425}",0.8666666666666667,0.9527675276752767,0.9122807017543859,0.9699474079639369,0.8666666666666667,64,40,0.8775510204081632,0.956140350877193,0.947136563876652,0.9819819819819819,0.8775510204081632,30,12
320,hysteresis,"{""high"": 0.5, ""low"": 0.35, ""min_consecutive"": 6}",0.8666666666666667,0.9526627218934911,0.906318082788671,0.9676934635612322,0.8666666666666667,64,43,0.8775510204081632,0.9560761346998536,0.9429824561403509,0.9804804804804805,0.8775510204081632,30,13
321,consecutive,"{""min_consecutive"": 6, ""threshold"": 0.4}",0.8666666666666667,0.9526276831976314,0.9043478260869565,0.9669421487603306,0.8666666666666667,64,44,0.8693877551020408,0.9533527696793003,0.9466666666666667,0.9819819819819819,0.8693877551020408,32,12
322,consecutive_count,"{""min_consecutive"": 6, ""min_count"": 2, ""threshold"": 0.4}",0.8666666666666667,0.9526276831976314,0.9043478260869565,0.9669421487603306,0.8666666666666667,64,44,0.8693877551020408,0.9533527696793003,0.9466666666666667,0.9819819819819819,0.8693877551020408,32,12
323,consecutive_count,"{""min_consecutive"": 6, ""min_count"": 3, ""threshold"": 0.4}",0.8666666666666667,0.9526276831976314,0.9043478260869565,0.9669421487603306,0.8666666666666667,64,44,0.8693877551020408,0.9533527696793003,0.9466666666666667,0.9819819819819819,0.8693877551020408,32,12
324,consecutive_count,"{""min_consecutive"": 6, ""min_count"": 4, ""threshold"": 0.4}",0.8666666666666667,0.9526276831976314,0.9043478260869565,0.9669421487603306,0.8666666666666667,64,44,0.8693877551020408,0.9533527696793003,0.9466666666666667,0.9819819819819819,0.8693877551020408,32,12
325,consecutive_count,"{""min_consecutive"": 6, ""min_count"": 5, ""threshold"": 0.4}",0.8666666666666667,0.9526276831976314,0.9043478260869565,0.9669421487603306,0.8666666666666667,64,44,0.8693877551020408,0.9533527696793003,0.9466666666666667,0.9819819819819819,0.8693877551020408,32,12
326,consecutive_count,"{""min_consecutive"": 6, ""min_count"": 6, ""threshold"": 0.4}",0.8666666666666667,0.9526276831976314,0.9043478260869565,0.9669421487603306,0.8666666666666667,64,44,0.8693877551020408,0.9533527696793003,0.9466666666666667,0.9819819819819819,0.8693877551020408,32,12
327,consecutive_ratio,"{""min_consecutive"": 6, ""min_ratio"": 0.03, ""threshold"": 0.4}",0.8666666666666667,0.9526276831976314,0.9043478260869565,0.9669421487603306,0.8666666666666667,64,44,0.8693877551020408,0.9533527696793003,0.9466666666666667,0.9819819819819819,0.8693877551020408,32,12
328,consecutive_ratio,"{""min_consecutive"": 6, ""min_ratio"": 0.05, ""threshold"": 0.4}",0.8666666666666667,0.9526276831976314,0.9043478260869565,0.9669421487603306,0.8666666666666667,64,44,0.8693877551020408,0.9533527696793003,0.9466666666666667,0.9819819819819819,0.8693877551020408,32,12
329,consecutive_ratio,"{""min_consecutive"": 6, ""min_ratio"": 0.07, ""threshold"": 0.4}",0.8666666666666667,0.9526276831976314,0.9043478260869565,0.9669421487603306,0.8666666666666667,64,44,0.8693877551020408,0.9533527696793003,0.9466666666666667,0.9819819819819819,0.8693877551020408,32,12
330,consecutive_ratio,"{""min_consecutive"": 6, ""min_ratio"": 0.09, ""threshold"": 0.4}",0.8666666666666667,0.9526276831976314,0.9043478260869565,0.9669421487603306,0.8666666666666667,64,44,0.8693877551020408,0.9533527696793003,0.9466666666666667,0.9819819819819819,0.8693877551020408,32,12
331,consecutive_ratio,"{""min_consecutive"": 6, ""min_ratio"": 0.11, ""threshold"": 0.4}",0.8666666666666667,0.9526276831976314,0.9043478260869565,0.9669421487603306,0.8666666666666667,64,44,0.8693877551020408,0.9533527696793003,0.9466666666666667,0.9819819819819819,0.8693877551020408,32,12
332,consecutive_ratio,"{""min_consecutive"": 6, ""min_ratio"": 0.13, ""threshold"": 0.4}",0.8666666666666667,0.9526276831976314,0.9043478260869565,0.9669421487603306,0.8666666666666667,64,44,0.8693877551020408,0.9533527696793003,0.9466666666666667,0.9819819819819819,0.8693877551020408,32,12
333,hysteresis,"{""high"": 0.55, ""low"": 0.45, ""min_consecutive"": 2}",0.8666666666666667,0.9526276831976314,0.9043478260869565,0.9669421487603306,0.8666666666666667,64,44,0.8857142857142857,0.9585798816568047,0.9234042553191489,0.972972972972973,0.8857142857142857,28,18
334,hysteresis,"{""high"": 0.55, ""low"": 0.4, ""min_consecutive"": 3}",0.8666666666666667,0.9525925925925925,0.9023861171366594,0.966190833959429,0.8666666666666667,64,45,0.8857142857142857,0.9585798816568047,0.9234042553191489,0.972972972972973,0.8857142857142857,28,18
335,consecutive_count,"{""min_consecutive"": 1, ""min_count"": 7, ""threshold"": 0.4}",0.8666666666666667,0.9525574499629355,0.9004329004329005,0.9654395191585274,0.8666666666666667,64,46,0.8530612244897959,0.9479768786127167,0.954337899543379,0.984984984984985,0.8530612244897959,36,10
336,consecutive_ratio,"{""min_consecutive"": 1, ""min_ratio"": 0.15, ""threshold"": 0.4}",0.8666666666666667,0.9525574499629355,0.9004329004329005,0.9654395191585274,0.8666666666666667,64,46,0.8530612244897959,0.9479768786127167,0.954337899543379,0.984984984984985,0.8530612244897959,36,10
337,consecutive_count,"{""min_consecutive"": 2, ""min_count"": 7, ""threshold"": 0.4}",0.8666666666666667,0.9525574499629355,0.9004329004329005,0.9654395191585274,0.8666666666666667,64,46,0.8530612244897959,0.9479768786127167,0.954337899543379,0.984984984984985,0.8530612244897959,36,10
338,consecutive_ratio,"{""min_consecutive"": 2, ""min_ratio"": 0.15, ""threshold"": 0.4}",0.8666666666666667,0.9525574499629355,0.9004329004329005,0.9654395191585274,0.8666666666666667,64,46,0.8530612244897959,0.9479768786127167,0.954337899543379,0.984984984984985,0.8530612244897959,36,10
339,consecutive_count,"{""min_consecutive"": 3, ""min_count"": 7, ""threshold"": 0.4}",0.8666666666666667,0.9525574499629355,0.9004329004329005,0.9654395191585274,0.8666666666666667,64,46,0.8530612244897959,0.9479768786127167,0.954337899543379,0.984984984984985,0.8530612244897959,36,10
340,consecutive_ratio,"{""min_consecutive"": 3, ""min_ratio"": 0.15, ""threshold"": 0.4}",0.8666666666666667,0.9525574499629355,0.9004329004329005,0.9654395191585274,0.8666666666666667,64,46,0.8530612244897959,0.9479768786127167,0.954337899543379,0.984984984984985,0.8530612244897959,36,10
341,hysteresis,"{""high"": 0.45, ""low"": 0.4, ""min_consecutive"": 6}",0.8666666666666667,0.9525574499629355,0.9004329004329005,0.9654395191585274,0.8666666666666667,64,46,0.8734693877551021,0.9547445255474453,0.9469026548672567,0.9819819819819819,0.8734693877551021,31,12
342,consecutive_count,"{""min_consecutive"": 4, ""min_count"": 7, ""threshold"": 0.4}",0.8666666666666667,0.9524870081662955,0.896551724137931,0.9639368895567243,0.8666666666666667,64,48,0.8530612244897959,0.9479768786127167,0.954337899543379,0.984984984984985,0.8530612244897959,36,10
343,consecutive_ratio,"{""min_consecutive"": 4, ""min_ratio"": 0.15, ""threshold"": 0.4}",0.8666666666666667,0.9524870081662955,0.896551724137931,0.9639368895567243,0.8666666666666667,64,48,0.8530612244897959,0.9479768786127167,0.954337899543379,0.984984984984985,0.8530612244897959,36,10
344,consecutive_count,"{""min_consecutive"": 7, ""min_count"": 8, ""threshold"": 0.375}",0.8666666666666667,0.9522744220730798,0.8851063829787233,0.9594290007513148,0.8666666666666667,64,54,0.8530612244897959,0.9476744186046512,0.9372197309417041,0.978978978978979,0.8530612244897959,36,14
345,hysteresis,"{""high"": 0.45, ""low"": 0.35, ""min_consecutive"": 8}",0.8666666666666667,0.9522388059701492,0.8832271762208068,0.9586776859504132,0.8666666666666667,64,55,0.8530612244897959,0.9478260869565217,0.9457013574660633,0.9819819819819819,0.8530612244897959,36,12
346,hysteresis,"{""high"": 0.475, ""low"": 0.375, ""min_consecutive"": 7}",0.8666666666666667,0.9522388059701492,0.8832271762208068,0.9586776859504132,0.8666666666666667,64,55,0.8693877551020408,0.9532163742690059,0.9383259911894273,0.978978978978979,0.8693877551020408,32,14
347,hysteresis,"{""high"": 0.475, ""low"": 0.325, ""min_consecutive"": 9}",0.8666666666666667,0.952023988005997,0.8721174004192872,0.9541697971450037,0.8666666666666667,64,61,0.8571428571428571,0.9489795918367347,0.9333333333333333,0.9774774774774775,0.8571428571428571,35,15
348,hysteresis,"{""high"": 0.575, ""low"": 0.475, ""min_consecutive"": 4}",0.866,0.9641495041952708,0.866,0.9496619083395943,0.9020833333333333,47,67,0.889763779527559,0.9710806697108066,0.889763779527559,0.9579579579579579,0.9224489795918367,19,28
349,consecutive_count,"{""min_consecutive"": 3, ""min_count"": 5, ""threshold"": 0.5}",0.8651911468812877,0.9619482496194824,0.8651911468812877,0.9496619083395943,0.8958333333333334,50,67,0.9032258064516129,0.9683257918552036,0.9032258064516129,0.963963963963964,0.9142857142857143,21,24
350,consecutive_ratio,"{""min_consecutive"": 3, ""min_ratio"": 0.11, ""threshold"": 0.5}",0.8651911468812877,0.9619482496194824,0.8651911468812877,0.9496619083395943,0.8958333333333334,50,67,0.9032258064516129,0.9683257918552036,0.9032258064516129,0.963963963963964,0.9142857142857143,21,24
351,consecutive_count,"{""min_consecutive"": 1, ""min_count"": 5, ""threshold"": 0.5}",0.8649193548387096,0.9612167300380228,0.8649193548387096,0.9496619083395943,0.89375,51,67,0.9032258064516129,0.9683257918552036,0.9032258064516129,0.963963963963964,0.9142857142857143,21,24
352,consecutive_ratio,"{""min_consecutive"": 1, ""min_ratio"": 0.11, ""threshold"": 0.5}",0.8649193548387096,0.9612167300380228,0.8649193548387096,0.9496619083395943,0.89375,51,67,0.9032258064516129,0.9683257918552036,0.9032258064516129,0.963963963963964,0.9142857142857143,21,24
353,consecutive_count,"{""min_consecutive"": 2, ""min_count"": 5, ""threshold"": 0.5}",0.8649193548387096,0.9612167300380228,0.8649193548387096,0.9496619083395943,0.89375,51,67,0.9032258064516129,0.9683257918552036,0.9032258064516129,0.963963963963964,0.9142857142857143,21,24
354,consecutive_ratio,"{""min_consecutive"": 2, ""min_ratio"": 0.11, ""threshold"": 0.5}",0.8649193548387096,0.9612167300380228,0.8649193548387096,0.9496619083395943,0.89375,51,67,0.9032258064516129,0.9683257918552036,0.9032258064516129,0.963963963963964,0.9142857142857143,21,24
355,hysteresis,"{""high"": 0.5, ""low"": 0.45, ""min_consecutive"": 3}",0.8645833333333334,0.9522409992652462,0.9222222222222223,0.9737039819684448,0.8645833333333334,65,35,0.8653061224489796,0.9521739130434783,0.9592760180995475,0.9864864864864865,0.8653061224489796,33,9
356,consecutive_count,"{""min_consecutive"": 4, ""min_count"": 5, ""threshold"": 0.425}",0.8645833333333334,0.9521707137601177,0.918141592920354,0.9722013523666416,0.8645833333333334,65,37,0.8653061224489796,0.9521044992743106,0.954954954954955,0.984984984984985,0.8653061224489796,33,10
357,consecutive_ratio,"{""min_consecutive"": 4, ""min_ratio"": 0.11, ""threshold"": 0.425}",0.8645833333333334,0.9521707137601177,0.918141592920354,0.9722013523666416,0.8645833333333334,65,37,0.8653061224489796,0.9521044992743106,0.954954954954955,0.984984984984985,0.8653061224489796,33,10
358,hysteresis,"{""high"": 0.55, ""low"": 0.4, ""min_consecutive"": 2}",0.8645833333333334,0.9519230769230769,0.9041394335511983,0.9669421487603306,0.8645833333333334,65,44,0.8734693877551021,0.9544117647058824,0.9264069264069265,0.9744744744744744,0.8734693877551021,31,17
359,hysteresis,"{""high"": 0.55, ""low"": 0.35, ""min_consecutive"": 3}",0.8645833333333334,0.9519230769230769,0.9041394335511983,0.9669421487603306,0.8645833333333334,65,44,0.8734693877551021,0.9543446244477173,0.9224137931034483,0.972972972972973,0.8734693877551021,31,18
360,consecutive_count,"{""min_consecutive"": 1, ""min_count"": 10, ""threshold"": 0.375}",0.864476386036961,0.9554380664652568,0.864476386036961,0.9504132231404959,0.8770833333333333,59,66,0.8612244897959184,0.9502196193265008,0.9254385964912281,0.9744744744744744,0.8612244897959184,34,17
361,consecutive_count,"{""min_consecutive"": 2, ""min_count"": 10, ""threshold"": 0.375}",0.864476386036961,0.9554380664652568,0.864476386036961,0.9504132231404959,0.8770833333333333,59,66,0.8612244897959184,0.9502196193265008,0.9254385964912281,0.9744744744744744,0.8612244897959184,34,17
362,consecutive_count,"{""min_consecutive"": 3, ""min_count"": 10, ""threshold"": 0.375}",0.864476386036961,0.9554380664652568,0.864476386036961,0.9504132231404959,0.8770833333333333,59,66,0.8612244897959184,0.9502196193265008,0.9254385964912281,0.9744744744744744,0.8612244897959184,34,17
363,consecutive_count,"{""min_consecutive"": 4, ""min_count"": 10, ""threshold"": 0.375}",0.864476386036961,0.9554380664652568,0.864476386036961,0.9504132231404959,0.8770833333333333,59,66,0.8612244897959184,0.9502196193265008,0.9254385964912281,0.9744744744744744,0.8612244897959184,34,17
364,consecutive_count,"{""min_consecutive"": 1, ""min_count"": 8, ""threshold"": 0.425}",0.8643724696356275,0.9597570235383447,0.8643724696356275,0.9496619083395943,0.8895833333333333,53,67,0.889795918367347,0.9601181683899557,0.9316239316239316,0.975975975975976,0.889795918367347,27,16
365,consecutive_count,"{""min_consecutive"": 2, ""min_count"": 8, ""threshold"": 0.425}",0.8643724696356275,0.9597570235383447,0.8643724696356275,0.9496619083395943,0.8895833333333333,53,67,0.889795918367347,0.9601181683899557,0.9316239316239316,0.975975975975976,0.889795918367347,27,16
366,consecutive_count,"{""min_consecutive"": 3, ""min_count"": 8, ""threshold"": 0.425}",0.8643724696356275,0.9597570235383447,0.8643724696356275,0.9496619083395943,0.8895833333333333,53,67,0.889795918367347,0.9601181683899557,0.9316239316239316,0.975975975975976,0.889795918367347,27,16
367,consecutive_count,"{""min_consecutive"": 4, ""min_count"": 8, ""threshold"": 0.425}",0.8643724696356275,0.9597570235383447,0.8643724696356275,0.9496619083395943,0.8895833333333333,53,67,0.889795918367347,0.9601181683899557,0.9316239316239316,0.975975975975976,0.889795918367347,27,16
368,hysteresis,"{""high"": 0.575, ""low"": 0.425, ""min_consecutive"": 5}",0.8642714570858283,0.9641221374045802,0.8642714570858283,0.9489105935386927,0.9020833333333333,47,68,0.900398406374502,0.9712121212121212,0.900398406374502,0.9624624624624625,0.9224489795918367,19,25
369,hysteresis,"{""high"": 0.5, ""low"": 0.45, ""min_consecutive"": 6}",0.8637274549098196,0.9626524390243902,0.8637274549098196,0.9489105935386927,0.8979166666666667,49,68,0.9061224489795918,0.9655172413793104,0.9098360655737705,0.9669669669669669,0.9061224489795918,23,22
370,hysteresis,"{""high"": 0.5, ""low"": 0.4, ""min_consecutive"": 8}",0.8637274549098196,0.9626524390243902,0.8637274549098196,0.9489105935386927,0.8979166666666667,49,68,0.8979591836734694,0.9627976190476191,0.9205020920502092,0.9714714714714715,0.8979591836734694,25,19
371,hysteresis,"{""high"": 0.575, ""low"": 0.375, ""min_consecutive"": 6}",0.8637274549098196,0.9626524390243902,0.8637274549098196,0.9489105935386927,0.8979166666666667,49,68,0.896414342629482,0.9696969696969697,0.896414342629482,0.960960960960961,0.9183673469387755,20,26
372,hysteresis,"{""high"": 0.6, ""low"": 0.45, ""min_consecutive"": 4}",0.8633663366336634,0.9663093415007658,0.8633663366336634,0.9481592787377912,0.9083333333333333,44,69,0.8901960784313725,0.9725609756097561,0.8901960784313725,0.9579579579579579,0.926530612244898,18,28
373,topk_mean,"{""threshold"": 0.575, ""top_k"": 4}",0.8630952380952381,0.9655700076511095,0.8630952380952381,0.9481592787377912,0.90625,45,69,0.88671875,0.9725190839694656,0.88671875,0.9564564564564565,0.926530612244898,18,29
374,consecutive_count,"{""min_consecutive"": 6, ""min_count"": 9, ""threshold"": 0.4}",0.8629032258064516,0.9604562737642586,0.8629032258064516,0.9489105935386927,0.8916666666666667,52,68,0.8857142857142857,0.9586410635155096,0.9273504273504274,0.9744744744744744,0.8857142857142857,28,17
375,consecutive_ratio,"{""min_consecutive"": 6, ""min_ratio"": 0.2, ""threshold"": 0.4}",0.8629032258064516,0.9604562737642586,0.8629032258064516,0.9489105935386927,0.8916666666666667,52,68,0.8857142857142857,0.9586410635155096,0.9273504273504274,0.9744744744744744,0.8857142857142857,28,17
376,consecutive_count,"{""min_consecutive"": 5, ""min_count"": 8, ""threshold"": 0.425}",0.8626262626262626,0.959726443768997,0.8626262626262626,0.9489105935386927,0.8895833333333333,53,68,0.889795918367347,0.9601181683899557,0.9316239316239316,0.975975975975976,0.889795918367347,27,16
377,consecutive,"{""min_consecutive"": 6, ""threshold"": 0.45}",0.8626262626262626,0.959726443768997,0.8626262626262626,0.9489105935386927,0.8895833333333333,53,68,0.9020408163265307,0.9641791044776119,0.91701244813278,0.96996996996997,0.9020408163265307,24,20
378,consecutive_count,"{""min_consecutive"": 6, ""min_count"": 2, ""threshold"": 0.45}",0.8626262626262626,0.959726443768997,0.8626262626262626,0.9489105935386927,0.8895833333333333,53,68,0.9020408163265307,0.9641791044776119,0.91701244813278,0.96996996996997,0.9020408163265307,24,20
379,consecutive_count,"{""min_consecutive"": 6, ""min_count"": 3, ""threshold"": 0.45}",0.8626262626262626,0.959726443768997,0.8626262626262626,0.9489105935386927,0.8895833333333333,53,68,0.9020408163265307,0.9641791044776119,0.91701244813278,0.96996996996997,0.9020408163265307,24,20
380,consecutive_count,"{""min_consecutive"": 6, ""min_count"": 4, ""threshold"": 0.45}",0.8626262626262626,0.959726443768997,0.8626262626262626,0.9489105935386927,0.8895833333333333,53,68,0.9020408163265307,0.9641791044776119,0.91701244813278,0.96996996996997,0.9020408163265307,24,20
381,consecutive_count,"{""min_consecutive"": 6, ""min_count"": 5, ""threshold"": 0.45}",0.8626262626262626,0.959726443768997,0.8626262626262626,0.9489105935386927,0.8895833333333333,53,68,0.9020408163265307,0.9641791044776119,0.91701244813278,0.96996996996997,0.9020408163265307,24,20
382,consecutive_count,"{""min_consecutive"": 6, ""min_count"": 6, ""threshold"": 0.45}",0.8626262626262626,0.959726443768997,0.8626262626262626,0.9489105935386927,0.8895833333333333,53,68,0.9020408163265307,0.9641791044776119,0.91701244813278,0.96996996996997,0.9020408163265307,24,20
383,consecutive_ratio,"{""min_consecutive"": 6, ""min_ratio"": 0.03, ""threshold"": 0.45}",0.8626262626262626,0.959726443768997,0.8626262626262626,0.9489105935386927,0.8895833333333333,53,68,0.9020408163265307,0.9641791044776119,0.91701244813278,0.96996996996997,0.9020408163265307,24,20
384,consecutive_ratio,"{""min_consecutive"": 6, ""min_ratio"": 0.05, ""threshold"": 0.45}",0.8626262626262626,0.959726443768997,0.8626262626262626,0.9489105935386927,0.8895833333333333,53,68,0.9020408163265307,0.9641791044776119,0.91701244813278,0.96996996996997,0.9020408163265307,24,20
385,consecutive_ratio,"{""min_consecutive"": 6, ""min_ratio"": 0.07, ""threshold"": 0.45}",0.8626262626262626,0.959726443768997,0.8626262626262626,0.9489105935386927,0.8895833333333333,53,68,0.9020408163265307,0.9641791044776119,0.91701244813278,0.96996996996997,0.9020408163265307,24,20
386,consecutive_ratio,"{""min_consecutive"": 6, ""min_ratio"": 0.09, ""threshold"": 0.45}",0.8626262626262626,0.959726443768997,0.8626262626262626,0.9489105935386927,0.8895833333333333,53,68,0.9020408163265307,0.9641791044776119,0.91701244813278,0.96996996996997,0.9020408163265307,24,20
387,consecutive_ratio,"{""min_consecutive"": 6, ""min_ratio"": 0.11, ""threshold"": 0.45}",0.8626262626262626,0.959726443768997,0.8626262626262626,0.9489105935386927,0.8895833333333333,53,68,0.9020408163265307,0.9641791044776119,0.91701244813278,0.96996996996997,0.9020408163265307,24,20
388,consecutive_ratio,"{""min_consecutive"": 6, ""min_ratio"": 0.13, ""threshold"": 0.45}",0.8626262626262626,0.959726443768997,0.8626262626262626,0.9489105935386927,0.8895833333333333,53,68,0.9020408163265307,0.9641791044776119,0.91701244813278,0.96996996996997,0.9020408163265307,24,20
389,consecutive,"{""min_consecutive"": 3, ""threshold"": 0.55}",0.8625498007968128,0.9640947288006112,0.8625498007968128,0.9481592787377912,0.9020833333333333,47,69,0.8910505836575876,0.9755351681957186,0.8910505836575876,0.9579579579579579,0.9346938775510204,16,28
390,consecutive_count,"{""min_consecutive"": 3, ""min_count"": 2, ""threshold"": 0.55}",0.8625498007968128,0.9640947288006112,0.8625498007968128,0.9481592787377912,0.9020833333333333,47,69,0.8910505836575876,0.9755351681957186,0.8910505836575876,0.9579579579579579,0.9346938775510204,16,28
391,consecutive_count,"{""min_consecutive"": 3, ""min_count"": 3, ""threshold"": 0.55}",0.8625498007968128,0.9640947288006112,0.8625498007968128,0.9481592787377912,0.9020833333333333,47,69,0.8910505836575876,0.9755351681957186,0.8910505836575876,0.9579579579579579,0.9346938775510204,16,28
392,consecutive_ratio,"{""min_consecutive"": 3, ""min_ratio"": 0.03, ""threshold"": 0.55}",0.8625498007968128,0.9640947288006112,0.8625498007968128,0.9481592787377912,0.9020833333333333,47,69,0.8910505836575876,0.9755351681957186,0.8910505836575876,0.9579579579579579,0.9346938775510204,16,28
393,consecutive_ratio,"{""min_consecutive"": 3, ""min_ratio"": 0.05, ""threshold"": 0.55}",0.8625498007968128,0.9640947288006112,0.8625498007968128,0.9481592787377912,0.9020833333333333,47,69,0.8910505836575876,0.9755351681957186,0.8910505836575876,0.9579579579579579,0.9346938775510204,16,28
394,consecutive_ratio,"{""min_consecutive"": 3, ""min_ratio"": 0.07, ""threshold"": 0.55}",0.8625498007968128,0.9640947288006112,0.8625498007968128,0.9481592787377912,0.9020833333333333,47,69,0.8910505836575876,0.9755351681957186,0.8910505836575876,0.9579579579579579,0.9346938775510204,16,28
395,consecutive_count,"{""min_consecutive"": 3, ""min_count"": 4, ""threshold"": 0.45}",0.8625,0.9515418502202643,0.9220489977728286,0.9737039819684448,0.8625,66,35,0.8612244897959184,0.9507246376811594,0.9547511312217195,0.984984984984985,0.8612244897959184,34,10
396,consecutive_ratio,"{""min_consecutive"": 3, ""min_ratio"": 0.09, ""threshold"": 0.45}",0.8625,0.9515418502202643,0.9220489977728286,0.9737039819684448,0.8625,66,35,0.8612244897959184,0.9507246376811594,0.9547511312217195,0.984984984984985,0.8612244897959184,34,10
397,consecutive_count,"{""min_consecutive"": 1, ""min_count"": 2, ""threshold"": 0.5}",0.8625,0.9514348785871964,0.915929203539823,0.97145003756574,0.8625,66,38,0.8612244897959184,0.9505813953488372,0.9461883408071748,0.9819819819819819,0.8612244897959184,34,12
398,consecutive_ratio,"{""min_consecutive"": 1, ""min_ratio"": 0.03, ""threshold"": 0.5}",0.8625,0.9514348785871964,0.915929203539823,0.97145003756574,0.8625,66,38,0.8612244897959184,0.9505813953488372,0.9461883408071748,0.9819819819819819,0.8612244897959184,34,12
399,consecutive,"{""min_consecutive"": 2, ""threshold"": 0.5}",0.8625,0.9513991163475699,0.9139072847682119,0.9706987227648385,0.8625,66,39,0.8612244897959184,0.9505813953488372,0.9461883408071748,0.9819819819819819,0.8612244897959184,34,12
400,consecutive_count,"{""min_consecutive"": 2, ""min_count"": 2, ""threshold"": 0.5}",0.8625,0.9513991163475699,0.9139072847682119,0.9706987227648385,0.8625,66,39,0.8612244897959184,0.9505813953488372,0.9461883408071748,0.9819819819819819,0.8612244897959184,34,12
401,consecutive_ratio,"{""min_consecutive"": 2, ""min_ratio"": 0.03, ""threshold"": 0.5}",0.8625,0.9513991163475699,0.9139072847682119,0.9706987227648385,0.8625,66,39,0.8612244897959184,0.9505813953488372,0.9461883408071748,0.9819819819819819,0.8612244897959184,34,12
402,hysteresis,"{""high"": 0.525, ""low"": 0.375, ""min_consecutive"": 4}",0.8625,0.9513991163475699,0.9139072847682119,0.9706987227648385,0.8625,66,39,0.8693877551020408,0.9531478770131772,0.9342105263157895,0.9774774774774775,0.8693877551020408,32,15
403,consecutive,"{""min_consecutive"": 1, ""threshold"": 0.55}",0.8625,0.9512195121951219,0.9039301310043668,0.9669421487603306,0.8625,66,44,0.8734693877551021,0.9544117647058824,0.9264069264069265,0.9744744744744744,0.8734693877551021,31,17
404,hysteresis,"{""high"": 0.55, ""low"": 0.35, ""min_consecutive"": 2}",0.8625,0.9512195121951219,0.9039301310043668,0.9669421487603306,0.8625,66,44,0.8734693877551021,0.9544117647058824,0.9264069264069265,0.9744744744744744,0.8734693877551021,31,17
405,consecutive_count,"{""min_consecutive"": 1, ""min_count"": 11, ""threshold"": 0.35}",0.8625,0.950561797752809,0.8697478991596639,0.9534184823441022,0.8625,66,62,0.8448979591836735,0.9446064139941691,0.92,0.972972972972973,0.8448979591836735,38,18
406,consecutive_count,"{""min_consecutive"": 2, ""min_count"": 11, ""threshold"": 0.35}",0.8625,0.950561797752809,0.8697478991596639,0.9534184823441022,0.8625,66,62,0.8448979591836735,0.9446064139941691,0.92,0.972972972972973,0.8448979591836735,38,18
407,consecutive_count,"{""min_consecutive"": 3, ""min_count"": 11, ""threshold"": 0.35}",0.8625,0.950561797752809,0.8697478991596639,0.9534184823441022,0.8625,66,62,0.8448979591836735,0.9446064139941691,0.92,0.972972972972973,0.8448979591836735,38,18
408,consecutive_count,"{""min_consecutive"": 4, ""min_count"": 11, ""threshold"": 0.35}",0.8625,0.950561797752809,0.8697478991596639,0.9534184823441022,0.8625,66,62,0.8448979591836735,0.9446064139941691,0.92,0.972972972972973,0.8448979591836735,38,18
409,consecutive_count,"{""min_consecutive"": 5, ""min_count"": 11, ""threshold"": 0.35}",0.8625,0.950561797752809,0.8697478991596639,0.9534184823441022,0.8625,66,62,0.8489795918367347,0.945985401459854,0.9203539823008849,0.972972972972973,0.8489795918367347,37,18
410,consecutive_count,"{""min_consecutive"": 6, ""min_count"": 11, ""threshold"": 0.35}",0.8625,0.950561797752809,0.8697478991596639,0.9534184823441022,0.8625,66,62,0.8530612244897959,0.9473684210526315,0.920704845814978,0.972972972972973,0.8530612244897959,36,18
411,consecutive,"{""min_consecutive"": 9, ""threshold"": 0.375}",0.8623481781376519,0.958997722095672,0.8623481781376519,0.9489105935386927,0.8875,54,68,0.8734693877551021,0.9542772861356932,0.9184549356223176,0.9714714714714715,0.8734693877551021,31,19
412,hysteresis,"{""high"": 0.525, ""low"": 0.325, ""min_consecutive"": 9}",0.8623481781376519,0.958997722095672,0.8623481781376519,0.9489105935386927,0.8875,54,68,0.889795918367347,0.9598214285714286,0.9121338912133892,0.9684684684684685,0.889795918367347,27,21
413,consecutive,"{""min_consecutive"": 7, ""threshold"": 0.425}",0.8620689655172413,0.9582701062215478,0.8620689655172413,0.9489105935386927,0.8854166666666666,55,68,0.8857142857142857,0.9586410635155096,0.9273504273504274,0.9744744744744744,0.8857142857142857,28,17
414,consecutive_count,"{""min_consecutive"": 7, ""min_count"": 2, ""threshold"": 0.425}",0.8620689655172413,0.9582701062215478,0.8620689655172413,0.9489105935386927,0.8854166666666666,55,68,0.8857142857142857,0.9586410635155096,0.9273504273504274,0.9744744744744744,0.8857142857142857,28,17
415,consecutive_count,"{""min_consecutive"": 7, ""min_count"": 3, ""threshold"": 0.425}",0.8620689655172413,0.9582701062215478,0.8620689655172413,0.9489105935386927,0.8854166666666666,55,68,0.8857142857142857,0.9586410635155096,0.9273504273504274,0.9744744744744744,0.8857142857142857,28,17
416,consecutive_count,"{""min_consecutive"": 7, ""min_count"": 4, ""threshold"": 0.425}",0.8620689655172413,0.9582701062215478,0.8620689655172413,0.9489105935386927,0.8854166666666666,55,68,0.8857142857142857,0.9586410635155096,0.9273504273504274,0.9744744744744744,0.8857142857142857,28,17
417,consecutive_count,"{""min_consecutive"": 7, ""min_count"": 5, ""threshold"": 0.425}",0.8620689655172413,0.9582701062215478,0.8620689655172413,0.9489105935386927,0.8854166666666666,55,68,0.8857142857142857,0.9586410635155096,0.9273504273504274,0.9744744744744744,0.8857142857142857,28,17
418,consecutive_count,"{""min_consecutive"": 7, ""min_count"": 6, ""threshold"": 0.425}",0.8620689655172413,0.9582701062215478,0.8620689655172413,0.9489105935386927,0.8854166666666666,55,68,0.8857142857142857,0.9586410635155096,0.9273504273504274,0.9744744744744744,0.8857142857142857,28,17
419,consecutive_count,"{""min_consecutive"": 7, ""min_count"": 7, ""threshold"": 0.425}",0.8620689655172413,0.9582701062215478,0.8620689655172413,0.9489105935386927,0.8854166666666666,55,68,0.8857142857142857,0.9586410635155096,0.9273504273504274,0.9744744744744744,0.8857142857142857,28,17
420,consecutive_ratio,"{""min_consecutive"": 7, ""min_ratio"": 0.03, ""threshold"": 0.425}",0.8620689655172413,0.9582701062215478,0.8620689655172413,0.9489105935386927,0.8854166666666666,55,68,0.8857142857142857,0.9586410635155096,0.9273504273504274,0.9744744744744744,0.8857142857142857,28,17
421,consecutive_ratio,"{""min_consecutive"": 7, ""min_ratio"": 0.05, ""threshold"": 0.425}",0.8620689655172413,0.9582701062215478,0.8620689655172413,0.9489105935386927,0.8854166666666666,55,68,0.8857142857142857,0.9586410635155096,0.9273504273504274,0.9744744744744744,0.8857142857142857,28,17
422,consecutive_ratio,"{""min_consecutive"": 7, ""min_ratio"": 0.07, ""threshold"": 0.425}",0.8620689655172413,0.9582701062215478,0.8620689655172413,0.9489105935386927,0.8854166666666666,55,68,0.8857142857142857,0.9586410635155096,0.9273504273504274,0.9744744744744744,0.8857142857142857,28,17
423,consecutive_ratio,"{""min_consecutive"": 7, ""min_ratio"": 0.09, ""threshold"": 0.425}",0.8620689655172413,0.9582701062215478,0.8620689655172413,0.9489105935386927,0.8854166666666666,55,68,0.8857142857142857,0.9586410635155096,0.9273504273504274,0.9744744744744744,0.8857142857142857,28,17
424,consecutive_ratio,"{""min_consecutive"": 7, ""min_ratio"": 0.11, ""threshold"": 0.425}",0.8620689655172413,0.9582701062215478,0.8620689655172413,0.9489105935386927,0.8854166666666666,55,68,0.8857142857142857,0.9586410635155096,0.9273504273504274,0.9744744744744744,0.8857142857142857,28,17
425,consecutive_ratio,"{""min_consecutive"": 7, ""min_ratio"": 0.13, ""threshold"": 0.425}",0.8620689655172413,0.9582701062215478,0.8620689655172413,0.9489105935386927,0.8854166666666666,55,68,0.8857142857142857,0.9586410635155096,0.9273504273504274,0.9744744744744744,0.8857142857142857,28,17
426,consecutive_ratio,"{""min_consecutive"": 7, ""min_ratio"": 0.15, ""threshold"": 0.425}",0.8620689655172413,0.9582701062215478,0.8620689655172413,0.9489105935386927,0.8854166666666666,55,68,0.8857142857142857,0.9586410635155096,0.9273504273504274,0.9744744744744744,0.8857142857142857,28,17
427,hysteresis,"{""high"": 0.5, ""low"": 0.35, ""min_consecutive"": 9}",0.862,0.9626239511823036,0.862,0.9481592787377912,0.8979166666666667,49,69,0.8816326530612245,0.957037037037037,0.9152542372881356,0.96996996996997,0.8816326530612245,29,20
428,consecutive_count,"{""min_consecutive"": 1, ""min_count"": 6, ""threshold"": 0.475}",0.8617234468937875,0.961890243902439,0.8617234468937875,0.9481592787377912,0.8958333333333334,50,69,0.9102040816326531,0.9669669669669669,0.9102040816326531,0.9669669669669669,0.9102040816326531,22,22
429,consecutive_ratio,"{""min_consecutive"": 1, ""min_ratio"": 0.13, ""threshold"": 0.475}",0.8617234468937875,0.961890243902439,0.8617234468937875,0.9481592787377912,0.8958333333333334,50,69,0.9102040816326531,0.9669669669669669,0.9102040816326531,0.9669669669669669,0.9102040816326531,22,22
430,consecutive_count,"{""min_consecutive"": 2, ""min_count"": 6, ""threshold"": 0.475}",0.8617234468937875,0.961890243902439,0.8617234468937875,0.9481592787377912,0.8958333333333334,50,69,0.9102040816326531,0.9669669669669669,0.9102040816326531,0.9669669669669669,0.9102040816326531,22,22
431,consecutive_ratio,"{""min_consecutive"": 2, ""min_ratio"": 0.13, ""threshold"": 0.475}",0.8617234468937875,0.961890243902439,0.8617234468937875,0.9481592787377912,0.8958333333333334,50,69,0.9102040816326531,0.9669669669669669,0.9102040816326531,0.9669669669669669,0.9102040816326531,22,22
432,consecutive_count,"{""min_consecutive"": 3, ""min_count"": 6, ""threshold"": 0.475}",0.8617234468937875,0.961890243902439,0.8617234468937875,0.9481592787377912,0.8958333333333334,50,69,0.9065040650406504,0.9669172932330827,0.9065040650406504,0.9654654654654654,0.9102040816326531,22,23
433,consecutive_ratio,"{""min_consecutive"": 3, ""min_ratio"": 0.13, ""threshold"": 0.475}",0.8617234468937875,0.961890243902439,0.8617234468937875,0.9481592787377912,0.8958333333333334,50,69,0.9065040650406504,0.9669172932330827,0.9065040650406504,0.9654654654654654,0.9102040816326531,22,23
434,hysteresis,"{""high"": 0.6, ""low"": 0.4, ""min_consecutive"": 5}",0.8616600790513834,0.9662835249042145,0.8616600790513834,0.9474079639368895,0.9083333333333333,44,70,0.8871595330739299,0.9740061162079511,0.8871595330739299,0.9564564564564565,0.9306122448979591,17,29
435,consecutive_count,"{""min_consecutive"": 7, ""min_count"": 9, ""threshold"": 0.4}",0.8614457831325302,0.9611576542269612,0.8614457831325302,0.9481592787377912,0.89375,51,69,0.889795918367347,0.96,0.923728813559322,0.972972972972973,0.889795918367347,27,18
436,consecutive_ratio,"{""min_consecutive"": 7, ""min_ratio"": 0.2, ""threshold"": 0.4}",0.8614457831325302,0.9611576542269612,0.8614457831325302,0.9481592787377912,0.89375,51,69,0.889795918367347,0.96,0.923728813559322,0.972972972972973,0.889795918367347,27,18
437,hysteresis,"{""high"": 0.525, ""low"": 0.375, ""min_consecutive"": 8}",0.8614457831325302,0.9611576542269612,0.8614457831325302,0.9481592787377912,0.89375,51,69,0.889795918367347,0.9598214285714286,0.9121338912133892,0.9684684684684685,0.889795918367347,27,21
438,consecutive,"{""min_consecutive"": 4, ""threshold"": 0.525}",0.8613861386138614,0.9655436447166922,0.8613861386138614,0.9474079639368895,0.90625,45,70,0.8803088803088803,0.9739263803680982,0.8803088803088803,0.9534534534534534,0.9306122448979591,17,31
439,consecutive_count,"{""min_consecutive"": 4, ""min_count"": 2, ""threshold"": 0.525}",0.8613861386138614,0.9655436447166922,0.8613861386138614,0.9474079639368895,0.90625,45,70,0.8803088803088803,0.9739263803680982,0.8803088803088803,0.9534534534534534,0.9306122448979591,17,31
440,consecutive_count,"{""min_consecutive"": 4, ""min_count"": 3, ""threshold"": 0.525}",0.8613861386138614,0.9655436447166922,0.8613861386138614,0.9474079639368895,0.90625,45,70,0.8803088803088803,0.9739263803680982,0.8803088803088803,0.9534534534534534,0.9306122448979591,17,31
441,consecutive_count,"{""min_consecutive"": 4, ""min_count"": 4, ""threshold"": 0.525}",0.8613861386138614,0.9655436447166922,0.8613861386138614,0.9474079639368895,0.90625,45,70,0.8803088803088803,0.9739263803680982,0.8803088803088803,0.9534534534534534,0.9306122448979591,17,31
442,consecutive_ratio,"{""min_consecutive"": 4, ""min_ratio"": 0.03, ""threshold"": 0.525}",0.8613861386138614,0.9655436447166922,0.8613861386138614,0.9474079639368895,0.90625,45,70,0.8803088803088803,0.9739263803680982,0.8803088803088803,0.9534534534534534,0.9306122448979591,17,31
443,consecutive_ratio,"{""min_consecutive"": 4, ""min_ratio"": 0.05, ""threshold"": 0.525}",0.8613861386138614,0.9655436447166922,0.8613861386138614,0.9474079639368895,0.90625,45,70,0.8803088803088803,0.9739263803680982,0.8803088803088803,0.9534534534534534,0.9306122448979591,17,31
444,consecutive_ratio,"{""min_consecutive"": 4, ""min_ratio"": 0.07, ""threshold"": 0.525}",0.8613861386138614,0.9655436447166922,0.8613861386138614,0.9474079639368895,0.90625,45,70,0.8803088803088803,0.9739263803680982,0.8803088803088803,0.9534534534534534,0.9306122448979591,17,31
445,consecutive_ratio,"{""min_consecutive"": 4, ""min_ratio"": 0.09, ""threshold"": 0.525}",0.8613861386138614,0.9655436447166922,0.8613861386138614,0.9474079639368895,0.90625,45,70,0.8803088803088803,0.9739263803680982,0.8803088803088803,0.9534534534534534,0.9306122448979591,17,31
446,hysteresis,"{""high"": 0.6, ""low"": 0.5, ""min_consecutive"": 3}",0.8613861386138614,0.9655436447166922,0.8613861386138614,0.9474079639368895,0.90625,45,70,0.8901960784313725,0.9725609756097561,0.8901960784313725,0.9579579579579579,0.926530612244898,18,28
447,consecutive_count,"{""min_consecutive"": 5, ""min_count"": 10, ""threshold"": 0.375}",0.8609406952965235,0.9553706505295008,0.8609406952965235,0.9489105935386927,0.8770833333333333,59,68,0.8612244897959184,0.9502196193265008,0.9254385964912281,0.9744744744744744,0.8612244897959184,34,17
448,hysteresis,"{""high"": 0.475, ""low"": 0.425, ""min_consecutive"": 7}",0.8606060606060606,0.958966565349544,0.8606060606060606,0.9481592787377912,0.8875,54,69,0.889795918367347,0.96,0.923728813559322,0.972972972972973,0.889795918367347,27,18
449,topk_mean,"{""threshold"": 0.6, ""top_k"": 2}",0.8605577689243028,0.9633307868601986,0.8605577689243028,0.9474079639368895,0.9,48,70,0.8871595330739299,0.9740061162079511,0.8871595330739299,0.9564564564564565,0.9306122448979591,17,29
450,consecutive_count,"{""min_consecutive"": 1, ""min_count"": 4, ""threshold"": 0.45}",0.8604166666666667,0.9508797653958945,0.9239373601789709,0.9744552967693464,0.8604166666666667,67,34,0.8612244897959184,0.9507246376811594,0.9547511312217195,0.984984984984985,0.8612244897959184,34,10
451,consecutive_ratio,"{""min_consecutive"": 1, ""min_ratio"": 0.09, ""threshold"": 0.45}",0.8604166666666667,0.9508797653958945,0.9239373601789709,0.9744552967693464,0.8604166666666667,67,34,0.8612244897959184,0.9507246376811594,0.9547511312217195,0.984984984984985,0.8612244897959184,34,10
452,consecutive_count,"{""min_consecutive"": 2, ""min_count"": 4, ""threshold"": 0.45}",0.8604166666666667,0.9508797653958945,0.9239373601789709,0.9744552967693464,0.8604166666666667,67,34,0.8612244897959184,0.9507246376811594,0.9547511312217195,0.984984984984985,0.8612244897959184,34,10
453,consecutive_ratio,"{""min_consecutive"": 2, ""min_ratio"": 0.09, ""threshold"": 0.45}",0.8604166666666667,0.9508797653958945,0.9239373601789709,0.9744552967693464,0.8604166666666667,67,34,0.8612244897959184,0.9507246376811594,0.9547511312217195,0.984984984984985,0.8612244897959184,34,10
454,topk_mean,"{""threshold"": 0.475, ""top_k"": 5}",0.8604166666666667,0.9508797653958945,0.9239373601789709,0.9744552967693464,0.8604166666666667,67,34,0.8693877551020408,0.9534206695778749,0.9508928571428571,0.9834834834834835,0.8693877551020408,32,11
455,topk_mean,"{""threshold"": 0.5, ""top_k"": 3}",0.8604166666666667,0.9508797653958945,0.9239373601789709,0.9744552967693464,0.8604166666666667,67,34,0.8571428571428571,0.9492753623188406,0.9502262443438914,0.9834834834834835,0.8571428571428571,35,11
456,consecutive_count,"{""min_consecutive"": 1, ""min_count"": 5, ""threshold"": 0.425}",0.8604166666666667,0.9508076358296622,0.9198218262806236,0.9729526671675433,0.8604166666666667,67,36,0.8571428571428571,0.9493487698986975,0.9545454545454546,0.984984984984985,0.8571428571428571,35,10
457,consecutive_ratio,"{""min_consecutive"": 1, ""min_ratio"": 0.11, ""threshold"": 0.425}",0.8604166666666667,0.9508076358296622,0.9198218262806236,0.9729526671675433,0.8604166666666667,67,36,0.8571428571428571,0.9493487698986975,0.9545454545454546,0.984984984984985,0.8571428571428571,35,10
458,consecutive_count,"{""min_consecutive"": 2, ""min_count"": 5, ""threshold"": 0.425}",0.8604166666666667,0.9508076358296622,0.9198218262806236,0.9729526671675433,0.8604166666666667,67,36,0.8571428571428571,0.9493487698986975,0.9545454545454546,0.984984984984985,0.8571428571428571,35,10
459,consecutive_ratio,"{""min_consecutive"": 2, ""min_ratio"": 0.11, ""threshold"": 0.425}",0.8604166666666667,0.9508076358296622,0.9198218262806236,0.9729526671675433,0.8604166666666667,67,36,0.8571428571428571,0.9493487698986975,0.9545454545454546,0.984984984984985,0.8571428571428571,35,10
460,consecutive_count,"{""min_consecutive"": 3, ""min_count"": 5, ""threshold"": 0.425}",0.8604166666666667,0.9508076358296622,0.9198218262806236,0.9729526671675433,0.8604166666666667,67,36,0.8612244897959184,0.9507246376811594,0.9547511312217195,0.984984984984985,0.8612244897959184,34,10
461,consecutive_ratio,"{""min_consecutive"": 3, ""min_ratio"": 0.11, ""threshold"": 0.425}",0.8604166666666667,0.9508076358296622,0.9198218262806236,0.9729526671675433,0.8604166666666667,67,36,0.8612244897959184,0.9507246376811594,0.9547511312217195,0.984984984984985,0.8612244897959184,34,10
462,hysteresis,"{""high"": 0.525, ""low"": 0.475, ""min_consecutive"": 2}",0.8604166666666667,0.950735294117647,0.9157427937915743,0.97145003756574,0.8604166666666667,67,38,0.8612244897959184,0.9503649635036496,0.9336283185840708,0.9774774774774775,0.8612244897959184,34,15
463,hysteresis,"{""high"": 0.5, ""low"": 0.3, ""min_consecutive"": 7}",0.8604166666666667,0.9506990434142752,0.9137168141592921,0.9706987227648385,0.8604166666666667,67,39,0.8653061224489796,0.9518248175182482,0.9380530973451328,0.978978978978979,0.8653061224489796,33,14
464,hysteresis,"{""high"": 0.525, ""low"": 0.425, ""min_consecutive"": 3}",0.8604166666666667,0.9506990434142752,0.9137168141592921,0.9706987227648385,0.8604166666666667,67,39,0.8734693877551021,0.9545454545454546,0.9344978165938864,0.9774774774774775,0.8734693877551021,31,15
465,hysteresis,"{""high"": 0.525, ""low"": 0.325, ""min_consecutive"": 5}",0.8604166666666667,0.9506990434142752,0.9137168141592921,0.9706987227648385,0.8604166666666667,67,39,0.8734693877551021,0.9544787077826725,0.9304347826086956,0.975975975975976,0.8734693877551021,31,16
466,topk_mean,"{""threshold"": 0.525, ""top_k"": 2}",0.8604166666666667,0.9506263817243921,0.9096916299559471,0.9691960931630353,0.8604166666666667,67,41,0.8775510204081632,0.9558823529411765,0.9307359307359307,0.975975975975976,0.8775510204081632,30,16
467,consecutive,"{""min_consecutive"": 7, ""threshold"": 0.375}",0.8604166666666667,0.9502967359050445,0.8920086393088553,0.9624342599549212,0.8604166666666667,67,50,0.8530612244897959,0.9477503628447025,0.9414414414414415,0.9804804804804805,0.8530612244897959,36,13
468,consecutive_count,"{""min_consecutive"": 7, ""min_count"": 2, ""threshold"": 0.375}",0.8604166666666667,0.9502967359050445,0.8920086393088553,0.9624342599549212,0.8604166666666667,67,50,0.8530612244897959,0.9477503628447025,0.9414414414414415,0.9804804804804805,0.8530612244897959,36,13
469,consecutive_count,"{""min_consecutive"": 7, ""min_count"": 3, ""threshold"": 0.375}",0.8604166666666667,0.9502967359050445,0.8920086393088553,0.9624342599549212,0.8604166666666667,67,50,0.8530612244897959,0.9477503628447025,0.9414414414414415,0.9804804804804805,0.8530612244897959,36,13
470,consecutive_count,"{""min_consecutive"": 7, ""min_count"": 4, ""threshold"": 0.375}",0.8604166666666667,0.9502967359050445,0.8920086393088553,0.9624342599549212,0.8604166666666667,67,50,0.8530612244897959,0.9477503628447025,0.9414414414414415,0.9804804804804805,0.8530612244897959,36,13
471,consecutive_count,"{""min_consecutive"": 7, ""min_count"": 5, ""threshold"": 0.375}",0.8604166666666667,0.9502967359050445,0.8920086393088553,0.9624342599549212,0.8604166666666667,67,50,0.8530612244897959,0.9477503628447025,0.9414414414414415,0.9804804804804805,0.8530612244897959,36,13
472,consecutive_count,"{""min_consecutive"": 7, ""min_count"": 6, ""threshold"": 0.375}",0.8604166666666667,0.9502967359050445,0.8920086393088553,0.9624342599549212,0.8604166666666667,67,50,0.8530612244897959,0.9477503628447025,0.9414414414414415,0.9804804804804805,0.8530612244897959,36,13
473,consecutive_count,"{""min_consecutive"": 7, ""min_count"": 7, ""threshold"": 0.375}",0.8604166666666667,0.9502967359050445,0.8920086393088553,0.9624342599549212,0.8604166666666667,67,50,0.8530612244897959,0.9477503628447025,0.9414414414414415,0.9804804804804805,0.8530612244897959,36,13
474,consecutive_ratio,"{""min_consecutive"": 7, ""min_ratio"": 0.03, ""threshold"": 0.375}",0.8604166666666667,0.9502967359050445,0.8920086393088553,0.9624342599549212,0.8604166666666667,67,50,0.8530612244897959,0.9477503628447025,0.9414414414414415,0.9804804804804805,0.8530612244897959,36,13
475,consecutive_ratio,"{""min_consecutive"": 7, ""min_ratio"": 0.05, ""threshold"": 0.375}",0.8604166666666667,0.9502967359050445,0.8920086393088553,0.9624342599549212,0.8604166666666667,67,50,0.8530612244897959,0.9477503628447025,0.9414414414414415,0.9804804804804805,0.8530612244897959,36,13
476,consecutive_ratio,"{""min_consecutive"": 7, ""min_ratio"": 0.07, ""threshold"": 0.375}",0.8604166666666667,0.9502967359050445,0.8920086393088553,0.9624342599549212,0.8604166666666667,67,50,0.8530612244897959,0.9477503628447025,0.9414414414414415,0.9804804804804805,0.8530612244897959,36,13
477,consecutive_ratio,"{""min_consecutive"": 7, ""min_ratio"": 0.09, ""threshold"": 0.375}",0.8604166666666667,0.9502967359050445,0.8920086393088553,0.9624342599549212,0.8604166666666667,67,50,0.8530612244897959,0.9477503628447025,0.9414414414414415,0.9804804804804805,0.8530612244897959,36,13
478,consecutive_ratio,"{""min_consecutive"": 7, ""min_ratio"": 0.11, ""threshold"": 0.375}",0.8604166666666667,0.9502967359050445,0.8920086393088553,0.9624342599549212,0.8604166666666667,67,50,0.8530612244897959,0.9477503628447025,0.9414414414414415,0.9804804804804805,0.8530612244897959,36,13
479,consecutive_ratio,"{""min_consecutive"": 7, ""min_ratio"": 0.13, ""threshold"": 0.375}",0.8604166666666667,0.9502967359050445,0.8920086393088553,0.9624342599549212,0.8604166666666667,67,50,0.8530612244897959,0.9477503628447025,0.9414414414414415,0.9804804804804805,0.8530612244897959,36,13
480,consecutive_ratio,"{""min_consecutive"": 7, ""min_ratio"": 0.15, ""threshold"": 0.375}",0.8604166666666667,0.9502967359050445,0.8920086393088553,0.9624342599549212,0.8604166666666667,67,50,0.8530612244897959,0.9477503628447025,0.9414414414414415,0.9804804804804805,0.8530612244897959,36,13
481,hysteresis,"{""high"": 0.475, ""low"": 0.325, ""min_consecutive"": 8}",0.8604166666666667,0.9501488095238095,0.8843683083511777,0.9594290007513148,0.8604166666666667,67,54,0.8530612244897959,0.9477503628447025,0.9414414414414415,0.9804804804804805,0.8530612244897959,36,13
482,consecutive_count,"{""min_consecutive"": 7, ""min_count"": 10, ""threshold"": 0.35}",0.8604166666666667,0.9499252615844545,0.8731501057082452,0.9549211119459053,0.8604166666666667,67,60,0.8530612244897959,0.9475982532751092,0.9330357142857143,0.9774774774774775,0.8530612244897959,36,15
483,consecutive_count,"{""min_consecutive"": 6, ""min_count"": 10, ""threshold"": 0.375}",0.8594704684317719,0.956060606060606,0.8594704684317719,0.9481592787377912,0.8791666666666667,58,69,0.8693877551020408,0.9530102790014684,0.9260869565217391,0.9744744744744744,0.8693877551020408,32,17
484,consecutive_count,"{""min_consecutive"": 1, ""min_count"": 7, ""threshold"": 0.45}",0.8594377510040161,0.9603960396039604,0.8594377510040161,0.9474079639368895,0.8916666666666667,52,70,0.8938775510204081,0.9614814814814815,0.9279661016949152,0.9744744744744744,0.8938775510204081,26,17
485,consecutive_ratio,"{""min_consecutive"": 1, ""min_ratio"": 0.15, ""threshold"": 0.45}",0.8594377510040161,0.9603960396039604,0.8594377510040161,0.9474079639368895,0.8916666666666667,52,70,0.8938775510204081,0.9614814814814815,0.9279661016949152,0.9744744744744744,0.8938775510204081,26,17
486,consecutive_count,"{""min_consecutive"": 2, ""min_count"": 7, ""threshold"": 0.45}",0.8594377510040161,0.9603960396039604,0.8594377510040161,0.9474079639368895,0.8916666666666667,52,70,0.8938775510204081,0.9614814814814815,0.9279661016949152,0.9744744744744744,0.8938775510204081,26,17
487,consecutive_ratio,"{""min_consecutive"": 2, ""min_ratio"": 0.15, ""threshold"": 0.45}",0.8594377510040161,0.9603960396039604,0.8594377510040161,0.9474079639368895,0.8916666666666667,52,70,0.8938775510204081,0.9614814814814815,0.9279661016949152,0.9744744744744744,0.8938775510204081,26,17
488,consecutive_count,"{""min_consecutive"": 3, ""min_count"": 7, ""threshold"": 0.45}",0.8594377510040161,0.9603960396039604,0.8594377510040161,0.9474079639368895,0.8916666666666667,52,70,0.8938775510204081,0.9614814814814815,0.9279661016949152,0.9744744744744744,0.8938775510204081,26,17
489,consecutive_ratio,"{""min_consecutive"": 3, ""min_ratio"": 0.15, ""threshold"": 0.45}",0.8594377510040161,0.9603960396039604,0.8594377510040161,0.9474079639368895,0.8916666666666667,52,70,0.8938775510204081,0.9614814814814815,0.9279661016949152,0.9744744744744744,0.8938775510204081,26,17
490,consecutive_count,"{""min_consecutive"": 4, ""min_count"": 7, ""threshold"": 0.45}",0.8594377510040161,0.9603960396039604,0.8594377510040161,0.9474079639368895,0.8916666666666667,52,70,0.8979591836734694,0.962852897473997,0.9243697478991597,0.972972972972973,0.8979591836734694,25,18
491,consecutive_ratio,"{""min_consecutive"": 4, ""min_ratio"": 0.15, ""threshold"": 0.45}",0.8594377510040161,0.9603960396039604,0.8594377510040161,0.9474079639368895,0.8916666666666667,52,70,0.8979591836734694,0.962852897473997,0.9243697478991597,0.972972972972973,0.8979591836734694,25,18
492,consecutive_count,"{""min_consecutive"": 4, ""min_count"": 6, ""threshold"": 0.475}",0.8585657370517928,0.9625668449197861,0.8585657370517928,0.946656649135988,0.8979166666666667,49,71,0.9065040650406504,0.9669172932330827,0.9065040650406504,0.9654654654654654,0.9102040816326531,22,23
493,consecutive_ratio,"{""min_consecutive"": 4, ""min_ratio"": 0.13, ""threshold"": 0.475}",0.8585657370517928,0.9625668449197861,0.8585657370517928,0.946656649135988,0.8979166666666667,49,71,0.9065040650406504,0.9669172932330827,0.9065040650406504,0.9654654654654654,0.9102040816326531,22,23
494,consecutive_count,"{""min_consecutive"": 4, ""min_count"": 5, ""threshold"": 0.5}",0.8585657370517928,0.9625668449197861,0.8585657370517928,0.946656649135988,0.8979166666666667,49,71,0.9036144578313253,0.9697885196374623,0.9036144578313253,0.963963963963964,0.9183673469387755,20,24
495,consecutive_ratio,"{""min_consecutive"": 4, ""min_ratio"": 0.11, ""threshold"": 0.5}",0.8585657370517928,0.9625668449197861,0.8585657370517928,0.946656649135988,0.8979166666666667,49,71,0.9036144578313253,0.9697885196374623,0.9036144578313253,0.963963963963964,0.9183673469387755,20,24
496,topk_mean,"{""threshold"": 0.45, ""top_k"": 7}",0.8583333333333333,0.9502196193265008,0.9258426966292135,0.9752066115702479,0.8583333333333333,68,33,0.8489795918367347,0.9466089466089466,0.9541284403669725,0.984984984984985,0.8489795918367347,37,10
497,hysteresis,"{""high"": 0.5, ""low"": 0.4, ""min_consecutive"": 4}",0.8583333333333333,0.9501100513573001,0.9196428571428571,0.9729526671675433,0.8583333333333333,68,36,0.8693877551020408,0.9534883720930233,0.9551569506726457,0.984984984984985,0.8693877551020408,32,10
498,consecutive_count,"{""min_consecutive"": 6, ""min_count"": 8, ""threshold"": 0.375}",0.8583333333333333,0.9495548961424333,0.8898488120950324,0.9616829451540195,0.8583333333333333,68,51,0.8530612244897959,0.9476744186046512,0.9372197309417041,0.978978978978979,0.8530612244897959,36,14
499,hysteresis,"{""high"": 0.55, ""low"": 0.35, ""min_consecutive"": 8}",0.8582834331337326,0.9618320610687023,0.8582834331337326,0.946656649135988,0.8958333333333334,50,71,0.9065040650406504,0.9669172932330827,0.9065040650406504,0.9654654654654654,0.9102040816326531,22,23
500,consecutive_count,"{""min_consecutive"": 1, ""min_count"": 11, ""threshold"": 0.375}",0.8577154308617234,0.9603658536585366,0.8577154308617234,0.946656649135988,0.8916666666666667,52,71,0.8653061224489796,0.9513274336283186,0.9098712446351931,0.9684684684684685,0.8653061224489796,33,21
501,consecutive_count,"{""min_consecutive"": 2, ""min_count"": 11, ""threshold"": 0.375}",0.8577154308617234,0.9603658536585366,0.8577154308617234,0.946656649135988,0.8916666666666667,52,71,0.8653061224489796,0.9513274336283186,0.9098712446351931,0.9684684684684685,0.8653061224489796,33,21
502,consecutive_count,"{""min_consecutive"": 3, ""min_count"": 11, ""threshold"": 0.375}",0.8577154308617234,0.9603658536585366,0.8577154308617234,0.946656649135988,0.8916666666666667,52,71,0.8653061224489796,0.9513274336283186,0.9098712446351931,0.9684684684684685,0.8653061224489796,33,21
503,consecutive_count,"{""min_consecutive"": 4, ""min_count"": 11, ""threshold"": 0.375}",0.8577154308617234,0.9603658536585366,0.8577154308617234,0.946656649135988,0.8916666666666667,52,71,0.8653061224489796,0.9513274336283186,0.9098712446351931,0.9684684684684685,0.8653061224489796,33,21
504,consecutive_count,"{""min_consecutive"": 5, ""min_count"": 11, ""threshold"": 0.375}",0.8577154308617234,0.9603658536585366,0.8577154308617234,0.946656649135988,0.8916666666666667,52,71,0.8653061224489796,0.9513274336283186,0.9098712446351931,0.9684684684684685,0.8653061224489796,33,21
505,consecutive_count,"{""min_consecutive"": 6, ""min_count"": 11, ""threshold"": 0.375}",0.8577154308617234,0.9603658536585366,0.8577154308617234,0.946656649135988,0.8916666666666667,52,71,0.8734693877551021,0.9541420118343196,0.9106382978723404,0.9684684684684685,0.8734693877551021,31,21
506,topk_mean,"{""threshold"": 0.525, ""top_k"": 9}",0.8574257425742574,0.9640122511485452,0.8574257425742574,0.9459053343350864,0.9020833333333333,47,72,0.8937007874015748,0.9726027397260274,0.8937007874015748,0.9594594594594594,0.926530612244898,18,27
507,hysteresis,"{""high"": 0.55, ""low"": 0.4, ""min_consecutive"": 7}",0.856858846918489,0.9625382262996942,0.856858846918489,0.9459053343350864,0.8979166666666667,49,72,0.9036144578313253,0.9697885196374623,0.9036144578313253,0.963963963963964,0.9183673469387755,20,24
508,consecutive_count,"{""min_consecutive"": 7, ""min_count"": 10, ""threshold"": 0.375}",0.8568548387096774,0.9581749049429658,0.8568548387096774,0.946656649135988,0.8854166666666666,55,71,0.8693877551020408,0.9530102790014684,0.9260869565217391,0.9744744744744744,0.8693877551020408,32,17
509,topk_mean,"{""threshold"": 0.55, ""top_k"": 7}",0.8562992125984252,0.965464313123561,0.8562992125984252,0.9451540195341849,0.90625,45,73,0.88671875,0.9725190839694656,0.88671875,0.9564564564564565,0.926530612244898,18,29
510,consecutive_count,"{""min_consecutive"": 1, ""min_count"": 12, ""threshold"": 0.35}",0.8562753036437247,0.9567198177676538,0.8562753036437247,0.946656649135988,0.88125,57,71,0.8571428571428571,0.9486049926578561,0.9130434782608695,0.96996996996997,0.8571428571428571,35,20
511,consecutive_count,"{""min_consecutive"": 2, ""min_count"": 12, ""threshold"": 0.35}",0.8562753036437247,0.9567198177676538,0.8562753036437247,0.946656649135988,0.88125,57,71,0.8571428571428571,0.9486049926578561,0.9130434782608695,0.96996996996997,0.8571428571428571,35,20
512,consecutive_count,"{""min_consecutive"": 3, ""min_count"": 12, ""threshold"": 0.35}",0.8562753036437247,0.9567198177676538,0.8562753036437247,0.946656649135988,0.88125,57,71,0.8571428571428571,0.9486049926578561,0.9130434782608695,0.96996996996997,0.8571428571428571,35,20
513,consecutive_count,"{""min_consecutive"": 4, ""min_count"": 12, ""threshold"": 0.35}",0.8562753036437247,0.9567198177676538,0.8562753036437247,0.946656649135988,0.88125,57,71,0.8571428571428571,0.9486049926578561,0.9130434782608695,0.96996996996997,0.8571428571428571,35,20
514,consecutive_count,"{""min_consecutive"": 5, ""min_count"": 12, ""threshold"": 0.35}",0.8562753036437247,0.9567198177676538,0.8562753036437247,0.946656649135988,0.88125,57,71,0.8571428571428571,0.9486049926578561,0.9130434782608695,0.96996996996997,0.8571428571428571,35,20
515,consecutive_count,"{""min_consecutive"": 6, ""min_count"": 12, ""threshold"": 0.35}",0.8562753036437247,0.9567198177676538,0.8562753036437247,0.946656649135988,0.88125,57,71,0.8612244897959184,0.95,0.9134199134199135,0.96996996996997,0.8612244897959184,34,20
516,hysteresis,"{""high"": 0.5, ""low"": 0.35, ""min_consecutive"": 5}",0.85625,0.9494505494505494,0.92152466367713,0.9737039819684448,0.85625,69,35,0.8653061224489796,0.9520348837209303,0.9506726457399103,0.9834834834834835,0.8653061224489796,33,11
517,consecutive_count,"{""min_consecutive"": 5, ""min_count"": 6, ""threshold"": 0.4}",0.85625,0.9493019838354151,0.9133333333333333,0.9706987227648385,0.85625,69,39,0.8530612244897959,0.9479768786127167,0.954337899543379,0.984984984984985,0.8530612244897959,36,10
518,consecutive_ratio,"{""min_consecutive"": 5, ""min_ratio"": 0.13, ""threshold"": 0.4}",0.85625,0.9493019838354151,0.9133333333333333,0.9706987227648385,0.85625,69,39,0.8530612244897959,0.9479768786127167,0.954337899543379,0.984984984984985,0.8530612244897959,36,10
519,hysteresis,"{""high"": 0.475, ""low"": 0.375, ""min_consecutive"": 6}",0.85625,0.9490774907749078,0.9013157894736842,0.966190833959429,0.85625,69,45,0.8612244897959184,0.950509461426492,0.9419642857142857,0.9804804804804805,0.8612244897959184,34,13
520,consecutive_count,"{""min_consecutive"": 7, ""min_count"": 9, ""threshold"": 0.35}",0.85625,0.9489267209474463,0.8934782608695652,0.9631855747558227,0.85625,69,49,0.8367346938775511,0.9421965317919075,0.9360730593607306,0.978978978978979,0.8367346938775511,40,14
521,consecutive_ratio,"{""min_consecutive"": 7, ""min_ratio"": 0.2, ""threshold"": 0.35}",0.85625,0.9489267209474463,0.8934782608695652,0.9631855747558227,0.85625,69,49,0.8367346938775511,0.9421965317919075,0.9360730593607306,0.978978978978979,0.8367346938775511,40,14
522,hysteresis,"{""high"": 0.475, ""low"": 0.375, ""min_consecutive"": 9}",0.856,0.9603356216628528,0.856,0.9459053343350864,0.8916666666666667,52,72,0.8816326530612245,0.957037037037037,0.9152542372881356,0.96996996996997,0.8816326530612245,29,20
523,hysteresis,"{""high"": 0.625, ""low"": 0.475, ""min_consecutive"": 2}",0.8551859099804305,0.9669230769230769,0.8551859099804305,0.9444027047332832,0.9104166666666667,43,74,0.8769230769230769,0.9738863287250384,0.8769230769230769,0.9519519519519519,0.9306122448979591,17,32
524,consecutive_count,"{""min_consecutive"": 5, ""min_count"": 6, ""threshold"": 0.475}",0.8551587301587301,0.9625095638867636,0.8551587301587301,0.9451540195341849,0.8979166666666667,49,73,0.9032258064516129,0.9683257918552036,0.9032258064516129,0.963963963963964,0.9142857142857143,21,24
525,consecutive_ratio,"{""min_consecutive"": 5, ""min_ratio"": 0.13, ""threshold"": 0.475}",0.8551587301587301,0.9625095638867636,0.8551587301587301,0.9451540195341849,0.8979166666666667,49,73,0.9032258064516129,0.9683257918552036,0.9032258064516129,0.963963963963964,0.9142857142857143,21,24
526,consecutive,"{""min_consecutive"": 1, ""threshold"": 0.625}",0.8549019607843137,0.9661798616448886,0.8549019607843137,0.9444027047332832,0.9083333333333333,44,74,0.8769230769230769,0.9738863287250384,0.8769230769230769,0.9519519519519519,0.9306122448979591,17,32
527,hysteresis,"{""high"": 0.625, ""low"": 0.425, ""min_consecutive"": 2}",0.8549019607843137,0.9661798616448886,0.8549019607843137,0.9444027047332832,0.9083333333333333,44,74,0.8769230769230769,0.9738863287250384,0.8769230769230769,0.9519519519519519,0.9306122448979591,17,32
528,consecutive_count,"{""min_consecutive"": 7, ""min_count"": 11, ""threshold"": 0.375}",0.8545816733067729,0.961038961038961,0.8545816733067729,0.9451540195341849,0.89375,51,73,0.8734693877551021,0.9541420118343196,0.9106382978723404,0.9684684684684685,0.8734693877551021,31,21
529,consecutive_count,"{""min_consecutive"": 6, ""min_count"": 8, ""threshold"": 0.425}",0.8545816733067729,0.961038961038961,0.8545816733067729,0.9451540195341849,0.89375,51,73,0.889795918367347,0.9600591715976331,0.9276595744680851,0.9744744744744744,0.889795918367347,27,17
530,topk_mean,"{""threshold"": 0.425, ""top_k"": 9}",0.8541666666666666,0.9488677867056245,0.9276018099547512,0.9759579263711495,0.8541666666666666,70,32,0.8448979591836735,0.9453237410071943,0.9583333333333334,0.9864864864864865,0.8448979591836735,38,9
531,hysteresis,"{""high"": 0.45, ""low"": 0.4, ""min_consecutive"": 5}",0.8541666666666666,0.9487554904831625,0.9213483146067416,0.9737039819684448,0.8541666666666666,70,35,0.8489795918367347,0.9466089466089466,0.9541284403669725,0.984984984984985,0.8489795918367347,37,10
532,consecutive_count,"{""min_consecutive"": 1, ""min_count"": 8, ""threshold"": 0.375}",0.8541666666666666,0.948339483394834,0.8991228070175439,0.9654395191585274,0.8541666666666666,70,46,0.8408163265306122,0.9438040345821326,0.9493087557603687,0.9834834834834835,0.8408163265306122,39,11
533,consecutive_count,"{""min_consecutive"": 2, ""min_count"": 8, ""threshold"": 0.375}",0.8541666666666666,0.948339483394834,0.8991228070175439,0.9654395191585274,0.8541666666666666,70,46,0.8408163265306122,0.9438040345821326,0.9493087557603687,0.9834834834834835,0.8408163265306122,39,11
534,consecutive_count,"{""min_consecutive"": 3, ""min_count"": 8, ""threshold"": 0.375}",0.8541666666666666,0.948339483394834,0.8991228070175439,0.9654395191585274,0.8541666666666666,70,46,0.8408163265306122,0.9438040345821326,0.9493087557603687,0.9834834834834835,0.8408163265306122,39,11
535,consecutive_count,"{""min_consecutive"": 4, ""min_count"": 8, ""threshold"": 0.375}",0.8541666666666666,0.948339483394834,0.8991228070175439,0.9654395191585274,0.8541666666666666,70,46,0.8408163265306122,0.9438040345821326,0.9493087557603687,0.9834834834834835,0.8408163265306122,39,11
536,hysteresis,"{""high"": 0.45, ""low"": 0.35, ""min_consecutive"": 7}",0.8541666666666666,0.948339483394834,0.8991228070175439,0.9654395191585274,0.8541666666666666,70,46,0.8489795918367347,0.9464544138929089,0.9454545454545454,0.9819819819819819,0.8489795918367347,37,12
537,consecutive_count,"{""min_consecutive"": 5, ""min_count"": 8, ""threshold"": 0.375}",0.8541666666666666,0.9482248520710059,0.8932461873638344,0.9631855747558227,0.8541666666666666,70,49,0.8408163265306122,0.9437229437229437,0.944954128440367,0.9819819819819819,0.8408163265306122,39,12
538,hysteresis,"{""high"": 0.625, ""low"": 0.425, ""min_consecutive"": 3}",0.8540856031128404,0.9683885890516577,0.8540856031128404,0.9436513899323816,0.9145833333333333,41,75,0.8773946360153256,0.9753846153846154,0.8773946360153256,0.9519519519519519,0.9346938775510204,16,32
539,hysteresis,"{""high"": 0.625, ""low"": 0.525, ""min_consecutive"": 2}",0.8538011695906432,0.9676425269645609,0.8538011695906432,0.9436513899323816,0.9125,42,75,0.8769230769230769,0.9738863287250384,0.8769230769230769,0.9519519519519519,0.9306122448979591,17,32
540,consecutive_count,"{""min_consecutive"": 7, ""min_count"": 12, ""threshold"": 0.35}",0.8534136546184738,0.9581111957349581,0.8534136546184738,0.9451540195341849,0.8854166666666666,55,73,0.8612244897959184,0.95,0.9134199134199135,0.96996996996997,0.8612244897959184,34,20
541,consecutive_count,"{""min_consecutive"": 1, ""min_count"": 5, ""threshold"": 0.525}",0.8529411764705882,0.9654112221368178,0.8529411764705882,0.9436513899323816,0.90625,45,75,0.8730769230769231,0.9723502304147466,0.8730769230769231,0.9504504504504504,0.926530612244898,18,33
542,consecutive_ratio,"{""min_consecutive"": 1, ""min_ratio"": 0.11, ""threshold"": 0.525}",0.8529411764705882,0.9654112221368178,0.8529411764705882,0.9436513899323816,0.90625,45,75,0.8730769230769231,0.9723502304147466,0.8730769230769231,0.9504504504504504,0.926530612244898,18,33
543,consecutive_count,"{""min_consecutive"": 2, ""min_count"": 5, ""threshold"": 0.525}",0.8529411764705882,0.9654112221368178,0.8529411764705882,0.9436513899323816,0.90625,45,75,0.8730769230769231,0.9723502304147466,0.8730769230769231,0.9504504504504504,0.926530612244898,18,33
544,consecutive_ratio,"{""min_consecutive"": 2, ""min_ratio"": 0.11, ""threshold"": 0.525}",0.8529411764705882,0.9654112221368178,0.8529411764705882,0.9436513899323816,0.90625,45,75,0.8730769230769231,0.9723502304147466,0.8730769230769231,0.9504504504504504,0.926530612244898,18,33
545,consecutive_count,"{""min_consecutive"": 3, ""min_count"": 5, ""threshold"": 0.525}",0.8529411764705882,0.9654112221368178,0.8529411764705882,0.9436513899323816,0.90625,45,75,0.8730769230769231,0.9723502304147466,0.8730769230769231,0.9504504504504504,0.926530612244898,18,33
546,consecutive_ratio,"{""min_consecutive"": 3, ""min_ratio"": 0.11, ""threshold"": 0.525}",0.8529411764705882,0.9654112221368178,0.8529411764705882,0.9436513899323816,0.90625,45,75,0.8730769230769231,0.9723502304147466,0.8730769230769231,0.9504504504504504,0.926530612244898,18,33
547,consecutive_count,"{""min_consecutive"": 1, ""min_count"": 6, ""threshold"": 0.5}",0.8526522593320236,0.9646697388632872,0.8526522593320236,0.9436513899323816,0.9041666666666667,46,75,0.8837209302325582,0.9739663093415007,0.8837209302325582,0.954954954954955,0.9306122448979591,17,30
548,consecutive_ratio,"{""min_consecutive"": 1, ""min_ratio"": 0.13, ""threshold"": 0.5}",0.8526522593320236,0.9646697388632872,0.8526522593320236,0.9436513899323816,0.9041666666666667,46,75,0.8837209302325582,0.9739663093415007,0.8837209302325582,0.954954954954955,0.9306122448979591,17,30
549,consecutive_count,"{""min_consecutive"": 2, ""min_count"": 6, ""threshold"": 0.5}",0.8526522593320236,0.9646697388632872,0.8526522593320236,0.9436513899323816,0.9041666666666667,46,75,0.8837209302325582,0.9739663093415007,0.8837209302325582,0.954954954954955,0.9306122448979591,17,30
550,consecutive_ratio,"{""min_consecutive"": 2, ""min_ratio"": 0.13, ""threshold"": 0.5}",0.8526522593320236,0.9646697388632872,0.8526522593320236,0.9436513899323816,0.9041666666666667,46,75,0.8837209302325582,0.9739663093415007,0.8837209302325582,0.954954954954955,0.9306122448979591,17,30
551,consecutive_count,"{""min_consecutive"": 3, ""min_count"": 6, ""threshold"": 0.5}",0.8526522593320236,0.9646697388632872,0.8526522593320236,0.9436513899323816,0.9041666666666667,46,75,0.8837209302325582,0.9739663093415007,0.8837209302325582,0.954954954954955,0.9306122448979591,17,30
552,consecutive_ratio,"{""min_consecutive"": 3, ""min_ratio"": 0.13, ""threshold"": 0.5}",0.8526522593320236,0.9646697388632872,0.8526522593320236,0.9436513899323816,0.9041666666666667,46,75,0.8837209302325582,0.9739663093415007,0.8837209302325582,0.954954954954955,0.9306122448979591,17,30
553,consecutive_count,"{""min_consecutive"": 5, ""min_count"": 7, ""threshold"": 0.45}",0.852589641434263,0.9602750190985485,0.852589641434263,0.9444027047332832,0.8916666666666667,52,74,0.8979591836734694,0.9627976190476191,0.9205020920502092,0.9714714714714715,0.8979591836734694,25,19
554,consecutive_ratio,"{""min_consecutive"": 5, ""min_ratio"": 0.15, ""threshold"": 0.45}",0.852589641434263,0.9602750190985485,0.852589641434263,0.9444027047332832,0.8916666666666667,52,74,0.8979591836734694,0.9627976190476191,0.9205020920502092,0.9714714714714715,0.8979591836734694,25,19
555,consecutive,"{""min_consecutive"": 5, ""threshold"": 0.4}",0.8520833333333333,0.9481751824817518,0.927437641723356,0.9759579263711495,0.8520833333333333,71,32,0.8448979591836735,0.9453237410071943,0.9583333333333334,0.9864864864864865,0.8448979591836735,38,9
556,consecutive_count,"{""min_consecutive"": 5, ""min_count"": 2, ""threshold"": 0.4}",0.8520833333333333,0.9481751824817518,0.927437641723356,0.9759579263711495,0.8520833333333333,71,32,0.8448979591836735,0.9453237410071943,0.9583333333333334,0.9864864864864865,0.8448979591836735,38,9
557,consecutive_count,"{""min_consecutive"": 5, ""min_count"": 3, ""threshold"": 0.4}",0.8520833333333333,0.9481751824817518,0.927437641723356,0.9759579263711495,0.8520833333333333,71,32,0.8448979591836735,0.9453237410071943,0.9583333333333334,0.9864864864864865,0.8448979591836735,38,9
558,consecutive_count,"{""min_consecutive"": 5, ""min_count"": 4, ""threshold"": 0.4}",0.8520833333333333,0.9481751824817518,0.927437641723356,0.9759579263711495,0.8520833333333333,71,32,0.8448979591836735,0.9453237410071943,0.9583333333333334,0.9864864864864865,0.8448979591836735,38,9
559,consecutive_count,"{""min_consecutive"": 5, ""min_count"": 5, ""threshold"": 0.4}",0.8520833333333333,0.9481751824817518,0.927437641723356,0.9759579263711495,0.8520833333333333,71,32,0.8448979591836735,0.9453237410071943,0.9583333333333334,0.9864864864864865,0.8448979591836735,38,9
560,consecutive_ratio,"{""min_consecutive"": 5, ""min_ratio"": 0.03, ""threshold"": 0.4}",0.8520833333333333,0.9481751824817518,0.927437641723356,0.9759579263711495,0.8520833333333333,71,32,0.8448979591836735,0.9453237410071943,0.9583333333333334,0.9864864864864865,0.8448979591836735,38,9
561,consecutive_ratio,"{""min_consecutive"": 5, ""min_ratio"": 0.05, ""threshold"": 0.4}",0.8520833333333333,0.9481751824817518,0.927437641723356,0.9759579263711495,0.8520833333333333,71,32,0.8448979591836735,0.9453237410071943,0.9583333333333334,0.9864864864864865,0.8448979591836735,38,9
562,consecutive_ratio,"{""min_consecutive"": 5, ""min_ratio"": 0.07, ""threshold"": 0.4}",0.8520833333333333,0.9481751824817518,0.927437641723356,0.9759579263711495,0.8520833333333333,71,32,0.8448979591836735,0.9453237410071943,0.9583333333333334,0.9864864864864865,0.8448979591836735,38,9
563,consecutive_ratio,"{""min_consecutive"": 5, ""min_ratio"": 0.09, ""threshold"": 0.4}",0.8520833333333333,0.9481751824817518,0.927437641723356,0.9759579263711495,0.8520833333333333,71,32,0.8448979591836735,0.9453237410071943,0.9583333333333334,0.9864864864864865,0.8448979591836735,38,9
564,consecutive_ratio,"{""min_consecutive"": 5, ""min_ratio"": 0.11, ""threshold"": 0.4}",0.8520833333333333,0.9481751824817518,0.927437641723356,0.9759579263711495,0.8520833333333333,71,32,0.8448979591836735,0.9453237410071943,0.9583333333333334,0.9864864864864865,0.8448979591836735,38,9
565,hysteresis,"{""high"": 0.475, ""low"": 0.425, ""min_consecutive"": 4}",0.8520833333333333,0.9480234260614934,0.9191011235955057,0.9729526671675433,0.8520833333333333,71,36,0.8734693877551021,0.9548762736535662,0.9553571428571429,0.984984984984985,0.8734693877551021,31,10
566,hysteresis,"{""high"": 0.475, ""low"": 0.325, ""min_consecutive"": 7}",0.8520833333333333,0.9476401179941003,0.8989010989010989,0.9654395191585274,0.8520833333333333,71,46,0.8489795918367347,0.946376811594203,0.9411764705882353,0.9804804804804805,0.8489795918367347,37,13
567,consecutive_count,"{""min_consecutive"": 6, ""min_count"": 10, ""threshold"": 0.35}",0.8520833333333333,0.9471726190476191,0.8758029978586723,0.9564237415477085,0.8520833333333333,71,58,0.8530612244897959,0.9476744186046512,0.9372197309417041,0.978978978978979,0.8530612244897959,36,14
568,consecutive_count,"{""min_consecutive"": 7, ""min_count"": 8, ""threshold"": 0.425}",0.8517786561264822,0.9624521072796934,0.8517786561264822,0.9436513899323816,0.8979166666666667,49,75,0.889795918367347,0.9599406528189911,0.919831223628692,0.9714714714714715,0.889795918367347,27,19
569,hysteresis,"{""high"": 0.6, ""low"": 0.4, ""min_consecutive"": 6}",0.8515625,0.9661277906081601,0.8515625,0.9429000751314801,0.9083333333333333,44,76,0.8803088803088803,0.9739263803680982,0.8803088803088803,0.9534534534534534,0.9306122448979591,17,31
570,topk_mean,"{""threshold"": 0.575, ""top_k"": 5}",0.8512720156555773,0.9653846153846154,0.8512720156555773,0.9429000751314801,0.90625,45,76,0.8730769230769231,0.9723502304147466,0.8730769230769231,0.9504504504504504,0.926530612244898,18,33
571,hysteresis,"{""high"": 0.55, ""low"": 0.45, ""min_consecutive"": 6}",0.8509803921568627,0.9646425826287471,0.8509803921568627,0.9429000751314801,0.9041666666666667,46,76,0.900398406374502,0.9712121212121212,0.900398406374502,0.9624624624624625,0.9224489795918367,19,25
572,hysteresis,"{""high"": 0.55, ""low"": 0.4, ""min_consecutive"": 8}",0.8509803921568627,0.9646425826287471,0.8509803921568627,0.9429000751314801,0.9041666666666667,46,76,0.9,0.9697428139183056,0.9,0.9624624624624625,0.9183673469387755,20,25
573,hysteresis,"{""high"": 0.6, ""low"": 0.5, ""min_consecutive"": 4}",0.8504854368932039,0.9675925925925926,0.8504854368932039,0.9421487603305785,0.9125,42,77,0.8712121212121212,0.9768160741885626,0.8712121212121212,0.948948948948949,0.9387755102040817,15,34
574,hysteresis,"{""high"": 0.6, ""low"": 0.45, ""min_consecutive"": 5}",0.8504854368932039,0.9675925925925926,0.8504854368932039,0.9421487603305785,0.9125,42,77,0.8803088803088803,0.9739263803680982,0.8803088803088803,0.9534534534534534,0.9306122448979591,17,31
575,consecutive,"{""min_consecutive"": 5, ""threshold"": 0.5}",0.8503937007874016,0.9631619339984651,0.8503937007874016,0.9429000751314801,0.9,48,76,0.8901960784313725,0.9725609756097561,0.8901960784313725,0.9579579579579579,0.926530612244898,18,28
576,consecutive_count,"{""min_consecutive"": 5, ""min_count"": 2, ""threshold"": 0.5}",0.8503937007874016,0.9631619339984651,0.8503937007874016,0.9429000751314801,0.9,48,76,0.8901960784313725,0.9725609756097561,0.8901960784313725,0.9579579579579579,0.926530612244898,18,28
577,consecutive_count,"{""min_consecutive"": 5, ""min_count"": 3, ""threshold"": 0.5}",0.8503937007874016,0.9631619339984651,0.8503937007874016,0.9429000751314801,0.9,48,76,0.8901960784313725,0.9725609756097561,0.8901960784313725,0.9579579579579579,0.926530612244898,18,28
578,consecutive_count,"{""min_consecutive"": 5, ""min_count"": 4, ""threshold"": 0.5}",0.8503937007874016,0.9631619339984651,0.8503937007874016,0.9429000751314801,0.9,48,76,0.8901960784313725,0.9725609756097561,0.8901960784313725,0.9579579579579579,0.926530612244898,18,28
579,consecutive_count,"{""min_consecutive"": 5, ""min_count"": 5, ""threshold"": 0.5}",0.8503937007874016,0.9631619339984651,0.8503937007874016,0.9429000751314801,0.9,48,76,0.8901960784313725,0.9725609756097561,0.8901960784313725,0.9579579579579579,0.926530612244898,18,28
580,consecutive_ratio,"{""min_consecutive"": 5, ""min_ratio"": 0.03, ""threshold"": 0.5}",0.8503937007874016,0.9631619339984651,0.8503937007874016,0.9429000751314801,0.9,48,76,0.8901960784313725,0.9725609756097561,0.8901960784313725,0.9579579579579579,0.926530612244898,18,28
581,consecutive_ratio,"{""min_consecutive"": 5, ""min_ratio"": 0.05, ""threshold"": 0.5}",0.8503937007874016,0.9631619339984651,0.8503937007874016,0.9429000751314801,0.9,48,76,0.8901960784313725,0.9725609756097561,0.8901960784313725,0.9579579579579579,0.926530612244898,18,28
582,consecutive_ratio,"{""min_consecutive"": 5, ""min_ratio"": 0.07, ""threshold"": 0.5}",0.8503937007874016,0.9631619339984651,0.8503937007874016,0.9429000751314801,0.9,48,76,0.8901960784313725,0.9725609756097561,0.8901960784313725,0.9579579579579579,0.926530612244898,18,28
583,consecutive_ratio,"{""min_consecutive"": 5, ""min_ratio"": 0.09, ""threshold"": 0.5}",0.8503937007874016,0.9631619339984651,0.8503937007874016,0.9429000751314801,0.9,48,76,0.8901960784313725,0.9725609756097561,0.8901960784313725,0.9579579579579579,0.926530612244898,18,28
584,consecutive_ratio,"{""min_consecutive"": 5, ""min_ratio"": 0.11, ""threshold"": 0.5}",0.8503937007874016,0.9631619339984651,0.8503937007874016,0.9429000751314801,0.9,48,76,0.8901960784313725,0.9725609756097561,0.8901960784313725,0.9579579579579579,0.926530612244898,18,28
585,hysteresis,"{""high"": 0.525, ""low"": 0.425, ""min_consecutive"": 7}",0.8500986193293886,0.9624233128834356,0.8500986193293886,0.9429000751314801,0.8979166666666667,49,76,0.9065040650406504,0.9669172932330827,0.9065040650406504,0.9654654654654654,0.9102040816326531,22,23
586,hysteresis,"{""high"": 0.5, ""low"": 0.3, ""min_consecutive"": 6}",0.85,0.9474835886214442,0.9272727272727272,0.9759579263711495,0.85,72,32,0.8571428571428571,0.9493487698986975,0.9545454545454546,0.984984984984985,0.8571428571428571,35,10
587,hysteresis,"{""high"": 0.525, ""low"": 0.425, ""min_consecutive"": 2}",0.85,0.9472527472527472,0.9147982062780269,0.97145003756574,0.85,72,38,0.8489795918367347,0.9462989840348331,0.9369369369369369,0.978978978978979,0.8489795918367347,37,14
588,hysteresis,"{""high"": 0.525, ""low"": 0.375, ""min_consecutive"": 3}",0.85,0.9472527472527472,0.9147982062780269,0.97145003756574,0.85,72,38,0.8489795918367347,0.9462209302325582,0.9327354260089686,0.9774774774774775,0.8489795918367347,37,15
589,hysteresis,"{""high"": 0.525, ""low"": 0.325, ""min_consecutive"": 4}",0.85,0.9472527472527472,0.9147982062780269,0.97145003756574,0.85,72,38,0.8612244897959184,0.9503649635036496,0.9336283185840708,0.9774774774774775,0.8612244897959184,34,15
590,consecutive_count,"{""min_consecutive"": 6, ""min_count"": 7, ""threshold"": 0.375}",0.85,0.9470198675496688,0.9026548672566371,0.9669421487603306,0.85,72,44,0.8530612244897959,0.9477503628447025,0.9414414414414415,0.9804804804804805,0.8530612244897959,36,13
591,consecutive_ratio,"{""min_consecutive"": 6, ""min_ratio"": 0.15, ""threshold"": 0.375}",0.85,0.9470198675496688,0.9026548672566371,0.9669421487603306,0.85,72,44,0.8530612244897959,0.9477503628447025,0.9414414414414415,0.9804804804804805,0.8530612244897959,36,13
592,hysteresis,"{""high"": 0.45, ""low"": 0.3, ""min_consecutive"": 9}",0.85,0.9469026548672567,0.8967032967032967,0.9646882043576258,0.85,72,47,0.8367346938775511,0.9424460431654677,0.9490740740740741,0.9834834834834835,0.8367346938775511,40,11
593,consecutive_count,"{""min_consecutive"": 1, ""min_count"": 10, ""threshold"": 0.35}",0.85,0.9464684014869889,0.8755364806866953,0.9564237415477085,0.85,72,58,0.8408163265306122,0.9435600578871202,0.9363636363636364,0.978978978978979,0.8408163265306122,39,14
594,consecutive_count,"{""min_consecutive"": 2, ""min_count"": 10, ""threshold"": 0.35}",0.85,0.9464684014869889,0.8755364806866953,0.9564237415477085,0.85,72,58,0.8408163265306122,0.9435600578871202,0.9363636363636364,0.978978978978979,0.8408163265306122,39,14
595,consecutive_count,"{""min_consecutive"": 3, ""min_count"": 10, ""threshold"": 0.35}",0.85,0.9464684014869889,0.8755364806866953,0.9564237415477085,0.85,72,58,0.8408163265306122,0.9435600578871202,0.9363636363636364,0.978978978978979,0.8408163265306122,39,14
596,consecutive_count,"{""min_consecutive"": 4, ""min_count"": 10, ""threshold"": 0.35}",0.85,0.9464684014869889,0.8755364806866953,0.9564237415477085,0.85,72,58,0.8408163265306122,0.9435600578871202,0.9363636363636364,0.978978978978979,0.8408163265306122,39,14
597,consecutive_count,"{""min_consecutive"": 5, ""min_count"": 10, ""threshold"": 0.35}",0.85,0.9464684014869889,0.8755364806866953,0.9564237415477085,0.85,72,58,0.8448979591836735,0.9449275362318841,0.9366515837104072,0.978978978978979,0.8448979591836735,38,14
598,consecutive,"{""min_consecutive"": 9, ""threshold"": 0.4}",0.8495049504950495,0.9609494640122511,0.8495049504950495,0.9429000751314801,0.89375,51,76,0.889795918367347,0.9598811292719168,0.9159663865546218,0.96996996996997,0.889795918367347,27,20
599,hysteresis,"{""high"": 0.625, ""low"": 0.475, ""min_consecutive"": 3}",0.8494208494208494,0.9690641918020109,0.8494208494208494,0.941397445529677,0.9166666666666666,40,78,0.8740458015267175,0.975346687211094,0.8740458015267175,0.9504504504504504,0.9346938775510204,16,33
600,hysteresis,"{""high"": 0.575, ""low"": 0.475, ""min_consecutive"": 5}",0.8493150684931506,0.9646153846153847,0.8493150684931506,0.9421487603305785,0.9041666666666667,46,77,0.8730769230769231,0.9723502304147466,0.8730769230769231,0.9504504504504504,0.926530612244898,18,33
601,hysteresis,"{""high"": 0.575, ""low"": 0.375, ""min_consecutive"": 7}",0.8490196078431372,0.9638739431206764,0.8490196078431372,0.9421487603305785,0.9020833333333333,47,77,0.8893280632411067,0.9696048632218845,0.8893280632411067,0.9579579579579579,0.9183673469387755,20,28
602,topk_mean,"{""threshold"": 0.6, ""top_k"": 3}",0.8485436893203884,0.966820987654321,0.8485436893203884,0.941397445529677,0.9104166666666667,43,78,0.8740458015267175,0.975346687211094,0.8740458015267175,0.9504504504504504,0.9346938775510204,16,33
603,hysteresis,"{""high"": 0.6, ""low"": 0.55, ""min_consecutive"": 3}",0.8482490272373541,0.9660755589822668,0.8482490272373541,0.941397445529677,0.9083333333333333,44,78,0.8783269961977186,0.9783950617283951,0.8783269961977186,0.9519519519519519,0.9428571428571428,14,32
604,consecutive_count,"{""min_consecutive"": 1, ""min_count"": 9, ""threshold"": 0.425}",0.8481262327416174,0.9616564417177914,0.8481262327416174,0.9421487603305785,0.8958333333333334,50,77,0.8979591836734694,0.96274217585693,0.9166666666666666,0.96996996996997,0.8979591836734694,25,20
605,consecutive_ratio,"{""min_consecutive"": 1, ""min_ratio"": 0.2, ""threshold"": 0.425}",0.8481262327416174,0.9616564417177914,0.8481262327416174,0.9421487603305785,0.8958333333333334,50,77,0.8979591836734694,0.96274217585693,0.9166666666666666,0.96996996996997,0.8979591836734694,25,20
606,consecutive_count,"{""min_consecutive"": 2, ""min_count"": 9, ""threshold"": 0.425}",0.8481262327416174,0.9616564417177914,0.8481262327416174,0.9421487603305785,0.8958333333333334,50,77,0.8979591836734694,0.96274217585693,0.9166666666666666,0.96996996996997,0.8979591836734694,25,20
607,consecutive_ratio,"{""min_consecutive"": 2, ""min_ratio"": 0.2, ""threshold"": 0.425}",0.8481262327416174,0.9616564417177914,0.8481262327416174,0.9421487603305785,0.8958333333333334,50,77,0.8979591836734694,0.96274217585693,0.9166666666666666,0.96996996996997,0.8979591836734694,25,20
608,consecutive_count,"{""min_consecutive"": 3, ""min_count"": 9, ""threshold"": 0.425}",0.8481262327416174,0.9616564417177914,0.8481262327416174,0.9421487603305785,0.8958333333333334,50,77,0.8979591836734694,0.96274217585693,0.9166666666666666,0.96996996996997,0.8979591836734694,25,20
609,consecutive_ratio,"{""min_consecutive"": 3, ""min_ratio"": 0.2, ""threshold"": 0.425}",0.8481262327416174,0.9616564417177914,0.8481262327416174,0.9421487603305785,0.8958333333333334,50,77,0.8979591836734694,0.96274217585693,0.9166666666666666,0.96996996996997,0.8979591836734694,25,20
610,consecutive_count,"{""min_consecutive"": 4, ""min_count"": 9, ""threshold"": 0.425}",0.8481262327416174,0.9616564417177914,0.8481262327416174,0.9421487603305785,0.8958333333333334,50,77,0.8979591836734694,0.96274217585693,0.9166666666666666,0.96996996996997,0.8979591836734694,25,20
611,consecutive_ratio,"{""min_consecutive"": 4, ""min_ratio"": 0.2, ""threshold"": 0.425}",0.8481262327416174,0.9616564417177914,0.8481262327416174,0.9421487603305785,0.8958333333333334,50,77,0.8979591836734694,0.96274217585693,0.9166666666666666,0.96996996996997,0.8979591836734694,25,20
612,topk_mean,"{""threshold"": 0.475, ""top_k"": 4}",0.8479166666666667,0.9467930029154519,0.9271070615034168,0.9759579263711495,0.8479166666666667,73,32,0.8448979591836735,0.9453237410071943,0.9583333333333334,0.9864864864864865,0.8448979591836735,38,9
613,consecutive,"{""min_consecutive"": 4, ""threshold"": 0.425}",0.8479166666666667,0.9467541940189642,0.925,0.9752066115702479,0.8479166666666667,73,33,0.8612244897959184,0.9507959479015919,0.9590909090909091,0.9864864864864865,0.8612244897959184,34,9
614,consecutive_count,"{""min_consecutive"": 4, ""min_count"": 2, ""threshold"": 0.425}",0.8479166666666667,0.9467541940189642,0.925,0.9752066115702479,0.8479166666666667,73,33,0.8612244897959184,0.9507959479015919,0.9590909090909091,0.9864864864864865,0.8612244897959184,34,9
615,consecutive_count,"{""min_consecutive"": 4, ""min_count"": 3, ""threshold"": 0.425}",0.8479166666666667,0.9467541940189642,0.925,0.9752066115702479,0.8479166666666667,73,33,0.8612244897959184,0.9507959479015919,0.9590909090909091,0.9864864864864865,0.8612244897959184,34,9
616,consecutive_count,"{""min_consecutive"": 4, ""min_count"": 4, ""threshold"": 0.425}",0.8479166666666667,0.9467541940189642,0.925,0.9752066115702479,0.8479166666666667,73,33,0.8612244897959184,0.9507959479015919,0.9590909090909091,0.9864864864864865,0.8612244897959184,34,9
617,consecutive_ratio,"{""min_consecutive"": 4, ""min_ratio"": 0.03, ""threshold"": 0.425}",0.8479166666666667,0.9467541940189642,0.925,0.9752066115702479,0.8479166666666667,73,33,0.8612244897959184,0.9507959479015919,0.9590909090909091,0.9864864864864865,0.8612244897959184,34,9
618,consecutive_ratio,"{""min_consecutive"": 4, ""min_ratio"": 0.05, ""threshold"": 0.425}",0.8479166666666667,0.9467541940189642,0.925,0.9752066115702479,0.8479166666666667,73,33,0.8612244897959184,0.9507959479015919,0.9590909090909091,0.9864864864864865,0.8612244897959184,34,9
619,consecutive_ratio,"{""min_consecutive"": 4, ""min_ratio"": 0.07, ""threshold"": 0.425}",0.8479166666666667,0.9467541940189642,0.925,0.9752066115702479,0.8479166666666667,73,33,0.8612244897959184,0.9507959479015919,0.9590909090909091,0.9864864864864865,0.8612244897959184,34,9
620,consecutive_ratio,"{""min_consecutive"": 4, ""min_ratio"": 0.09, ""threshold"": 0.425}",0.8479166666666667,0.9467541940189642,0.925,0.9752066115702479,0.8479166666666667,73,33,0.8612244897959184,0.9507959479015919,0.9590909090909091,0.9864864864864865,0.8612244897959184,34,9
621,topk_mean,"{""threshold"": 0.5, ""top_k"": 2}",0.8479166666666667,0.9467153284671533,0.9229024943310657,0.9744552967693464,0.8479166666666667,73,34,0.8408163265306122,0.943884892086331,0.9537037037037037,0.984984984984985,0.8408163265306122,39,10
622,hysteresis,"{""high"": 0.475, ""low"": 0.275, ""min_consecutive"": 9}",0.8479166666666667,0.9463235294117647,0.9024390243902439,0.9669421487603306,0.8479166666666667,73,44,0.8408163265306122,0.9438040345821326,0.9493087557603687,0.9834834834834835,0.8408163265306122,39,11
623,consecutive_count,"{""min_consecutive"": 6, ""min_count"": 9, ""threshold"": 0.35}",0.8479166666666667,0.9462444771723122,0.8984547461368654,0.9654395191585274,0.8479166666666667,73,46,0.8367346938775511,0.9422799422799423,0.9403669724770642,0.9804804804804805,0.8367346938775511,40,13
624,consecutive_ratio,"{""min_consecutive"": 6, ""min_ratio"": 0.2, ""threshold"": 0.35}",0.8479166666666667,0.9462444771723122,0.8984547461368654,0.9654395191585274,0.8479166666666667,73,46,0.8367346938775511,0.9422799422799423,0.9403669724770642,0.9804804804804805,0.8367346938775511,40,13
625,consecutive,"{""min_consecutive"": 8, ""threshold"": 0.35}",0.8479166666666667,0.9461254612546125,0.8925438596491229,0.9631855747558227,0.8479166666666667,73,49,0.8367346938775511,0.9423631123919308,0.9447004608294931,0.9819819819819819,0.8367346938775511,40,12
626,hysteresis,"{""high"": 0.45, ""low"": 0.4, ""min_consecutive"": 9}",0.8478260869565217,0.960919540229885,0.8478260869565217,0.9421487603305785,0.89375,51,77,0.889795918367347,0.9598811292719168,0.9159663865546218,0.96996996996997,0.889795918367347,27,20
627,hysteresis,"{""high"": 0.625, ""low"": 0.425, ""min_consecutive"": 4}",0.8477842003853564,0.9690402476780186,0.8477842003853564,0.9406461307287753,0.9166666666666666,40,79,0.8773946360153256,0.9753846153846154,0.8773946360153256,0.9519519519519519,0.9346938775510204,16,32
628,hysteresis,"{""high"": 0.575, ""low"": 0.425, ""min_consecutive"": 6}",0.84765625,0.9645881447267128,0.84765625,0.941397445529677,0.9041666666666667,46,78,0.8862745098039215,0.9710365853658537,0.8862745098039215,0.9564564564564565,0.9224489795918367,19,29
629,hysteresis,"{""high"": 0.55, ""low"": 0.5, ""min_consecutive"": 5}",0.8473581213307241,0.9638461538461538,0.8473581213307241,0.941397445529677,0.9020833333333333,47,78,0.8769230769230769,0.9738863287250384,0.8769230769230769,0.9519519519519519,0.9306122448979591,17,32
630,consecutive_count,"{""min_consecutive"": 1, ""min_count"": 10, ""threshold"": 0.4}",0.8470588235294118,0.9631053036126057,0.8470588235294118,0.941397445529677,0.9,48,78,0.8816326530612245,0.957037037037037,0.9152542372881356,0.96996996996997,0.8816326530612245,29,20
631,consecutive_count,"{""min_consecutive"": 2, ""min_count"": 10, ""threshold"": 0.4}",0.8470588235294118,0.9631053036126057,0.8470588235294118,0.941397445529677,0.9,48,78,0.8816326530612245,0.957037037037037,0.9152542372881356,0.96996996996997,0.8816326530612245,29,20
632,consecutive_count,"{""min_consecutive"": 3, ""min_count"": 10, ""threshold"": 0.4}",0.8470588235294118,0.9631053036126057,0.8470588235294118,0.941397445529677,0.9,48,78,0.8816326530612245,0.957037037037037,0.9152542372881356,0.96996996996997,0.8816326530612245,29,20
633,consecutive_count,"{""min_consecutive"": 4, ""min_count"": 5, ""threshold"": 0.525}",0.8466019417475729,0.9660493827160493,0.8466019417475729,0.9406461307287753,0.9083333333333333,44,79,0.8603773584905661,0.9736842105263158,0.8603773584905661,0.9444444444444444,0.9306122448979591,17,37
634,consecutive_ratio,"{""min_consecutive"": 4, ""min_ratio"": 0.11, ""threshold"": 0.525}",0.8466019417475729,0.9660493827160493,0.8466019417475729,0.9406461307287753,0.9083333333333333,44,79,0.8603773584905661,0.9736842105263158,0.8603773584905661,0.9444444444444444,0.9306122448979591,17,37
635,consecutive_count,"{""min_consecutive"": 5, ""min_count"": 9, ""threshold"": 0.425}",0.8464566929133859,0.9616270145817345,0.8464566929133859,0.941397445529677,0.8958333333333334,50,78,0.8979591836734694,0.96274217585693,0.9166666666666666,0.96996996996997,0.8979591836734694,25,20
636,consecutive_ratio,"{""min_consecutive"": 5, ""min_ratio"": 0.2, ""threshold"": 0.425}",0.8464566929133859,0.9616270145817345,0.8464566929133859,0.941397445529677,0.8958333333333334,50,78,0.8979591836734694,0.96274217585693,0.9166666666666666,0.96996996996997,0.8979591836734694,25,20
637,consecutive_count,"{""min_consecutive"": 6, ""min_count"": 7, ""threshold"": 0.45}",0.8464566929133859,0.9616270145817345,0.8464566929133859,0.941397445529677,0.8958333333333334,50,78,0.9020408163265307,0.9641255605381166,0.9132231404958677,0.9684684684684685,0.9020408163265307,24,21
638,consecutive_ratio,"{""min_consecutive"": 6, ""min_ratio"": 0.15, ""threshold"": 0.45}",0.8464566929133859,0.9616270145817345,0.8464566929133859,0.941397445529677,0.8958333333333334,50,78,0.9020408163265307,0.9641255605381166,0.9132231404958677,0.9684684684684685,0.9020408163265307,24,21
639,consecutive_count,"{""min_consecutive"": 4, ""min_count"": 6, ""threshold"": 0.5}",0.8463035019455253,0.9653045489591364,0.8463035019455253,0.9406461307287753,0.90625,45,79,0.8837209302325582,0.9739663093415007,0.8837209302325582,0.954954954954955,0.9306122448979591,17,30
640,consecutive_ratio,"{""min_consecutive"": 4, ""min_ratio"": 0.13, ""threshold"": 0.5}",0.8463035019455253,0.9653045489591364,0.8463035019455253,0.9406461307287753,0.90625,45,79,0.8837209302325582,0.9739663093415007,0.8837209302325582,0.954954954954955,0.9306122448979591,17,30
641,hysteresis,"{""high"": 0.575, ""low"": 0.525, ""min_consecutive"": 4}",0.8463035019455253,0.9653045489591364,0.8463035019455253,0.9406461307287753,0.90625,45,79,0.8679245283018868,0.9767801857585139,0.8679245283018868,0.9474474474474475,0.9387755102040817,15,35
642,hysteresis,"{""high"": 0.55, ""low"": 0.35, ""min_consecutive"": 9}",0.8460038986354775,0.9645608628659477,0.8460038986354775,0.9406461307287753,0.9041666666666667,46,79,0.892,0.9667170953101362,0.892,0.9594594594594594,0.9102040816326531,22,27
643,hysteresis,"{""high"": 0.625, ""low"": 0.575, ""min_consecutive"": 2}",0.8458574181117534,0.968266253869969,0.8458574181117534,0.9398948159278738,0.9145833333333333,41,80,0.8674242424242424,0.9752704791344667,0.8674242424242424,0.9474474474474475,0.9346938775510204,16,35
644,consecutive_count,"{""min_consecutive"": 1, ""min_count"": 6, ""threshold"": 0.4}",0.8458333333333333,0.9460247994164843,0.9227272727272727,0.9744552967693464,0.8458333333333333,74,34,0.8448979591836735,0.9453237410071943,0.9583333333333334,0.9864864864864865,0.8448979591836735,38,9
645,consecutive_ratio,"{""min_consecutive"": 1, ""min_ratio"": 0.13, ""threshold"": 0.4}",0.8458333333333333,0.9460247994164843,0.9227272727272727,0.9744552967693464,0.8458333333333333,74,34,0.8448979591836735,0.9453237410071943,0.9583333333333334,0.9864864864864865,0.8448979591836735,38,9
646,consecutive_count,"{""min_consecutive"": 2, ""min_count"": 6, ""threshold"": 0.4}",0.8458333333333333,0.9460247994164843,0.9227272727272727,0.9744552967693464,0.8458333333333333,74,34,0.8448979591836735,0.9453237410071943,0.9583333333333334,0.9864864864864865,0.8448979591836735,38,9
647,consecutive_ratio,"{""min_consecutive"": 2, ""min_ratio"": 0.13, ""threshold"": 0.4}",0.8458333333333333,0.9460247994164843,0.9227272727272727,0.9744552967693464,0.8458333333333333,74,34,0.8448979591836735,0.9453237410071943,0.9583333333333334,0.9864864864864865,0.8448979591836735,38,9
648,consecutive_count,"{""min_consecutive"": 3, ""min_count"": 6, ""threshold"": 0.4}",0.8458333333333333,0.9460247994164843,0.9227272727272727,0.9744552967693464,0.8458333333333333,74,34,0.8448979591836735,0.9453237410071943,0.9583333333333334,0.9864864864864865,0.8448979591836735,38,9
649,consecutive_ratio,"{""min_consecutive"": 3, ""min_ratio"": 0.13, ""threshold"": 0.4}",0.8458333333333333,0.9460247994164843,0.9227272727272727,0.9744552967693464,0.8458333333333333,74,34,0.8448979591836735,0.9453237410071943,0.9583333333333334,0.9864864864864865,0.8448979591836735,38,9
650,consecutive_count,"{""min_consecutive"": 4, ""min_count"": 6, ""threshold"": 0.4}",0.8458333333333333,0.9459459459459459,0.918552036199095,0.9729526671675433,0.8458333333333333,74,36,0.8448979591836735,0.9453237410071943,0.9583333333333334,0.9864864864864865,0.8448979591836735,38,9
651,consecutive_ratio,"{""min_consecutive"": 4, ""min_ratio"": 0.13, ""threshold"": 0.4}",0.8458333333333333,0.9459459459459459,0.918552036199095,0.9729526671675433,0.8458333333333333,74,36,0.8448979591836735,0.9453237410071943,0.9583333333333334,0.9864864864864865,0.8448979591836735,38,9
652,consecutive,"{""min_consecutive"": 1, ""threshold"": 0.525}",0.8458333333333333,0.9458668617410387,0.9144144144144144,0.97145003756574,0.8458333333333333,74,38,0.8489795918367347,0.9462989840348331,0.9369369369369369,0.978978978978979,0.8489795918367347,37,14
653,hysteresis,"{""high"": 0.525, ""low"": 0.375, ""min_consecutive"": 2}",0.8458333333333333,0.9458668617410387,0.9144144144144144,0.97145003756574,0.8458333333333333,74,38,0.8489795918367347,0.9462989840348331,0.9369369369369369,0.978978978978979,0.8489795918367347,37,14
654,hysteresis,"{""high"": 0.525, ""low"": 0.325, ""min_consecutive"": 2}",0.8458333333333333,0.9458668617410387,0.9144144144144144,0.97145003756574,0.8458333333333333,74,38,0.8489795918367347,0.9462989840348331,0.9369369369369369,0.978978978978979,0.8489795918367347,37,14
655,hysteresis,"{""high"": 0.525, ""low"": 0.325, ""min_consecutive"": 3}",0.8458333333333333,0.9458668617410387,0.9144144144144144,0.97145003756574,0.8458333333333333,74,38,0.8489795918367347,0.9462209302325582,0.9327354260089686,0.9774774774774775,0.8489795918367347,37,15
656,consecutive_count,"{""min_consecutive"": 5, ""min_count"": 7, ""threshold"": 0.375}",0.8458333333333333,0.9457875457875458,0.9103139013452914,0.9699474079639369,0.8458333333333333,74,40,0.8408163265306122,0.9438040345821326,0.9493087557603687,0.9834834834834835,0.8408163265306122,39,11
657,consecutive_ratio,"{""min_consecutive"": 5, ""min_ratio"": 0.15, ""threshold"": 0.375}",0.8458333333333333,0.9457875457875458,0.9103139013452914,0.9699474079639369,0.8458333333333333,74,40,0.8408163265306122,0.9438040345821326,0.9493087557603687,0.9834834834834835,0.8408163265306122,39,11
658,consecutive_count,"{""min_consecutive"": 4, ""min_count"": 10, ""threshold"": 0.4}",0.8454011741682974,0.963076923076923,0.8454011741682974,0.9406461307287753,0.9,48,79,0.8816326530612245,0.957037037037037,0.9152542372881356,0.96996996996997,0.8816326530612245,29,20
659,consecutive_count,"{""min_consecutive"": 5, ""min_count"": 10, ""threshold"": 0.4}",0.8454011741682974,0.963076923076923,0.8454011741682974,0.9406461307287753,0.9,48,79,0.8816326530612245,0.957037037037037,0.9152542372881356,0.96996996996997,0.8816326530612245,29,20
660,consecutive,"{""min_consecutive"": 8, ""threshold"": 0.425}",0.8454011741682974,0.963076923076923,0.8454011741682974,0.9406461307287753,0.9,48,79,0.8938775510204081,0.9611940298507463,0.9087136929460581,0.9669669669669669,0.8938775510204081,26,22
661,consecutive_count,"{""min_consecutive"": 1, ""min_count"": 8, ""threshold"": 0.45}",0.8450980392156863,0.962336664104535,0.8450980392156863,0.9406461307287753,0.8979166666666667,49,79,0.8979591836734694,0.9625748502994012,0.9053497942386831,0.9654654654654654,0.8979591836734694,25,23
662,consecutive_count,"{""min_consecutive"": 2, ""min_count"": 8, ""threshold"": 0.45}",0.8450980392156863,0.962336664104535,0.8450980392156863,0.9406461307287753,0.8979166666666667,49,79,0.8979591836734694,0.9625748502994012,0.9053497942386831,0.9654654654654654,0.8979591836734694,25,23
663,consecutive_count,"{""min_consecutive"": 3, ""min_count"": 8, ""threshold"": 0.45}",0.8450980392156863,0.962336664104535,0.8450980392156863,0.9406461307287753,0.8979166666666667,49,79,0.8979591836734694,0.9625748502994012,0.9053497942386831,0.9654654654654654,0.8979591836734694,25,23
664,consecutive_count,"{""min_consecutive"": 4, ""min_count"": 8, ""threshold"": 0.45}",0.8450980392156863,0.962336664104535,0.8450980392156863,0.9406461307287753,0.8979166666666667,49,79,0.8979591836734694,0.9625187406296851,0.9016393442622951,0.963963963963964,0.8979591836734694,25,24
665,consecutive_count,"{""min_consecutive"": 6, ""min_count"": 10, ""threshold"": 0.4}",0.8440545808966862,0.9637904468412943,0.8440545808966862,0.9398948159278738,0.9020833333333333,47,80,0.889795918367347,0.9598811292719168,0.9159663865546218,0.96996996996997,0.889795918367347,27,20
666,consecutive,"{""min_consecutive"": 6, ""threshold"": 0.475}",0.8440545808966862,0.9637904468412943,0.8440545808966862,0.9398948159278738,0.9020833333333333,47,80,0.8928571428571429,0.9696509863429439,0.8928571428571429,0.9594594594594594,0.9183673469387755,20,27
667,consecutive_count,"{""min_consecutive"": 6, ""min_count"": 2, ""threshold"": 0.475}",0.8440545808966862,0.9637904468412943,0.8440545808966862,0.9398948159278738,0.9020833333333333,47,80,0.8928571428571429,0.9696509863429439,0.8928571428571429,0.9594594594594594,0.9183673469387755,20,27
668,consecutive_count,"{""min_consecutive"": 6, ""min_count"": 3, ""threshold"": 0.475}",0.8440545808966862,0.9637904468412943,0.8440545808966862,0.9398948159278738,0.9020833333333333,47,80,0.8928571428571429,0.9696509863429439,0.8928571428571429,0.9594594594594594,0.9183673469387755,20,27
669,consecutive_count,"{""min_consecutive"": 6, ""min_count"": 4, ""threshold"": 0.475}",0.8440545808966862,0.9637904468412943,0.8440545808966862,0.9398948159278738,0.9020833333333333,47,80,0.8928571428571429,0.9696509863429439,0.8928571428571429,0.9594594594594594,0.9183673469387755,20,27
670,consecutive_count,"{""min_consecutive"": 6, ""min_count"": 5, ""threshold"": 0.475}",0.8440545808966862,0.9637904468412943,0.8440545808966862,0.9398948159278738,0.9020833333333333,47,80,0.8928571428571429,0.9696509863429439,0.8928571428571429,0.9594594594594594,0.9183673469387755,20,27
671,consecutive_count,"{""min_consecutive"": 6, ""min_count"": 6, ""threshold"": 0.475}",0.8440545808966862,0.9637904468412943,0.8440545808966862,0.9398948159278738,0.9020833333333333,47,80,0.8928571428571429,0.9696509863429439,0.8928571428571429,0.9594594594594594,0.9183673469387755,20,27
672,consecutive_ratio,"{""min_consecutive"": 6, ""min_ratio"": 0.03, ""threshold"": 0.475}",0.8440545808966862,0.9637904468412943,0.8440545808966862,0.9398948159278738,0.9020833333333333,47,80,0.8928571428571429,0.9696509863429439,0.8928571428571429,0.9594594594594594,0.9183673469387755,20,27
673,consecutive_ratio,"{""min_consecutive"": 6, ""min_ratio"": 0.05, ""threshold"": 0.475}",0.8440545808966862,0.9637904468412943,0.8440545808966862,0.9398948159278738,0.9020833333333333,47,80,0.8928571428571429,0.9696509863429439,0.8928571428571429,0.9594594594594594,0.9183673469387755,20,27
674,consecutive_ratio,"{""min_consecutive"": 6, ""min_ratio"": 0.07, ""threshold"": 0.475}",0.8440545808966862,0.9637904468412943,0.8440545808966862,0.9398948159278738,0.9020833333333333,47,80,0.8928571428571429,0.9696509863429439,0.8928571428571429,0.9594594594594594,0.9183673469387755,20,27
675,consecutive_ratio,"{""min_consecutive"": 6, ""min_ratio"": 0.09, ""threshold"": 0.475}",0.8440545808966862,0.9637904468412943,0.8440545808966862,0.9398948159278738,0.9020833333333333,47,80,0.8928571428571429,0.9696509863429439,0.8928571428571429,0.9594594594594594,0.9183673469387755,20,27
676,consecutive_ratio,"{""min_consecutive"": 6, ""min_ratio"": 0.11, ""threshold"": 0.475}",0.8440545808966862,0.9637904468412943,0.8440545808966862,0.9398948159278738,0.9020833333333333,47,80,0.8928571428571429,0.9696509863429439,0.8928571428571429,0.9594594594594594,0.9183673469387755,20,27
677,consecutive_ratio,"{""min_consecutive"": 6, ""min_ratio"": 0.13, ""threshold"": 0.475}",0.8440545808966862,0.9637904468412943,0.8440545808966862,0.9398948159278738,0.9020833333333333,47,80,0.8928571428571429,0.9696509863429439,0.8928571428571429,0.9594594594594594,0.9183673469387755,20,27
678,hysteresis,"{""high"": 0.475, ""low"": 0.425, ""min_consecutive"": 8}",0.8440545808966862,0.9637904468412943,0.8440545808966862,0.9398948159278738,0.9020833333333333,47,80,0.8979591836734694,0.9625748502994012,0.9053497942386831,0.9654654654654654,0.8979591836734694,25,23
679,hysteresis,"{""high"": 0.5, ""low"": 0.4, ""min_consecutive"": 9}",0.8440545808966862,0.9637904468412943,0.8440545808966862,0.9398948159278738,0.9020833333333333,47,80,0.9024390243902439,0.9654135338345865,0.9024390243902439,0.963963963963964,0.9061224489795918,23,24
680,hysteresis,"{""high"": 0.525, ""low"": 0.375, ""min_consecutive"": 9}",0.8440545808966862,0.9637904468412943,0.8440545808966862,0.9398948159278738,0.9020833333333333,47,80,0.8943089430894309,0.9624060150375939,0.8943089430894309,0.960960960960961,0.8979591836734694,25,26
681,consecutive,"{""min_consecutive"": 3, ""threshold"": 0.45}",0.84375,0.9454545454545454,0.9288990825688074,0.976709241172051,0.84375,75,31,0.8408163265306122,0.944206008583691,0.9716981132075472,0.990990990990991,0.8408163265306122,39,6
682,consecutive_count,"{""min_consecutive"": 3, ""min_count"": 2, ""threshold"": 0.45}",0.84375,0.9454545454545454,0.9288990825688074,0.976709241172051,0.84375,75,31,0.8408163265306122,0.944206008583691,0.9716981132075472,0.990990990990991,0.8408163265306122,39,6
683,consecutive_count,"{""min_consecutive"": 3, ""min_count"": 3, ""threshold"": 0.45}",0.84375,0.9454545454545454,0.9288990825688074,0.976709241172051,0.84375,75,31,0.8408163265306122,0.944206008583691,0.9716981132075472,0.990990990990991,0.8408163265306122,39,6
684,consecutive_ratio,"{""min_consecutive"": 3, ""min_ratio"": 0.03, ""threshold"": 0.45}",0.84375,0.9454545454545454,0.9288990825688074,0.976709241172051,0.84375,75,31,0.8408163265306122,0.944206008583691,0.9716981132075472,0.990990990990991,0.8408163265306122,39,6
685,consecutive_ratio,"{""min_consecutive"": 3, ""min_ratio"": 0.05, ""threshold"": 0.45}",0.84375,0.9454545454545454,0.9288990825688074,0.976709241172051,0.84375,75,31,0.8408163265306122,0.944206008583691,0.9716981132075472,0.990990990990991,0.8408163265306122,39,6
686,consecutive_ratio,"{""min_consecutive"": 3, ""min_ratio"": 0.07, ""threshold"": 0.45}",0.84375,0.9454545454545454,0.9288990825688074,0.976709241172051,0.84375,75,31,0.8408163265306122,0.944206008583691,0.9716981132075472,0.990990990990991,0.8408163265306122,39,6
687,hysteresis,"{""high"": 0.475, ""low"": 0.375, ""min_consecutive"": 5}",0.84375,0.9453352769679301,0.9225512528473804,0.9744552967693464,0.84375,75,34,0.8489795918367347,0.9466089466089466,0.9541284403669725,0.984984984984985,0.8489795918367347,37,10
688,consecutive_count,"{""min_consecutive"": 1, ""min_count"": 7, ""threshold"": 0.375}",0.84375,0.9452154857560263,0.916289592760181,0.9722013523666416,0.84375,75,37,0.8408163265306122,0.943884892086331,0.9537037037037037,0.984984984984985,0.8408163265306122,39,10
689,consecutive_ratio,"{""min_consecutive"": 1, ""min_ratio"": 0.15, ""threshold"": 0.375}",0.84375,0.9452154857560263,0.916289592760181,0.9722013523666416,0.84375,75,37,0.8408163265306122,0.943884892086331,0.9537037037037037,0.984984984984985,0.8408163265306122,39,10
690,consecutive_count,"{""min_consecutive"": 2, ""min_count"": 7, ""threshold"": 0.375}",0.84375,0.9452154857560263,0.916289592760181,0.9722013523666416,0.84375,75,37,0.8408163265306122,0.943884892086331,0.9537037037037037,0.984984984984985,0.8408163265306122,39,10
691,consecutive_ratio,"{""min_consecutive"": 2, ""min_ratio"": 0.15, ""threshold"": 0.375}",0.84375,0.9452154857560263,0.916289592760181,0.9722013523666416,0.84375,75,37,0.8408163265306122,0.943884892086331,0.9537037037037037,0.984984984984985,0.8408163265306122,39,10
692,consecutive_count,"{""min_consecutive"": 3, ""min_count"": 7, ""threshold"": 0.375}",0.84375,0.9452154857560263,0.916289592760181,0.9722013523666416,0.84375,75,37,0.8408163265306122,0.943884892086331,0.9537037037037037,0.984984984984985,0.8408163265306122,39,10
693,consecutive_ratio,"{""min_consecutive"": 3, ""min_ratio"": 0.15, ""threshold"": 0.375}",0.84375,0.9452154857560263,0.916289592760181,0.9722013523666416,0.84375,75,37,0.8408163265306122,0.943884892086331,0.9537037037037037,0.984984984984985,0.8408163265306122,39,10
694,consecutive_count,"{""min_consecutive"": 4, ""min_count"": 7, ""threshold"": 0.375}",0.84375,0.9452154857560263,0.916289592760181,0.9722013523666416,0.84375,75,37,0.8408163265306122,0.943884892086331,0.9537037037037037,0.984984984984985,0.8408163265306122,39,10
695,consecutive_ratio,"{""min_consecutive"": 4, ""min_ratio"": 0.15, ""threshold"": 0.375}",0.84375,0.9452154857560263,0.916289592760181,0.9722013523666416,0.84375,75,37,0.8408163265306122,0.943884892086331,0.9537037037037037,0.984984984984985,0.8408163265306122,39,10
696,consecutive_count,"{""min_consecutive"": 1, ""min_count"": 9, ""threshold"": 0.35}",0.84375,0.9448934606906686,0.9,0.966190833959429,0.84375,75,45,0.8163265306122449,0.9356223175965666,0.9433962264150944,0.9819819819819819,0.8163265306122449,45,12
697,consecutive_ratio,"{""min_consecutive"": 1, ""min_ratio"": 0.2, ""threshold"": 0.35}",0.84375,0.9448934606906686,0.9,0.966190833959429,0.84375,75,45,0.8163265306122449,0.9356223175965666,0.9433962264150944,0.9819819819819819,0.8163265306122449,45,12
698,consecutive_count,"{""min_consecutive"": 2, ""min_count"": 9, ""threshold"": 0.35}",0.84375,0.9448934606906686,0.9,0.966190833959429,0.84375,75,45,0.8163265306122449,0.9356223175965666,0.9433962264150944,0.9819819819819819,0.8163265306122449,45,12
699,consecutive_ratio,"{""min_consecutive"": 2, ""min_ratio"": 0.2, ""threshold"": 0.35}",0.84375,0.9448934606906686,0.9,0.966190833959429,0.84375,75,45,0.8163265306122449,0.9356223175965666,0.9433962264150944,0.9819819819819819,0.8163265306122449,45,12
700,consecutive_count,"{""min_consecutive"": 3, ""min_count"": 9, ""threshold"": 0.35}",0.84375,0.9448934606906686,0.9,0.966190833959429,0.84375,75,45,0.8163265306122449,0.9356223175965666,0.9433962264150944,0.9819819819819819,0.8163265306122449,45,12
701,consecutive_ratio,"{""min_consecutive"": 3, ""min_ratio"": 0.2, ""threshold"": 0.35}",0.84375,0.9448934606906686,0.9,0.966190833959429,0.84375,75,45,0.8163265306122449,0.9356223175965666,0.9433962264150944,0.9819819819819819,0.8163265306122449,45,12
702,consecutive_count,"{""min_consecutive"": 4, ""min_count"": 9, ""threshold"": 0.35}",0.84375,0.9448934606906686,0.9,0.966190833959429,0.84375,75,45,0.8204081632653061,0.9369627507163324,0.9436619718309859,0.9819819819819819,0.8204081632653061,44,12
703,consecutive_ratio,"{""min_consecutive"": 4, ""min_ratio"": 0.2, ""threshold"": 0.35}",0.84375,0.9448934606906686,0.9,0.966190833959429,0.84375,75,45,0.8204081632653061,0.9369627507163324,0.9436619718309859,0.9819819819819819,0.8204081632653061,44,12
704,consecutive_count,"{""min_consecutive"": 5, ""min_count"": 9, ""threshold"": 0.35}",0.84375,0.9448529411764706,0.8980044345898004,0.9654395191585274,0.84375,75,46,0.8244897959183674,0.9383070301291249,0.9439252336448598,0.9819819819819819,0.8244897959183674,43,12
705,consecutive_ratio,"{""min_consecutive"": 5, ""min_ratio"": 0.2, ""threshold"": 0.35}",0.84375,0.9448529411764706,0.8980044345898004,0.9654395191585274,0.84375,75,46,0.8244897959183674,0.9383070301291249,0.9439252336448598,0.9819819819819819,0.8244897959183674,43,12
706,consecutive_count,"{""min_consecutive"": 6, ""min_count"": 9, ""threshold"": 0.425}",0.8434442270058709,0.9623076923076923,0.8434442270058709,0.9398948159278738,0.8979166666666667,49,80,0.8979591836734694,0.9626865671641791,0.9128630705394191,0.9684684684684685,0.8979591836734694,25,21
707,consecutive_ratio,"{""min_consecutive"": 6, ""min_ratio"": 0.2, ""threshold"": 0.425}",0.8434442270058709,0.9623076923076923,0.8434442270058709,0.9398948159278738,0.8979166666666667,49,80,0.8979591836734694,0.9626865671641791,0.9128630705394191,0.9684684684684685,0.8979591836734694,25,21
708,consecutive_count,"{""min_consecutive"": 1, ""min_count"": 4, ""threshold"": 0.55}",0.8433268858800773,0.9659969088098919,0.8433268858800773,0.9391435011269722,0.9083333333333333,44,81,0.8702290076335878,0.9738058551617874,0.8702290076335878,0.948948948948949,0.9306122448979591,17,34
709,consecutive_ratio,"{""min_consecutive"": 1, ""min_ratio"": 0.09, ""threshold"": 0.55}",0.8433268858800773,0.9659969088098919,0.8433268858800773,0.9391435011269722,0.9083333333333333,44,81,0.8702290076335878,0.9738058551617874,0.8702290076335878,0.948948948948949,0.9306122448979591,17,34
710,consecutive_count,"{""min_consecutive"": 2, ""min_count"": 4, ""threshold"": 0.55}",0.8433268858800773,0.9659969088098919,0.8433268858800773,0.9391435011269722,0.9083333333333333,44,81,0.8702290076335878,0.9738058551617874,0.8702290076335878,0.948948948948949,0.9306122448979591,17,34
711,consecutive_ratio,"{""min_consecutive"": 2, ""min_ratio"": 0.09, ""threshold"": 0.55}",0.8433268858800773,0.9659969088098919,0.8433268858800773,0.9391435011269722,0.9083333333333333,44,81,0.8702290076335878,0.9738058551617874,0.8702290076335878,0.948948948948949,0.9306122448979591,17,34
712,consecutive_count,"{""min_consecutive"": 1, ""min_count"": 3, ""threshold"": 0.575}",0.8430232558139535,0.9652509652509652,0.8430232558139535,0.9391435011269722,0.90625,45,81,0.8576779026217228,0.9751552795031055,0.8576779026217228,0.9429429429429429,0.9346938775510204,16,38
713,consecutive_ratio,"{""min_consecutive"": 1, ""min_ratio"": 0.05, ""threshold"": 0.575}",0.8430232558139535,0.9652509652509652,0.8430232558139535,0.9391435011269722,0.90625,45,81,0.8576779026217228,0.9751552795031055,0.8576779026217228,0.9429429429429429,0.9346938775510204,16,38
714,consecutive_ratio,"{""min_consecutive"": 1, ""min_ratio"": 0.07, ""threshold"": 0.575}",0.8430232558139535,0.9652509652509652,0.8430232558139535,0.9391435011269722,0.90625,45,81,0.8576779026217228,0.9751552795031055,0.8576779026217228,0.9429429429429429,0.9346938775510204,16,38
715,consecutive_count,"{""min_consecutive"": 2, ""min_count"": 3, ""threshold"": 0.575}",0.8430232558139535,0.9652509652509652,0.8430232558139535,0.9391435011269722,0.90625,45,81,0.8576779026217228,0.9751552795031055,0.8576779026217228,0.9429429429429429,0.9346938775510204,16,38
716,consecutive_ratio,"{""min_consecutive"": 2, ""min_ratio"": 0.05, ""threshold"": 0.575}",0.8430232558139535,0.9652509652509652,0.8430232558139535,0.9391435011269722,0.90625,45,81,0.8576779026217228,0.9751552795031055,0.8576779026217228,0.9429429429429429,0.9346938775510204,16,38
717,consecutive_ratio,"{""min_consecutive"": 2, ""min_ratio"": 0.07, ""threshold"": 0.575}",0.8430232558139535,0.9652509652509652,0.8430232558139535,0.9391435011269722,0.90625,45,81,0.8576779026217228,0.9751552795031055,0.8576779026217228,0.9429429429429429,0.9346938775510204,16,38
718,consecutive_count,"{""min_consecutive"": 1, ""min_count"": 2, ""threshold"": 0.6}",0.8430232558139535,0.9652509652509652,0.8430232558139535,0.9391435011269722,0.90625,45,81,0.8674242424242424,0.9752704791344667,0.8674242424242424,0.9474474474474475,0.9346938775510204,16,35
719,consecutive_ratio,"{""min_consecutive"": 1, ""min_ratio"": 0.03, ""threshold"": 0.6}",0.8430232558139535,0.9652509652509652,0.8430232558139535,0.9391435011269722,0.90625,45,81,0.8674242424242424,0.9752704791344667,0.8674242424242424,0.9474474474474475,0.9346938775510204,16,35
720,consecutive_count,"{""min_consecutive"": 7, ""min_count"": 10, ""threshold"": 0.4}",0.8427184466019417,0.9645061728395061,0.8427184466019417,0.9391435011269722,0.9041666666666667,46,81,0.889795918367347,0.9598214285714286,0.9121338912133892,0.9684684684684685,0.889795918367347,27,21
721,hysteresis,"{""high"": 0.5, ""low"": 0.45, ""min_consecutive"": 7}",0.8427184466019417,0.9645061728395061,0.8427184466019417,0.9391435011269722,0.9041666666666667,46,81,0.9024390243902439,0.9654135338345865,0.9024390243902439,0.963963963963964,0.9061224489795918,23,24
722,hysteresis,"{""high"": 0.625, ""low"": 0.475, ""min_consecutive"": 4}",0.8419047619047619,0.9704510108864697,0.8419047619047619,0.9376408715251691,0.9208333333333333,38,83,0.8646616541353384,0.9767441860465116,0.8646616541353384,0.9459459459459459,0.9387755102040817,15,36
723,consecutive_count,"{""min_consecutive"": 5, ""min_count"": 8, ""threshold"": 0.45}",0.841796875,0.962278675904542,0.841796875,0.9391435011269722,0.8979166666666667,49,81,0.8979591836734694,0.9625187406296851,0.9016393442622951,0.963963963963964,0.8979591836734694,25,24
724,consecutive_count,"{""min_consecutive"": 5, ""min_count"": 6, ""threshold"": 0.5}",0.8416988416988417,0.9659706109822119,0.8416988416988417,0.9383921863260706,0.9083333333333333,44,82,0.8745247148288974,0.9768518518518519,0.8745247148288974,0.9504504504504504,0.9387755102040817,15,33
725,consecutive_ratio,"{""min_consecutive"": 5, ""min_ratio"": 0.13, ""threshold"": 0.5}",0.8416988416988417,0.9659706109822119,0.8416988416988417,0.9383921863260706,0.9083333333333333,44,82,0.8745247148288974,0.9768518518518519,0.8745247148288974,0.9504504504504504,0.9387755102040817,15,33
726,consecutive_count,"{""min_consecutive"": 3, ""min_count"": 4, ""threshold"": 0.55}",0.8416988416988417,0.9659706109822119,0.8416988416988417,0.9383921863260706,0.9083333333333333,44,82,0.870722433460076,0.9753086419753086,0.870722433460076,0.948948948948949,0.9346938775510204,16,34
727,consecutive_ratio,"{""min_consecutive"": 3, ""min_ratio"": 0.09, ""threshold"": 0.55}",0.8416988416988417,0.9659706109822119,0.8416988416988417,0.9383921863260706,0.9083333333333333,44,82,0.870722433460076,0.9753086419753086,0.870722433460076,0.948948948948949,0.9346938775510204,16,34
728,consecutive,"{""min_consecutive"": 2, ""threshold"": 0.475}",0.8416666666666667,0.9447674418604651,0.9287356321839081,0.976709241172051,0.8416666666666667,76,31,0.8408163265306122,0.9441260744985673,0.9671361502347418,0.9894894894894894,0.8408163265306122,39,7
729,consecutive_count,"{""min_consecutive"": 2, ""min_count"": 2, ""threshold"": 0.475}",0.8416666666666667,0.9447674418604651,0.9287356321839081,0.976709241172051,0.8416666666666667,76,31,0.8408163265306122,0.9441260744985673,0.9671361502347418,0.9894894894894894,0.8408163265306122,39,7
730,consecutive_ratio,"{""min_consecutive"": 2, ""min_ratio"": 0.03, ""threshold"": 0.475}",0.8416666666666667,0.9447674418604651,0.9287356321839081,0.976709241172051,0.8416666666666667,76,31,0.8408163265306122,0.9441260744985673,0.9671361502347418,0.9894894894894894,0.8408163265306122,39,7
731,consecutive_count,"{""min_consecutive"": 3, ""min_count"": 4, ""threshold"": 0.425}",0.8416666666666667,0.9447272727272727,0.926605504587156,0.9759579263711495,0.8416666666666667,76,32,0.8489795918367347,0.9467625899280575,0.9629629629629629,0.987987987987988,0.8489795918367347,37,8
732,consecutive_ratio,"{""min_consecutive"": 3, ""min_ratio"": 0.09, ""threshold"": 0.425}",0.8416666666666667,0.9447272727272727,0.926605504587156,0.9759579263711495,0.8416666666666667,76,32,0.8489795918367347,0.9467625899280575,0.9629629629629629,0.987987987987988,0.8489795918367347,37,8
733,hysteresis,"{""high"": 0.45, ""low"": 0.3, ""min_consecutive"": 8}",0.8416666666666667,0.9445255474452555,0.9160997732426304,0.9722013523666416,0.8416666666666667,76,37,0.8367346938775511,0.9425287356321839,0.9534883720930233,0.984984984984985,0.8367346938775511,40,10
734,consecutive,"{""min_consecutive"": 7, ""threshold"": 0.45}",0.8414872798434442,0.9615384615384616,0.8414872798434442,0.9391435011269722,0.8958333333333334,50,81,0.9020408163265307,0.9640718562874252,0.9094650205761317,0.9669669669669669,0.9020408163265307,24,22
735,consecutive_count,"{""min_consecutive"": 7, ""min_count"": 2, ""threshold"": 0.45}",0.8414872798434442,0.9615384615384616,0.8414872798434442,0.9391435011269722,0.8958333333333334,50,81,0.9020408163265307,0.9640718562874252,0.9094650205761317,0.9669669669669669,0.9020408163265307,24,22
736,consecutive_count,"{""min_consecutive"": 7, ""min_count"": 3, ""threshold"": 0.45}",0.8414872798434442,0.9615384615384616,0.8414872798434442,0.9391435011269722,0.8958333333333334,50,81,0.9020408163265307,0.9640718562874252,0.9094650205761317,0.9669669669669669,0.9020408163265307,24,22
737,consecutive_count,"{""min_consecutive"": 7, ""min_count"": 4, ""threshold"": 0.45}",0.8414872798434442,0.9615384615384616,0.8414872798434442,0.9391435011269722,0.8958333333333334,50,81,0.9020408163265307,0.9640718562874252,0.9094650205761317,0.9669669669669669,0.9020408163265307,24,22
738,consecutive_count,"{""min_consecutive"": 7, ""min_count"": 5, ""threshold"": 0.45}",0.8414872798434442,0.9615384615384616,0.8414872798434442,0.9391435011269722,0.8958333333333334,50,81,0.9020408163265307,0.9640718562874252,0.9094650205761317,0.9669669669669669,0.9020408163265307,24,22
739,consecutive_count,"{""min_consecutive"": 7, ""min_count"": 6, ""threshold"": 0.45}",0.8414872798434442,0.9615384615384616,0.8414872798434442,0.9391435011269722,0.8958333333333334,50,81,0.9020408163265307,0.9640718562874252,0.9094650205761317,0.9669669669669669,0.9020408163265307,24,22
740,consecutive_count,"{""min_consecutive"": 7, ""min_count"": 7, ""threshold"": 0.45}",0.8414872798434442,0.9615384615384616,0.8414872798434442,0.9391435011269722,0.8958333333333334,50,81,0.9020408163265307,0.9640718562874252,0.9094650205761317,0.9669669669669669,0.9020408163265307,24,22
741,consecutive_ratio,"{""min_consecutive"": 7, ""min_ratio"": 0.03, ""threshold"": 0.45}",0.8414872798434442,0.9615384615384616,0.8414872798434442,0.9391435011269722,0.8958333333333334,50,81,0.9020408163265307,0.9640718562874252,0.9094650205761317,0.9669669669669669,0.9020408163265307,24,22
742,consecutive_ratio,"{""min_consecutive"": 7, ""min_ratio"": 0.05, ""threshold"": 0.45}",0.8414872798434442,0.9615384615384616,0.8414872798434442,0.9391435011269722,0.8958333333333334,50,81,0.9020408163265307,0.9640718562874252,0.9094650205761317,0.9669669669669669,0.9020408163265307,24,22
743,consecutive_ratio,"{""min_consecutive"": 7, ""min_ratio"": 0.07, ""threshold"": 0.45}",0.8414872798434442,0.9615384615384616,0.8414872798434442,0.9391435011269722,0.8958333333333334,50,81,0.9020408163265307,0.9640718562874252,0.9094650205761317,0.9669669669669669,0.9020408163265307,24,22
744,consecutive_ratio,"{""min_consecutive"": 7, ""min_ratio"": 0.09, ""threshold"": 0.45}",0.8414872798434442,0.9615384615384616,0.8414872798434442,0.9391435011269722,0.8958333333333334,50,81,0.9020408163265307,0.9640718562874252,0.9094650205761317,0.9669669669669669,0.9020408163265307,24,22
745,consecutive_ratio,"{""min_consecutive"": 7, ""min_ratio"": 0.11, ""threshold"": 0.45}",0.8414872798434442,0.9615384615384616,0.8414872798434442,0.9391435011269722,0.8958333333333334,50,81,0.9020408163265307,0.9640718562874252,0.9094650205761317,0.9669669669669669,0.9020408163265307,24,22
746,consecutive_ratio,"{""min_consecutive"": 7, ""min_ratio"": 0.13, ""threshold"": 0.45}",0.8414872798434442,0.9615384615384616,0.8414872798434442,0.9391435011269722,0.8958333333333334,50,81,0.9020408163265307,0.9640718562874252,0.9094650205761317,0.9669669669669669,0.9020408163265307,24,22
747,consecutive_ratio,"{""min_consecutive"": 7, ""min_ratio"": 0.15, ""threshold"": 0.45}",0.8414872798434442,0.9615384615384616,0.8414872798434442,0.9391435011269722,0.8958333333333334,50,81,0.9020408163265307,0.9640718562874252,0.9094650205761317,0.9669669669669669,0.9020408163265307,24,22
748,hysteresis,"{""high"": 0.575, ""low"": 0.375, ""min_consecutive"": 8}",0.8413926499032882,0.9652241112828439,0.8413926499032882,0.9383921863260706,0.90625,45,82,0.8858267716535433,0.969558599695586,0.8858267716535433,0.9564564564564565,0.9183673469387755,20,29
749,hysteresis,"{""high"": 0.625, ""low"": 0.525, ""min_consecutive"": 3}",0.8413001912045889,0.968944099378882,0.8413001912045889,0.9376408715251691,0.9166666666666666,40,83,0.8721804511278195,0.9798449612403101,0.8721804511278195,0.948948948948949,0.9469387755102041,13,34
750,consecutive_count,"{""min_consecutive"": 7, ""min_count"": 9, ""threshold"": 0.425}",0.8404669260700389,0.9629915188897455,0.8404669260700389,0.9383921863260706,0.9,48,82,0.8979591836734694,0.9626307922272048,0.9090909090909091,0.9669669669669669,0.8979591836734694,25,22
751,consecutive_ratio,"{""min_consecutive"": 7, ""min_ratio"": 0.2, ""threshold"": 0.425}",0.8404669260700389,0.9629915188897455,0.8404669260700389,0.9383921863260706,0.9,48,82,0.8979591836734694,0.9626307922272048,0.9090909090909091,0.9669669669669669,0.8979591836734694,25,22
752,consecutive_count,"{""min_consecutive"": 4, ""min_count"": 5, ""threshold"": 0.4}",0.8395833333333333,0.9441624365482234,0.9328703703703703,0.9782118707738543,0.8395833333333333,77,29,0.8285714285714286,0.94,0.9620853080568721,0.987987987987988,0.8285714285714286,42,8
753,consecutive_ratio,"{""min_consecutive"": 4, ""min_ratio"": 0.11, ""threshold"": 0.4}",0.8395833333333333,0.9441624365482234,0.9328703703703703,0.9782118707738543,0.8395833333333333,77,29,0.8285714285714286,0.94,0.9620853080568721,0.987987987987988,0.8285714285714286,42,8
754,consecutive,"{""min_consecutive"": 6, ""threshold"": 0.375}",0.8395833333333333,0.9438366156090445,0.9159090909090909,0.9722013523666416,0.8395833333333333,77,37,0.8408163265306122,0.9437229437229437,0.944954128440367,0.9819819819819819,0.8408163265306122,39,12
755,consecutive_count,"{""min_consecutive"": 6, ""min_count"": 2, ""threshold"": 0.375}",0.8395833333333333,0.9438366156090445,0.9159090909090909,0.9722013523666416,0.8395833333333333,77,37,0.8408163265306122,0.9437229437229437,0.944954128440367,0.9819819819819819,0.8408163265306122,39,12
756,consecutive_count,"{""min_consecutive"": 6, ""min_count"": 3, ""threshold"": 0.375}",0.8395833333333333,0.9438366156090445,0.9159090909090909,0.9722013523666416,0.8395833333333333,77,37,0.8408163265306122,0.9437229437229437,0.944954128440367,0.9819819819819819,0.8408163265306122,39,12
757,consecutive_count,"{""min_consecutive"": 6, ""min_count"": 4, ""threshold"": 0.375}",0.8395833333333333,0.9438366156090445,0.9159090909090909,0.9722013523666416,0.8395833333333333,77,37,0.8408163265306122,0.9437229437229437,0.944954128440367,0.9819819819819819,0.8408163265306122,39,12
758,consecutive_count,"{""min_consecutive"": 6, ""min_count"": 5, ""threshold"": 0.375}",0.8395833333333333,0.9438366156090445,0.9159090909090909,0.9722013523666416,0.8395833333333333,77,37,0.8408163265306122,0.9437229437229437,0.944954128440367,0.9819819819819819,0.8408163265306122,39,12
759,consecutive_count,"{""min_consecutive"": 6, ""min_count"": 6, ""threshold"": 0.375}",0.8395833333333333,0.9438366156090445,0.9159090909090909,0.9722013523666416,0.8395833333333333,77,37,0.8408163265306122,0.9437229437229437,0.944954128440367,0.9819819819819819,0.8408163265306122,39,12
760,consecutive_ratio,"{""min_consecutive"": 6, ""min_ratio"": 0.03, ""threshold"": 0.375}",0.8395833333333333,0.9438366156090445,0.9159090909090909,0.9722013523666416,0.8395833333333333,77,37,0.8408163265306122,0.9437229437229437,0.944954128440367,0.9819819819819819,0.8408163265306122,39,12
761,consecutive_ratio,"{""min_consecutive"": 6, ""min_ratio"": 0.05, ""threshold"": 0.375}",0.8395833333333333,0.9438366156090445,0.9159090909090909,0.9722013523666416,0.8395833333333333,77,37,0.8408163265306122,0.9437229437229437,0.944954128440367,0.9819819819819819,0.8408163265306122,39,12
762,consecutive_ratio,"{""min_consecutive"": 6, ""min_ratio"": 0.07, ""threshold"": 0.375}",0.8395833333333333,0.9438366156090445,0.9159090909090909,0.9722013523666416,0.8395833333333333,77,37,0.8408163265306122,0.9437229437229437,0.944954128440367,0.9819819819819819,0.8408163265306122,39,12
763,consecutive_ratio,"{""min_consecutive"": 6, ""min_ratio"": 0.09, ""threshold"": 0.375}",0.8395833333333333,0.9438366156090445,0.9159090909090909,0.9722013523666416,0.8395833333333333,77,37,0.8408163265306122,0.9437229437229437,0.944954128440367,0.9819819819819819,0.8408163265306122,39,12
764,consecutive_ratio,"{""min_consecutive"": 6, ""min_ratio"": 0.11, ""threshold"": 0.375}",0.8395833333333333,0.9438366156090445,0.9159090909090909,0.9722013523666416,0.8395833333333333,77,37,0.8408163265306122,0.9437229437229437,0.944954128440367,0.9819819819819819,0.8408163265306122,39,12
765,consecutive_ratio,"{""min_consecutive"": 6, ""min_ratio"": 0.13, ""threshold"": 0.375}",0.8395833333333333,0.9438366156090445,0.9159090909090909,0.9722013523666416,0.8395833333333333,77,37,0.8408163265306122,0.9437229437229437,0.944954128440367,0.9819819819819819,0.8408163265306122,39,12
766,hysteresis,"{""high"": 0.525, ""low"": 0.475, ""min_consecutive"": 6}",0.839458413926499,0.964451313755796,0.839458413926499,0.9376408715251691,0.9041666666666667,46,83,0.88671875,0.9725190839694656,0.88671875,0.9564564564564565,0.926530612244898,18,29
767,topk_mean,"{""threshold"": 0.625, ""top_k"": 2}",0.8377862595419847,0.9681429681429682,0.8377862595419847,0.9361382419233659,0.9145833333333333,41,85,0.8641509433962264,0.9752321981424149,0.8641509433962264,0.9459459459459459,0.9346938775510204,16,36
768,consecutive_count,"{""min_consecutive"": 6, ""min_count"": 8, ""threshold"": 0.45}",0.8375241779497099,0.9636785162287481,0.8375241779497099,0.9368895567242674,0.9020833333333333,47,84,0.8983739837398373,0.9639097744360903,0.8983739837398373,0.9624624624624625,0.9020408163265307,24,25
769,consecutive_count,"{""min_consecutive"": 1, ""min_count"": 5, ""threshold"": 0.4}",0.8375,0.9435600578871202,0.9370629370629371,0.9797145003756574,0.8375,78,27,0.8244897959183674,0.9386590584878745,0.9619047619047619,0.987987987987988,0.8244897959183674,43,8
770,consecutive_ratio,"{""min_consecutive"": 1, ""min_ratio"": 0.11, ""threshold"": 0.4}",0.8375,0.9435600578871202,0.9370629370629371,0.9797145003756574,0.8375,78,27,0.8244897959183674,0.9386590584878745,0.9619047619047619,0.987987987987988,0.8244897959183674,43,8
771,consecutive_count,"{""min_consecutive"": 2, ""min_count"": 5, ""threshold"": 0.4}",0.8375,0.9435600578871202,0.9370629370629371,0.9797145003756574,0.8375,78,27,0.8244897959183674,0.9386590584878745,0.9619047619047619,0.987987987987988,0.8244897959183674,43,8
772,consecutive_ratio,"{""min_consecutive"": 2, ""min_ratio"": 0.11, ""threshold"": 0.4}",0.8375,0.9435600578871202,0.9370629370629371,0.9797145003756574,0.8375,78,27,0.8244897959183674,0.9386590584878745,0.9619047619047619,0.987987987987988,0.8244897959183674,43,8
773,consecutive_count,"{""min_consecutive"": 3, ""min_count"": 5, ""threshold"": 0.4}",0.8375,0.9435600578871202,0.9370629370629371,0.9797145003756574,0.8375,78,27,0.8244897959183674,0.9386590584878745,0.9619047619047619,0.987987987987988,0.8244897959183674,43,8
774,consecutive_ratio,"{""min_consecutive"": 3, ""min_ratio"": 0.11, ""threshold"": 0.4}",0.8375,0.9435600578871202,0.9370629370629371,0.9797145003756574,0.8375,78,27,0.8244897959183674,0.9386590584878745,0.9619047619047619,0.987987987987988,0.8244897959183674,43,8
775,consecutive_count,"{""min_consecutive"": 1, ""min_count"": 4, ""threshold"": 0.425}",0.8375,0.9433962264150944,0.9284064665127021,0.976709241172051,0.8375,78,31,0.8408163265306122,0.9440459110473458,0.9626168224299065,0.987987987987988,0.8408163265306122,39,8
776,consecutive_ratio,"{""min_consecutive"": 1, ""min_ratio"": 0.09, ""threshold"": 0.425}",0.8375,0.9433962264150944,0.9284064665127021,0.976709241172051,0.8375,78,31,0.8408163265306122,0.9440459110473458,0.9626168224299065,0.987987987987988,0.8408163265306122,39,8
777,consecutive_count,"{""min_consecutive"": 2, ""min_count"": 4, ""threshold"": 0.425}",0.8375,0.9433962264150944,0.9284064665127021,0.976709241172051,0.8375,78,31,0.8408163265306122,0.9440459110473458,0.9626168224299065,0.987987987987988,0.8408163265306122,39,8
778,consecutive_ratio,"{""min_consecutive"": 2, ""min_ratio"": 0.09, ""threshold"": 0.425}",0.8375,0.9433962264150944,0.9284064665127021,0.976709241172051,0.8375,78,31,0.8408163265306122,0.9440459110473458,0.9626168224299065,0.987987987987988,0.8408163265306122,39,8
779,hysteresis,"{""high"": 0.5, ""low"": 0.35, ""min_consecutive"": 4}",0.8375,0.9433139534883721,0.9241379310344827,0.9752066115702479,0.8375,78,33,0.8489795918367347,0.946685878962536,0.9585253456221198,0.9864864864864865,0.8489795918367347,37,9
780,hysteresis,"{""high"": 0.45, ""low"": 0.35, ""min_consecutive"": 6}",0.8375,0.9432314410480349,0.919908466819222,0.9737039819684448,0.8375,78,35,0.8408163265306122,0.943884892086331,0.9537037037037037,0.984984984984985,0.8408163265306122,39,10
781,hysteresis,"{""high"": 0.475, ""low"": 0.275, ""min_consecutive"": 8}",0.8375,0.9430656934306569,0.9115646258503401,0.9706987227648385,0.8375,78,39,0.8367346938775511,0.9425287356321839,0.9534883720930233,0.984984984984985,0.8367346938775511,40,10
782,consecutive_count,"{""min_consecutive"": 7, ""min_count"": 8, ""threshold"": 0.35}",0.8375,0.9428571428571428,0.9013452914798207,0.9669421487603306,0.8375,78,44,0.8326530612244898,0.9410071942446043,0.9444444444444444,0.9819819819819819,0.8326530612244898,41,12
783,topk_mean,"{""threshold"": 0.6, ""top_k"": 4}",0.8374760994263862,0.967391304347826,0.8374760994263862,0.9361382419233659,0.9125,42,85,0.8646616541353384,0.9767441860465116,0.8646616541353384,0.9459459459459459,0.9387755102040817,15,36
784,consecutive,"{""min_consecutive"": 2, ""threshold"": 0.6}",0.8371647509578544,0.9666408068269977,0.8371647509578544,0.9361382419233659,0.9104166666666667,43,85,0.8609022556390977,0.9751937984496124,0.8609022556390977,0.9444444444444444,0.9346938775510204,16,37
785,consecutive_count,"{""min_consecutive"": 2, ""min_count"": 2, ""threshold"": 0.6}",0.8371647509578544,0.9666408068269977,0.8371647509578544,0.9361382419233659,0.9104166666666667,43,85,0.8609022556390977,0.9751937984496124,0.8609022556390977,0.9444444444444444,0.9346938775510204,16,37
786,consecutive_ratio,"{""min_consecutive"": 2, ""min_ratio"": 0.03, ""threshold"": 0.6}",0.8371647509578544,0.9666408068269977,0.8371647509578544,0.9361382419233659,0.9104166666666667,43,85,0.8609022556390977,0.9751937984496124,0.8609022556390977,0.9444444444444444,0.9346938775510204,16,37
787,hysteresis,"{""high"": 0.625, ""low"": 0.425, ""min_consecutive"": 5}",0.8371212121212122,0.970381917381138,0.8371212121212122,0.9353869271224643,0.9208333333333333,38,86,0.8679245283018868,0.9767801857585139,0.8679245283018868,0.9474474474474475,0.9387755102040817,15,35
788,consecutive,"{""min_consecutive"": 3, ""threshold"": 0.575}",0.8365384615384616,0.965143299767622,0.8365384615384616,0.9361382419233659,0.90625,45,85,0.8587360594795539,0.9781931464174455,0.8587360594795539,0.9429429429429429,0.9428571428571428,14,38
789,consecutive_count,"{""min_consecutive"": 3, ""min_count"": 2, ""threshold"": 0.575}",0.8365384615384616,0.965143299767622,0.8365384615384616,0.9361382419233659,0.90625,45,85,0.8587360594795539,0.9781931464174455,0.8587360594795539,0.9429429429429429,0.9428571428571428,14,38
790,consecutive_count,"{""min_consecutive"": 3, ""min_count"": 3, ""threshold"": 0.575}",0.8365384615384616,0.965143299767622,0.8365384615384616,0.9361382419233659,0.90625,45,85,0.8587360594795539,0.9781931464174455,0.8587360594795539,0.9429429429429429,0.9428571428571428,14,38
791,consecutive_ratio,"{""min_consecutive"": 3, ""min_ratio"": 0.03, ""threshold"": 0.575}",0.8365384615384616,0.965143299767622,0.8365384615384616,0.9361382419233659,0.90625,45,85,0.8587360594795539,0.9781931464174455,0.8587360594795539,0.9429429429429429,0.9428571428571428,14,38
792,consecutive_ratio,"{""min_consecutive"": 3, ""min_ratio"": 0.05, ""threshold"": 0.575}",0.8365384615384616,0.965143299767622,0.8365384615384616,0.9361382419233659,0.90625,45,85,0.8587360594795539,0.9781931464174455,0.8587360594795539,0.9429429429429429,0.9428571428571428,14,38
793,consecutive_ratio,"{""min_consecutive"": 3, ""min_ratio"": 0.07, ""threshold"": 0.575}",0.8365384615384616,0.965143299767622,0.8365384615384616,0.9361382419233659,0.90625,45,85,0.8587360594795539,0.9781931464174455,0.8587360594795539,0.9429429429429429,0.9428571428571428,14,38
794,consecutive,"{""min_consecutive"": 5, ""threshold"": 0.525}",0.8355640535372849,0.9666149068322981,0.8355640535372849,0.9353869271224643,0.9104166666666667,43,86,0.8550185873605948,0.9766355140186916,0.8550185873605948,0.9414414414414415,0.9387755102040817,15,39
795,consecutive_count,"{""min_consecutive"": 5, ""min_count"": 2, ""threshold"": 0.525}",0.8355640535372849,0.9666149068322981,0.8355640535372849,0.9353869271224643,0.9104166666666667,43,86,0.8550185873605948,0.9766355140186916,0.8550185873605948,0.9414414414414415,0.9387755102040817,15,39
796,consecutive_count,"{""min_consecutive"": 5, ""min_count"": 3, ""threshold"": 0.525}",0.8355640535372849,0.9666149068322981,0.8355640535372849,0.9353869271224643,0.9104166666666667,43,86,0.8550185873605948,0.9766355140186916,0.8550185873605948,0.9414414414414415,0.9387755102040817,15,39
797,consecutive_count,"{""min_consecutive"": 5, ""min_count"": 4, ""threshold"": 0.525}",0.8355640535372849,0.9666149068322981,0.8355640535372849,0.9353869271224643,0.9104166666666667,43,86,0.8550185873605948,0.9766355140186916,0.8550185873605948,0.9414414414414415,0.9387755102040817,15,39
798,consecutive_count,"{""min_consecutive"": 5, ""min_count"": 5, ""threshold"": 0.525}",0.8355640535372849,0.9666149068322981,0.8355640535372849,0.9353869271224643,0.9104166666666667,43,86,0.8550185873605948,0.9766355140186916,0.8550185873605948,0.9414414414414415,0.9387755102040817,15,39
799,consecutive_ratio,"{""min_consecutive"": 5, ""min_ratio"": 0.03, ""threshold"": 0.525}",0.8355640535372849,0.9666149068322981,0.8355640535372849,0.9353869271224643,0.9104166666666667,43,86,0.8550185873605948,0.9766355140186916,0.8550185873605948,0.9414414414414415,0.9387755102040817,15,39
800,consecutive_ratio,"{""min_consecutive"": 5, ""min_ratio"": 0.05, ""threshold"": 0.525}",0.8355640535372849,0.9666149068322981,0.8355640535372849,0.9353869271224643,0.9104166666666667,43,86,0.8550185873605948,0.9766355140186916,0.8550185873605948,0.9414414414414415,0.9387755102040817,15,39
801,consecutive_ratio,"{""min_consecutive"": 5, ""min_ratio"": 0.07, ""threshold"": 0.525}",0.8355640535372849,0.9666149068322981,0.8355640535372849,0.9353869271224643,0.9104166666666667,43,86,0.8550185873605948,0.9766355140186916,0.8550185873605948,0.9414414414414415,0.9387755102040817,15,39
802,consecutive_ratio,"{""min_consecutive"": 5, ""min_ratio"": 0.09, ""threshold"": 0.525}",0.8355640535372849,0.9666149068322981,0.8355640535372849,0.9353869271224643,0.9104166666666667,43,86,0.8550185873605948,0.9766355140186916,0.8550185873605948,0.9414414414414415,0.9387755102040817,15,39
803,consecutive_ratio,"{""min_consecutive"": 5, ""min_ratio"": 0.11, ""threshold"": 0.525}",0.8355640535372849,0.9666149068322981,0.8355640535372849,0.9353869271224643,0.9104166666666667,43,86,0.8550185873605948,0.9766355140186916,0.8550185873605948,0.9414414414414415,0.9387755102040817,15,39
804,consecutive,"{""min_consecutive"": 4, ""threshold"": 0.55}",0.8355640535372849,0.9666149068322981,0.8355640535372849,0.9353869271224643,0.9104166666666667,43,86,0.8614232209737828,0.9767080745341615,0.8614232209737828,0.9444444444444444,0.9387755102040817,15,37
805,consecutive_count,"{""min_consecutive"": 4, ""min_count"": 2, ""threshold"": 0.55}",0.8355640535372849,0.9666149068322981,0.8355640535372849,0.9353869271224643,0.9104166666666667,43,86,0.8614232209737828,0.9767080745341615,0.8614232209737828,0.9444444444444444,0.9387755102040817,15,37
806,consecutive_count,"{""min_consecutive"": 4, ""min_count"": 3, ""threshold"": 0.55}",0.8355640535372849,0.9666149068322981,0.8355640535372849,0.9353869271224643,0.9104166666666667,43,86,0.8614232209737828,0.9767080745341615,0.8614232209737828,0.9444444444444444,0.9387755102040817,15,37
807,consecutive_count,"{""min_consecutive"": 4, ""min_count"": 4, ""threshold"": 0.55}",0.8355640535372849,0.9666149068322981,0.8355640535372849,0.9353869271224643,0.9104166666666667,43,86,0.8614232209737828,0.9767080745341615,0.8614232209737828,0.9444444444444444,0.9387755102040817,15,37
808,consecutive_ratio,"{""min_consecutive"": 4, ""min_ratio"": 0.03, ""threshold"": 0.55}",0.8355640535372849,0.9666149068322981,0.8355640535372849,0.9353869271224643,0.9104166666666667,43,86,0.8614232209737828,0.9767080745341615,0.8614232209737828,0.9444444444444444,0.9387755102040817,15,37
809,consecutive_ratio,"{""min_consecutive"": 4, ""min_ratio"": 0.05, ""threshold"": 0.55}",0.8355640535372849,0.9666149068322981,0.8355640535372849,0.9353869271224643,0.9104166666666667,43,86,0.8614232209737828,0.9767080745341615,0.8614232209737828,0.9444444444444444,0.9387755102040817,15,37
810,consecutive_ratio,"{""min_consecutive"": 4, ""min_ratio"": 0.07, ""threshold"": 0.55}",0.8355640535372849,0.9666149068322981,0.8355640535372849,0.9353869271224643,0.9104166666666667,43,86,0.8614232209737828,0.9767080745341615,0.8614232209737828,0.9444444444444444,0.9387755102040817,15,37
811,consecutive_ratio,"{""min_consecutive"": 4, ""min_ratio"": 0.09, ""threshold"": 0.55}",0.8355640535372849,0.9666149068322981,0.8355640535372849,0.9353869271224643,0.9104166666666667,43,86,0.8614232209737828,0.9767080745341615,0.8614232209737828,0.9444444444444444,0.9387755102040817,15,37
812,hysteresis,"{""high"": 0.525, ""low"": 0.425, ""min_consecutive"": 8}",0.8355640535372849,0.9666149068322981,0.8355640535372849,0.9353869271224643,0.9104166666666667,43,86,0.892,0.9667170953101362,0.892,0.9594594594594594,0.9102040816326531,22,27
813,hysteresis,"{""high"": 0.575, ""low"": 0.425, ""min_consecutive"": 7}",0.8355640535372849,0.9666149068322981,0.8355640535372849,0.9353869271224643,0.9104166666666667,43,86,0.8837209302325582,0.9739663093415007,0.8837209302325582,0.954954954954955,0.9306122448979591,17,30
814,topk_mean,"{""threshold"": 0.425, ""top_k"": 7}",0.8354166666666667,0.942836468885673,0.9347319347319347,0.9789631855747558,0.8354166666666667,79,28,0.8367346938775511,0.9427753934191703,0.9669811320754716,0.9894894894894894,0.8367346938775511,40,7
815,topk_mean,"{""threshold"": 0.45, ""top_k"": 5}",0.8354166666666667,0.9427121102248006,0.9282407407407407,0.976709241172051,0.8354166666666667,79,31,0.8326530612244898,0.9414285714285714,0.966824644549763,0.9894894894894894,0.8326530612244898,41,7
816,consecutive_count,"{""min_consecutive"": 1, ""min_count"": 2, ""threshold"": 0.475}",0.8354166666666667,0.9427121102248006,0.9282407407407407,0.976709241172051,0.8354166666666667,79,31,0.8367346938775511,0.9427753934191703,0.9669811320754716,0.9894894894894894,0.8367346938775511,40,7
817,consecutive_ratio,"{""min_consecutive"": 1, ""min_ratio"": 0.03, ""threshold"": 0.475}",0.8354166666666667,0.9427121102248006,0.9282407407407407,0.976709241172051,0.8354166666666667,79,31,0.8367346938775511,0.9427753934191703,0.9669811320754716,0.9894894894894894,0.8367346938775511,40,7
818,hysteresis,"{""high"": 0.5, ""low"": 0.3, ""min_consecutive"": 5}",0.8354166666666667,0.9426705370101597,0.9260969976905312,0.9759579263711495,0.8354166666666667,79,32,0.8530612244897959,0.948051948051948,0.9587155963302753,0.9864864864864865,0.8530612244897959,36,9
819,consecutive_count,"{""min_consecutive"": 5, ""min_count"": 6, ""threshold"": 0.375}",0.8354166666666667,0.9426289034132171,0.923963133640553,0.9752066115702479,0.8354166666666667,79,33,0.8285714285714286,0.9398280802292264,0.9530516431924883,0.984984984984985,0.8285714285714286,42,10
820,consecutive_ratio,"{""min_consecutive"": 5, ""min_ratio"": 0.13, ""threshold"": 0.375}",0.8354166666666667,0.9426289034132171,0.923963133640553,0.9752066115702479,0.8354166666666667,79,33,0.8285714285714286,0.9398280802292264,0.9530516431924883,0.984984984984985,0.8285714285714286,42,10
821,hysteresis,"{""high"": 0.5, ""low"": 0.45, ""min_consecutive"": 2}",0.8354166666666667,0.9426289034132171,0.923963133640553,0.9752066115702479,0.8354166666666667,79,33,0.8489795918367347,0.946685878962536,0.9585253456221198,0.9864864864864865,0.8489795918367347,37,9
822,consecutive_count,"{""min_consecutive"": 1, ""min_count"": 12, ""threshold"": 0.375}",0.8349328214971209,0.9651162790697675,0.8349328214971209,0.9353869271224643,0.90625,45,86,0.8734693877551021,0.9538690476190477,0.895397489539749,0.9624624624624625,0.8734693877551021,31,25
823,consecutive_count,"{""min_consecutive"": 2, ""min_count"": 12, ""threshold"": 0.375}",0.8349328214971209,0.9651162790697675,0.8349328214971209,0.9353869271224643,0.90625,45,86,0.8734693877551021,0.9538690476190477,0.895397489539749,0.9624624624624625,0.8734693877551021,31,25
824,consecutive_count,"{""min_consecutive"": 3, ""min_count"": 12, ""threshold"": 0.375}",0.8349328214971209,0.9651162790697675,0.8349328214971209,0.9353869271224643,0.90625,45,86,0.8734693877551021,0.9538690476190477,0.895397489539749,0.9624624624624625,0.8734693877551021,31,25
825,consecutive_count,"{""min_consecutive"": 4, ""min_count"": 12, ""threshold"": 0.375}",0.8349328214971209,0.9651162790697675,0.8349328214971209,0.9353869271224643,0.90625,45,86,0.8734693877551021,0.9538690476190477,0.895397489539749,0.9624624624624625,0.8734693877551021,31,25
826,consecutive_count,"{""min_consecutive"": 5, ""min_count"": 12, ""threshold"": 0.375}",0.8349328214971209,0.9651162790697675,0.8349328214971209,0.9353869271224643,0.90625,45,86,0.8734693877551021,0.9538690476190477,0.895397489539749,0.9624624624624625,0.8734693877551021,31,25
827,consecutive_count,"{""min_consecutive"": 6, ""min_count"": 12, ""threshold"": 0.375}",0.8349328214971209,0.9651162790697675,0.8349328214971209,0.9353869271224643,0.90625,45,86,0.8734693877551021,0.9538690476190477,0.895397489539749,0.9624624624624625,0.8734693877551021,31,25
828,hysteresis,"{""high"": 0.6, ""low"": 0.4, ""min_consecutive"": 7}",0.8346007604562737,0.9680933852140078,0.8346007604562737,0.9346356123215628,0.9145833333333333,41,87,0.8740458015267175,0.975346687211094,0.8740458015267175,0.9504504504504504,0.9346938775510204,16,33
829,consecutive_count,"{""min_consecutive"": 4, ""min_count"": 7, ""threshold"": 0.475}",0.833969465648855,0.9665889665889665,0.833969465648855,0.9346356123215628,0.9104166666666667,43,87,0.8968253968253969,0.9711684370257967,0.8968253968253969,0.960960960960961,0.9224489795918367,19,26
830,consecutive_ratio,"{""min_consecutive"": 4, ""min_ratio"": 0.15, ""threshold"": 0.475}",0.833969465648855,0.9665889665889665,0.833969465648855,0.9346356123215628,0.9104166666666667,43,87,0.8968253968253969,0.9711684370257967,0.8968253968253969,0.960960960960961,0.9224489795918367,19,26
831,consecutive_count,"{""min_consecutive"": 5, ""min_count"": 7, ""threshold"": 0.475}",0.833969465648855,0.9665889665889665,0.833969465648855,0.9346356123215628,0.9104166666666667,43,87,0.8972332015810277,0.9726443768996961,0.8972332015810277,0.960960960960961,0.926530612244898,18,26
832,consecutive_ratio,"{""min_consecutive"": 5, ""min_ratio"": 0.15, ""threshold"": 0.475}",0.833969465648855,0.9665889665889665,0.833969465648855,0.9346356123215628,0.9104166666666667,43,87,0.8972332015810277,0.9726443768996961,0.8972332015810277,0.960960960960961,0.926530612244898,18,26
833,consecutive_count,"{""min_consecutive"": 1, ""min_count"": 7, ""threshold"": 0.475}",0.8336520076481836,0.9658385093167702,0.8336520076481836,0.9346356123215628,0.9083333333333333,44,87,0.8968253968253969,0.9711684370257967,0.8968253968253969,0.960960960960961,0.9224489795918367,19,26
834,consecutive_ratio,"{""min_consecutive"": 1, ""min_ratio"": 0.15, ""threshold"": 0.475}",0.8336520076481836,0.9658385093167702,0.8336520076481836,0.9346356123215628,0.9083333333333333,44,87,0.8968253968253969,0.9711684370257967,0.8968253968253969,0.960960960960961,0.9224489795918367,19,26
835,consecutive_count,"{""min_consecutive"": 2, ""min_count"": 7, ""threshold"": 0.475}",0.8336520076481836,0.9658385093167702,0.8336520076481836,0.9346356123215628,0.9083333333333333,44,87,0.8968253968253969,0.9711684370257967,0.8968253968253969,0.960960960960961,0.9224489795918367,19,26
836,consecutive_ratio,"{""min_consecutive"": 2, ""min_ratio"": 0.15, ""threshold"": 0.475}",0.8336520076481836,0.9658385093167702,0.8336520076481836,0.9346356123215628,0.9083333333333333,44,87,0.8968253968253969,0.9711684370257967,0.8968253968253969,0.960960960960961,0.9224489795918367,19,26
837,consecutive_count,"{""min_consecutive"": 3, ""min_count"": 7, ""threshold"": 0.475}",0.8336520076481836,0.9658385093167702,0.8336520076481836,0.9346356123215628,0.9083333333333333,44,87,0.8968253968253969,0.9711684370257967,0.8968253968253969,0.960960960960961,0.9224489795918367,19,26
838,consecutive_ratio,"{""min_consecutive"": 3, ""min_ratio"": 0.15, ""threshold"": 0.475}",0.8336520076481836,0.9658385093167702,0.8336520076481836,0.9346356123215628,0.9083333333333333,44,87,0.8968253968253969,0.9711684370257967,0.8968253968253969,0.960960960960961,0.9224489795918367,19,26
839,consecutive_count,"{""min_consecutive"": 1, ""min_count"": 3, ""threshold"": 0.45}",0.8333333333333334,0.942070963070239,0.9302325581395349,0.9774605559729527,0.8333333333333334,80,30,0.8326530612244898,0.9415121255349501,0.9714285714285714,0.990990990990991,0.8326530612244898,41,6
840,consecutive_ratio,"{""min_consecutive"": 1, ""min_ratio"": 0.05, ""threshold"": 0.45}",0.8333333333333334,0.942070963070239,0.9302325581395349,0.9774605559729527,0.8333333333333334,80,30,0.8326530612244898,0.9415121255349501,0.9714285714285714,0.990990990990991,0.8326530612244898,41,6
841,consecutive_ratio,"{""min_consecutive"": 1, ""min_ratio"": 0.07, ""threshold"": 0.45}",0.8333333333333334,0.942070963070239,0.9302325581395349,0.9774605559729527,0.8333333333333334,80,30,0.8326530612244898,0.9415121255349501,0.9714285714285714,0.990990990990991,0.8326530612244898,41,6
842,consecutive_count,"{""min_consecutive"": 2, ""min_count"": 3, ""threshold"": 0.45}",0.8333333333333334,0.942070963070239,0.9302325581395349,0.9774605559729527,0.8333333333333334,80,30,0.8367346938775511,0.9428571428571428,0.9715639810426541,0.990990990990991,0.8367346938775511,40,6
843,consecutive_ratio,"{""min_consecutive"": 2, ""min_ratio"": 0.05, ""threshold"": 0.45}",0.8333333333333334,0.942070963070239,0.9302325581395349,0.9774605559729527,0.8333333333333334,80,30,0.8367346938775511,0.9428571428571428,0.9715639810426541,0.990990990990991,0.8367346938775511,40,6
844,consecutive_ratio,"{""min_consecutive"": 2, ""min_ratio"": 0.07, ""threshold"": 0.45}",0.8333333333333334,0.942070963070239,0.9302325581395349,0.9774605559729527,0.8333333333333334,80,30,0.8367346938775511,0.9428571428571428,0.9715639810426541,0.990990990990991,0.8367346938775511,40,6
845,consecutive_count,"{""min_consecutive"": 1, ""min_count"": 11, ""threshold"": 0.4}",0.8333333333333334,0.9650892164468581,0.8333333333333334,0.9346356123215628,0.90625,45,87,0.8938775510204081,0.9610778443113772,0.9012345679012346,0.963963963963964,0.8938775510204081,26,24
846,consecutive_count,"{""min_consecutive"": 2, ""min_count"": 11, ""threshold"": 0.4}",0.8333333333333334,0.9650892164468581,0.8333333333333334,0.9346356123215628,0.90625,45,87,0.8938775510204081,0.9610778443113772,0.9012345679012346,0.963963963963964,0.8938775510204081,26,24
847,consecutive_count,"{""min_consecutive"": 3, ""min_count"": 11, ""threshold"": 0.4}",0.8333333333333334,0.9650892164468581,0.8333333333333334,0.9346356123215628,0.90625,45,87,0.8938775510204081,0.9610778443113772,0.9012345679012346,0.963963963963964,0.8938775510204081,26,24
848,consecutive_count,"{""min_consecutive"": 7, ""min_count"": 8, ""threshold"": 0.45}",0.8326923076923077,0.9635941130906274,0.8326923076923077,0.9346356123215628,0.9020833333333333,47,87,0.8983739837398373,0.9639097744360903,0.8983739837398373,0.9624624624624625,0.9020408163265307,24,25
849,hysteresis,"{""high"": 0.55, ""low"": 0.45, ""min_consecutive"": 7}",0.8323809523809523,0.9665629860031104,0.8323809523809523,0.9338842975206612,0.9104166666666667,43,88,0.889763779527559,0.9710806697108066,0.889763779527559,0.9579579579579579,0.9224489795918367,19,28
850,hysteresis,"{""high"": 0.55, ""low"": 0.4, ""min_consecutive"": 9}",0.8320610687022901,0.9658119658119658,0.8320610687022901,0.9338842975206612,0.9083333333333333,44,88,0.8832684824902723,0.9724770642201835,0.8832684824902723,0.954954954954955,0.926530612244898,18,30
851,consecutive_count,"{""min_consecutive"": 7, ""min_count"": 12, ""threshold"": 0.375}",0.8317399617590823,0.9650621118012422,0.8317399617590823,0.9338842975206612,0.90625,45,88,0.8734693877551021,0.9538690476190477,0.895397489539749,0.9624624624624625,0.8734693877551021,31,25
852,consecutive_count,"{""min_consecutive"": 4, ""min_count"": 11, ""threshold"": 0.4}",0.8317399617590823,0.9650621118012422,0.8317399617590823,0.9338842975206612,0.90625,45,88,0.8938775510204081,0.9610778443113772,0.9012345679012346,0.963963963963964,0.8938775510204081,26,24
853,consecutive_count,"{""min_consecutive"": 5, ""min_count"": 11, ""threshold"": 0.4}",0.8317399617590823,0.9650621118012422,0.8317399617590823,0.9338842975206612,0.90625,45,88,0.8938775510204081,0.9610778443113772,0.9012345679012346,0.963963963963964,0.8938775510204081,26,24
854,consecutive_count,"{""min_consecutive"": 6, ""min_count"": 11, ""threshold"": 0.4}",0.8317399617590823,0.9650621118012422,0.8317399617590823,0.9338842975206612,0.90625,45,88,0.8938775510204081,0.9610778443113772,0.9012345679012346,0.963963963963964,0.8938775510204081,26,24
855,consecutive_count,"{""min_consecutive"": 1, ""min_count"": 10, ""threshold"": 0.425}",0.8314176245210728,0.9643134212567882,0.8314176245210728,0.9338842975206612,0.9041666666666667,46,88,0.9020408163265307,0.9640179910044977,0.9057377049180327,0.9654654654654654,0.9020408163265307,24,23
856,consecutive_count,"{""min_consecutive"": 2, ""min_count"": 10, ""threshold"": 0.425}",0.8314176245210728,0.9643134212567882,0.8314176245210728,0.9338842975206612,0.9041666666666667,46,88,0.9020408163265307,0.9640179910044977,0.9057377049180327,0.9654654654654654,0.9020408163265307,24,23
857,consecutive_count,"{""min_consecutive"": 3, ""min_count"": 10, ""threshold"": 0.425}",0.8314176245210728,0.9643134212567882,0.8314176245210728,0.9338842975206612,0.9041666666666667,46,88,0.9020408163265307,0.9640179910044977,0.9057377049180327,0.9654654654654654,0.9020408163265307,24,23
858,consecutive_count,"{""min_consecutive"": 4, ""min_count"": 10, ""threshold"": 0.425}",0.8314176245210728,0.9643134212567882,0.8314176245210728,0.9338842975206612,0.9041666666666667,46,88,0.9020408163265307,0.9640179910044977,0.9057377049180327,0.9654654654654654,0.9020408163265307,24,23
859,consecutive_count,"{""min_consecutive"": 4, ""min_count"": 6, ""threshold"": 0.375}",0.83125,0.9413892908827786,0.9300699300699301,0.9774605559729527,0.83125,81,30,0.8244897959183674,0.9385714285714286,0.957345971563981,0.9864864864864865,0.8244897959183674,43,9
860,consecutive_ratio,"{""min_consecutive"": 4, ""min_ratio"": 0.13, ""threshold"": 0.375}",0.83125,0.9413892908827786,0.9300699300699301,0.9774605559729527,0.83125,81,30,0.8244897959183674,0.9385714285714286,0.957345971563981,0.9864864864864865,0.8244897959183674,43,9
861,hysteresis,"{""high"": 0.5, ""low"": 0.4, ""min_consecutive"": 3}",0.83125,0.9412191582002902,0.9214780600461894,0.9744552967693464,0.83125,81,34,0.8448979591836735,0.9453237410071943,0.9583333333333334,0.9864864864864865,0.8448979591836735,38,9
862,hysteresis,"{""high"": 0.475, ""low"": 0.325, ""min_consecutive"": 6}",0.83125,0.9411337209302325,0.9172413793103448,0.9729526671675433,0.83125,81,36,0.8408163265306122,0.9438040345821326,0.9493087557603687,0.9834834834834835,0.8408163265306122,39,11
863,consecutive,"{""min_consecutive"": 7, ""threshold"": 0.35}",0.83125,0.9410480349344978,0.9130434782608695,0.97145003756574,0.83125,81,38,0.8244897959183674,0.9383070301291249,0.9439252336448598,0.9819819819819819,0.8244897959183674,43,12
864,consecutive_count,"{""min_consecutive"": 7, ""min_count"": 2, ""threshold"": 0.35}",0.83125,0.9410480349344978,0.9130434782608695,0.97145003756574,0.83125,81,38,0.8244897959183674,0.9383070301291249,0.9439252336448598,0.9819819819819819,0.8244897959183674,43,12
865,consecutive_count,"{""min_consecutive"": 7, ""min_count"": 3, ""threshold"": 0.35}",0.83125,0.9410480349344978,0.9130434782608695,0.97145003756574,0.83125,81,38,0.8244897959183674,0.9383070301291249,0.9439252336448598,0.9819819819819819,0.8244897959183674,43,12
866,consecutive_count,"{""min_consecutive"": 7, ""min_count"": 4, ""threshold"": 0.35}",0.83125,0.9410480349344978,0.9130434782608695,0.97145003756574,0.83125,81,38,0.8244897959183674,0.9383070301291249,0.9439252336448598,0.9819819819819819,0.8244897959183674,43,12
867,consecutive_count,"{""min_consecutive"": 7, ""min_count"": 5, ""threshold"": 0.35}",0.83125,0.9410480349344978,0.9130434782608695,0.97145003756574,0.83125,81,38,0.8244897959183674,0.9383070301291249,0.9439252336448598,0.9819819819819819,0.8244897959183674,43,12
868,consecutive_count,"{""min_consecutive"": 7, ""min_count"": 6, ""threshold"": 0.35}",0.83125,0.9410480349344978,0.9130434782608695,0.97145003756574,0.83125,81,38,0.8244897959183674,0.9383070301291249,0.9439252336448598,0.9819819819819819,0.8244897959183674,43,12
869,consecutive_count,"{""min_consecutive"": 7, ""min_count"": 7, ""threshold"": 0.35}",0.83125,0.9410480349344978,0.9130434782608695,0.97145003756574,0.83125,81,38,0.8244897959183674,0.9383070301291249,0.9439252336448598,0.9819819819819819,0.8244897959183674,43,12
870,consecutive_ratio,"{""min_consecutive"": 7, ""min_ratio"": 0.03, ""threshold"": 0.35}",0.83125,0.9410480349344978,0.9130434782608695,0.97145003756574,0.83125,81,38,0.8244897959183674,0.9383070301291249,0.9439252336448598,0.9819819819819819,0.8244897959183674,43,12
871,consecutive_ratio,"{""min_consecutive"": 7, ""min_ratio"": 0.05, ""threshold"": 0.35}",0.83125,0.9410480349344978,0.9130434782608695,0.97145003756574,0.83125,81,38,0.8244897959183674,0.9383070301291249,0.9439252336448598,0.9819819819819819,0.8244897959183674,43,12
872,consecutive_ratio,"{""min_consecutive"": 7, ""min_ratio"": 0.07, ""threshold"": 0.35}",0.83125,0.9410480349344978,0.9130434782608695,0.97145003756574,0.83125,81,38,0.8244897959183674,0.9383070301291249,0.9439252336448598,0.9819819819819819,0.8244897959183674,43,12
873,consecutive_ratio,"{""min_consecutive"": 7, ""min_ratio"": 0.09, ""threshold"": 0.35}",0.83125,0.9410480349344978,0.9130434782608695,0.97145003756574,0.83125,81,38,0.8244897959183674,0.9383070301291249,0.9439252336448598,0.9819819819819819,0.8244897959183674,43,12
874,consecutive_ratio,"{""min_consecutive"": 7, ""min_ratio"": 0.11, ""threshold"": 0.35}",0.83125,0.9410480349344978,0.9130434782608695,0.97145003756574,0.83125,81,38,0.8244897959183674,0.9383070301291249,0.9439252336448598,0.9819819819819819,0.8244897959183674,43,12
875,consecutive_ratio,"{""min_consecutive"": 7, ""min_ratio"": 0.13, ""threshold"": 0.35}",0.83125,0.9410480349344978,0.9130434782608695,0.97145003756574,0.83125,81,38,0.8244897959183674,0.9383070301291249,0.9439252336448598,0.9819819819819819,0.8244897959183674,43,12
876,consecutive_ratio,"{""min_consecutive"": 7, ""min_ratio"": 0.15, ""threshold"": 0.35}",0.83125,0.9410480349344978,0.9130434782608695,0.97145003756574,0.83125,81,38,0.8244897959183674,0.9383070301291249,0.9439252336448598,0.9819819819819819,0.8244897959183674,43,12
877,hysteresis,"{""high"": 0.6, ""low"": 0.5, ""min_consecutive"": 5}",0.8311195445920304,0.9672897196261683,0.8311195445920304,0.9331329827197595,0.9125,42,89,0.8619402985074627,0.9782270606531882,0.8619402985074627,0.9444444444444444,0.9428571428571428,14,37
878,hysteresis,"{""high"": 0.6, ""low"": 0.4, ""min_consecutive"": 8}",0.8308270676691729,0.9702892885066459,0.8308270676691729,0.932381667918858,0.9208333333333333,38,90,0.8740458015267175,0.975346687211094,0.8740458015267175,0.9504504504504504,0.9346938775510204,16,33
879,consecutive,"{""min_consecutive"": 6, ""threshold"": 0.5}",0.8307984790874525,0.9665369649805448,0.8307984790874525,0.9331329827197595,0.9104166666666667,43,89,0.8679245283018868,0.9767801857585139,0.8679245283018868,0.9474474474474475,0.9387755102040817,15,35
880,consecutive_count,"{""min_consecutive"": 6, ""min_count"": 2, ""threshold"": 0.5}",0.8307984790874525,0.9665369649805448,0.8307984790874525,0.9331329827197595,0.9104166666666667,43,89,0.8679245283018868,0.9767801857585139,0.8679245283018868,0.9474474474474475,0.9387755102040817,15,35
881,consecutive_count,"{""min_consecutive"": 6, ""min_count"": 3, ""threshold"": 0.5}",0.8307984790874525,0.9665369649805448,0.8307984790874525,0.9331329827197595,0.9104166666666667,43,89,0.8679245283018868,0.9767801857585139,0.8679245283018868,0.9474474474474475,0.9387755102040817,15,35
882,consecutive_count,"{""min_consecutive"": 6, ""min_count"": 4, ""threshold"": 0.5}",0.8307984790874525,0.9665369649805448,0.8307984790874525,0.9331329827197595,0.9104166666666667,43,89,0.8679245283018868,0.9767801857585139,0.8679245283018868,0.9474474474474475,0.9387755102040817,15,35
883,consecutive_count,"{""min_consecutive"": 6, ""min_count"": 5, ""threshold"": 0.5}",0.8307984790874525,0.9665369649805448,0.8307984790874525,0.9331329827197595,0.9104166666666667,43,89,0.8679245283018868,0.9767801857585139,0.8679245283018868,0.9474474474474475,0.9387755102040817,15,35
884,consecutive_count,"{""min_consecutive"": 6, ""min_count"": 6, ""threshold"": 0.5}",0.8307984790874525,0.9665369649805448,0.8307984790874525,0.9331329827197595,0.9104166666666667,43,89,0.8679245283018868,0.9767801857585139,0.8679245283018868,0.9474474474474475,0.9387755102040817,15,35
885,consecutive_ratio,"{""min_consecutive"": 6, ""min_ratio"": 0.03, ""threshold"": 0.5}",0.8307984790874525,0.9665369649805448,0.8307984790874525,0.9331329827197595,0.9104166666666667,43,89,0.8679245283018868,0.9767801857585139,0.8679245283018868,0.9474474474474475,0.9387755102040817,15,35
886,consecutive_ratio,"{""min_consecutive"": 6, ""min_ratio"": 0.05, ""threshold"": 0.5}",0.8307984790874525,0.9665369649805448,0.8307984790874525,0.9331329827197595,0.9104166666666667,43,89,0.8679245283018868,0.9767801857585139,0.8679245283018868,0.9474474474474475,0.9387755102040817,15,35
887,consecutive_ratio,"{""min_consecutive"": 6, ""min_ratio"": 0.07, ""threshold"": 0.5}",0.8307984790874525,0.9665369649805448,0.8307984790874525,0.9331329827197595,0.9104166666666667,43,89,0.8679245283018868,0.9767801857585139,0.8679245283018868,0.9474474474474475,0.9387755102040817,15,35
888,consecutive_ratio,"{""min_consecutive"": 6, ""min_ratio"": 0.09, ""threshold"": 0.5}",0.8307984790874525,0.9665369649805448,0.8307984790874525,0.9331329827197595,0.9104166666666667,43,89,0.8679245283018868,0.9767801857585139,0.8679245283018868,0.9474474474474475,0.9387755102040817,15,35
889,consecutive_ratio,"{""min_consecutive"": 6, ""min_ratio"": 0.11, ""threshold"": 0.5}",0.8307984790874525,0.9665369649805448,0.8307984790874525,0.9331329827197595,0.9104166666666667,43,89,0.8679245283018868,0.9767801857585139,0.8679245283018868,0.9474474474474475,0.9387755102040817,15,35
890,consecutive_ratio,"{""min_consecutive"": 6, ""min_ratio"": 0.13, ""threshold"": 0.5}",0.8307984790874525,0.9665369649805448,0.8307984790874525,0.9331329827197595,0.9104166666666667,43,89,0.8679245283018868,0.9767801857585139,0.8679245283018868,0.9474474474474475,0.9387755102040817,15,35
891,topk_mean,"{""threshold"": 0.6, ""top_k"": 5}",0.8301886792452831,0.9687743950039032,0.8301886792452831,0.932381667918858,0.9166666666666666,40,90,0.8523985239852399,0.978125,0.8523985239852399,0.93993993993994,0.9428571428571428,14,40
892,hysteresis,"{""high"": 0.6, ""low"": 0.45, ""min_consecutive"": 6}",0.8301886792452831,0.9687743950039032,0.8301886792452831,0.932381667918858,0.9166666666666666,40,90,0.8712121212121212,0.9768160741885626,0.8712121212121212,0.948948948948949,0.9387755102040817,15,34
893,consecutive_count,"{""min_consecutive"": 7, ""min_count"": 11, ""threshold"": 0.4}",0.8301526717557252,0.965034965034965,0.8301526717557252,0.9331329827197595,0.90625,45,89,0.8938775510204081,0.9610194902548725,0.8975409836065574,0.9624624624624625,0.8938775510204081,26,25
894,consecutive_count,"{""min_consecutive"": 5, ""min_count"": 10, ""threshold"": 0.425}",0.8298279158699808,0.9642857142857143,0.8298279158699808,0.9331329827197595,0.9041666666666667,46,89,0.9020408163265307,0.9640179910044977,0.9057377049180327,0.9654654654654654,0.9020408163265307,24,23
895,consecutive_count,"{""min_consecutive"": 1, ""min_count"": 6, ""threshold"": 0.375}",0.8291666666666667,0.940708604483008,0.9299065420560748,0.9774605559729527,0.8291666666666667,82,30,0.8163265306122449,0.9358974358974359,0.9569377990430622,0.9864864864864865,0.8163265306122449,45,9
896,consecutive_ratio,"{""min_consecutive"": 1, ""min_ratio"": 0.13, ""threshold"": 0.375}",0.8291666666666667,0.940708604483008,0.9299065420560748,0.9774605559729527,0.8291666666666667,82,30,0.8163265306122449,0.9358974358974359,0.9569377990430622,0.9864864864864865,0.8163265306122449,45,9
897,consecutive_count,"{""min_consecutive"": 2, ""min_count"": 6, ""threshold"": 0.375}",0.8291666666666667,0.940708604483008,0.9299065420560748,0.9774605559729527,0.8291666666666667,82,30,0.8163265306122449,0.9358974358974359,0.9569377990430622,0.9864864864864865,0.8163265306122449,45,9
898,consecutive_ratio,"{""min_consecutive"": 2, ""min_ratio"": 0.13, ""threshold"": 0.375}",0.8291666666666667,0.940708604483008,0.9299065420560748,0.9774605559729527,0.8291666666666667,82,30,0.8163265306122449,0.9358974358974359,0.9569377990430622,0.9864864864864865,0.8163265306122449,45,9
899,consecutive_count,"{""min_consecutive"": 3, ""min_count"": 6, ""threshold"": 0.375}",0.8291666666666667,0.940708604483008,0.9299065420560748,0.9774605559729527,0.8291666666666667,82,30,0.8163265306122449,0.9358974358974359,0.9569377990430622,0.9864864864864865,0.8163265306122449,45,9
900,consecutive_ratio,"{""min_consecutive"": 3, ""min_ratio"": 0.13, ""threshold"": 0.375}",0.8291666666666667,0.940708604483008,0.9299065420560748,0.9774605559729527,0.8291666666666667,82,30,0.8163265306122449,0.9358974358974359,0.9569377990430622,0.9864864864864865,0.8163265306122449,45,9
901,consecutive_count,"{""min_consecutive"": 6, ""min_count"": 8, ""threshold"": 0.35}",0.8291666666666667,0.9403202328966521,0.9107551487414187,0.9706987227648385,0.8291666666666667,82,39,0.8244897959183674,0.9383954154727794,0.9483568075117371,0.9834834834834835,0.8244897959183674,43,11
902,hysteresis,"{""high"": 0.65, ""low"": 0.45, ""min_consecutive"": 2}",0.8289473684210527,0.9695074276778733,0.8289473684210527,0.9316303531179564,0.91875,39,91,0.8641509433962264,0.9752321981424149,0.8641509433962264,0.9459459459459459,0.9346938775510204,16,36
903,topk_mean,"{""threshold"": 0.575, ""top_k"": 7}",0.8286252354048964,0.96875,0.8286252354048964,0.9316303531179564,0.9166666666666666,40,91,0.8492647058823529,0.9780907668231612,0.8492647058823529,0.9384384384384384,0.9428571428571428,14,41
904,consecutive,"{""min_consecutive"": 1, ""threshold"": 0.65}",0.8286252354048964,0.96875,0.8286252354048964,0.9316303531179564,0.9166666666666666,40,91,0.8641509433962264,0.9752321981424149,0.8641509433962264,0.9459459459459459,0.9346938775510204,16,36
905,hysteresis,"{""high"": 0.625, ""low"": 0.575, ""min_consecutive"": 3}",0.8286252354048964,0.96875,0.8286252354048964,0.9316303531179564,0.9166666666666666,40,91,0.8472727272727273,0.9811320754716981,0.8472727272727273,0.9369369369369369,0.9510204081632653,12,42
906,hysteresis,"{""high"": 0.575, ""low"": 0.375, ""min_consecutive"": 9}",0.8283018867924529,0.9679937548790007,0.8283018867924529,0.9316303531179564,0.9145833333333333,41,91,0.8687258687258688,0.9693251533742331,0.8687258687258688,0.948948948948949,0.9183673469387755,20,34
907,consecutive_count,"{""min_consecutive"": 6, ""min_count"": 10, ""threshold"": 0.425}",0.8282442748091603,0.9642579642579643,0.8282442748091603,0.932381667918858,0.9041666666666667,46,90,0.9020408163265307,0.963963963963964,0.9020408163265307,0.963963963963964,0.9020408163265307,24,24
908,topk_mean,"{""threshold"": 0.55, ""top_k"": 9}",0.8279773156899811,0.9672386895475819,0.8279773156899811,0.9316303531179564,0.9125,42,91,0.8609022556390977,0.9751937984496124,0.8609022556390977,0.9444444444444444,0.9346938775510204,16,37
909,hysteresis,"{""high"": 0.55, ""low"": 0.5, ""min_consecutive"": 6}",0.8279773156899811,0.9672386895475819,0.8279773156899811,0.9316303531179564,0.9125,42,91,0.8587360594795539,0.9781931464174455,0.8587360594795539,0.9429429429429429,0.9428571428571428,14,38
910,hysteresis,"{""high"": 0.625, ""low"": 0.475, ""min_consecutive"": 5}",0.8277153558052435,0.9702427564604542,0.8277153558052435,0.9308790383170549,0.9208333333333333,38,92,0.8523985239852399,0.978125,0.8523985239852399,0.93993993993994,0.9428571428571428,14,40
911,consecutive_count,"{""min_consecutive"": 1, ""min_count"": 2, ""threshold"": 0.625}",0.8273921200750469,0.9694835680751174,0.8273921200750469,0.9308790383170549,0.91875,39,92,0.8523985239852399,0.978125,0.8523985239852399,0.93993993993994,0.9428571428571428,14,40
912,consecutive_ratio,"{""min_consecutive"": 1, ""min_ratio"": 0.03, ""threshold"": 0.625}",0.8273921200750469,0.9694835680751174,0.8273921200750469,0.9308790383170549,0.91875,39,92,0.8523985239852399,0.978125,0.8523985239852399,0.93993993993994,0.9428571428571428,14,40
913,hysteresis,"{""high"": 0.65, ""low"": 0.55, ""min_consecutive"": 2}",0.8273921200750469,0.9694835680751174,0.8273921200750469,0.9308790383170549,0.91875,39,92,0.8641509433962264,0.9752321981424149,0.8641509433962264,0.9459459459459459,0.9346938775510204,16,36
914,hysteresis,"{""high"": 0.65, ""low"": 0.5, ""min_consecutive"": 2}",0.8273921200750469,0.9694835680751174,0.8273921200750469,0.9308790383170549,0.91875,39,92,0.8641509433962264,0.9752321981424149,0.8641509433962264,0.9459459459459459,0.9346938775510204,16,36
915,topk_mean,"{""threshold"": 0.4, ""top_k"": 9}",0.8270833333333333,0.9403735632183908,0.9474940334128878,0.9834710743801653,0.8270833333333333,83,22,0.8163265306122449,0.9359886201991465,0.9615384615384616,0.987987987987988,0.8163265306122449,45,8
916,hysteresis,"{""high"": 0.45, ""low"": 0.4, ""min_consecutive"": 4}",0.8270833333333333,0.940028901734104,0.9297423887587822,0.9774605559729527,0.8270833333333333,83,30,0.8285714285714286,0.94,0.9620853080568721,0.987987987987988,0.8285714285714286,42,8
917,hysteresis,"{""high"": 0.45, ""low"": 0.3, ""min_consecutive"": 7}",0.8270833333333333,0.9399855386840202,0.927570093457944,0.976709241172051,0.8270833333333333,83,31,0.8244897959183674,0.9384835479256081,0.9528301886792453,0.984984984984985,0.8244897959183674,43,10
918,topk_mean,"{""threshold"": 0.625, ""top_k"": 3}",0.8270676691729323,0.9687255668491008,0.8270676691729323,0.9308790383170549,0.9166666666666666,40,92,0.8523985239852399,0.978125,0.8523985239852399,0.93993993993994,0.9428571428571428,14,40
919,consecutive_count,"{""min_consecutive"": 1, ""min_count"": 9, ""threshold"": 0.45}",0.8269961977186312,0.9649805447470817,0.8269961977186312,0.9316303531179564,0.90625,45,91,0.888,0.9652042360060514,0.888,0.9579579579579579,0.9061224489795918,23,28
920,consecutive_ratio,"{""min_consecutive"": 1, ""min_ratio"": 0.2, ""threshold"": 0.45}",0.8269961977186312,0.9649805447470817,0.8269961977186312,0.9316303531179564,0.90625,45,91,0.888,0.9652042360060514,0.888,0.9579579579579579,0.9061224489795918,23,28
921,consecutive_count,"{""min_consecutive"": 2, ""min_count"": 9, ""threshold"": 0.45}",0.8269961977186312,0.9649805447470817,0.8269961977186312,0.9316303531179564,0.90625,45,91,0.888,0.9652042360060514,0.888,0.9579579579579579,0.9061224489795918,23,28
922,consecutive_ratio,"{""min_consecutive"": 2, ""min_ratio"": 0.2, ""threshold"": 0.45}",0.8269961977186312,0.9649805447470817,0.8269961977186312,0.9316303531179564,0.90625,45,91,0.888,0.9652042360060514,0.888,0.9579579579579579,0.9061224489795918,23,28
923,consecutive_count,"{""min_consecutive"": 3, ""min_count"": 9, ""threshold"": 0.45}",0.8269961977186312,0.9649805447470817,0.8269961977186312,0.9316303531179564,0.90625,45,91,0.888,0.9652042360060514,0.888,0.9579579579579579,0.9061224489795918,23,28
924,consecutive_ratio,"{""min_consecutive"": 3, ""min_ratio"": 0.2, ""threshold"": 0.45}",0.8269961977186312,0.9649805447470817,0.8269961977186312,0.9316303531179564,0.90625,45,91,0.888,0.9652042360060514,0.888,0.9579579579579579,0.9061224489795918,23,28
925,consecutive_count,"{""min_consecutive"": 4, ""min_count"": 9, ""threshold"": 0.45}",0.8269961977186312,0.9649805447470817,0.8269961977186312,0.9316303531179564,0.90625,45,91,0.888,0.9652042360060514,0.888,0.9579579579579579,0.9061224489795918,23,28
926,consecutive_ratio,"{""min_consecutive"": 4, ""min_ratio"": 0.2, ""threshold"": 0.45}",0.8269961977186312,0.9649805447470817,0.8269961977186312,0.9316303531179564,0.90625,45,91,0.888,0.9652042360060514,0.888,0.9579579579579579,0.9061224489795918,23,28
927,consecutive_count,"{""min_consecutive"": 6, ""min_count"": 7, ""threshold"": 0.475}",0.8267419962335216,0.96796875,0.8267419962335216,0.9308790383170549,0.9145833333333333,41,92,0.890625,0.9740458015267176,0.890625,0.9579579579579579,0.9306122448979591,17,28
928,consecutive_ratio,"{""min_consecutive"": 6, ""min_ratio"": 0.15, ""threshold"": 0.475}",0.8267419962335216,0.96796875,0.8267419962335216,0.9308790383170549,0.9145833333333333,41,92,0.890625,0.9740458015267176,0.890625,0.9579579579579579,0.9306122448979591,17,28
929,consecutive_count,"{""min_consecutive"": 1, ""min_count"": 6, ""threshold"": 0.525}",0.8267419962335216,0.96796875,0.8267419962335216,0.9308790383170549,0.9145833333333333,41,92,0.8679245283018868,0.9767801857585139,0.8679245283018868,0.9474474474474475,0.9387755102040817,15,35
930,consecutive_ratio,"{""min_consecutive"": 1, ""min_ratio"": 0.13, ""threshold"": 0.525}",0.8267419962335216,0.96796875,0.8267419962335216,0.9308790383170549,0.9145833333333333,41,92,0.8679245283018868,0.9767801857585139,0.8679245283018868,0.9474474474474475,0.9387755102040817,15,35
931,consecutive_count,"{""min_consecutive"": 2, ""min_count"": 6, ""threshold"": 0.525}",0.8267419962335216,0.96796875,0.8267419962335216,0.9308790383170549,0.9145833333333333,41,92,0.8679245283018868,0.9767801857585139,0.8679245283018868,0.9474474474474475,0.9387755102040817,15,35
932,consecutive_ratio,"{""min_consecutive"": 2, ""min_ratio"": 0.13, ""threshold"": 0.525}",0.8267419962335216,0.96796875,0.8267419962335216,0.9308790383170549,0.9145833333333333,41,92,0.8679245283018868,0.9767801857585139,0.8679245283018868,0.9474474474474475,0.9387755102040817,15,35
933,consecutive_count,"{""min_consecutive"": 3, ""min_count"": 6, ""threshold"": 0.525}",0.8267419962335216,0.96796875,0.8267419962335216,0.9308790383170549,0.9145833333333333,41,92,0.8679245283018868,0.9767801857585139,0.8679245283018868,0.9474474474474475,0.9387755102040817,15,35
934,consecutive_ratio,"{""min_consecutive"": 3, ""min_ratio"": 0.13, ""threshold"": 0.525}",0.8267419962335216,0.96796875,0.8267419962335216,0.9308790383170549,0.9145833333333333,41,92,0.8679245283018868,0.9767801857585139,0.8679245283018868,0.9474474474474475,0.9387755102040817,15,35
935,consecutive_count,"{""min_consecutive"": 1, ""min_count"": 5, ""threshold"": 0.55}",0.8267419962335216,0.96796875,0.8267419962335216,0.9308790383170549,0.9145833333333333,41,92,0.8523985239852399,0.978125,0.8523985239852399,0.93993993993994,0.9428571428571428,14,40
936,consecutive_ratio,"{""min_consecutive"": 1, ""min_ratio"": 0.11, ""threshold"": 0.55}",0.8267419962335216,0.96796875,0.8267419962335216,0.9308790383170549,0.9145833333333333,41,92,0.8523985239852399,0.978125,0.8523985239852399,0.93993993993994,0.9428571428571428,14,40
937,consecutive_count,"{""min_consecutive"": 2, ""min_count"": 5, ""threshold"": 0.55}",0.8267419962335216,0.96796875,0.8267419962335216,0.9308790383170549,0.9145833333333333,41,92,0.8523985239852399,0.978125,0.8523985239852399,0.93993993993994,0.9428571428571428,14,40
938,consecutive_ratio,"{""min_consecutive"": 2, ""min_ratio"": 0.11, ""threshold"": 0.55}",0.8267419962335216,0.96796875,0.8267419962335216,0.9308790383170549,0.9145833333333333,41,92,0.8523985239852399,0.978125,0.8523985239852399,0.93993993993994,0.9428571428571428,14,40
939,hysteresis,"{""high"": 0.6, ""low"": 0.55, ""min_consecutive"": 4}",0.8267419962335216,0.96796875,0.8267419962335216,0.9308790383170549,0.9145833333333333,41,92,0.8534798534798534,0.9811912225705329,0.8534798534798534,0.93993993993994,0.9510204081632653,12,40
940,hysteresis,"{""high"": 0.65, ""low"": 0.45, ""min_consecutive"": 3}",0.8261682242990654,0.9702194357366771,0.8261682242990654,0.9301277235161532,0.9208333333333333,38,93,0.8646616541353384,0.9767441860465116,0.8646616541353384,0.9459459459459459,0.9387755102040817,15,36
941,hysteresis,"{""high"": 0.575, ""low"": 0.525, ""min_consecutive"": 5}",0.8260869565217391,0.9664586583463338,0.8260869565217391,0.9308790383170549,0.9104166666666667,43,92,0.8492647058823529,0.9780907668231612,0.8492647058823529,0.9384384384384384,0.9428571428571428,14,41
942,hysteresis,"{""high"": 0.575, ""low"": 0.475, ""min_consecutive"": 6}",0.8260869565217391,0.9664586583463338,0.8260869565217391,0.9308790383170549,0.9104166666666667,43,92,0.8641509433962264,0.9752321981424149,0.8641509433962264,0.9459459459459459,0.9346938775510204,16,36
943,consecutive_count,"{""min_consecutive"": 4, ""min_count"": 6, ""threshold"": 0.525}",0.8255159474671669,0.9687010954616588,0.8255159474671669,0.9301277235161532,0.9166666666666666,40,93,0.8555555555555555,0.9781591263650546,0.8555555555555555,0.9414414414414415,0.9428571428571428,14,39
944,consecutive_ratio,"{""min_consecutive"": 4, ""min_ratio"": 0.13, ""threshold"": 0.525}",0.8255159474671669,0.9687010954616588,0.8255159474671669,0.9301277235161532,0.9166666666666666,40,93,0.8555555555555555,0.9781591263650546,0.8555555555555555,0.9414414414414415,0.9428571428571428,14,39
945,consecutive_count,"{""min_consecutive"": 7, ""min_count"": 10, ""threshold"": 0.425}",0.825426944971537,0.9649532710280374,0.825426944971537,0.9308790383170549,0.90625,45,92,0.8983739837398373,0.9639097744360903,0.8983739837398373,0.9624624624624625,0.9020408163265307,24,25
946,consecutive_count,"{""min_consecutive"": 3, ""min_count"": 5, ""threshold"": 0.55}",0.825187969924812,0.9679437060203284,0.825187969924812,0.9301277235161532,0.9145833333333333,41,93,0.8523985239852399,0.978125,0.8523985239852399,0.93993993993994,0.9428571428571428,14,40
947,consecutive_ratio,"{""min_consecutive"": 3, ""min_ratio"": 0.11, ""threshold"": 0.55}",0.825187969924812,0.9679437060203284,0.825187969924812,0.9301277235161532,0.9145833333333333,41,93,0.8523985239852399,0.978125,0.8523985239852399,0.93993993993994,0.9428571428571428,14,40
948,topk_mean,"{""threshold"": 0.475, ""top_k"": 3}",0.825,0.9393063583815029,0.927400468384075,0.976709241172051,0.825,84,31,0.8285714285714286,0.9400855920114123,0.9666666666666667,0.9894894894894894,0.8285714285714286,42,7
949,hysteresis,"{""high"": 0.475, ""low"": 0.375, ""min_consecutive"": 4}",0.825,0.9392624728850325,0.9252336448598131,0.9759579263711495,0.825,84,32,0.8285714285714286,0.9400855920114123,0.9666666666666667,0.9894894894894894,0.8285714285714286,42,7
950,hysteresis,"{""high"": 0.5, ""low"": 0.35, ""min_consecutive"": 3}",0.825,0.9392624728850325,0.9252336448598131,0.9759579263711495,0.825,84,32,0.8326530612244898,0.9412607449856734,0.9577464788732394,0.9864864864864865,0.8326530612244898,41,9
951,hysteresis,"{""high"": 0.5, ""low"": 0.3, ""min_consecutive"": 4}",0.825,0.9392624728850325,0.9252336448598131,0.9759579263711495,0.825,84,32,0.8448979591836735,0.9453237410071943,0.9583333333333334,0.9864864864864865,0.8448979591836735,38,9
952,hysteresis,"{""high"": 0.475, ""low"": 0.275, ""min_consecutive"": 7}",0.825,0.939174511223751,0.9209302325581395,0.9744552967693464,0.825,84,34,0.8244897959183674,0.9385714285714286,0.957345971563981,0.9864864864864865,0.8244897959183674,43,9
953,consecutive_count,"{""min_consecutive"": 1, ""min_count"": 4, ""threshold"": 0.575}",0.8248587570621468,0.9671875,0.8248587570621468,0.9301277235161532,0.9125,42,93,0.8461538461538461,0.9780564263322884,0.8461538461538461,0.9369369369369369,0.9428571428571428,14,42
954,consecutive_ratio,"{""min_consecutive"": 1, ""min_ratio"": 0.09, ""threshold"": 0.575}",0.8248587570621468,0.9671875,0.8248587570621468,0.9301277235161532,0.9125,42,93,0.8461538461538461,0.9780564263322884,0.8461538461538461,0.9369369369369369,0.9428571428571428,14,42
955,consecutive_count,"{""min_consecutive"": 2, ""min_count"": 4, ""threshold"": 0.575}",0.8248587570621468,0.9671875,0.8248587570621468,0.9301277235161532,0.9125,42,93,0.8461538461538461,0.9780564263322884,0.8461538461538461,0.9369369369369369,0.9428571428571428,14,42
956,consecutive_ratio,"{""min_consecutive"": 2, ""min_ratio"": 0.09, ""threshold"": 0.575}",0.8248587570621468,0.9671875,0.8248587570621468,0.9301277235161532,0.9125,42,93,0.8461538461538461,0.9780564263322884,0.8461538461538461,0.9369369369369369,0.9428571428571428,14,42
957,consecutive_count,"{""min_consecutive"": 3, ""min_count"": 4, ""threshold"": 0.575}",0.8248587570621468,0.9671875,0.8248587570621468,0.9301277235161532,0.9125,42,93,0.8467153284671532,0.9795918367346939,0.8467153284671532,0.9369369369369369,0.9469387755102041,13,42
958,consecutive_ratio,"{""min_consecutive"": 3, ""min_ratio"": 0.09, ""threshold"": 0.575}",0.8248587570621468,0.9671875,0.8248587570621468,0.9301277235161532,0.9125,42,93,0.8467153284671532,0.9795918367346939,0.8467153284671532,0.9369369369369369,0.9469387755102041,13,42
959,topk_mean,"{""threshold"": 0.625, ""top_k"": 4}",0.8246268656716418,0.9701960784313726,0.8246268656716418,0.9293764087152517,0.9208333333333333,38,94,0.8503649635036497,0.9811616954474097,0.8503649635036497,0.9384384384384384,0.9510204081632653,12,41
960,hysteresis,"{""high"": 0.575, ""low"": 0.425, ""min_consecutive"": 8}",0.8246268656716418,0.9701960784313726,0.8246268656716418,0.9293764087152517,0.9208333333333333,38,94,0.8735632183908046,0.9738461538461538,0.8735632183908046,0.9504504504504504,0.9306122448979591,17,33
961,consecutive_count,"{""min_consecutive"": 5, ""min_count"": 9, ""threshold"": 0.45}",0.8238636363636364,0.9649259547934529,0.8238636363636364,0.9301277235161532,0.90625,45,93,0.888,0.9652042360060514,0.888,0.9579579579579579,0.9061224489795918,23,28
962,consecutive_ratio,"{""min_consecutive"": 5, ""min_ratio"": 0.2, ""threshold"": 0.45}",0.8238636363636364,0.9649259547934529,0.8238636363636364,0.9301277235161532,0.90625,45,93,0.888,0.9652042360060514,0.888,0.9579579579579579,0.9061224489795918,23,28
963,hysteresis,"{""high"": 0.65, ""low"": 0.45, ""min_consecutive"": 4}",0.8234200743494424,0.9709347996857817,0.8234200743494424,0.9286250939143501,0.9229166666666667,37,95,0.8582089552238806,0.9766718506998445,0.8582089552238806,0.9429429429429429,0.9387755102040817,15,38
964,hysteresis,"{""high"": 0.5, ""low"": 0.45, ""min_consecutive"": 8}",0.8233082706766918,0.9671618451915559,0.8233082706766918,0.9293764087152517,0.9125,42,94,0.888,0.9652042360060514,0.888,0.9579579579579579,0.9061224489795918,23,28
965,hysteresis,"{""high"": 0.625, ""low"": 0.425, ""min_consecutive"": 6}",0.8230912476722533,0.9701726844583988,0.8230912476722533,0.9286250939143501,0.9208333333333333,38,95,0.8582089552238806,0.9766718506998445,0.8582089552238806,0.9429429429429429,0.9387755102040817,15,38
966,consecutive,"{""min_consecutive"": 5, ""threshold"": 0.375}",0.8229166666666666,0.9389806173725772,0.9449760765550239,0.9827197595792637,0.8229166666666666,85,23,0.8244897959183674,0.9386590584878745,0.9619047619047619,0.987987987987988,0.8244897959183674,43,8
967,consecutive_count,"{""min_consecutive"": 5, ""min_count"": 2, ""threshold"": 0.375}",0.8229166666666666,0.9389806173725772,0.9449760765550239,0.9827197595792637,0.8229166666666666,85,23,0.8244897959183674,0.9386590584878745,0.9619047619047619,0.987987987987988,0.8244897959183674,43,8
968,consecutive_count,"{""min_consecutive"": 5, ""min_count"": 3, ""threshold"": 0.375}",0.8229166666666666,0.9389806173725772,0.9449760765550239,0.9827197595792637,0.8229166666666666,85,23,0.8244897959183674,0.9386590584878745,0.9619047619047619,0.987987987987988,0.8244897959183674,43,8
969,consecutive_count,"{""min_consecutive"": 5, ""min_count"": 4, ""threshold"": 0.375}",0.8229166666666666,0.9389806173725772,0.9449760765550239,0.9827197595792637,0.8229166666666666,85,23,0.8244897959183674,0.9386590584878745,0.9619047619047619,0.987987987987988,0.8244897959183674,43,8
970,consecutive_count,"{""min_consecutive"": 5, ""min_count"": 5, ""threshold"": 0.375}",0.8229166666666666,0.9389806173725772,0.9449760765550239,0.9827197595792637,0.8229166666666666,85,23,0.8244897959183674,0.9386590584878745,0.9619047619047619,0.987987987987988,0.8244897959183674,43,8
971,consecutive_ratio,"{""min_consecutive"": 5, ""min_ratio"": 0.03, ""threshold"": 0.375}",0.8229166666666666,0.9389806173725772,0.9449760765550239,0.9827197595792637,0.8229166666666666,85,23,0.8244897959183674,0.9386590584878745,0.9619047619047619,0.987987987987988,0.8244897959183674,43,8
972,consecutive_ratio,"{""min_consecutive"": 5, ""min_ratio"": 0.05, ""threshold"": 0.375}",0.8229166666666666,0.9389806173725772,0.9449760765550239,0.9827197595792637,0.8229166666666666,85,23,0.8244897959183674,0.9386590584878745,0.9619047619047619,0.987987987987988,0.8244897959183674,43,8
973,consecutive_ratio,"{""min_consecutive"": 5, ""min_ratio"": 0.07, ""threshold"": 0.375}",0.8229166666666666,0.9389806173725772,0.9449760765550239,0.9827197595792637,0.8229166666666666,85,23,0.8244897959183674,0.9386590584878745,0.9619047619047619,0.987987987987988,0.8244897959183674,43,8
974,consecutive_ratio,"{""min_consecutive"": 5, ""min_ratio"": 0.09, ""threshold"": 0.375}",0.8229166666666666,0.9389806173725772,0.9449760765550239,0.9827197595792637,0.8229166666666666,85,23,0.8244897959183674,0.9386590584878745,0.9619047619047619,0.987987987987988,0.8244897959183674,43,8
975,consecutive_ratio,"{""min_consecutive"": 5, ""min_ratio"": 0.11, ""threshold"": 0.375}",0.8229166666666666,0.9389806173725772,0.9449760765550239,0.9827197595792637,0.8229166666666666,85,23,0.8244897959183674,0.9386590584878745,0.9619047619047619,0.987987987987988,0.8244897959183674,43,8
976,consecutive_count,"{""min_consecutive"": 6, ""min_count"": 7, ""threshold"": 0.35}",0.8229166666666666,0.9386281588447654,0.9272300469483568,0.976709241172051,0.8229166666666666,85,31,0.8163265306122449,0.9357142857142857,0.9478672985781991,0.9834834834834835,0.8163265306122449,45,11
977,consecutive_ratio,"{""min_consecutive"": 6, ""min_ratio"": 0.15, ""threshold"": 0.35}",0.8229166666666666,0.9386281588447654,0.9272300469483568,0.976709241172051,0.8229166666666666,85,31,0.8163265306122449,0.9357142857142857,0.9478672985781991,0.9834834834834835,0.8163265306122449,45,11
978,hysteresis,"{""high"": 0.5, ""low"": 0.4, ""min_consecutive"": 2}",0.8229166666666666,0.9386281588447654,0.9272300469483568,0.976709241172051,0.8229166666666666,85,31,0.8326530612244898,0.9413447782546495,0.9622641509433962,0.987987987987988,0.8326530612244898,41,8
979,hysteresis,"{""high"": 0.475, ""low"": 0.425, ""min_consecutive"": 3}",0.8229166666666666,0.9385838150289018,0.9250585480093677,0.9759579263711495,0.8229166666666666,85,32,0.8367346938775511,0.9427753934191703,0.9669811320754716,0.9894894894894894,0.8367346938775511,40,7
980,consecutive_count,"{""min_consecutive"": 4, ""min_count"": 8, ""threshold"": 0.475}",0.8220973782771536,0.9678935003915426,0.8220973782771536,0.9286250939143501,0.9145833333333333,41,95,0.8730769230769231,0.9723502304147466,0.8730769230769231,0.9504504504504504,0.926530612244898,18,33
981,consecutive_count,"{""min_consecutive"": 5, ""min_count"": 8, ""threshold"": 0.475}",0.8220973782771536,0.9678935003915426,0.8220973782771536,0.9286250939143501,0.9145833333333333,41,95,0.8730769230769231,0.9723502304147466,0.8730769230769231,0.9504504504504504,0.926530612244898,18,33
982,consecutive,"{""min_consecutive"": 8, ""threshold"": 0.45}",0.821969696969697,0.9641465315666407,0.821969696969697,0.9293764087152517,0.9041666666666667,46,94,0.8947368421052632,0.963855421686747,0.8947368421052632,0.960960960960961,0.9020408163265307,24,26
983,consecutive_count,"{""min_consecutive"": 1, ""min_count"": 8, ""threshold"": 0.475}",0.8217636022514071,0.9671361502347418,0.8217636022514071,0.9286250939143501,0.9125,42,95,0.8730769230769231,0.9723502304147466,0.8730769230769231,0.9504504504504504,0.926530612244898,18,33
984,consecutive_count,"{""min_consecutive"": 2, ""min_count"": 8, ""threshold"": 0.475}",0.8217636022514071,0.9671361502347418,0.8217636022514071,0.9286250939143501,0.9125,42,95,0.8730769230769231,0.9723502304147466,0.8730769230769231,0.9504504504504504,0.926530612244898,18,33
985,consecutive_count,"{""min_consecutive"": 3, ""min_count"": 8, ""threshold"": 0.475}",0.8217636022514071,0.9671361502347418,0.8217636022514071,0.9286250939143501,0.9125,42,95,0.8730769230769231,0.9723502304147466,0.8730769230769231,0.9504504504504504,0.926530612244898,18,33
986,hysteresis,"{""high"": 0.625, ""low"": 0.525, ""min_consecutive"": 4}",0.8215613382899628,0.9701492537313433,0.8215613382899628,0.9278737791134485,0.9208333333333333,38,96,0.8472727272727273,0.9811320754716981,0.8472727272727273,0.9369369369369369,0.9510204081632653,12,42
987,hysteresis,"{""high"": 0.65, ""low"": 0.5, ""min_consecutive"": 3}",0.8215613382899628,0.9701492537313433,0.8215613382899628,0.9278737791134485,0.9208333333333333,38,96,0.8582089552238806,0.9766718506998445,0.8582089552238806,0.9429429429429429,0.9387755102040817,15,38
988,consecutive_count,"{""min_consecutive"": 4, ""min_count"": 5, ""threshold"": 0.55}",0.8208955223880597,0.9686274509803922,0.8208955223880597,0.9278737791134485,0.9166666666666666,40,96,0.8467153284671532,0.9795918367346939,0.8467153284671532,0.9369369369369369,0.9469387755102041,13,42
989,consecutive_ratio,"{""min_consecutive"": 4, ""min_ratio"": 0.11, ""threshold"": 0.55}",0.8208955223880597,0.9686274509803922,0.8208955223880597,0.9278737791134485,0.9166666666666666,40,96,0.8467153284671532,0.9795918367346939,0.8467153284671532,0.9369369369369369,0.9469387755102041,13,42
990,consecutive,"{""min_consecutive"": 4, ""threshold"": 0.4}",0.8208333333333333,0.9381739755571531,0.9380952380952381,0.980465815176559,0.8208333333333333,86,26,0.8244897959183674,0.9387464387464387,0.9665071770334929,0.9894894894894894,0.8244897959183674,43,7
991,consecutive_count,"{""min_consecutive"": 4, ""min_count"": 2, ""threshold"": 0.4}",0.8208333333333333,0.9381739755571531,0.9380952380952381,0.980465815176559,0.8208333333333333,86,26,0.8244897959183674,0.9387464387464387,0.9665071770334929,0.9894894894894894,0.8244897959183674,43,7
992,consecutive_count,"{""min_consecutive"": 4, ""min_count"": 3, ""threshold"": 0.4}",0.8208333333333333,0.9381739755571531,0.9380952380952381,0.980465815176559,0.8208333333333333,86,26,0.8244897959183674,0.9387464387464387,0.9665071770334929,0.9894894894894894,0.8244897959183674,43,7
993,consecutive_count,"{""min_consecutive"": 4, ""min_count"": 4, ""threshold"": 0.4}",0.8208333333333333,0.9381739755571531,0.9380952380952381,0.980465815176559,0.8208333333333333,86,26,0.8244897959183674,0.9387464387464387,0.9665071770334929,0.9894894894894894,0.8244897959183674,43,7
994,consecutive_ratio,"{""min_consecutive"": 4, ""min_ratio"": 0.03, ""threshold"": 0.4}",0.8208333333333333,0.9381739755571531,0.9380952380952381,0.980465815176559,0.8208333333333333,86,26,0.8244897959183674,0.9387464387464387,0.9665071770334929,0.9894894894894894,0.8244897959183674,43,7
995,consecutive_ratio,"{""min_consecutive"": 4, ""min_ratio"": 0.05, ""threshold"": 0.4}",0.8208333333333333,0.9381739755571531,0.9380952380952381,0.980465815176559,0.8208333333333333,86,26,0.8244897959183674,0.9387464387464387,0.9665071770334929,0.9894894894894894,0.8244897959183674,43,7
996,consecutive_ratio,"{""min_consecutive"": 4, ""min_ratio"": 0.07, ""threshold"": 0.4}",0.8208333333333333,0.9381739755571531,0.9380952380952381,0.980465815176559,0.8208333333333333,86,26,0.8244897959183674,0.9387464387464387,0.9665071770334929,0.9894894894894894,0.8244897959183674,43,7
997,consecutive_ratio,"{""min_consecutive"": 4, ""min_ratio"": 0.09, ""threshold"": 0.4}",0.8208333333333333,0.9381739755571531,0.9380952380952381,0.980465815176559,0.8208333333333333,86,26,0.8244897959183674,0.9387464387464387,0.9665071770334929,0.9894894894894894,0.8244897959183674,43,7
998,consecutive,"{""min_consecutive"": 1, ""threshold"": 0.5}",0.8208333333333333,0.937950937950938,0.9270588235294117,0.976709241172051,0.8208333333333333,86,31,0.8326530612244898,0.9413447782546495,0.9622641509433962,0.987987987987988,0.8326530612244898,41,8
999,hysteresis,"{""high"": 0.5, ""low"": 0.35, ""min_consecutive"": 2}",0.8208333333333333,0.937950937950938,0.9270588235294117,0.976709241172051,0.8208333333333333,86,31,0.8326530612244898,0.9413447782546495,0.9622641509433962,0.987987987987988,0.8326530612244898,41,8
1000,hysteresis,"{""high"": 0.5, ""low"": 0.3, ""min_consecutive"": 2}",0.8208333333333333,0.937950937950938,0.9270588235294117,0.976709241172051,0.8208333333333333,86,31,0.8326530612244898,0.9413447782546495,0.9622641509433962,0.987987987987988,0.8326530612244898,41,8
1001,hysteresis,"{""high"": 0.5, ""low"": 0.3, ""min_consecutive"": 3}",0.8208333333333333,0.937950937950938,0.9270588235294117,0.976709241172051,0.8208333333333333,86,31,0.8326530612244898,0.9413447782546495,0.9622641509433962,0.987987987987988,0.8326530612244898,41,8
1002,consecutive_count,"{""min_consecutive"": 4, ""min_count"": 8, ""threshold"": 0.35}",0.8208333333333333,0.9376359680928209,0.9120370370370371,0.97145003756574,0.8208333333333333,86,38,0.8040816326530612,0.9318181818181818,0.9516908212560387,0.984984984984985,0.8040816326530612,48,10
1003,consecutive_count,"{""min_consecutive"": 5, ""min_count"": 8, ""threshold"": 0.35}",0.8208333333333333,0.9375907111756169,0.9099307159353349,0.9706987227648385,0.8208333333333333,86,39,0.8122448979591836,0.9344729344729344,0.9521531100478469,0.984984984984985,0.8122448979591836,46,10
1004,consecutive,"{""min_consecutive"": 7, ""threshold"": 0.475}",0.8205607476635514,0.9678683385579937,0.8205607476635514,0.9278737791134485,0.9145833333333333,41,96,0.8871595330739299,0.9740061162079511,0.8871595330739299,0.9564564564564565,0.9306122448979591,17,29
1005,consecutive_count,"{""min_consecutive"": 7, ""min_count"": 2, ""threshold"": 0.475}",0.8205607476635514,0.9678683385579937,0.8205607476635514,0.9278737791134485,0.9145833333333333,41,96,0.8871595330739299,0.9740061162079511,0.8871595330739299,0.9564564564564565,0.9306122448979591,17,29
1006,consecutive_count,"{""min_consecutive"": 7, ""min_count"": 3, ""threshold"": 0.475}",0.8205607476635514,0.9678683385579937,0.8205607476635514,0.9278737791134485,0.9145833333333333,41,96,0.8871595330739299,0.9740061162079511,0.8871595330739299,0.9564564564564565,0.9306122448979591,17,29
1007,consecutive_count,"{""min_consecutive"": 7, ""min_count"": 4, ""threshold"": 0.475}",0.8205607476635514,0.9678683385579937,0.8205607476635514,0.9278737791134485,0.9145833333333333,41,96,0.8871595330739299,0.9740061162079511,0.8871595330739299,0.9564564564564565,0.9306122448979591,17,29
1008,consecutive_count,"{""min_consecutive"": 7, ""min_count"": 5, ""threshold"": 0.475}",0.8205607476635514,0.9678683385579937,0.8205607476635514,0.9278737791134485,0.9145833333333333,41,96,0.8871595330739299,0.9740061162079511,0.8871595330739299,0.9564564564564565,0.9306122448979591,17,29
1009,consecutive_count,"{""min_consecutive"": 7, ""min_count"": 6, ""threshold"": 0.475}",0.8205607476635514,0.9678683385579937,0.8205607476635514,0.9278737791134485,0.9145833333333333,41,96,0.8871595330739299,0.9740061162079511,0.8871595330739299,0.9564564564564565,0.9306122448979591,17,29
1010,consecutive_count,"{""min_consecutive"": 7, ""min_count"": 7, ""threshold"": 0.475}",0.8205607476635514,0.9678683385579937,0.8205607476635514,0.9278737791134485,0.9145833333333333,41,96,0.8871595330739299,0.9740061162079511,0.8871595330739299,0.9564564564564565,0.9306122448979591,17,29
1011,consecutive_ratio,"{""min_consecutive"": 7, ""min_ratio"": 0.03, ""threshold"": 0.475}",0.8205607476635514,0.9678683385579937,0.8205607476635514,0.9278737791134485,0.9145833333333333,41,96,0.8871595330739299,0.9740061162079511,0.8871595330739299,0.9564564564564565,0.9306122448979591,17,29
1012,consecutive_ratio,"{""min_consecutive"": 7, ""min_ratio"": 0.05, ""threshold"": 0.475}",0.8205607476635514,0.9678683385579937,0.8205607476635514,0.9278737791134485,0.9145833333333333,41,96,0.8871595330739299,0.9740061162079511,0.8871595330739299,0.9564564564564565,0.9306122448979591,17,29
1013,consecutive_ratio,"{""min_consecutive"": 7, ""min_ratio"": 0.07, ""threshold"": 0.475}",0.8205607476635514,0.9678683385579937,0.8205607476635514,0.9278737791134485,0.9145833333333333,41,96,0.8871595330739299,0.9740061162079511,0.8871595330739299,0.9564564564564565,0.9306122448979591,17,29
1014,consecutive_ratio,"{""min_consecutive"": 7, ""min_ratio"": 0.09, ""threshold"": 0.475}",0.8205607476635514,0.9678683385579937,0.8205607476635514,0.9278737791134485,0.9145833333333333,41,96,0.8871595330739299,0.9740061162079511,0.8871595330739299,0.9564564564564565,0.9306122448979591,17,29
1015,consecutive_ratio,"{""min_consecutive"": 7, ""min_ratio"": 0.11, ""threshold"": 0.475}",0.8205607476635514,0.9678683385579937,0.8205607476635514,0.9278737791134485,0.9145833333333333,41,96,0.8871595330739299,0.9740061162079511,0.8871595330739299,0.9564564564564565,0.9306122448979591,17,29
1016,consecutive_ratio,"{""min_consecutive"": 7, ""min_ratio"": 0.13, ""threshold"": 0.475}",0.8205607476635514,0.9678683385579937,0.8205607476635514,0.9278737791134485,0.9145833333333333,41,96,0.8871595330739299,0.9740061162079511,0.8871595330739299,0.9564564564564565,0.9306122448979591,17,29
1017,consecutive_ratio,"{""min_consecutive"": 7, ""min_ratio"": 0.15, ""threshold"": 0.475}",0.8205607476635514,0.9678683385579937,0.8205607476635514,0.9278737791134485,0.9145833333333333,41,96,0.8871595330739299,0.9740061162079511,0.8871595330739299,0.9564564564564565,0.9306122448979591,17,29
1018,consecutive_count,"{""min_consecutive"": 1, ""min_count"": 7, ""threshold"": 0.5}",0.8205607476635514,0.9678683385579937,0.8205607476635514,0.9278737791134485,0.9145833333333333,41,96,0.8773946360153256,0.9753846153846154,0.8773946360153256,0.9519519519519519,0.9346938775510204,16,32
1019,consecutive_ratio,"{""min_consecutive"": 1, ""min_ratio"": 0.15, ""threshold"": 0.5}",0.8205607476635514,0.9678683385579937,0.8205607476635514,0.9278737791134485,0.9145833333333333,41,96,0.8773946360153256,0.9753846153846154,0.8773946360153256,0.9519519519519519,0.9346938775510204,16,32
1020,consecutive_count,"{""min_consecutive"": 2, ""min_count"": 7, ""threshold"": 0.5}",0.8205607476635514,0.9678683385579937,0.8205607476635514,0.9278737791134485,0.9145833333333333,41,96,0.8773946360153256,0.9753846153846154,0.8773946360153256,0.9519519519519519,0.9346938775510204,16,32
1021,consecutive_ratio,"{""min_consecutive"": 2, ""min_ratio"": 0.15, ""threshold"": 0.5}",0.8205607476635514,0.9678683385579937,0.8205607476635514,0.9278737791134485,0.9145833333333333,41,96,0.8773946360153256,0.9753846153846154,0.8773946360153256,0.9519519519519519,0.9346938775510204,16,32
1022,consecutive_count,"{""min_consecutive"": 3, ""min_count"": 7, ""threshold"": 0.5}",0.8205607476635514,0.9678683385579937,0.8205607476635514,0.9278737791134485,0.9145833333333333,41,96,0.8773946360153256,0.9753846153846154,0.8773946360153256,0.9519519519519519,0.9346938775510204,16,32
1023,consecutive_ratio,"{""min_consecutive"": 3, ""min_ratio"": 0.15, ""threshold"": 0.5}",0.8205607476635514,0.9678683385579937,0.8205607476635514,0.9278737791134485,0.9145833333333333,41,96,0.8773946360153256,0.9753846153846154,0.8773946360153256,0.9519519519519519,0.9346938775510204,16,32
1024,consecutive_count,"{""min_consecutive"": 5, ""min_count"": 6, ""threshold"": 0.525}",0.8197026022304833,0.969363707776905,0.8197026022304833,0.927122464312547,0.91875,39,97,0.8503649635036497,0.9811616954474097,0.8503649635036497,0.9384384384384384,0.9510204081632653,12,41
1025,consecutive_ratio,"{""min_consecutive"": 5, ""min_ratio"": 0.13, ""threshold"": 0.525}",0.8197026022304833,0.969363707776905,0.8197026022304833,0.927122464312547,0.91875,39,97,0.8503649635036497,0.9811616954474097,0.8503649635036497,0.9384384384384384,0.9510204081632653,12,41
1026,consecutive_count,"{""min_consecutive"": 1, ""min_count"": 3, ""threshold"": 0.6}",0.8197026022304833,0.969363707776905,0.8197026022304833,0.927122464312547,0.91875,39,97,0.8467153284671532,0.9795918367346939,0.8467153284671532,0.9369369369369369,0.9469387755102041,13,42
1027,consecutive_ratio,"{""min_consecutive"": 1, ""min_ratio"": 0.05, ""threshold"": 0.6}",0.8197026022304833,0.969363707776905,0.8197026022304833,0.927122464312547,0.91875,39,97,0.8467153284671532,0.9795918367346939,0.8467153284671532,0.9369369369369369,0.9469387755102041,13,42
1028,consecutive_ratio,"{""min_consecutive"": 1, ""min_ratio"": 0.07, ""threshold"": 0.6}",0.8197026022304833,0.969363707776905,0.8197026022304833,0.927122464312547,0.91875,39,97,0.8467153284671532,0.9795918367346939,0.8467153284671532,0.9369369369369369,0.9469387755102041,13,42
1029,consecutive_count,"{""min_consecutive"": 2, ""min_count"": 3, ""threshold"": 0.6}",0.8197026022304833,0.969363707776905,0.8197026022304833,0.927122464312547,0.91875,39,97,0.8436363636363636,0.9795597484276729,0.8436363636363636,0.9354354354354354,0.9469387755102041,13,43
1030,consecutive_ratio,"{""min_consecutive"": 2, ""min_ratio"": 0.05, ""threshold"": 0.6}",0.8197026022304833,0.969363707776905,0.8197026022304833,0.927122464312547,0.91875,39,97,0.8436363636363636,0.9795597484276729,0.8436363636363636,0.9354354354354354,0.9469387755102041,13,43
1031,consecutive_ratio,"{""min_consecutive"": 2, ""min_ratio"": 0.07, ""threshold"": 0.6}",0.8197026022304833,0.969363707776905,0.8197026022304833,0.927122464312547,0.91875,39,97,0.8436363636363636,0.9795597484276729,0.8436363636363636,0.9354354354354354,0.9469387755102041,13,43
1032,consecutive,"{""min_consecutive"": 2, ""threshold"": 0.625}",0.8197026022304833,0.969363707776905,0.8197026022304833,0.927122464312547,0.91875,39,97,0.8523985239852399,0.978125,0.8523985239852399,0.93993993993994,0.9428571428571428,14,40
1033,consecutive_count,"{""min_consecutive"": 2, ""min_count"": 2, ""threshold"": 0.625}",0.8197026022304833,0.969363707776905,0.8197026022304833,0.927122464312547,0.91875,39,97,0.8523985239852399,0.978125,0.8523985239852399,0.93993993993994,0.9428571428571428,14,40
1034,consecutive_ratio,"{""min_consecutive"": 2, ""min_ratio"": 0.03, ""threshold"": 0.625}",0.8197026022304833,0.969363707776905,0.8197026022304833,0.927122464312547,0.91875,39,97,0.8523985239852399,0.978125,0.8523985239852399,0.93993993993994,0.9428571428571428,14,40
1035,consecutive_count,"{""min_consecutive"": 6, ""min_count"": 9, ""threshold"": 0.45}",0.8195488721804511,0.965598123534011,0.8195488721804511,0.9278737791134485,0.9083333333333333,44,96,0.8849206349206349,0.9666160849772383,0.8849206349206349,0.9564564564564565,0.9102040816326531,22,29
1036,consecutive_ratio,"{""min_consecutive"": 6, ""min_ratio"": 0.2, ""threshold"": 0.45}",0.8195488721804511,0.965598123534011,0.8195488721804511,0.9278737791134485,0.9083333333333333,44,96,0.8849206349206349,0.9666160849772383,0.8849206349206349,0.9564564564564565,0.9102040816326531,22,29
1037,consecutive_count,"{""min_consecutive"": 4, ""min_count"": 7, ""threshold"": 0.5}",0.8190298507462687,0.967843137254902,0.8190298507462687,0.927122464312547,0.9145833333333333,41,97,0.8773946360153256,0.9753846153846154,0.8773946360153256,0.9519519519519519,0.9346938775510204,16,32
1038,consecutive_ratio,"{""min_consecutive"": 4, ""min_ratio"": 0.15, ""threshold"": 0.5}",0.8190298507462687,0.967843137254902,0.8190298507462687,0.927122464312547,0.9145833333333333,41,97,0.8773946360153256,0.9753846153846154,0.8773946360153256,0.9519519519519519,0.9346938775510204,16,32
1039,hysteresis,"{""high"": 0.45, ""low"": 0.35, ""min_consecutive"": 5}",0.81875,0.9374550682961897,0.9357142857142857,0.9797145003756574,0.81875,87,27,0.8204081632653061,0.9373219373219374,0.9617224880382775,0.987987987987988,0.8204081632653061,44,8
1040,hysteresis,"{""high"": 0.475, ""low"": 0.325, ""min_consecutive"": 5}",0.81875,0.9373198847262247,0.9290780141843972,0.9774605559729527,0.81875,87,30,0.8244897959183674,0.9386590584878745,0.9619047619047619,0.987987987987988,0.8244897959183674,43,8
1041,consecutive_count,"{""min_consecutive"": 1, ""min_count"": 8, ""threshold"": 0.35}",0.81875,0.9369565217391305,0.9118329466357309,0.97145003756574,0.81875,87,38,0.8,0.9304964539007092,0.9514563106796117,0.984984984984985,0.8,49,10
1042,consecutive_count,"{""min_consecutive"": 2, ""min_count"": 8, ""threshold"": 0.35}",0.81875,0.9369565217391305,0.9118329466357309,0.97145003756574,0.81875,87,38,0.8,0.9304964539007092,0.9514563106796117,0.984984984984985,0.8,49,10
1043,consecutive_count,"{""min_consecutive"": 3, ""min_count"": 8, ""threshold"": 0.35}",0.81875,0.9369565217391305,0.9118329466357309,0.97145003756574,0.81875,87,38,0.8,0.9304964539007092,0.9514563106796117,0.984984984984985,0.8,49,10
1044,consecutive,"{""min_consecutive"": 9, ""threshold"": 0.425}",0.8185255198487713,0.9633385335413417,0.8185255198487713,0.9278737791134485,0.9020833333333333,47,96,0.8911290322580645,0.9638009049773756,0.8911290322580645,0.9594594594594594,0.9020408163265307,24,27
1045,consecutive_count,"{""min_consecutive"": 1, ""min_count"": 12, ""threshold"": 0.4}",0.8183520599250936,0.966327329678935,0.8183520599250936,0.927122464312547,0.9104166666666667,43,97,0.8866396761133604,0.9608433734939759,0.8866396761133604,0.9579579579579579,0.8938775510204081,26,28
1046,consecutive_count,"{""min_consecutive"": 2, ""min_count"": 12, ""threshold"": 0.4}",0.8183520599250936,0.966327329678935,0.8183520599250936,0.927122464312547,0.9104166666666667,43,97,0.8866396761133604,0.9608433734939759,0.8866396761133604,0.9579579579579579,0.8938775510204081,26,28
1047,consecutive_count,"{""min_consecutive"": 3, ""min_count"": 12, ""threshold"": 0.4}",0.8183520599250936,0.966327329678935,0.8183520599250936,0.927122464312547,0.9104166666666667,43,97,0.8866396761133604,0.9608433734939759,0.8866396761133604,0.9579579579579579,0.8938775510204081,26,28
1048,consecutive_count,"{""min_consecutive"": 6, ""min_count"": 8, ""threshold"": 0.475}",0.8181818181818182,0.9693396226415094,0.8181818181818182,0.9263711495116453,0.91875,39,98,0.8702290076335878,0.9738058551617874,0.8702290076335878,0.948948948948949,0.9306122448979591,17,34
1049,consecutive,"{""min_consecutive"": 3, ""threshold"": 0.6}",0.8181818181818182,0.9693396226415094,0.8181818181818182,0.9263711495116453,0.91875,39,98,0.8381294964028777,0.981042654028436,0.8381294964028777,0.9324324324324325,0.9510204081632653,12,45
1050,consecutive_count,"{""min_consecutive"": 3, ""min_count"": 2, ""threshold"": 0.6}",0.8181818181818182,0.9693396226415094,0.8181818181818182,0.9263711495116453,0.91875,39,98,0.8381294964028777,0.981042654028436,0.8381294964028777,0.9324324324324325,0.9510204081632653,12,45
1051,consecutive_count,"{""min_consecutive"": 3, ""min_count"": 3, ""threshold"": 0.6}",0.8181818181818182,0.9693396226415094,0.8181818181818182,0.9263711495116453,0.91875,39,98,0.8381294964028777,0.981042654028436,0.8381294964028777,0.9324324324324325,0.9510204081632653,12,45
1052,consecutive_ratio,"{""min_consecutive"": 3, ""min_ratio"": 0.03, ""threshold"": 0.6}",0.8181818181818182,0.9693396226415094,0.8181818181818182,0.9263711495116453,0.91875,39,98,0.8381294964028777,0.981042654028436,0.8381294964028777,0.9324324324324325,0.9510204081632653,12,45
1053,consecutive_ratio,"{""min_consecutive"": 3, ""min_ratio"": 0.05, ""threshold"": 0.6}",0.8181818181818182,0.9693396226415094,0.8181818181818182,0.9263711495116453,0.91875,39,98,0.8381294964028777,0.981042654028436,0.8381294964028777,0.9324324324324325,0.9510204081632653,12,45
1054,consecutive_ratio,"{""min_consecutive"": 3, ""min_ratio"": 0.07, ""threshold"": 0.6}",0.8181818181818182,0.9693396226415094,0.8181818181818182,0.9263711495116453,0.91875,39,98,0.8381294964028777,0.981042654028436,0.8381294964028777,0.9324324324324325,0.9510204081632653,12,45
1055,consecutive_count,"{""min_consecutive"": 5, ""min_count"": 7, ""threshold"": 0.5}",0.8178438661710037,0.9685781618224666,0.8178438661710037,0.9263711495116453,0.9166666666666666,40,98,0.8679245283018868,0.9767801857585139,0.8679245283018868,0.9474474474474475,0.9387755102040817,15,35
1056,consecutive_ratio,"{""min_consecutive"": 5, ""min_ratio"": 0.15, ""threshold"": 0.5}",0.8178438661710037,0.9685781618224666,0.8178438661710037,0.9263711495116453,0.9166666666666666,40,98,0.8679245283018868,0.9767801857585139,0.8679245283018868,0.9474474474474475,0.9387755102040817,15,35
1057,hysteresis,"{""high"": 0.525, ""low"": 0.475, ""min_consecutive"": 7}",0.8178438661710037,0.9685781618224666,0.8178438661710037,0.9263711495116453,0.9166666666666666,40,98,0.8803088803088803,0.9739263803680982,0.8803088803088803,0.9534534534534534,0.9306122448979591,17,31
1058,consecutive,"{""min_consecutive"": 4, ""threshold"": 0.575}",0.8173431734317343,0.970843183609141,0.8173431734317343,0.9256198347107438,0.9229166666666667,37,99,0.8442028985507246,0.9811023622047244,0.8442028985507246,0.9354354354354354,0.9510204081632653,12,43
1059,consecutive_count,"{""min_consecutive"": 4, ""min_count"": 2, ""threshold"": 0.575}",0.8173431734317343,0.970843183609141,0.8173431734317343,0.9256198347107438,0.9229166666666667,37,99,0.8442028985507246,0.9811023622047244,0.8442028985507246,0.9354354354354354,0.9510204081632653,12,43
1060,consecutive_count,"{""min_consecutive"": 4, ""min_count"": 3, ""threshold"": 0.575}",0.8173431734317343,0.970843183609141,0.8173431734317343,0.9256198347107438,0.9229166666666667,37,99,0.8442028985507246,0.9811023622047244,0.8442028985507246,0.9354354354354354,0.9510204081632653,12,43
1061,consecutive_count,"{""min_consecutive"": 4, ""min_count"": 4, ""threshold"": 0.575}",0.8173431734317343,0.970843183609141,0.8173431734317343,0.9256198347107438,0.9229166666666667,37,99,0.8442028985507246,0.9811023622047244,0.8442028985507246,0.9354354354354354,0.9510204081632653,12,43
1062,consecutive_ratio,"{""min_consecutive"": 4, ""min_ratio"": 0.03, ""threshold"": 0.575}",0.8173431734317343,0.970843183609141,0.8173431734317343,0.9256198347107438,0.9229166666666667,37,99,0.8442028985507246,0.9811023622047244,0.8442028985507246,0.9354354354354354,0.9510204081632653,12,43
1063,consecutive_ratio,"{""min_consecutive"": 4, ""min_ratio"": 0.05, ""threshold"": 0.575}",0.8173431734317343,0.970843183609141,0.8173431734317343,0.9256198347107438,0.9229166666666667,37,99,0.8442028985507246,0.9811023622047244,0.8442028985507246,0.9354354354354354,0.9510204081632653,12,43
1064,consecutive_ratio,"{""min_consecutive"": 4, ""min_ratio"": 0.07, ""threshold"": 0.575}",0.8173431734317343,0.970843183609141,0.8173431734317343,0.9256198347107438,0.9229166666666667,37,99,0.8442028985507246,0.9811023622047244,0.8442028985507246,0.9354354354354354,0.9510204081632653,12,43
1065,consecutive_ratio,"{""min_consecutive"": 4, ""min_ratio"": 0.09, ""threshold"": 0.575}",0.8173431734317343,0.970843183609141,0.8173431734317343,0.9256198347107438,0.9229166666666667,37,99,0.8442028985507246,0.9811023622047244,0.8442028985507246,0.9354354354354354,0.9510204081632653,12,43
1066,hysteresis,"{""high"": 0.6, ""low"": 0.45, ""min_consecutive"": 7}",0.8173431734317343,0.970843183609141,0.8173431734317343,0.9256198347107438,0.9229166666666667,37,99,0.8646616541353384,0.9767441860465116,0.8646616541353384,0.9459459459459459,0.9387755102040817,15,36
1067,hysteresis,"{""high"": 0.475, ""low"": 0.425, ""min_consecutive"": 9}",0.8173258003766478,0.9640625,0.8173258003766478,0.927122464312547,0.9041666666666667,46,97,0.888,0.9652042360060514,0.888,0.9579579579579579,0.9061224489795918,23,28
1068,hysteresis,"{""high"": 0.65, ""low"": 0.55, ""min_consecutive"": 3}",0.8170055452865065,0.9700787401574803,0.8170055452865065,0.9256198347107438,0.9208333333333333,38,99,0.8467153284671532,0.9795918367346939,0.8467153284671532,0.9369369369369369,0.9469387755102041,13,42
1069,consecutive_count,"{""min_consecutive"": 4, ""min_count"": 12, ""threshold"": 0.4}",0.8168224299065421,0.9663009404388715,0.8168224299065421,0.9263711495116453,0.9104166666666667,43,98,0.8866396761133604,0.9608433734939759,0.8866396761133604,0.9579579579579579,0.8938775510204081,26,28
1070,consecutive_count,"{""min_consecutive"": 5, ""min_count"": 12, ""threshold"": 0.4}",0.8168224299065421,0.9663009404388715,0.8168224299065421,0.9263711495116453,0.9104166666666667,43,98,0.8866396761133604,0.9608433734939759,0.8866396761133604,0.9579579579579579,0.8938775510204081,26,28
1071,consecutive_count,"{""min_consecutive"": 6, ""min_count"": 12, ""threshold"": 0.4}",0.8168224299065421,0.9663009404388715,0.8168224299065421,0.9263711495116453,0.9104166666666667,43,98,0.8866396761133604,0.9608433734939759,0.8866396761133604,0.9579579579579579,0.8938775510204081,26,28
1072,consecutive_count,"{""min_consecutive"": 7, ""min_count"": 9, ""threshold"": 0.45}",0.8164794007490637,0.9655442443226312,0.8164794007490637,0.9263711495116453,0.9083333333333333,44,98,0.8849206349206349,0.9666160849772383,0.8849206349206349,0.9564564564564565,0.9102040816326531,22,29
1073,consecutive_ratio,"{""min_consecutive"": 7, ""min_ratio"": 0.2, ""threshold"": 0.45}",0.8164794007490637,0.9655442443226312,0.8164794007490637,0.9263711495116453,0.9083333333333333,44,98,0.8849206349206349,0.9666160849772383,0.8849206349206349,0.9564564564564565,0.9102040816326531,22,29
1074,hysteresis,"{""high"": 0.55, ""low"": 0.45, ""min_consecutive"": 8}",0.8163265306122449,0.9685534591194969,0.8163265306122449,0.9256198347107438,0.9166666666666666,40,99,0.875968992248062,0.9709035222052067,0.875968992248062,0.9519519519519519,0.9224489795918367,19,32
1075,hysteresis,"{""high"": 0.6, ""low"": 0.4, ""min_consecutive"": 9}",0.8161764705882353,0.9715864246250987,0.8161764705882353,0.9248685199098422,0.925,36,100,0.8587360594795539,0.9781931464174455,0.8587360594795539,0.9429429429429429,0.9428571428571428,14,38
1076,consecutive,"{""min_consecutive"": 6, ""threshold"": 0.525}",0.8154981549815498,0.9700551615445232,0.8154981549815498,0.9248685199098422,0.9208333333333333,38,100,0.8472727272727273,0.9811320754716981,0.8472727272727273,0.9369369369369369,0.9510204081632653,12,42
1077,consecutive_count,"{""min_consecutive"": 6, ""min_count"": 2, ""threshold"": 0.525}",0.8154981549815498,0.9700551615445232,0.8154981549815498,0.9248685199098422,0.9208333333333333,38,100,0.8472727272727273,0.9811320754716981,0.8472727272727273,0.9369369369369369,0.9510204081632653,12,42
1078,consecutive_count,"{""min_consecutive"": 6, ""min_count"": 3, ""threshold"": 0.525}",0.8154981549815498,0.9700551615445232,0.8154981549815498,0.9248685199098422,0.9208333333333333,38,100,0.8472727272727273,0.9811320754716981,0.8472727272727273,0.9369369369369369,0.9510204081632653,12,42
1079,consecutive_count,"{""min_consecutive"": 6, ""min_count"": 4, ""threshold"": 0.525}",0.8154981549815498,0.9700551615445232,0.8154981549815498,0.9248685199098422,0.9208333333333333,38,100,0.8472727272727273,0.9811320754716981,0.8472727272727273,0.9369369369369369,0.9510204081632653,12,42
1080,consecutive_count,"{""min_consecutive"": 6, ""min_count"": 5, ""threshold"": 0.525}",0.8154981549815498,0.9700551615445232,0.8154981549815498,0.9248685199098422,0.9208333333333333,38,100,0.8472727272727273,0.9811320754716981,0.8472727272727273,0.9369369369369369,0.9510204081632653,12,42
1081,consecutive_count,"{""min_consecutive"": 6, ""min_count"": 6, ""threshold"": 0.525}",0.8154981549815498,0.9700551615445232,0.8154981549815498,0.9248685199098422,0.9208333333333333,38,100,0.8472727272727273,0.9811320754716981,0.8472727272727273,0.9369369369369369,0.9510204081632653,12,42
1082,consecutive_ratio,"{""min_consecutive"": 6, ""min_ratio"": 0.03, ""threshold"": 0.525}",0.8154981549815498,0.9700551615445232,0.8154981549815498,0.9248685199098422,0.9208333333333333,38,100,0.8472727272727273,0.9811320754716981,0.8472727272727273,0.9369369369369369,0.9510204081632653,12,42
1083,consecutive_ratio,"{""min_consecutive"": 6, ""min_ratio"": 0.05, ""threshold"": 0.525}",0.8154981549815498,0.9700551615445232,0.8154981549815498,0.9248685199098422,0.9208333333333333,38,100,0.8472727272727273,0.9811320754716981,0.8472727272727273,0.9369369369369369,0.9510204081632653,12,42
1084,consecutive_ratio,"{""min_consecutive"": 6, ""min_ratio"": 0.07, ""threshold"": 0.525}",0.8154981549815498,0.9700551615445232,0.8154981549815498,0.9248685199098422,0.9208333333333333,38,100,0.8472727272727273,0.9811320754716981,0.8472727272727273,0.9369369369369369,0.9510204081632653,12,42
1085,consecutive_ratio,"{""min_consecutive"": 6, ""min_ratio"": 0.09, ""threshold"": 0.525}",0.8154981549815498,0.9700551615445232,0.8154981549815498,0.9248685199098422,0.9208333333333333,38,100,0.8472727272727273,0.9811320754716981,0.8472727272727273,0.9369369369369369,0.9510204081632653,12,42
1086,consecutive_ratio,"{""min_consecutive"": 6, ""min_ratio"": 0.11, ""threshold"": 0.525}",0.8154981549815498,0.9700551615445232,0.8154981549815498,0.9248685199098422,0.9208333333333333,38,100,0.8472727272727273,0.9811320754716981,0.8472727272727273,0.9369369369369369,0.9510204081632653,12,42
1087,consecutive_ratio,"{""min_consecutive"": 6, ""min_ratio"": 0.13, ""threshold"": 0.525}",0.8154981549815498,0.9700551615445232,0.8154981549815498,0.9248685199098422,0.9208333333333333,38,100,0.8472727272727273,0.9811320754716981,0.8472727272727273,0.9369369369369369,0.9510204081632653,12,42
1088,consecutive_count,"{""min_consecutive"": 7, ""min_count"": 12, ""threshold"": 0.4}",0.8152985074626866,0.9662745098039216,0.8152985074626866,0.9256198347107438,0.9104166666666667,43,99,0.8830645161290323,0.9607843137254902,0.8830645161290323,0.9564564564564565,0.8938775510204081,26,29
1089,consecutive_count,"{""min_consecutive"": 7, ""min_count"": 8, ""threshold"": 0.475}",0.8151571164510166,0.9692913385826771,0.8151571164510166,0.9248685199098422,0.91875,39,100,0.8669201520912547,0.9737654320987654,0.8669201520912547,0.9474474474474475,0.9306122448979591,17,35
1090,hysteresis,"{""high"": 0.65, ""low"": 0.6, ""min_consecutive"": 2}",0.8151571164510166,0.9692913385826771,0.8151571164510166,0.9248685199098422,0.91875,39,100,0.8518518518518519,0.9765990639625585,0.8518518518518519,0.93993993993994,0.9387755102040817,15,40
1091,hysteresis,"{""high"": 0.65, ""low"": 0.5, ""min_consecutive"": 4}",0.8146788990825689,0.9715639810426541,0.8146788990825689,0.9241172051089407,0.925,36,101,0.8436363636363636,0.9795597484276729,0.8436363636363636,0.9354354354354354,0.9469387755102041,13,43
1092,hysteresis,"{""high"": 0.65, ""low"": 0.45, ""min_consecutive"": 5}",0.8146788990825689,0.9715639810426541,0.8146788990825689,0.9241172051089407,0.925,36,101,0.8492647058823529,0.9780907668231612,0.8492647058823529,0.9384384384384384,0.9428571428571428,14,41
1093,consecutive_count,"{""min_consecutive"": 4, ""min_count"": 5, ""threshold"": 0.375}",0.8145833333333333,0.9364285714285714,0.9513381995133819,0.9849737039819685,0.8145833333333333,89,20,0.8122448979591836,0.9347517730496454,0.9660194174757282,0.9894894894894894,0.8122448979591836,46,7
1094,consecutive_ratio,"{""min_consecutive"": 4, ""min_ratio"": 0.11, ""threshold"": 0.375}",0.8145833333333333,0.9364285714285714,0.9513381995133819,0.9849737039819685,0.8145833333333333,89,20,0.8122448979591836,0.9347517730496454,0.9660194174757282,0.9894894894894894,0.8122448979591836,46,7
1095,consecutive_count,"{""min_consecutive"": 3, ""min_count"": 4, ""threshold"": 0.4}",0.8145833333333333,0.9362920544022906,0.9444444444444444,0.9827197595792637,0.8145833333333333,89,23,0.8163265306122449,0.9360795454545454,0.966183574879227,0.9894894894894894,0.8163265306122449,45,7
1096,consecutive_ratio,"{""min_consecutive"": 3, ""min_ratio"": 0.09, ""threshold"": 0.4}",0.8145833333333333,0.9362920544022906,0.9444444444444444,0.9827197595792637,0.8145833333333333,89,23,0.8163265306122449,0.9360795454545454,0.966183574879227,0.9894894894894894,0.8163265306122449,45,7
1097,consecutive_count,"{""min_consecutive"": 4, ""min_count"": 7, ""threshold"": 0.35}",0.8145833333333333,0.9359712230215828,0.9287410926365796,0.9774605559729527,0.8145833333333333,89,30,0.7877551020408163,0.9265536723163842,0.9507389162561576,0.984984984984985,0.7877551020408163,52,10
1098,consecutive_ratio,"{""min_consecutive"": 4, ""min_ratio"": 0.15, ""threshold"": 0.35}",0.8145833333333333,0.9359712230215828,0.9287410926365796,0.9774605559729527,0.8145833333333333,89,30,0.7877551020408163,0.9265536723163842,0.9507389162561576,0.984984984984985,0.7877551020408163,52,10
1099,consecutive_count,"{""min_consecutive"": 5, ""min_count"": 7, ""threshold"": 0.35}",0.8145833333333333,0.9359251259899208,0.9265402843601895,0.976709241172051,0.8145833333333333,89,31,0.8040816326530612,0.9318181818181818,0.9516908212560387,0.984984984984985,0.8040816326530612,48,10
1100,consecutive_ratio,"{""min_consecutive"": 5, ""min_ratio"": 0.15, ""threshold"": 0.35}",0.8145833333333333,0.9359251259899208,0.9265402843601895,0.976709241172051,0.8145833333333333,89,31,0.8040816326530612,0.9318181818181818,0.9516908212560387,0.984984984984985,0.8040816326530612,48,10
1101,hysteresis,"{""high"": 0.45, ""low"": 0.25, ""min_consecutive"": 9}",0.8145833333333333,0.935832732516222,0.9221698113207547,0.9752066115702479,0.8145833333333333,89,33,0.8081632653061225,0.9333333333333333,0.9611650485436893,0.987987987987988,0.8081632653061225,47,8
1102,hysteresis,"{""high"": 0.6, ""low"": 0.5, ""min_consecutive"": 6}",0.8139963167587477,0.9700315457413249,0.8139963167587477,0.9241172051089407,0.9208333333333333,38,101,0.8478260869565217,0.9826771653543307,0.8478260869565217,0.9369369369369369,0.9551020408163265,11,42
1103,consecutive_count,"{""min_consecutive"": 1, ""min_count"": 10, ""threshold"": 0.45}",0.812962962962963,0.967741935483871,0.812962962962963,0.9241172051089407,0.9145833333333333,41,101,0.8779527559055118,0.9665144596651446,0.8779527559055118,0.9534534534534534,0.9102040816326531,22,31
1104,consecutive_count,"{""min_consecutive"": 2, ""min_count"": 10, ""threshold"": 0.45}",0.812962962962963,0.967741935483871,0.812962962962963,0.9241172051089407,0.9145833333333333,41,101,0.8779527559055118,0.9665144596651446,0.8779527559055118,0.9534534534534534,0.9102040816326531,22,31
1105,consecutive_count,"{""min_consecutive"": 3, ""min_count"": 10, ""threshold"": 0.45}",0.812962962962963,0.967741935483871,0.812962962962963,0.9241172051089407,0.9145833333333333,41,101,0.8779527559055118,0.9665144596651446,0.8779527559055118,0.9534534534534534,0.9102040816326531,22,31
1106,consecutive_count,"{""min_consecutive"": 4, ""min_count"": 10, ""threshold"": 0.45}",0.812962962962963,0.967741935483871,0.812962962962963,0.9241172051089407,0.9145833333333333,41,101,0.8779527559055118,0.9665144596651446,0.8779527559055118,0.9534534534534534,0.9102040816326531,22,31
1107,consecutive_count,"{""min_consecutive"": 1, ""min_count"": 4, ""threshold"": 0.4}",0.8125,0.9356683345246605,0.9466019417475728,0.9834710743801653,0.8125,90,22,0.8163265306122449,0.9360795454545454,0.966183574879227,0.9894894894894894,0.8163265306122449,45,7
1108,consecutive_ratio,"{""min_consecutive"": 1, ""min_ratio"": 0.09, ""threshold"": 0.4}",0.8125,0.9356683345246605,0.9466019417475728,0.9834710743801653,0.8125,90,22,0.8163265306122449,0.9360795454545454,0.966183574879227,0.9894894894894894,0.8163265306122449,45,7
1109,consecutive_count,"{""min_consecutive"": 2, ""min_count"": 4, ""threshold"": 0.4}",0.8125,0.9356683345246605,0.9466019417475728,0.9834710743801653,0.8125,90,22,0.8163265306122449,0.9360795454545454,0.966183574879227,0.9894894894894894,0.8163265306122449,45,7
1110,consecutive_ratio,"{""min_consecutive"": 2, ""min_ratio"": 0.09, ""threshold"": 0.4}",0.8125,0.9356683345246605,0.9466019417475728,0.9834710743801653,0.8125,90,22,0.8163265306122449,0.9360795454545454,0.966183574879227,0.9894894894894894,0.8163265306122449,45,7
1111,hysteresis,"{""high"": 0.45, ""low"": 0.3, ""min_consecutive"": 6}",0.8125,0.9355762347888332,0.9420289855072463,0.9819684447783621,0.8125,90,24,0.8081632653061225,0.9335219236209336,0.9705882352941176,0.990990990990991,0.8081632653061225,47,6
1112,topk_mean,"{""threshold"": 0.45, ""top_k"": 4}",0.8125,0.9353448275862069,0.9307875894988067,0.9782118707738543,0.8125,90,29,0.8122448979591836,0.9347517730496454,0.9660194174757282,0.9894894894894894,0.8122448979591836,46,7
1113,hysteresis,"{""high"": 0.625, ""low"": 0.425, ""min_consecutive"": 7}",0.8120437956204379,0.9722882026920031,0.8120437956204379,0.9226145755071374,0.9270833333333334,35,103,0.8587360594795539,0.9781931464174455,0.8587360594795539,0.9429429429429429,0.9428571428571428,14,38
1114,consecutive_count,"{""min_consecutive"": 1, ""min_count"": 11, ""threshold"": 0.425}",0.8111111111111111,0.9669551534225019,0.8111111111111111,0.9233658903080391,0.9125,42,102,0.8804780876494024,0.9636363636363636,0.8804780876494024,0.954954954954955,0.9020408163265307,24,30
1115,consecutive_count,"{""min_consecutive"": 2, ""min_count"": 11, ""threshold"": 0.425}",0.8111111111111111,0.9669551534225019,0.8111111111111111,0.9233658903080391,0.9125,42,102,0.8804780876494024,0.9636363636363636,0.8804780876494024,0.954954954954955,0.9020408163265307,24,30
1116,consecutive_count,"{""min_consecutive"": 3, ""min_count"": 11, ""threshold"": 0.425}",0.8111111111111111,0.9669551534225019,0.8111111111111111,0.9233658903080391,0.9125,42,102,0.8804780876494024,0.9636363636363636,0.8804780876494024,0.954954954954955,0.9020408163265307,24,30
1117,consecutive_count,"{""min_consecutive"": 4, ""min_count"": 11, ""threshold"": 0.425}",0.8111111111111111,0.9669551534225019,0.8111111111111111,0.9233658903080391,0.9125,42,102,0.8804780876494024,0.9636363636363636,0.8804780876494024,0.954954954954955,0.9020408163265307,24,30
1118,consecutive_count,"{""min_consecutive"": 5, ""min_count"": 11, ""threshold"": 0.425}",0.8111111111111111,0.9669551534225019,0.8111111111111111,0.9233658903080391,0.9125,42,102,0.8804780876494024,0.9636363636363636,0.8804780876494024,0.954954954954955,0.9020408163265307,24,30
1119,consecutive_count,"{""min_consecutive"": 6, ""min_count"": 11, ""threshold"": 0.425}",0.8111111111111111,0.9669551534225019,0.8111111111111111,0.9233658903080391,0.9125,42,102,0.876984126984127,0.9635811836115327,0.876984126984127,0.9534534534534534,0.9020408163265307,24,31
1120,hysteresis,"{""high"": 0.525, ""low"": 0.425, ""min_consecutive"": 9}",0.8111111111111111,0.9669551534225019,0.8111111111111111,0.9233658903080391,0.9125,42,102,0.872093023255814,0.9693721286370597,0.872093023255814,0.9504504504504504,0.9183673469387755,20,33
1121,consecutive,"{""min_consecutive"": 5, ""threshold"": 0.55}",0.8110091743119267,0.9699842022116903,0.8110091743119267,0.9226145755071374,0.9208333333333333,38,103,0.8411552346570397,0.9810725552050473,0.8411552346570397,0.933933933933934,0.9510204081632653,12,44
1122,consecutive_count,"{""min_consecutive"": 5, ""min_count"": 2, ""threshold"": 0.55}",0.8110091743119267,0.9699842022116903,0.8110091743119267,0.9226145755071374,0.9208333333333333,38,103,0.8411552346570397,0.9810725552050473,0.8411552346570397,0.933933933933934,0.9510204081632653,12,44
1123,consecutive_count,"{""min_consecutive"": 5, ""min_count"": 3, ""threshold"": 0.55}",0.8110091743119267,0.9699842022116903,0.8110091743119267,0.9226145755071374,0.9208333333333333,38,103,0.8411552346570397,0.9810725552050473,0.8411552346570397,0.933933933933934,0.9510204081632653,12,44
1124,consecutive_count,"{""min_consecutive"": 5, ""min_count"": 4, ""threshold"": 0.55}",0.8110091743119267,0.9699842022116903,0.8110091743119267,0.9226145755071374,0.9208333333333333,38,103,0.8411552346570397,0.9810725552050473,0.8411552346570397,0.933933933933934,0.9510204081632653,12,44
1125,consecutive_count,"{""min_consecutive"": 5, ""min_count"": 5, ""threshold"": 0.55}",0.8110091743119267,0.9699842022116903,0.8110091743119267,0.9226145755071374,0.9208333333333333,38,103,0.8411552346570397,0.9810725552050473,0.8411552346570397,0.933933933933934,0.9510204081632653,12,44
1126,consecutive_ratio,"{""min_consecutive"": 5, ""min_ratio"": 0.03, ""threshold"": 0.55}",0.8110091743119267,0.9699842022116903,0.8110091743119267,0.9226145755071374,0.9208333333333333,38,103,0.8411552346570397,0.9810725552050473,0.8411552346570397,0.933933933933934,0.9510204081632653,12,44
1127,consecutive_ratio,"{""min_consecutive"": 5, ""min_ratio"": 0.05, ""threshold"": 0.55}",0.8110091743119267,0.9699842022116903,0.8110091743119267,0.9226145755071374,0.9208333333333333,38,103,0.8411552346570397,0.9810725552050473,0.8411552346570397,0.933933933933934,0.9510204081632653,12,44
1128,consecutive_ratio,"{""min_consecutive"": 5, ""min_ratio"": 0.07, ""threshold"": 0.55}",0.8110091743119267,0.9699842022116903,0.8110091743119267,0.9226145755071374,0.9208333333333333,38,103,0.8411552346570397,0.9810725552050473,0.8411552346570397,0.933933933933934,0.9510204081632653,12,44
1129,consecutive_ratio,"{""min_consecutive"": 5, ""min_ratio"": 0.09, ""threshold"": 0.55}",0.8110091743119267,0.9699842022116903,0.8110091743119267,0.9226145755071374,0.9208333333333333,38,103,0.8411552346570397,0.9810725552050473,0.8411552346570397,0.933933933933934,0.9510204081632653,12,44
1130,consecutive_ratio,"{""min_consecutive"": 5, ""min_ratio"": 0.11, ""threshold"": 0.55}",0.8110091743119267,0.9699842022116903,0.8110091743119267,0.9226145755071374,0.9208333333333333,38,103,0.8411552346570397,0.9810725552050473,0.8411552346570397,0.933933933933934,0.9510204081632653,12,44
1131,hysteresis,"{""high"": 0.625, ""low"": 0.575, ""min_consecutive"": 4}",0.8109090909090909,0.9730372720063442,0.8109090909090909,0.9218632607062359,0.9291666666666667,34,104,0.8392857142857143,0.9841521394611727,0.8392857142857143,0.9324324324324325,0.9591836734693877,10,45
1132,consecutive_count,"{""min_consecutive"": 6, ""min_count"": 7, ""threshold"": 0.5}",0.8106617647058824,0.9692186266771902,0.8106617647058824,0.9226145755071374,0.91875,39,103,0.8614232209737828,0.9767080745341615,0.8614232209737828,0.9444444444444444,0.9387755102040817,15,37
1133,consecutive_ratio,"{""min_consecutive"": 6, ""min_ratio"": 0.15, ""threshold"": 0.5}",0.8106617647058824,0.9692186266771902,0.8106617647058824,0.9226145755071374,0.91875,39,103,0.8614232209737828,0.9767080745341615,0.8614232209737828,0.9444444444444444,0.9387755102040817,15,37
1134,consecutive,"{""min_consecutive"": 3, ""threshold"": 0.425}",0.8104166666666667,0.9348137535816619,0.9373493975903614,0.980465815176559,0.8104166666666667,91,26,0.8204081632653061,0.9375,0.9710144927536232,0.990990990990991,0.8204081632653061,44,6
1135,consecutive_count,"{""min_consecutive"": 3, ""min_count"": 2, ""threshold"": 0.425}",0.8104166666666667,0.9348137535816619,0.9373493975903614,0.980465815176559,0.8104166666666667,91,26,0.8204081632653061,0.9375,0.9710144927536232,0.990990990990991,0.8204081632653061,44,6
1136,consecutive_count,"{""min_consecutive"": 3, ""min_count"": 3, ""threshold"": 0.425}",0.8104166666666667,0.9348137535816619,0.9373493975903614,0.980465815176559,0.8104166666666667,91,26,0.8204081632653061,0.9375,0.9710144927536232,0.990990990990991,0.8204081632653061,44,6
1137,consecutive_ratio,"{""min_consecutive"": 3, ""min_ratio"": 0.03, ""threshold"": 0.425}",0.8104166666666667,0.9348137535816619,0.9373493975903614,0.980465815176559,0.8104166666666667,91,26,0.8204081632653061,0.9375,0.9710144927536232,0.990990990990991,0.8204081632653061,44,6
1138,consecutive_ratio,"{""min_consecutive"": 3, ""min_ratio"": 0.05, ""threshold"": 0.425}",0.8104166666666667,0.9348137535816619,0.9373493975903614,0.980465815176559,0.8104166666666667,91,26,0.8204081632653061,0.9375,0.9710144927536232,0.990990990990991,0.8204081632653061,44,6
1139,consecutive_ratio,"{""min_consecutive"": 3, ""min_ratio"": 0.07, ""threshold"": 0.425}",0.8104166666666667,0.9348137535816619,0.9373493975903614,0.980465815176559,0.8104166666666667,91,26,0.8204081632653061,0.9375,0.9710144927536232,0.990990990990991,0.8204081632653061,44,6
1140,consecutive,"{""min_consecutive"": 6, ""threshold"": 0.35}",0.8104166666666667,0.9347202295552367,0.9328537170263789,0.9789631855747558,0.8104166666666667,91,28,0.8122448979591836,0.9344729344729344,0.9521531100478469,0.984984984984985,0.8122448979591836,46,10
1141,consecutive_count,"{""min_consecutive"": 6, ""min_count"": 2, ""threshold"": 0.35}",0.8104166666666667,0.9347202295552367,0.9328537170263789,0.9789631855747558,0.8104166666666667,91,28,0.8122448979591836,0.9344729344729344,0.9521531100478469,0.984984984984985,0.8122448979591836,46,10
1142,consecutive_count,"{""min_consecutive"": 6, ""min_count"": 3, ""threshold"": 0.35}",0.8104166666666667,0.9347202295552367,0.9328537170263789,0.9789631855747558,0.8104166666666667,91,28,0.8122448979591836,0.9344729344729344,0.9521531100478469,0.984984984984985,0.8122448979591836,46,10
1143,consecutive_count,"{""min_consecutive"": 6, ""min_count"": 4, ""threshold"": 0.35}",0.8104166666666667,0.9347202295552367,0.9328537170263789,0.9789631855747558,0.8104166666666667,91,28,0.8122448979591836,0.9344729344729344,0.9521531100478469,0.984984984984985,0.8122448979591836,46,10
1144,consecutive_count,"{""min_consecutive"": 6, ""min_count"": 5, ""threshold"": 0.35}",0.8104166666666667,0.9347202295552367,0.9328537170263789,0.9789631855747558,0.8104166666666667,91,28,0.8122448979591836,0.9344729344729344,0.9521531100478469,0.984984984984985,0.8122448979591836,46,10
1145,consecutive_count,"{""min_consecutive"": 6, ""min_count"": 6, ""threshold"": 0.35}",0.8104166666666667,0.9347202295552367,0.9328537170263789,0.9789631855747558,0.8104166666666667,91,28,0.8122448979591836,0.9344729344729344,0.9521531100478469,0.984984984984985,0.8122448979591836,46,10
1146,consecutive_ratio,"{""min_consecutive"": 6, ""min_ratio"": 0.03, ""threshold"": 0.35}",0.8104166666666667,0.9347202295552367,0.9328537170263789,0.9789631855747558,0.8104166666666667,91,28,0.8122448979591836,0.9344729344729344,0.9521531100478469,0.984984984984985,0.8122448979591836,46,10
1147,consecutive_ratio,"{""min_consecutive"": 6, ""min_ratio"": 0.05, ""threshold"": 0.35}",0.8104166666666667,0.9347202295552367,0.9328537170263789,0.9789631855747558,0.8104166666666667,91,28,0.8122448979591836,0.9344729344729344,0.9521531100478469,0.984984984984985,0.8122448979591836,46,10
1148,consecutive_ratio,"{""min_consecutive"": 6, ""min_ratio"": 0.07, ""threshold"": 0.35}",0.8104166666666667,0.9347202295552367,0.9328537170263789,0.9789631855747558,0.8104166666666667,91,28,0.8122448979591836,0.9344729344729344,0.9521531100478469,0.984984984984985,0.8122448979591836,46,10
1149,consecutive_ratio,"{""min_consecutive"": 6, ""min_ratio"": 0.09, ""threshold"": 0.35}",0.8104166666666667,0.9347202295552367,0.9328537170263789,0.9789631855747558,0.8104166666666667,91,28,0.8122448979591836,0.9344729344729344,0.9521531100478469,0.984984984984985,0.8122448979591836,46,10
1150,consecutive_ratio,"{""min_consecutive"": 6, ""min_ratio"": 0.11, ""threshold"": 0.35}",0.8104166666666667,0.9347202295552367,0.9328537170263789,0.9789631855747558,0.8104166666666667,91,28,0.8122448979591836,0.9344729344729344,0.9521531100478469,0.984984984984985,0.8122448979591836,46,10
1151,consecutive_ratio,"{""min_consecutive"": 6, ""min_ratio"": 0.13, ""threshold"": 0.35}",0.8104166666666667,0.9347202295552367,0.9328537170263789,0.9789631855747558,0.8104166666666667,91,28,0.8122448979591836,0.9344729344729344,0.9521531100478469,0.984984984984985,0.8122448979591836,46,10
1152,hysteresis,"{""high"": 0.475, ""low"": 0.275, ""min_consecutive"": 6}",0.8104166666666667,0.9346733668341709,0.930622009569378,0.9782118707738543,0.8104166666666667,91,29,0.8244897959183674,0.9387464387464387,0.9665071770334929,0.9894894894894894,0.8244897959183674,43,7
1153,hysteresis,"{""high"": 0.625, ""low"": 0.475, ""min_consecutive"": 6}",0.8102189781021898,0.9714964370546318,0.8102189781021898,0.9218632607062359,0.925,36,104,0.8467153284671532,0.9795918367346939,0.8467153284671532,0.9369369369369369,0.9469387755102041,13,42
1154,consecutive_count,"{""min_consecutive"": 5, ""min_count"": 10, ""threshold"": 0.45}",0.8099630996309963,0.9676910953506698,0.8099630996309963,0.9226145755071374,0.9145833333333333,41,103,0.8779527559055118,0.9665144596651446,0.8779527559055118,0.9534534534534534,0.9102040816326531,22,31
1155,consecutive_count,"{""min_consecutive"": 7, ""min_count"": 11, ""threshold"": 0.425}",0.8096118299445472,0.9669291338582677,0.8096118299445472,0.9226145755071374,0.9125,42,103,0.8735177865612648,0.9635258358662614,0.8735177865612648,0.9519519519519519,0.9020408163265307,24,32
1156,consecutive_count,"{""min_consecutive"": 1, ""min_count"": 8, ""threshold"": 0.5}",0.8095238095238095,0.9699604743083003,0.8095238095238095,0.9218632607062359,0.9208333333333333,38,104,0.8614232209737828,0.9767080745341615,0.8614232209737828,0.9444444444444444,0.9387755102040817,15,37
1157,consecutive_count,"{""min_consecutive"": 2, ""min_count"": 8, ""threshold"": 0.5}",0.8095238095238095,0.9699604743083003,0.8095238095238095,0.9218632607062359,0.9208333333333333,38,104,0.8614232209737828,0.9767080745341615,0.8614232209737828,0.9444444444444444,0.9387755102040817,15,37
1158,consecutive_count,"{""min_consecutive"": 3, ""min_count"": 8, ""threshold"": 0.5}",0.8095238095238095,0.9699604743083003,0.8095238095238095,0.9218632607062359,0.9208333333333333,38,104,0.8614232209737828,0.9767080745341615,0.8614232209737828,0.9444444444444444,0.9387755102040817,15,37
1159,consecutive_count,"{""min_consecutive"": 4, ""min_count"": 8, ""threshold"": 0.5}",0.8095238095238095,0.9699604743083003,0.8095238095238095,0.9218632607062359,0.9208333333333333,38,104,0.8614232209737828,0.9767080745341615,0.8614232209737828,0.9444444444444444,0.9387755102040817,15,37
1160,topk_mean,"{""threshold"": 0.575, ""top_k"": 9}",0.8087431693989071,0.971473851030111,0.8087431693989071,0.9211119459053343,0.925,36,105,0.8442028985507246,0.9811023622047244,0.8442028985507246,0.9354354354354354,0.9510204081632653,12,43
1161,topk_mean,"{""threshold"": 0.65, ""top_k"": 2}",0.8087431693989071,0.971473851030111,0.8087431693989071,0.9211119459053343,0.925,36,105,0.8523985239852399,0.978125,0.8523985239852399,0.93993993993994,0.9428571428571428,14,40
1162,consecutive_count,"{""min_consecutive"": 6, ""min_count"": 10, ""threshold"": 0.45}",0.8084714548802947,0.9676656151419558,0.8084714548802947,0.9218632607062359,0.9145833333333333,41,104,0.875,0.9679389312977099,0.875,0.9519519519519519,0.9142857142857143,21,32
1163,consecutive_count,"{""min_consecutive"": 1, ""min_count"": 7, ""threshold"": 0.35}",0.8083333333333333,0.9339554917444365,0.9282296650717703,0.9774605559729527,0.8083333333333333,92,30,0.7795918367346939,0.923943661971831,0.9502487562189055,0.984984984984985,0.7795918367346939,54,10
1164,consecutive_ratio,"{""min_consecutive"": 1, ""min_ratio"": 0.15, ""threshold"": 0.35}",0.8083333333333333,0.9339554917444365,0.9282296650717703,0.9774605559729527,0.8083333333333333,92,30,0.7795918367346939,0.923943661971831,0.9502487562189055,0.984984984984985,0.7795918367346939,54,10
1165,consecutive_count,"{""min_consecutive"": 2, ""min_count"": 7, ""threshold"": 0.35}",0.8083333333333333,0.9339554917444365,0.9282296650717703,0.9774605559729527,0.8083333333333333,92,30,0.7795918367346939,0.923943661971831,0.9502487562189055,0.984984984984985,0.7795918367346939,54,10
1166,consecutive_ratio,"{""min_consecutive"": 2, ""min_ratio"": 0.15, ""threshold"": 0.35}",0.8083333333333333,0.9339554917444365,0.9282296650717703,0.9774605559729527,0.8083333333333333,92,30,0.7795918367346939,0.923943661971831,0.9502487562189055,0.984984984984985,0.7795918367346939,54,10
1167,consecutive_count,"{""min_consecutive"": 3, ""min_count"": 7, ""threshold"": 0.35}",0.8083333333333333,0.9339554917444365,0.9282296650717703,0.9774605559729527,0.8083333333333333,92,30,0.7795918367346939,0.923943661971831,0.9502487562189055,0.984984984984985,0.7795918367346939,54,10
1168,consecutive_ratio,"{""min_consecutive"": 3, ""min_ratio"": 0.15, ""threshold"": 0.35}",0.8083333333333333,0.9339554917444365,0.9282296650717703,0.9774605559729527,0.8083333333333333,92,30,0.7795918367346939,0.923943661971831,0.9502487562189055,0.984984984984985,0.7795918367346939,54,10
1169,consecutive_count,"{""min_consecutive"": 5, ""min_count"": 8, ""threshold"": 0.5}",0.8080438756855576,0.9699367088607594,0.8080438756855576,0.9211119459053343,0.9208333333333333,38,105,0.8555555555555555,0.9781591263650546,0.8555555555555555,0.9414414414414415,0.9428571428571428,14,39
1170,hysteresis,"{""high"": 0.575, ""low"": 0.525, ""min_consecutive"": 6}",0.8080438756855576,0.9699367088607594,0.8080438756855576,0.9211119459053343,0.9208333333333333,38,105,0.8447653429602888,0.9826498422712934,0.8447653429602888,0.9354354354354354,0.9551020408163265,11,43
1171,hysteresis,"{""high"": 0.575, ""low"": 0.475, ""min_consecutive"": 7}",0.8080438756855576,0.9699367088607594,0.8080438756855576,0.9211119459053343,0.9208333333333333,38,105,0.8582089552238806,0.9766718506998445,0.8582089552238806,0.9429429429429429,0.9387755102040817,15,38
1172,hysteresis,"{""high"": 0.625, ""low"": 0.525, ""min_consecutive"": 5}",0.8072727272727273,0.9714512291831879,0.8072727272727273,0.9203606311044328,0.925,36,106,0.8357142857142857,0.9825673534072901,0.8357142857142857,0.9309309309309309,0.9551020408163265,11,46
1173,consecutive_count,"{""min_consecutive"": 1, ""min_count"": 7, ""threshold"": 0.525}",0.8069216757741348,0.9706814580031695,0.8069216757741348,0.9203606311044328,0.9229166666666667,37,106,0.8467153284671532,0.9795918367346939,0.8467153284671532,0.9369369369369369,0.9469387755102041,13,42
1174,consecutive_ratio,"{""min_consecutive"": 1, ""min_ratio"": 0.15, ""threshold"": 0.525}",0.8069216757741348,0.9706814580031695,0.8069216757741348,0.9203606311044328,0.9229166666666667,37,106,0.8467153284671532,0.9795918367346939,0.8467153284671532,0.9369369369369369,0.9469387755102041,13,42
1175,consecutive_count,"{""min_consecutive"": 2, ""min_count"": 7, ""threshold"": 0.525}",0.8069216757741348,0.9706814580031695,0.8069216757741348,0.9203606311044328,0.9229166666666667,37,106,0.8467153284671532,0.9795918367346939,0.8467153284671532,0.9369369369369369,0.9469387755102041,13,42
1176,consecutive_ratio,"{""min_consecutive"": 2, ""min_ratio"": 0.15, ""threshold"": 0.525}",0.8069216757741348,0.9706814580031695,0.8069216757741348,0.9203606311044328,0.9229166666666667,37,106,0.8467153284671532,0.9795918367346939,0.8467153284671532,0.9369369369369369,0.9469387755102041,13,42
1177,consecutive_count,"{""min_consecutive"": 3, ""min_count"": 7, ""threshold"": 0.525}",0.8069216757741348,0.9706814580031695,0.8069216757741348,0.9203606311044328,0.9229166666666667,37,106,0.8467153284671532,0.9795918367346939,0.8467153284671532,0.9369369369369369,0.9469387755102041,13,42
1178,consecutive_ratio,"{""min_consecutive"": 3, ""min_ratio"": 0.15, ""threshold"": 0.525}",0.8069216757741348,0.9706814580031695,0.8069216757741348,0.9203606311044328,0.9229166666666667,37,106,0.8467153284671532,0.9795918367346939,0.8467153284671532,0.9369369369369369,0.9469387755102041,13,42
1179,consecutive_count,"{""min_consecutive"": 4, ""min_count"": 7, ""threshold"": 0.525}",0.8069216757741348,0.9706814580031695,0.8069216757741348,0.9203606311044328,0.9229166666666667,37,106,0.8381294964028777,0.981042654028436,0.8381294964028777,0.9324324324324325,0.9510204081632653,12,45
1180,consecutive_ratio,"{""min_consecutive"": 4, ""min_ratio"": 0.15, ""threshold"": 0.525}",0.8069216757741348,0.9706814580031695,0.8069216757741348,0.9203606311044328,0.9229166666666667,37,106,0.8381294964028777,0.981042654028436,0.8381294964028777,0.9324324324324325,0.9510204081632653,12,45
1181,hysteresis,"{""high"": 0.6, ""low"": 0.55, ""min_consecutive"": 5}",0.8069216757741348,0.9706814580031695,0.8069216757741348,0.9203606311044328,0.9229166666666667,37,106,0.8398576512455516,0.9857142857142858,0.8398576512455516,0.9324324324324325,0.963265306122449,9,45
1182,consecutive_count,"{""min_consecutive"": 4, ""min_count"": 9, ""threshold"": 0.475}",0.8065693430656934,0.9699129057798892,0.8065693430656934,0.9203606311044328,0.9208333333333333,38,106,0.8702290076335878,0.9738058551617874,0.8702290076335878,0.948948948948949,0.9306122448979591,17,34
1183,consecutive_ratio,"{""min_consecutive"": 4, ""min_ratio"": 0.2, ""threshold"": 0.475}",0.8065693430656934,0.9699129057798892,0.8065693430656934,0.9203606311044328,0.9208333333333333,38,106,0.8702290076335878,0.9738058551617874,0.8702290076335878,0.948948948948949,0.9306122448979591,17,34
1184,consecutive_count,"{""min_consecutive"": 5, ""min_count"": 9, ""threshold"": 0.475}",0.8065693430656934,0.9699129057798892,0.8065693430656934,0.9203606311044328,0.9208333333333333,38,106,0.8702290076335878,0.9738058551617874,0.8702290076335878,0.948948948948949,0.9306122448979591,17,34
1185,consecutive_ratio,"{""min_consecutive"": 5, ""min_ratio"": 0.2, ""threshold"": 0.475}",0.8065693430656934,0.9699129057798892,0.8065693430656934,0.9203606311044328,0.9208333333333333,38,106,0.8702290076335878,0.9738058551617874,0.8702290076335878,0.948948948948949,0.9306122448979591,17,34
1186,hysteresis,"{""high"": 0.525, ""low"": 0.475, ""min_consecutive"": 8}",0.8065693430656934,0.9699129057798892,0.8065693430656934,0.9203606311044328,0.9208333333333333,38,106,0.8603773584905661,0.9736842105263158,0.8603773584905661,0.9444444444444444,0.9306122448979591,17,37
1187,consecutive,"{""min_consecutive"": 2, ""threshold"": 0.45}",0.80625,0.9333810888252149,0.9325301204819277,0.9789631855747558,0.80625,93,28,0.8122448979591836,0.9348441926345609,0.9707317073170731,0.990990990990991,0.8122448979591836,46,6
1188,consecutive_count,"{""min_consecutive"": 2, ""min_count"": 2, ""threshold"": 0.45}",0.80625,0.9333810888252149,0.9325301204819277,0.9789631855747558,0.80625,93,28,0.8122448979591836,0.9348441926345609,0.9707317073170731,0.990990990990991,0.8122448979591836,46,6
1189,consecutive_ratio,"{""min_consecutive"": 2, ""min_ratio"": 0.03, ""threshold"": 0.45}",0.80625,0.9333810888252149,0.9325301204819277,0.9789631855747558,0.80625,93,28,0.8122448979591836,0.9348441926345609,0.9707317073170731,0.990990990990991,0.8122448979591836,46,6
1190,topk_mean,"{""threshold"": 0.475, ""top_k"": 2}",0.80625,0.9332855093256814,0.9280575539568345,0.9774605559729527,0.80625,93,30,0.8040816326530612,0.9322033898305084,0.9704433497536946,0.990990990990991,0.8040816326530612,48,6
1191,consecutive,"{""min_consecutive"": 8, ""threshold"": 0.475}",0.8062157221206582,0.9691455696202531,0.8062157221206582,0.9203606311044328,0.91875,39,106,0.8636363636363636,0.973724884080371,0.8636363636363636,0.9459459459459459,0.9306122448979591,17,36
1192,consecutive_count,"{""min_consecutive"": 1, ""min_count"": 9, ""threshold"": 0.475}",0.8062157221206582,0.9691455696202531,0.8062157221206582,0.9203606311044328,0.91875,39,106,0.8702290076335878,0.9738058551617874,0.8702290076335878,0.948948948948949,0.9306122448979591,17,34
1193,consecutive_ratio,"{""min_consecutive"": 1, ""min_ratio"": 0.2, ""threshold"": 0.475}",0.8062157221206582,0.9691455696202531,0.8062157221206582,0.9203606311044328,0.91875,39,106,0.8702290076335878,0.9738058551617874,0.8702290076335878,0.948948948948949,0.9306122448979591,17,34
1194,consecutive_count,"{""min_consecutive"": 2, ""min_count"": 9, ""threshold"": 0.475}",0.8062157221206582,0.9691455696202531,0.8062157221206582,0.9203606311044328,0.91875,39,106,0.8702290076335878,0.9738058551617874,0.8702290076335878,0.948948948948949,0.9306122448979591,17,34
1195,consecutive_ratio,"{""min_consecutive"": 2, ""min_ratio"": 0.2, ""threshold"": 0.475}",0.8062157221206582,0.9691455696202531,0.8062157221206582,0.9203606311044328,0.91875,39,106,0.8702290076335878,0.9738058551617874,0.8702290076335878,0.948948948948949,0.9306122448979591,17,34
1196,consecutive_count,"{""min_consecutive"": 3, ""min_count"": 9, ""threshold"": 0.475}",0.8062157221206582,0.9691455696202531,0.8062157221206582,0.9203606311044328,0.91875,39,106,0.8702290076335878,0.9738058551617874,0.8702290076335878,0.948948948948949,0.9306122448979591,17,34
1197,consecutive_ratio,"{""min_consecutive"": 3, ""min_ratio"": 0.2, ""threshold"": 0.475}",0.8062157221206582,0.9691455696202531,0.8062157221206582,0.9203606311044328,0.91875,39,106,0.8702290076335878,0.9738058551617874,0.8702290076335878,0.948948948948949,0.9306122448979591,17,34
1198,topk_mean,"{""threshold"": 0.6, ""top_k"": 7}",0.8058076225045372,0.9714285714285714,0.8058076225045372,0.9196093163035312,0.925,36,107,0.8351254480286738,0.9810126582278481,0.8351254480286738,0.9309309309309309,0.9510204081632653,12,46
1199,consecutive_count,"{""min_consecutive"": 7, ""min_count"": 10, ""threshold"": 0.45}",0.8055045871559633,0.9676145339652449,0.8055045871559633,0.9203606311044328,0.9145833333333333,41,106,0.875,0.9679389312977099,0.875,0.9519519519519519,0.9142857142857143,21,32
1200,consecutive,"{""min_consecutive"": 7, ""threshold"": 0.5}",0.8047445255474452,0.9691211401425178,0.8047445255474452,0.9196093163035312,0.91875,39,107,0.8487084870848709,0.9765625,0.8487084870848709,0.9384384384384384,0.9387755102040817,15,41
1201,consecutive_count,"{""min_consecutive"": 7, ""min_count"": 2, ""threshold"": 0.5}",0.8047445255474452,0.9691211401425178,0.8047445255474452,0.9196093163035312,0.91875,39,107,0.8487084870848709,0.9765625,0.8487084870848709,0.9384384384384384,0.9387755102040817,15,41
1202,consecutive_count,"{""min_consecutive"": 7, ""min_count"": 3, ""threshold"": 0.5}",0.8047445255474452,0.9691211401425178,0.8047445255474452,0.9196093163035312,0.91875,39,107,0.8487084870848709,0.9765625,0.8487084870848709,0.9384384384384384,0.9387755102040817,15,41
1203,consecutive_count,"{""min_consecutive"": 7, ""min_count"": 4, ""threshold"": 0.5}",0.8047445255474452,0.9691211401425178,0.8047445255474452,0.9196093163035312,0.91875,39,107,0.8487084870848709,0.9765625,0.8487084870848709,0.9384384384384384,0.9387755102040817,15,41
1204,consecutive_count,"{""min_consecutive"": 7, ""min_count"": 5, ""threshold"": 0.5}",0.8047445255474452,0.9691211401425178,0.8047445255474452,0.9196093163035312,0.91875,39,107,0.8487084870848709,0.9765625,0.8487084870848709,0.9384384384384384,0.9387755102040817,15,41
1205,consecutive_count,"{""min_consecutive"": 7, ""min_count"": 6, ""threshold"": 0.5}",0.8047445255474452,0.9691211401425178,0.8047445255474452,0.9196093163035312,0.91875,39,107,0.8487084870848709,0.9765625,0.8487084870848709,0.9384384384384384,0.9387755102040817,15,41
1206,consecutive_count,"{""min_consecutive"": 7, ""min_count"": 7, ""threshold"": 0.5}",0.8047445255474452,0.9691211401425178,0.8047445255474452,0.9196093163035312,0.91875,39,107,0.8487084870848709,0.9765625,0.8487084870848709,0.9384384384384384,0.9387755102040817,15,41
1207,consecutive_ratio,"{""min_consecutive"": 7, ""min_ratio"": 0.03, ""threshold"": 0.5}",0.8047445255474452,0.9691211401425178,0.8047445255474452,0.9196093163035312,0.91875,39,107,0.8487084870848709,0.9765625,0.8487084870848709,0.9384384384384384,0.9387755102040817,15,41
1208,consecutive_ratio,"{""min_consecutive"": 7, ""min_ratio"": 0.05, ""threshold"": 0.5}",0.8047445255474452,0.9691211401425178,0.8047445255474452,0.9196093163035312,0.91875,39,107,0.8487084870848709,0.9765625,0.8487084870848709,0.9384384384384384,0.9387755102040817,15,41
1209,consecutive_ratio,"{""min_consecutive"": 7, ""min_ratio"": 0.07, ""threshold"": 0.5}",0.8047445255474452,0.9691211401425178,0.8047445255474452,0.9196093163035312,0.91875,39,107,0.8487084870848709,0.9765625,0.8487084870848709,0.9384384384384384,0.9387755102040817,15,41
1210,consecutive_ratio,"{""min_consecutive"": 7, ""min_ratio"": 0.09, ""threshold"": 0.5}",0.8047445255474452,0.9691211401425178,0.8047445255474452,0.9196093163035312,0.91875,39,107,0.8487084870848709,0.9765625,0.8487084870848709,0.9384384384384384,0.9387755102040817,15,41
1211,consecutive_ratio,"{""min_consecutive"": 7, ""min_ratio"": 0.11, ""threshold"": 0.5}",0.8047445255474452,0.9691211401425178,0.8047445255474452,0.9196093163035312,0.91875,39,107,0.8487084870848709,0.9765625,0.8487084870848709,0.9384384384384384,0.9387755102040817,15,41
1212,consecutive_ratio,"{""min_consecutive"": 7, ""min_ratio"": 0.13, ""threshold"": 0.5}",0.8047445255474452,0.9691211401425178,0.8047445255474452,0.9196093163035312,0.91875,39,107,0.8487084870848709,0.9765625,0.8487084870848709,0.9384384384384384,0.9387755102040817,15,41
1213,consecutive_ratio,"{""min_consecutive"": 7, ""min_ratio"": 0.15, ""threshold"": 0.5}",0.8047445255474452,0.9691211401425178,0.8047445255474452,0.9196093163035312,0.91875,39,107,0.8487084870848709,0.9765625,0.8487084870848709,0.9384384384384384,0.9387755102040817,15,41
1214,hysteresis,"{""high"": 0.65, ""low"": 0.55, ""min_consecutive"": 4}",0.8047016274864376,0.9721780604133545,0.8047016274864376,0.9188580015026296,0.9270833333333334,35,108,0.8327402135231317,0.9825396825396825,0.8327402135231317,0.9294294294294294,0.9551020408163265,11,47
1215,consecutive_count,"{""min_consecutive"": 5, ""min_count"": 7, ""threshold"": 0.525}",0.8043478260869565,0.971405877680699,0.8043478260869565,0.9188580015026296,0.925,36,108,0.8387096774193549,0.9825949367088608,0.8387096774193549,0.9324324324324325,0.9551020408163265,11,45
1216,consecutive_ratio,"{""min_consecutive"": 5, ""min_ratio"": 0.15, ""threshold"": 0.525}",0.8043478260869565,0.971405877680699,0.8043478260869565,0.9188580015026296,0.925,36,108,0.8387096774193549,0.9825949367088608,0.8387096774193549,0.9324324324324325,0.9551020408163265,11,45
1217,consecutive_count,"{""min_consecutive"": 1, ""min_count"": 5, ""threshold"": 0.375}",0.8041666666666667,0.9331436699857752,0.9530864197530864,0.98572501878287,0.8041666666666667,94,19,0.7959183673469388,0.9294781382228491,0.9653465346534653,0.9894894894894894,0.7959183673469388,50,7
1218,consecutive_ratio,"{""min_consecutive"": 1, ""min_ratio"": 0.11, ""threshold"": 0.375}",0.8041666666666667,0.9331436699857752,0.9530864197530864,0.98572501878287,0.8041666666666667,94,19,0.7959183673469388,0.9294781382228491,0.9653465346534653,0.9894894894894894,0.7959183673469388,50,7
1219,consecutive_count,"{""min_consecutive"": 2, ""min_count"": 5, ""threshold"": 0.375}",0.8041666666666667,0.9331436699857752,0.9530864197530864,0.98572501878287,0.8041666666666667,94,19,0.7959183673469388,0.9294781382228491,0.9653465346534653,0.9894894894894894,0.7959183673469388,50,7
1220,consecutive_ratio,"{""min_consecutive"": 2, ""min_ratio"": 0.11, ""threshold"": 0.375}",0.8041666666666667,0.9331436699857752,0.9530864197530864,0.98572501878287,0.8041666666666667,94,19,0.7959183673469388,0.9294781382228491,0.9653465346534653,0.9894894894894894,0.7959183673469388,50,7
1221,consecutive_count,"{""min_consecutive"": 3, ""min_count"": 5, ""threshold"": 0.375}",0.8041666666666667,0.9330960854092527,0.9507389162561576,0.9849737039819685,0.8041666666666667,94,20,0.7959183673469388,0.9294781382228491,0.9653465346534653,0.9894894894894894,0.7959183673469388,50,7
1222,consecutive_ratio,"{""min_consecutive"": 3, ""min_ratio"": 0.11, ""threshold"": 0.375}",0.8041666666666667,0.9330960854092527,0.9507389162561576,0.9849737039819685,0.8041666666666667,94,20,0.7959183673469388,0.9294781382228491,0.9653465346534653,0.9894894894894894,0.7959183673469388,50,7
1223,consecutive_count,"{""min_consecutive"": 1, ""min_count"": 2, ""threshold"": 0.45}",0.8041666666666667,0.932761087267525,0.9346246973365617,0.9797145003756574,0.8041666666666667,94,27,0.8,0.9308885754583921,0.9702970297029703,0.990990990990991,0.8,49,6
1224,consecutive_ratio,"{""min_consecutive"": 1, ""min_ratio"": 0.03, ""threshold"": 0.45}",0.8041666666666667,0.932761087267525,0.9346246973365617,0.9797145003756574,0.8041666666666667,94,27,0.8,0.9308885754583921,0.9702970297029703,0.990990990990991,0.8,49,6
1225,hysteresis,"{""high"": 0.45, ""low"": 0.25, ""min_consecutive"": 8}",0.8041666666666667,0.9326647564469914,0.9301204819277108,0.9782118707738543,0.8041666666666667,94,29,0.8040816326530612,0.9320113314447592,0.9609756097560975,0.987987987987988,0.8040816326530612,48,8
1226,consecutive_count,"{""min_consecutive"": 6, ""min_count"": 8, ""threshold"": 0.5}",0.8039927404718693,0.9706349206349206,0.8039927404718693,0.9188580015026296,0.9229166666666667,37,108,0.8492647058823529,0.9780907668231612,0.8492647058823529,0.9384384384384384,0.9428571428571428,14,41
1227,hysteresis,"{""high"": 0.6, ""low"": 0.45, ""min_consecutive"": 8}",0.8036036036036036,0.9729299363057324,0.8036036036036036,0.918106686701728,0.9291666666666667,34,109,0.8518518518518519,0.9765990639625585,0.8518518518518519,0.93993993993994,0.9387755102040817,15,40
1228,hysteresis,"{""high"": 0.625, ""low"": 0.425, ""min_consecutive"": 8}",0.8035714285714286,0.9760191846522782,0.8035714285714286,0.9173553719008265,0.9375,30,110,0.8492647058823529,0.9780907668231612,0.8492647058823529,0.9384384384384384,0.9428571428571428,14,41
1229,topk_mean,"{""threshold"": 0.625, ""top_k"": 5}",0.8032490974729242,0.9721559268098647,0.8032490974729242,0.918106686701728,0.9270833333333334,35,109,0.8321428571428572,0.9809825673534073,0.8321428571428572,0.9294294294294294,0.9510204081632653,12,47
1230,consecutive_count,"{""min_consecutive"": 1, ""min_count"": 6, ""threshold"": 0.55}",0.8028933092224232,0.9713831478537361,0.8028933092224232,0.918106686701728,0.925,36,109,0.8411552346570397,0.9810725552050473,0.8411552346570397,0.933933933933934,0.9510204081632653,12,44
1231,consecutive_ratio,"{""min_consecutive"": 1, ""min_ratio"": 0.13, ""threshold"": 0.55}",0.8028933092224232,0.9713831478537361,0.8028933092224232,0.918106686701728,0.925,36,109,0.8411552346570397,0.9810725552050473,0.8411552346570397,0.933933933933934,0.9510204081632653,12,44
1232,consecutive_count,"{""min_consecutive"": 2, ""min_count"": 6, ""threshold"": 0.55}",0.8028933092224232,0.9713831478537361,0.8028933092224232,0.918106686701728,0.925,36,109,0.8411552346570397,0.9810725552050473,0.8411552346570397,0.933933933933934,0.9510204081632653,12,44
1233,consecutive_ratio,"{""min_consecutive"": 2, ""min_ratio"": 0.13, ""threshold"": 0.55}",0.8028933092224232,0.9713831478537361,0.8028933092224232,0.918106686701728,0.925,36,109,0.8411552346570397,0.9810725552050473,0.8411552346570397,0.933933933933934,0.9510204081632653,12,44
1234,consecutive_count,"{""min_consecutive"": 6, ""min_count"": 9, ""threshold"": 0.475}",0.802536231884058,0.9706115965051628,0.802536231884058,0.918106686701728,0.9229166666666667,37,109,0.8674242424242424,0.9752704791344667,0.8674242424242424,0.9474474474474475,0.9346938775510204,16,35
1235,consecutive_ratio,"{""min_consecutive"": 6, ""min_ratio"": 0.2, ""threshold"": 0.475}",0.802536231884058,0.9706115965051628,0.802536231884058,0.918106686701728,0.9229166666666667,37,109,0.8674242424242424,0.9752704791344667,0.8674242424242424,0.9474474474474475,0.9346938775510204,16,35
1236,hysteresis,"{""high"": 0.575, ""low"": 0.425, ""min_consecutive"": 9}",0.802536231884058,0.9706115965051628,0.802536231884058,0.918106686701728,0.9229166666666667,37,109,0.8582089552238806,0.9766718506998445,0.8582089552238806,0.9429429429429429,0.9387755102040817,15,38
1237,consecutive,"{""min_consecutive"": 9, ""threshold"": 0.45}",0.8021978021978022,0.966798418972332,0.8021978021978022,0.9188580015026296,0.9125,42,108,0.8715953307392996,0.9678899082568807,0.8715953307392996,0.9504504504504504,0.9142857142857143,21,33
1238,hysteresis,"{""high"": 0.55, ""low"": 0.5, ""min_consecutive"": 7}",0.8021778584392014,0.9698412698412698,0.8021778584392014,0.918106686701728,0.9208333333333333,38,109,0.843065693430657,0.978021978021978,0.843065693430657,0.9354354354354354,0.9428571428571428,14,43
1239,consecutive_count,"{""min_consecutive"": 1, ""min_count"": 5, ""threshold"": 0.575}",0.802158273381295,0.9729083665338646,0.802158273381295,0.9173553719008265,0.9291666666666667,34,110,0.8327402135231317,0.9825396825396825,0.8327402135231317,0.9294294294294294,0.9551020408163265,11,47
1240,consecutive_ratio,"{""min_consecutive"": 1, ""min_ratio"": 0.11, ""threshold"": 0.575}",0.802158273381295,0.9729083665338646,0.802158273381295,0.9173553719008265,0.9291666666666667,34,110,0.8327402135231317,0.9825396825396825,0.8327402135231317,0.9294294294294294,0.9551020408163265,11,47
1241,consecutive_count,"{""min_consecutive"": 2, ""min_count"": 5, ""threshold"": 0.575}",0.802158273381295,0.9729083665338646,0.802158273381295,0.9173553719008265,0.9291666666666667,34,110,0.8327402135231317,0.9825396825396825,0.8327402135231317,0.9294294294294294,0.9551020408163265,11,47
1242,consecutive_ratio,"{""min_consecutive"": 2, ""min_ratio"": 0.11, ""threshold"": 0.575}",0.802158273381295,0.9729083665338646,0.802158273381295,0.9173553719008265,0.9291666666666667,34,110,0.8327402135231317,0.9825396825396825,0.8327402135231317,0.9294294294294294,0.9551020408163265,11,47
1243,consecutive_count,"{""min_consecutive"": 3, ""min_count"": 5, ""threshold"": 0.575}",0.802158273381295,0.9729083665338646,0.802158273381295,0.9173553719008265,0.9291666666666667,34,110,0.8327402135231317,0.9825396825396825,0.8327402135231317,0.9294294294294294,0.9551020408163265,11,47
1244,consecutive_ratio,"{""min_consecutive"": 3, ""min_ratio"": 0.11, ""threshold"": 0.575}",0.802158273381295,0.9729083665338646,0.802158273381295,0.9173553719008265,0.9291666666666667,34,110,0.8327402135231317,0.9825396825396825,0.8327402135231317,0.9294294294294294,0.9551020408163265,11,47
1245,topk_mean,"{""threshold"": 0.4, ""top_k"": 7}",0.8020833333333334,0.9325284090909091,0.9553349875930521,0.9864763335837716,0.8020833333333334,95,18,0.8,0.9308885754583921,0.9702970297029703,0.990990990990991,0.8,49,6
1246,topk_mean,"{""threshold"": 0.425, ""top_k"": 5}",0.8020833333333334,0.9322396576319544,0.941320293398533,0.9819684447783621,0.8020833333333334,95,24,0.7918367346938775,0.9282700421940928,0.97,0.990990990990991,0.7918367346938775,51,6
1247,consecutive_count,"{""min_consecutive"": 5, ""min_count"": 6, ""threshold"": 0.35}",0.8020833333333334,0.9320457796852647,0.9322033898305084,0.9789631855747558,0.8020833333333334,95,28,0.8,0.9305949008498584,0.9560975609756097,0.9864864864864865,0.8,49,9
1248,consecutive_ratio,"{""min_consecutive"": 5, ""min_ratio"": 0.13, ""threshold"": 0.35}",0.8020833333333334,0.9320457796852647,0.9322033898305084,0.9789631855747558,0.8020833333333334,95,28,0.8,0.9305949008498584,0.9560975609756097,0.9864864864864865,0.8,49,9
1249,hysteresis,"{""high"": 0.475, ""low"": 0.325, ""min_consecutive"": 4}",0.8020833333333334,0.9319971367215462,0.9299516908212561,0.9782118707738543,0.8020833333333334,95,29,0.8,0.9308885754583921,0.9702970297029703,0.990990990990991,0.8,49,6
1250,consecutive_count,"{""min_consecutive"": 6, ""min_count"": 7, ""threshold"": 0.525}",0.8018018018018018,0.9721337579617835,0.8018018018018018,0.9173553719008265,0.9270833333333334,35,110,0.8357142857142857,0.9825673534072901,0.8357142857142857,0.9309309309309309,0.9551020408163265,11,46
1251,consecutive_ratio,"{""min_consecutive"": 6, ""min_ratio"": 0.15, ""threshold"": 0.525}",0.8018018018018018,0.9721337579617835,0.8018018018018018,0.9173553719008265,0.9270833333333334,35,110,0.8357142857142857,0.9825673534072901,0.8357142857142857,0.9309309309309309,0.9551020408163265,11,46
1252,hysteresis,"{""high"": 0.5, ""low"": 0.45, ""min_consecutive"": 9}",0.8014571948998178,0.9683042789223455,0.8014571948998178,0.918106686701728,0.9166666666666666,40,109,0.8653846153846154,0.9692780337941628,0.8653846153846154,0.9474474474474475,0.9183673469387755,20,35
1253,consecutive_count,"{""min_consecutive"": 3, ""min_count"": 6, ""threshold"": 0.55}",0.8014440433212996,0.9713603818615751,0.8014440433212996,0.9173553719008265,0.925,36,110,0.8411552346570397,0.9810725552050473,0.8411552346570397,0.933933933933934,0.9510204081632653,12,44
1254,consecutive_ratio,"{""min_consecutive"": 3, ""min_ratio"": 0.13, ""threshold"": 0.55}",0.8014440433212996,0.9713603818615751,0.8014440433212996,0.9173553719008265,0.925,36,110,0.8411552346570397,0.9810725552050473,0.8411552346570397,0.933933933933934,0.9510204081632653,12,44
1255,hysteresis,"{""high"": 0.65, ""low"": 0.6, ""min_consecutive"": 3}",0.8014440433212996,0.9713603818615751,0.8014440433212996,0.9173553719008265,0.925,36,110,0.8327402135231317,0.9825396825396825,0.8327402135231317,0.9294294294294294,0.9551020408163265,11,47
1256,consecutive_count,"{""min_consecutive"": 4, ""min_count"": 6, ""threshold"": 0.55}",0.8003597122302158,0.9721115537848606,0.8003597122302158,0.9166040570999249,0.9270833333333334,35,111,0.8411552346570397,0.9810725552050473,0.8411552346570397,0.933933933933934,0.9510204081632653,12,44
1257,consecutive_ratio,"{""min_consecutive"": 4, ""min_ratio"": 0.13, ""threshold"": 0.55}",0.8003597122302158,0.9721115537848606,0.8003597122302158,0.9166040570999249,0.9270833333333334,35,111,0.8411552346570397,0.9810725552050473,0.8411552346570397,0.933933933933934,0.9510204081632653,12,44
1258,consecutive_count,"{""min_consecutive"": 1, ""min_count"": 3, ""threshold"": 0.625}",0.8003597122302158,0.9721115537848606,0.8003597122302158,0.9166040570999249,0.9270833333333334,35,111,0.8210526315789474,0.9824281150159745,0.8210526315789474,0.9234234234234234,0.9551020408163265,11,51
1259,consecutive_ratio,"{""min_consecutive"": 1, ""min_ratio"": 0.05, ""threshold"": 0.625}",0.8003597122302158,0.9721115537848606,0.8003597122302158,0.9166040570999249,0.9270833333333334,35,111,0.8210526315789474,0.9824281150159745,0.8210526315789474,0.9234234234234234,0.9551020408163265,11,51
1260,consecutive_ratio,"{""min_consecutive"": 1, ""min_ratio"": 0.07, ""threshold"": 0.625}",0.8003597122302158,0.9721115537848606,0.8003597122302158,0.9166040570999249,0.9270833333333334,35,111,0.8210526315789474,0.9824281150159745,0.8210526315789474,0.9234234234234234,0.9551020408163265,11,51
1261,consecutive_count,"{""min_consecutive"": 2, ""min_count"": 3, ""threshold"": 0.625}",0.8003597122302158,0.9721115537848606,0.8003597122302158,0.9166040570999249,0.9270833333333334,35,111,0.8210526315789474,0.9824281150159745,0.8210526315789474,0.9234234234234234,0.9551020408163265,11,51
1262,consecutive_ratio,"{""min_consecutive"": 2, ""min_ratio"": 0.05, ""threshold"": 0.625}",0.8003597122302158,0.9721115537848606,0.8003597122302158,0.9166040570999249,0.9270833333333334,35,111,0.8210526315789474,0.9824281150159745,0.8210526315789474,0.9234234234234234,0.9551020408163265,11,51
1263,consecutive_ratio,"{""min_consecutive"": 2, ""min_ratio"": 0.07, ""threshold"": 0.625}",0.8003597122302158,0.9721115537848606,0.8003597122302158,0.9166040570999249,0.9270833333333334,35,111,0.8210526315789474,0.9824281150159745,0.8210526315789474,0.9234234234234234,0.9551020408163265,11,51
1264,consecutive_count,"{""min_consecutive"": 1, ""min_count"": 3, ""threshold"": 0.425}",0.8,0.9315263908701854,0.9388753056234719,0.9812171299774606,0.8,96,25,0.8081632653061225,0.9335219236209336,0.9705882352941176,0.990990990990991,0.8081632653061225,47,6
1265,consecutive_ratio,"{""min_consecutive"": 1, ""min_ratio"": 0.05, ""threshold"": 0.425}",0.8,0.9315263908701854,0.9388753056234719,0.9812171299774606,0.8,96,25,0.8081632653061225,0.9335219236209336,0.9705882352941176,0.990990990990991,0.8081632653061225,47,6
1266,consecutive_ratio,"{""min_consecutive"": 1, ""min_ratio"": 0.07, ""threshold"": 0.425}",0.8,0.9315263908701854,0.9388753056234719,0.9812171299774606,0.8,96,25,0.8081632653061225,0.9335219236209336,0.9705882352941176,0.990990990990991,0.8081632653061225,47,6
1267,consecutive_count,"{""min_consecutive"": 2, ""min_count"": 3, ""threshold"": 0.425}",0.8,0.9315263908701854,0.9388753056234719,0.9812171299774606,0.8,96,25,0.8081632653061225,0.9335219236209336,0.9705882352941176,0.990990990990991,0.8081632653061225,47,6
1268,consecutive_ratio,"{""min_consecutive"": 2, ""min_ratio"": 0.05, ""threshold"": 0.425}",0.8,0.9315263908701854,0.9388753056234719,0.9812171299774606,0.8,96,25,0.8081632653061225,0.9335219236209336,0.9705882352941176,0.990990990990991,0.8081632653061225,47,6
1269,consecutive_ratio,"{""min_consecutive"": 2, ""min_ratio"": 0.07, ""threshold"": 0.425}",0.8,0.9315263908701854,0.9388753056234719,0.9812171299774606,0.8,96,25,0.8081632653061225,0.9335219236209336,0.9705882352941176,0.990990990990991,0.8081632653061225,47,6
1270,consecutive_count,"{""min_consecutive"": 4, ""min_count"": 6, ""threshold"": 0.35}",0.8,0.9314285714285714,0.9343065693430657,0.9797145003756574,0.8,96,27,0.7795918367346939,0.9240506329113924,0.955,0.9864864864864865,0.7795918367346939,54,9
1271,consecutive_ratio,"{""min_consecutive"": 4, ""min_ratio"": 0.13, ""threshold"": 0.35}",0.8,0.9314285714285714,0.9343065693430657,0.9797145003756574,0.8,96,27,0.7795918367346939,0.9240506329113924,0.955,0.9864864864864865,0.7795918367346939,54,9
1272,hysteresis,"{""high"": 0.475, ""low"": 0.425, ""min_consecutive"": 2}",0.8,0.9312813171080888,0.927536231884058,0.9774605559729527,0.8,96,30,0.7877551020408163,0.9269662921348315,0.9698492462311558,0.990990990990991,0.7877551020408163,52,6
1273,consecutive_count,"{""min_consecutive"": 1, ""min_count"": 4, ""threshold"": 0.6}",0.8,0.9713375796178344,0.8,0.9166040570999249,0.925,36,111,0.8251748251748252,0.9856,0.8251748251748252,0.924924924924925,0.963265306122449,9,50
1274,consecutive_ratio,"{""min_consecutive"": 1, ""min_ratio"": 0.09, ""threshold"": 0.6}",0.8,0.9713375796178344,0.8,0.9166040570999249,0.925,36,111,0.8251748251748252,0.9856,0.8251748251748252,0.924924924924925,0.963265306122449,9,50
1275,consecutive_count,"{""min_consecutive"": 2, ""min_count"": 4, ""threshold"": 0.6}",0.8,0.9713375796178344,0.8,0.9166040570999249,0.925,36,111,0.8251748251748252,0.9856,0.8251748251748252,0.924924924924925,0.963265306122449,9,50
1276,consecutive_ratio,"{""min_consecutive"": 2, ""min_ratio"": 0.09, ""threshold"": 0.6}",0.8,0.9713375796178344,0.8,0.9166040570999249,0.925,36,111,0.8251748251748252,0.9856,0.8251748251748252,0.924924924924925,0.963265306122449,9,50
1277,hysteresis,"{""high"": 0.575, ""low"": 0.475, ""min_consecutive"": 8}",0.8,0.9713375796178344,0.8,0.9166040570999249,0.925,36,111,0.8424908424908425,0.9764890282131662,0.8424908424908425,0.9354354354354354,0.9387755102040817,15,43
1278,hysteresis,"{""high"": 0.65, ""low"": 0.5, ""min_consecutive"": 5}",0.8,0.9713375796178344,0.8,0.9166040570999249,0.925,36,111,0.8351254480286738,0.9810126582278481,0.8351254480286738,0.9309309309309309,0.9510204081632653,12,46
1279,consecutive_count,"{""min_consecutive"": 4, ""min_count"": 5, ""threshold"": 0.575}",0.8,0.9744204636290967,0.8,0.9158527422990232,0.9333333333333333,32,112,0.8303886925795053,0.9840764331210191,0.8303886925795053,0.9279279279279279,0.9591836734693877,10,48
1280,consecutive_ratio,"{""min_consecutive"": 4, ""min_ratio"": 0.11, ""threshold"": 0.575}",0.8,0.9744204636290967,0.8,0.9158527422990232,0.9333333333333333,32,112,0.8303886925795053,0.9840764331210191,0.8303886925795053,0.9279279279279279,0.9591836734693877,10,48
1281,consecutive_count,"{""min_consecutive"": 7, ""min_count"": 9, ""threshold"": 0.475}",0.7996389891696751,0.9705648369132857,0.7996389891696751,0.9166040570999249,0.9229166666666667,37,111,0.8641509433962264,0.9752321981424149,0.8641509433962264,0.9459459459459459,0.9346938775510204,16,36
1282,consecutive_ratio,"{""min_consecutive"": 7, ""min_ratio"": 0.2, ""threshold"": 0.475}",0.7996389891696751,0.9705648369132857,0.7996389891696751,0.9166040570999249,0.9229166666666667,37,111,0.8641509433962264,0.9752321981424149,0.8641509433962264,0.9459459459459459,0.9346938775510204,16,36
1283,consecutive_count,"{""min_consecutive"": 3, ""min_count"": 4, ""threshold"": 0.6}",0.7985611510791367,0.9713147410358566,0.7985611510791367,0.9158527422990232,0.925,36,112,0.8222996515679443,0.9855769230769231,0.8222996515679443,0.9234234234234234,0.963265306122449,9,51
1284,consecutive_ratio,"{""min_consecutive"": 3, ""min_ratio"": 0.09, ""threshold"": 0.6}",0.7985611510791367,0.9713147410358566,0.7985611510791367,0.9158527422990232,0.925,36,112,0.8222996515679443,0.9855769230769231,0.8222996515679443,0.9234234234234234,0.963265306122449,9,51
1285,consecutive_count,"{""min_consecutive"": 7, ""min_count"": 8, ""threshold"": 0.5}",0.7981981981981981,0.9705414012738853,0.7981981981981981,0.9158527422990232,0.9229166666666667,37,112,0.8369565217391305,0.9779527559055118,0.8369565217391305,0.9324324324324325,0.9428571428571428,14,45
1286,hysteresis,"{""high"": 0.45, ""low"": 0.35, ""min_consecutive"": 4}",0.7979166666666667,0.9308624376336422,0.9387254901960784,0.9812171299774606,0.7979166666666667,97,25,0.8,0.9308885754583921,0.9702970297029703,0.990990990990991,0.8,49,6
1287,topk_mean,"{""threshold"": 0.45, ""top_k"": 3}",0.7979166666666667,0.9307637401855817,0.9341463414634147,0.9797145003756574,0.7979166666666667,97,27,0.7877551020408163,0.9269662921348315,0.9698492462311558,0.990990990990991,0.7877551020408163,52,6
1288,hysteresis,"{""high"": 0.475, ""low"": 0.375, ""min_consecutive"": 3}",0.7979166666666667,0.9306151645207439,0.927360774818402,0.9774605559729527,0.7979166666666667,97,30,0.7918367346938775,0.9282700421940928,0.97,0.990990990990991,0.7918367346938775,51,6
1289,hysteresis,"{""high"": 0.65, ""low"": 0.45, ""min_consecutive"": 6}",0.7978533094812165,0.9728434504792333,0.7978533094812165,0.9151014274981217,0.9291666666666667,34,113,0.8467153284671532,0.9795918367346939,0.8467153284671532,0.9369369369369369,0.9469387755102041,13,42
1290,consecutive_count,"{""min_consecutive"": 1, ""min_count"": 12, ""threshold"": 0.425}",0.7978339350180506,0.9697692919649961,0.7978339350180506,0.9158527422990232,0.9208333333333333,38,112,0.8682170542635659,0.9678407350689127,0.8682170542635659,0.948948948948949,0.9142857142857143,21,34
1291,consecutive_count,"{""min_consecutive"": 2, ""min_count"": 12, ""threshold"": 0.425}",0.7978339350180506,0.9697692919649961,0.7978339350180506,0.9158527422990232,0.9208333333333333,38,112,0.8682170542635659,0.9678407350689127,0.8682170542635659,0.948948948948949,0.9142857142857143,21,34
1292,consecutive_count,"{""min_consecutive"": 3, ""min_count"": 12, ""threshold"": 0.425}",0.7978339350180506,0.9697692919649961,0.7978339350180506,0.9158527422990232,0.9208333333333333,38,112,0.8682170542635659,0.9678407350689127,0.8682170542635659,0.948948948948949,0.9142857142857143,21,34
1293,consecutive_count,"{""min_consecutive"": 4, ""min_count"": 12, ""threshold"": 0.425}",0.7978339350180506,0.9697692919649961,0.7978339350180506,0.9158527422990232,0.9208333333333333,38,112,0.8682170542635659,0.9678407350689127,0.8682170542635659,0.948948948948949,0.9142857142857143,21,34
1294,consecutive_count,"{""min_consecutive"": 5, ""min_count"": 12, ""threshold"": 0.425}",0.7978339350180506,0.9697692919649961,0.7978339350180506,0.9158527422990232,0.9208333333333333,38,112,0.8682170542635659,0.9678407350689127,0.8682170542635659,0.948948948948949,0.9142857142857143,21,34
1295,consecutive_count,"{""min_consecutive"": 6, ""min_count"": 12, ""threshold"": 0.425}",0.7978339350180506,0.9697692919649961,0.7978339350180506,0.9158527422990232,0.9208333333333333,38,112,0.8648648648648649,0.9677914110429447,0.8648648648648649,0.9474474474474475,0.9142857142857143,21,35
1296,consecutive_count,"{""min_consecutive"": 7, ""min_count"": 12, ""threshold"": 0.425}",0.7978339350180506,0.9697692919649961,0.7978339350180506,0.9158527422990232,0.9208333333333333,38,112,0.8615384615384616,0.967741935483871,0.8615384615384616,0.9459459459459459,0.9142857142857143,21,36
1297,consecutive_count,"{""min_consecutive"": 1, ""min_count"": 10, ""threshold"": 0.475}",0.7967914438502673,0.9736,0.7967914438502673,0.9143501126972201,0.93125,33,114,0.8582089552238806,0.9766718506998445,0.8582089552238806,0.9429429429429429,0.9387755102040817,15,38
1298,consecutive_count,"{""min_consecutive"": 2, ""min_count"": 10, ""threshold"": 0.475}",0.7967914438502673,0.9736,0.7967914438502673,0.9143501126972201,0.93125,33,114,0.8582089552238806,0.9766718506998445,0.8582089552238806,0.9429429429429429,0.9387755102040817,15,38
1299,consecutive_count,"{""min_consecutive"": 3, ""min_count"": 10, ""threshold"": 0.475}",0.7967914438502673,0.9736,0.7967914438502673,0.9143501126972201,0.93125,33,114,0.8582089552238806,0.9766718506998445,0.8582089552238806,0.9429429429429429,0.9387755102040817,15,38
1300,consecutive_count,"{""min_consecutive"": 4, ""min_count"": 10, ""threshold"": 0.475}",0.7967914438502673,0.9736,0.7967914438502673,0.9143501126972201,0.93125,33,114,0.8582089552238806,0.9766718506998445,0.8582089552238806,0.9429429429429429,0.9387755102040817,15,38
1301,consecutive_count,"{""min_consecutive"": 5, ""min_count"": 10, ""threshold"": 0.475}",0.7967914438502673,0.9736,0.7967914438502673,0.9143501126972201,0.93125,33,114,0.8582089552238806,0.9766718506998445,0.8582089552238806,0.9429429429429429,0.9387755102040817,15,38
1302,hysteresis,"{""high"": 0.55, ""low"": 0.45, ""min_consecutive"": 9}",0.7963963963963964,0.9697452229299363,0.7963963963963964,0.9151014274981217,0.9208333333333333,38,113,0.8576779026217228,0.9751552795031055,0.8576779026217228,0.9429429429429429,0.9346938775510204,16,38
1303,consecutive,"{""min_consecutive"": 3, ""threshold"": 0.625}",0.7960644007155635,0.9720447284345048,0.7960644007155635,0.9143501126972201,0.9270833333333334,35,114,0.818815331010453,0.9839743589743589,0.818815331010453,0.9219219219219219,0.9591836734693877,10,52
1304,consecutive_count,"{""min_consecutive"": 3, ""min_count"": 2, ""threshold"": 0.625}",0.7960644007155635,0.9720447284345048,0.7960644007155635,0.9143501126972201,0.9270833333333334,35,114,0.818815331010453,0.9839743589743589,0.818815331010453,0.9219219219219219,0.9591836734693877,10,52
1305,consecutive_count,"{""min_consecutive"": 3, ""min_count"": 3, ""threshold"": 0.625}",0.7960644007155635,0.9720447284345048,0.7960644007155635,0.9143501126972201,0.9270833333333334,35,114,0.818815331010453,0.9839743589743589,0.818815331010453,0.9219219219219219,0.9591836734693877,10,52
1306,consecutive_ratio,"{""min_consecutive"": 3, ""min_ratio"": 0.03, ""threshold"": 0.625}",0.7960644007155635,0.9720447284345048,0.7960644007155635,0.9143501126972201,0.9270833333333334,35,114,0.818815331010453,0.9839743589743589,0.818815331010453,0.9219219219219219,0.9591836734693877,10,52
1307,consecutive_ratio,"{""min_consecutive"": 3, ""min_ratio"": 0.05, ""threshold"": 0.625}",0.7960644007155635,0.9720447284345048,0.7960644007155635,0.9143501126972201,0.9270833333333334,35,114,0.818815331010453,0.9839743589743589,0.818815331010453,0.9219219219219219,0.9591836734693877,10,52
1308,consecutive_ratio,"{""min_consecutive"": 3, ""min_ratio"": 0.07, ""threshold"": 0.625}",0.7960644007155635,0.9720447284345048,0.7960644007155635,0.9143501126972201,0.9270833333333334,35,114,0.818815331010453,0.9839743589743589,0.818815331010453,0.9219219219219219,0.9591836734693877,10,52
1309,hysteresis,"{""high"": 0.675, ""low"": 0.525, ""min_consecutive"": 2}",0.7960644007155635,0.9720447284345048,0.7960644007155635,0.9143501126972201,0.9270833333333334,35,114,0.8428571428571429,0.9857369255150554,0.8428571428571429,0.933933933933934,0.963265306122449,9,44
1310,hysteresis,"{""high"": 0.675, ""low"": 0.475, ""min_consecutive"": 2}",0.7960644007155635,0.9720447284345048,0.7960644007155635,0.9143501126972201,0.9270833333333334,35,114,0.8428571428571429,0.9857369255150554,0.8428571428571429,0.933933933933934,0.963265306122449,9,44
1311,hysteresis,"{""high"": 0.45, ""low"": 0.4, ""min_consecutive"": 3}",0.7958333333333333,0.9300998573466477,0.9339853300733496,0.9797145003756574,0.7958333333333333,98,27,0.7918367346938775,0.9283707865168539,0.9748743718592965,0.9924924924924925,0.7918367346938775,51,5
1312,topk_mean,"{""threshold"": 0.65, ""top_k"": 3}",0.7956989247311828,0.9712689545091779,0.7956989247311828,0.9143501126972201,0.925,36,114,0.8387096774193549,0.9825949367088608,0.8387096774193549,0.9324324324324325,0.9551020408163265,11,45
1313,consecutive,"{""min_consecutive"": 1, ""threshold"": 0.675}",0.7956989247311828,0.9712689545091779,0.7956989247311828,0.9143501126972201,0.925,36,114,0.8428571428571429,0.9857369255150554,0.8428571428571429,0.933933933933934,0.963265306122449,9,44
1314,hysteresis,"{""high"": 0.675, ""low"": 0.575, ""min_consecutive"": 2}",0.7946428571428571,0.9720223820943246,0.7946428571428571,0.9135987978963186,0.9270833333333334,35,115,0.8398576512455516,0.9857142857142858,0.8398576512455516,0.9324324324324325,0.963265306122449,9,45
1315,consecutive,"{""min_consecutive"": 7, ""threshold"": 0.525}",0.7943262411347518,0.9743384121892542,0.7943262411347518,0.912847483095417,0.9333333333333333,32,116,0.8327402135231317,0.9825396825396825,0.8327402135231317,0.9294294294294294,0.9551020408163265,11,47
1316,consecutive_count,"{""min_consecutive"": 7, ""min_count"": 2, ""threshold"": 0.525}",0.7943262411347518,0.9743384121892542,0.7943262411347518,0.912847483095417,0.9333333333333333,32,116,0.8327402135231317,0.9825396825396825,0.8327402135231317,0.9294294294294294,0.9551020408163265,11,47
1317,consecutive_count,"{""min_consecutive"": 7, ""min_count"": 3, ""threshold"": 0.525}",0.7943262411347518,0.9743384121892542,0.7943262411347518,0.912847483095417,0.9333333333333333,32,116,0.8327402135231317,0.9825396825396825,0.8327402135231317,0.9294294294294294,0.9551020408163265,11,47
1318,consecutive_count,"{""min_consecutive"": 7, ""min_count"": 4, ""threshold"": 0.525}",0.7943262411347518,0.9743384121892542,0.7943262411347518,0.912847483095417,0.9333333333333333,32,116,0.8327402135231317,0.9825396825396825,0.8327402135231317,0.9294294294294294,0.9551020408163265,11,47
1319,consecutive_count,"{""min_consecutive"": 7, ""min_count"": 5, ""threshold"": 0.525}",0.7943262411347518,0.9743384121892542,0.7943262411347518,0.912847483095417,0.9333333333333333,32,116,0.8327402135231317,0.9825396825396825,0.8327402135231317,0.9294294294294294,0.9551020408163265,11,47
1320,consecutive_count,"{""min_consecutive"": 7, ""min_count"": 6, ""threshold"": 0.525}",0.7943262411347518,0.9743384121892542,0.7943262411347518,0.912847483095417,0.9333333333333333,32,116,0.8327402135231317,0.9825396825396825,0.8327402135231317,0.9294294294294294,0.9551020408163265,11,47
1321,consecutive_count,"{""min_consecutive"": 7, ""min_count"": 7, ""threshold"": 0.525}",0.7943262411347518,0.9743384121892542,0.7943262411347518,0.912847483095417,0.9333333333333333,32,116,0.8327402135231317,0.9825396825396825,0.8327402135231317,0.9294294294294294,0.9551020408163265,11,47
1322,consecutive_ratio,"{""min_consecutive"": 7, ""min_ratio"": 0.03, ""threshold"": 0.525}",0.7943262411347518,0.9743384121892542,0.7943262411347518,0.912847483095417,0.9333333333333333,32,116,0.8327402135231317,0.9825396825396825,0.8327402135231317,0.9294294294294294,0.9551020408163265,11,47
1323,consecutive_ratio,"{""min_consecutive"": 7, ""min_ratio"": 0.05, ""threshold"": 0.525}",0.7943262411347518,0.9743384121892542,0.7943262411347518,0.912847483095417,0.9333333333333333,32,116,0.8327402135231317,0.9825396825396825,0.8327402135231317,0.9294294294294294,0.9551020408163265,11,47
1324,consecutive_ratio,"{""min_consecutive"": 7, ""min_ratio"": 0.07, ""threshold"": 0.525}",0.7943262411347518,0.9743384121892542,0.7943262411347518,0.912847483095417,0.9333333333333333,32,116,0.8327402135231317,0.9825396825396825,0.8327402135231317,0.9294294294294294,0.9551020408163265,11,47
1325,consecutive_ratio,"{""min_consecutive"": 7, ""min_ratio"": 0.09, ""threshold"": 0.525}",0.7943262411347518,0.9743384121892542,0.7943262411347518,0.912847483095417,0.9333333333333333,32,116,0.8327402135231317,0.9825396825396825,0.8327402135231317,0.9294294294294294,0.9551020408163265,11,47
1326,consecutive_ratio,"{""min_consecutive"": 7, ""min_ratio"": 0.11, ""threshold"": 0.525}",0.7943262411347518,0.9743384121892542,0.7943262411347518,0.912847483095417,0.9333333333333333,32,116,0.8327402135231317,0.9825396825396825,0.8327402135231317,0.9294294294294294,0.9551020408163265,11,47
1327,consecutive_ratio,"{""min_consecutive"": 7, ""min_ratio"": 0.13, ""threshold"": 0.525}",0.7943262411347518,0.9743384121892542,0.7943262411347518,0.912847483095417,0.9333333333333333,32,116,0.8327402135231317,0.9825396825396825,0.8327402135231317,0.9294294294294294,0.9551020408163265,11,47
1328,consecutive_ratio,"{""min_consecutive"": 7, ""min_ratio"": 0.15, ""threshold"": 0.525}",0.7943262411347518,0.9743384121892542,0.7943262411347518,0.912847483095417,0.9333333333333333,32,116,0.8327402135231317,0.9825396825396825,0.8327402135231317,0.9294294294294294,0.9551020408163265,11,47
1329,consecutive,"{""min_consecutive"": 4, ""threshold"": 0.6}",0.7943262411347518,0.9743384121892542,0.7943262411347518,0.912847483095417,0.9333333333333333,32,116,0.8229166666666666,0.9871589085072231,0.8229166666666666,0.9234234234234234,0.9673469387755103,8,51
1330,consecutive_count,"{""min_consecutive"": 4, ""min_count"": 2, ""threshold"": 0.6}",0.7943262411347518,0.9743384121892542,0.7943262411347518,0.912847483095417,0.9333333333333333,32,116,0.8229166666666666,0.9871589085072231,0.8229166666666666,0.9234234234234234,0.9673469387755103,8,51
1331,consecutive_count,"{""min_consecutive"": 4, ""min_count"": 3, ""threshold"": 0.6}",0.7943262411347518,0.9743384121892542,0.7943262411347518,0.912847483095417,0.9333333333333333,32,116,0.8229166666666666,0.9871589085072231,0.8229166666666666,0.9234234234234234,0.9673469387755103,8,51
1332,consecutive_count,"{""min_consecutive"": 4, ""min_count"": 4, ""threshold"": 0.6}",0.7943262411347518,0.9743384121892542,0.7943262411347518,0.912847483095417,0.9333333333333333,32,116,0.8229166666666666,0.9871589085072231,0.8229166666666666,0.9234234234234234,0.9673469387755103,8,51
1333,consecutive_ratio,"{""min_consecutive"": 4, ""min_ratio"": 0.03, ""threshold"": 0.6}",0.7943262411347518,0.9743384121892542,0.7943262411347518,0.912847483095417,0.9333333333333333,32,116,0.8229166666666666,0.9871589085072231,0.8229166666666666,0.9234234234234234,0.9673469387755103,8,51
1334,consecutive_ratio,"{""min_consecutive"": 4, ""min_ratio"": 0.05, ""threshold"": 0.6}",0.7943262411347518,0.9743384121892542,0.7943262411347518,0.912847483095417,0.9333333333333333,32,116,0.8229166666666666,0.9871589085072231,0.8229166666666666,0.9234234234234234,0.9673469387755103,8,51
1335,consecutive_ratio,"{""min_consecutive"": 4, ""min_ratio"": 0.07, ""threshold"": 0.6}",0.7943262411347518,0.9743384121892542,0.7943262411347518,0.912847483095417,0.9333333333333333,32,116,0.8229166666666666,0.9871589085072231,0.8229166666666666,0.9234234234234234,0.9673469387755103,8,51
1336,consecutive_ratio,"{""min_consecutive"": 4, ""min_ratio"": 0.09, ""threshold"": 0.6}",0.7943262411347518,0.9743384121892542,0.7943262411347518,0.912847483095417,0.9333333333333333,32,116,0.8229166666666666,0.9871589085072231,0.8229166666666666,0.9234234234234234,0.9673469387755103,8,51
1337,topk_mean,"{""threshold"": 0.375, ""top_k"": 9}",0.79375,0.9299363057324841,0.957286432160804,0.9872276483846731,0.79375,99,17,0.7795918367346939,0.9242636746143057,0.9646464646464646,0.9894894894894894,0.7795918367346939,54,7
1338,hysteresis,"{""high"": 0.45, ""low"": 0.25, ""min_consecutive"": 7}",0.79375,0.9295373665480428,0.9384236453201971,0.9812171299774606,0.79375,99,25,0.8,0.9306930693069307,0.9607843137254902,0.987987987987988,0.8,49,8
1339,hysteresis,"{""high"": 0.475, ""low"": 0.275, ""min_consecutive"": 5}",0.79375,0.9293361884368309,0.9292682926829269,0.9782118707738543,0.79375,99,29,0.8122448979591836,0.9348441926345609,0.9707317073170731,0.990990990990991,0.8122448979591836,46,6
1340,hysteresis,"{""high"": 0.6, ""low"": 0.5, ""min_consecutive"": 7}",0.7935943060498221,0.9727782225780625,0.7935943060498221,0.912847483095417,0.9291666666666667,34,116,0.8387096774193549,0.9825949367088608,0.8387096774193549,0.9324324324324325,0.9551020408163265,11,45
1341,hysteresis,"{""high"": 0.625, ""low"": 0.475, ""min_consecutive"": 7}",0.7932862190812721,0.9751004016064257,0.7932862190812721,0.9120961682945155,0.9354166666666667,31,117,0.8411552346570397,0.9810725552050473,0.8411552346570397,0.933933933933934,0.9510204081632653,12,44
1342,consecutive,"{""min_consecutive"": 8, ""threshold"": 0.5}",0.7932263814616756,0.972,0.7932263814616756,0.912847483095417,0.9270833333333334,35,116,0.8309352517985612,0.9778830963665087,0.8309352517985612,0.9294294294294294,0.9428571428571428,14,47
1343,consecutive_count,"{""min_consecutive"": 1, ""min_count"": 2, ""threshold"": 0.65}",0.7932263814616756,0.972,0.7932263814616756,0.912847483095417,0.9270833333333334,35,116,0.8375451263537906,0.9794952681388013,0.8375451263537906,0.9324324324324325,0.9469387755102041,13,45
1344,consecutive_ratio,"{""min_consecutive"": 1, ""min_ratio"": 0.03, ""threshold"": 0.65}",0.7932263814616756,0.972,0.7932263814616756,0.912847483095417,0.9270833333333334,35,116,0.8375451263537906,0.9794952681388013,0.8375451263537906,0.9324324324324325,0.9469387755102041,13,45
1345,hysteresis,"{""high"": 0.675, ""low"": 0.475, ""min_consecutive"": 3}",0.7932263814616756,0.972,0.7932263814616756,0.912847483095417,0.9270833333333334,35,116,0.8398576512455516,0.9857142857142858,0.8398576512455516,0.9324324324324325,0.963265306122449,9,45
1346,topk_mean,"{""threshold"": 0.6, ""top_k"": 9}",0.7929203539823009,0.9743178170144462,0.7929203539823009,0.9120961682945155,0.9333333333333333,32,117,0.8216783216783217,0.984,0.8216783216783217,0.9234234234234234,0.9591836734693877,10,51
1347,consecutive_count,"{""min_consecutive"": 6, ""min_count"": 10, ""threshold"": 0.475}",0.7925531914893617,0.9735364875701684,0.7925531914893617,0.9120961682945155,0.93125,33,117,0.8550185873605948,0.9766355140186916,0.8550185873605948,0.9414414414414415,0.9387755102040817,15,39
1348,consecutive_count,"{""min_consecutive"": 5, ""min_count"": 6, ""threshold"": 0.55}",0.7925531914893617,0.9735364875701684,0.7925531914893617,0.9120961682945155,0.93125,33,117,0.8357142857142857,0.9825673534072901,0.8357142857142857,0.9309309309309309,0.9551020408163265,11,46
1349,consecutive_ratio,"{""min_consecutive"": 5, ""min_ratio"": 0.13, ""threshold"": 0.55}",0.7925531914893617,0.9735364875701684,0.7925531914893617,0.9120961682945155,0.93125,33,117,0.8357142857142857,0.9825673534072901,0.8357142857142857,0.9309309309309309,0.9551020408163265,11,46
1350,consecutive,"{""min_consecutive"": 5, ""threshold"": 0.575}",0.7918871252204586,0.97508038585209,0.7918871252204586,0.9113448534936138,0.9354166666666667,31,118,0.8222996515679443,0.9855769230769231,0.8222996515679443,0.9234234234234234,0.963265306122449,9,51
1351,consecutive_count,"{""min_consecutive"": 5, ""min_count"": 2, ""threshold"": 0.575}",0.7918871252204586,0.97508038585209,0.7918871252204586,0.9113448534936138,0.9354166666666667,31,118,0.8222996515679443,0.9855769230769231,0.8222996515679443,0.9234234234234234,0.963265306122449,9,51
1352,consecutive_count,"{""min_consecutive"": 5, ""min_count"": 3, ""threshold"": 0.575}",0.7918871252204586,0.97508038585209,0.7918871252204586,0.9113448534936138,0.9354166666666667,31,118,0.8222996515679443,0.9855769230769231,0.8222996515679443,0.9234234234234234,0.963265306122449,9,51
1353,consecutive_count,"{""min_consecutive"": 5, ""min_count"": 4, ""threshold"": 0.575}",0.7918871252204586,0.97508038585209,0.7918871252204586,0.9113448534936138,0.9354166666666667,31,118,0.8222996515679443,0.9855769230769231,0.8222996515679443,0.9234234234234234,0.963265306122449,9,51
1354,consecutive_count,"{""min_consecutive"": 5, ""min_count"": 5, ""threshold"": 0.575}",0.7918871252204586,0.97508038585209,0.7918871252204586,0.9113448534936138,0.9354166666666667,31,118,0.8222996515679443,0.9855769230769231,0.8222996515679443,0.9234234234234234,0.963265306122449,9,51
1355,consecutive_ratio,"{""min_consecutive"": 5, ""min_ratio"": 0.03, ""threshold"": 0.575}",0.7918871252204586,0.97508038585209,0.7918871252204586,0.9113448534936138,0.9354166666666667,31,118,0.8222996515679443,0.9855769230769231,0.8222996515679443,0.9234234234234234,0.963265306122449,9,51
1356,consecutive_ratio,"{""min_consecutive"": 5, ""min_ratio"": 0.05, ""threshold"": 0.575}",0.7918871252204586,0.97508038585209,0.7918871252204586,0.9113448534936138,0.9354166666666667,31,118,0.8222996515679443,0.9855769230769231,0.8222996515679443,0.9234234234234234,0.963265306122449,9,51
1357,consecutive_ratio,"{""min_consecutive"": 5, ""min_ratio"": 0.07, ""threshold"": 0.575}",0.7918871252204586,0.97508038585209,0.7918871252204586,0.9113448534936138,0.9354166666666667,31,118,0.8222996515679443,0.9855769230769231,0.8222996515679443,0.9234234234234234,0.963265306122449,9,51
1358,consecutive_ratio,"{""min_consecutive"": 5, ""min_ratio"": 0.09, ""threshold"": 0.575}",0.7918871252204586,0.97508038585209,0.7918871252204586,0.9113448534936138,0.9354166666666667,31,118,0.8222996515679443,0.9855769230769231,0.8222996515679443,0.9234234234234234,0.963265306122449,9,51
1359,consecutive_ratio,"{""min_consecutive"": 5, ""min_ratio"": 0.11, ""threshold"": 0.575}",0.7918871252204586,0.97508038585209,0.7918871252204586,0.9113448534936138,0.9354166666666667,31,118,0.8222996515679443,0.9855769230769231,0.8222996515679443,0.9234234234234234,0.963265306122449,9,51
1360,consecutive,"{""min_consecutive"": 2, ""threshold"": 0.65}",0.791814946619217,0.9719775820656525,0.791814946619217,0.9120961682945155,0.9270833333333334,35,117,0.8345323741007195,0.9794628751974723,0.8345323741007195,0.9309309309309309,0.9469387755102041,13,46
1361,consecutive_count,"{""min_consecutive"": 2, ""min_count"": 2, ""threshold"": 0.65}",0.791814946619217,0.9719775820656525,0.791814946619217,0.9120961682945155,0.9270833333333334,35,117,0.8345323741007195,0.9794628751974723,0.8345323741007195,0.9309309309309309,0.9469387755102041,13,46
1362,consecutive_ratio,"{""min_consecutive"": 2, ""min_ratio"": 0.03, ""threshold"": 0.65}",0.791814946619217,0.9719775820656525,0.791814946619217,0.9120961682945155,0.9270833333333334,35,117,0.8345323741007195,0.9794628751974723,0.8345323741007195,0.9309309309309309,0.9469387755102041,13,46
1363,consecutive_count,"{""min_consecutive"": 1, ""min_count"": 6, ""threshold"": 0.35}",0.7916666666666666,0.9287749287749287,0.9336609336609336,0.9797145003756574,0.7916666666666666,100,27,0.7673469387755102,0.9201680672268907,0.9543147208121827,0.9864864864864865,0.7673469387755102,57,9
1364,consecutive_ratio,"{""min_consecutive"": 1, ""min_ratio"": 0.13, ""threshold"": 0.35}",0.7916666666666666,0.9287749287749287,0.9336609336609336,0.9797145003756574,0.7916666666666666,100,27,0.7673469387755102,0.9201680672268907,0.9543147208121827,0.9864864864864865,0.7673469387755102,57,9
1365,consecutive_count,"{""min_consecutive"": 2, ""min_count"": 6, ""threshold"": 0.35}",0.7916666666666666,0.9287749287749287,0.9336609336609336,0.9797145003756574,0.7916666666666666,100,27,0.7673469387755102,0.9201680672268907,0.9543147208121827,0.9864864864864865,0.7673469387755102,57,9
1366,consecutive_ratio,"{""min_consecutive"": 2, ""min_ratio"": 0.13, ""threshold"": 0.35}",0.7916666666666666,0.9287749287749287,0.9336609336609336,0.9797145003756574,0.7916666666666666,100,27,0.7673469387755102,0.9201680672268907,0.9543147208121827,0.9864864864864865,0.7673469387755102,57,9
1367,consecutive_count,"{""min_consecutive"": 3, ""min_count"": 6, ""threshold"": 0.35}",0.7916666666666666,0.9287749287749287,0.9336609336609336,0.9797145003756574,0.7916666666666666,100,27,0.7673469387755102,0.9201680672268907,0.9543147208121827,0.9864864864864865,0.7673469387755102,57,9
1368,consecutive_ratio,"{""min_consecutive"": 3, ""min_ratio"": 0.13, ""threshold"": 0.35}",0.7916666666666666,0.9287749287749287,0.9336609336609336,0.9797145003756574,0.7916666666666666,100,27,0.7673469387755102,0.9201680672268907,0.9543147208121827,0.9864864864864865,0.7673469387755102,57,9
1369,consecutive_count,"{""min_consecutive"": 1, ""min_count"": 9, ""threshold"": 0.5}",0.7915194346289752,0.97429718875502,0.7915194346289752,0.9113448534936138,0.9333333333333333,32,118,0.8472727272727273,0.9811320754716981,0.8472727272727273,0.9369369369369369,0.9510204081632653,12,42
1370,consecutive_ratio,"{""min_consecutive"": 1, ""min_ratio"": 0.2, ""threshold"": 0.5}",0.7915194346289752,0.97429718875502,0.7915194346289752,0.9113448534936138,0.9333333333333333,32,118,0.8472727272727273,0.9811320754716981,0.8472727272727273,0.9369369369369369,0.9510204081632653,12,42
1371,consecutive_count,"{""min_consecutive"": 2, ""min_count"": 9, ""threshold"": 0.5}",0.7915194346289752,0.97429718875502,0.7915194346289752,0.9113448534936138,0.9333333333333333,32,118,0.8472727272727273,0.9811320754716981,0.8472727272727273,0.9369369369369369,0.9510204081632653,12,42
1372,consecutive_ratio,"{""min_consecutive"": 2, ""min_ratio"": 0.2, ""threshold"": 0.5}",0.7915194346289752,0.97429718875502,0.7915194346289752,0.9113448534936138,0.9333333333333333,32,118,0.8472727272727273,0.9811320754716981,0.8472727272727273,0.9369369369369369,0.9510204081632653,12,42
1373,consecutive_count,"{""min_consecutive"": 3, ""min_count"": 9, ""threshold"": 0.5}",0.7915194346289752,0.97429718875502,0.7915194346289752,0.9113448534936138,0.9333333333333333,32,118,0.8472727272727273,0.9811320754716981,0.8472727272727273,0.9369369369369369,0.9510204081632653,12,42
1374,consecutive_ratio,"{""min_consecutive"": 3, ""min_ratio"": 0.2, ""threshold"": 0.5}",0.7915194346289752,0.97429718875502,0.7915194346289752,0.9113448534936138,0.9333333333333333,32,118,0.8472727272727273,0.9811320754716981,0.8472727272727273,0.9369369369369369,0.9510204081632653,12,42
1375,consecutive_count,"{""min_consecutive"": 4, ""min_count"": 9, ""threshold"": 0.5}",0.7915194346289752,0.97429718875502,0.7915194346289752,0.9113448534936138,0.9333333333333333,32,118,0.8472727272727273,0.9811320754716981,0.8472727272727273,0.9369369369369369,0.9510204081632653,12,42
1376,consecutive_ratio,"{""min_consecutive"": 4, ""min_ratio"": 0.2, ""threshold"": 0.5}",0.7915194346289752,0.97429718875502,0.7915194346289752,0.9113448534936138,0.9333333333333333,32,118,0.8472727272727273,0.9811320754716981,0.8472727272727273,0.9369369369369369,0.9510204081632653,12,42
1377,hysteresis,"{""high"": 0.625, ""low"": 0.525, ""min_consecutive"": 6}",0.7915194346289752,0.97429718875502,0.7915194346289752,0.9113448534936138,0.9333333333333333,32,118,0.8315789473684211,0.987220447284345,0.8315789473684211,0.9279279279279279,0.9673469387755103,8,48
1378,hysteresis,"{""high"": 0.675, ""low"": 0.475, ""min_consecutive"": 4}",0.7911504424778761,0.9735152487961477,0.7911504424778761,0.9113448534936138,0.93125,33,118,0.833922261484099,0.9856687898089171,0.833922261484099,0.9294294294294294,0.963265306122449,9,47
1379,hysteresis,"{""high"": 0.675, ""low"": 0.625, ""min_consecutive"": 2}",0.7907801418439716,0.9727345629510826,0.7907801418439716,0.9113448534936138,0.9291666666666667,34,118,0.833922261484099,0.9856687898089171,0.833922261484099,0.9294294294294294,0.963265306122449,9,47
1380,consecutive_count,"{""min_consecutive"": 1, ""min_count"": 11, ""threshold"": 0.45}",0.7904085257548845,0.9719551282051282,0.7904085257548845,0.9113448534936138,0.9270833333333334,35,118,0.8598484848484849,0.9721792890262752,0.8598484848484849,0.9444444444444444,0.926530612244898,18,37
1381,consecutive_count,"{""min_consecutive"": 2, ""min_count"": 11, ""threshold"": 0.45}",0.7904085257548845,0.9719551282051282,0.7904085257548845,0.9113448534936138,0.9270833333333334,35,118,0.8598484848484849,0.9721792890262752,0.8598484848484849,0.9444444444444444,0.926530612244898,18,37
1382,consecutive_count,"{""min_consecutive"": 3, ""min_count"": 11, ""threshold"": 0.45}",0.7904085257548845,0.9719551282051282,0.7904085257548845,0.9113448534936138,0.9270833333333334,35,118,0.8598484848484849,0.9721792890262752,0.8598484848484849,0.9444444444444444,0.926530612244898,18,37
1383,consecutive_count,"{""min_consecutive"": 4, ""min_count"": 11, ""threshold"": 0.45}",0.7904085257548845,0.9719551282051282,0.7904085257548845,0.9113448534936138,0.9270833333333334,35,118,0.8598484848484849,0.9721792890262752,0.8598484848484849,0.9444444444444444,0.926530612244898,18,37
1384,consecutive_count,"{""min_consecutive"": 5, ""min_count"": 11, ""threshold"": 0.45}",0.7904085257548845,0.9719551282051282,0.7904085257548845,0.9113448534936138,0.9270833333333334,35,118,0.8598484848484849,0.9721792890262752,0.8598484848484849,0.9444444444444444,0.926530612244898,18,37
1385,hysteresis,"{""high"": 0.55, ""low"": 0.5, ""min_consecutive"": 8}",0.7904085257548845,0.9719551282051282,0.7904085257548845,0.9113448534936138,0.9270833333333334,35,118,0.8256227758007118,0.9793650793650793,0.8256227758007118,0.9264264264264265,0.9469387755102041,13,49
1386,hysteresis,"{""high"": 0.675, ""low"": 0.525, ""min_consecutive"": 3}",0.7904085257548845,0.9719551282051282,0.7904085257548845,0.9113448534936138,0.9270833333333334,35,118,0.8368794326241135,0.985691573926868,0.8368794326241135,0.9309309309309309,0.963265306122449,9,46
1387,consecutive_count,"{""min_consecutive"": 5, ""min_count"": 9, ""threshold"": 0.5}",0.7901234567901234,0.9742765273311897,0.7901234567901234,0.9105935386927122,0.9333333333333333,32,119,0.8447653429602888,0.9826498422712934,0.8447653429602888,0.9354354354354354,0.9551020408163265,11,43
1388,consecutive_ratio,"{""min_consecutive"": 5, ""min_ratio"": 0.2, ""threshold"": 0.5}",0.7901234567901234,0.9742765273311897,0.7901234567901234,0.9105935386927122,0.9333333333333333,32,119,0.8447653429602888,0.9826498422712934,0.8447653429602888,0.9354354354354354,0.9551020408163265,11,43
1389,hysteresis,"{""high"": 0.65, ""low"": 0.5, ""min_consecutive"": 6}",0.7901234567901234,0.9742765273311897,0.7901234567901234,0.9105935386927122,0.9333333333333333,32,119,0.8274647887323944,0.9840510366826156,0.8274647887323944,0.9264264264264265,0.9591836734693877,10,49
1390,consecutive_count,"{""min_consecutive"": 7, ""min_count"": 10, ""threshold"": 0.475}",0.7897526501766784,0.9734939759036144,0.7897526501766784,0.9105935386927122,0.93125,33,119,0.8518518518518519,0.9765990639625585,0.8518518518518519,0.93993993993994,0.9387755102040817,15,40
1391,consecutive,"{""min_consecutive"": 4, ""threshold"": 0.375}",0.7895833333333333,0.9285208775654635,0.9522613065326633,0.98572501878287,0.7895833333333333,101,19,0.8,0.9308885754583921,0.9702970297029703,0.990990990990991,0.8,49,6
1392,consecutive_count,"{""min_consecutive"": 4, ""min_count"": 2, ""threshold"": 0.375}",0.7895833333333333,0.9285208775654635,0.9522613065326633,0.98572501878287,0.7895833333333333,101,19,0.8,0.9308885754583921,0.9702970297029703,0.990990990990991,0.8,49,6
1393,consecutive_count,"{""min_consecutive"": 4, ""min_count"": 3, ""threshold"": 0.375}",0.7895833333333333,0.9285208775654635,0.9522613065326633,0.98572501878287,0.7895833333333333,101,19,0.8,0.9308885754583921,0.9702970297029703,0.990990990990991,0.8,49,6
1394,consecutive_count,"{""min_consecutive"": 4, ""min_count"": 4, ""threshold"": 0.375}",0.7895833333333333,0.9285208775654635,0.9522613065326633,0.98572501878287,0.7895833333333333,101,19,0.8,0.9308885754583921,0.9702970297029703,0.990990990990991,0.8,49,6
1395,consecutive_ratio,"{""min_consecutive"": 4, ""min_ratio"": 0.03, ""threshold"": 0.375}",0.7895833333333333,0.9285208775654635,0.9522613065326633,0.98572501878287,0.7895833333333333,101,19,0.8,0.9308885754583921,0.9702970297029703,0.990990990990991,0.8,49,6
1396,consecutive_ratio,"{""min_consecutive"": 4, ""min_ratio"": 0.05, ""threshold"": 0.375}",0.7895833333333333,0.9285208775654635,0.9522613065326633,0.98572501878287,0.7895833333333333,101,19,0.8,0.9308885754583921,0.9702970297029703,0.990990990990991,0.8,49,6
1397,consecutive_ratio,"{""min_consecutive"": 4, ""min_ratio"": 0.07, ""threshold"": 0.375}",0.7895833333333333,0.9285208775654635,0.9522613065326633,0.98572501878287,0.7895833333333333,101,19,0.8,0.9308885754583921,0.9702970297029703,0.990990990990991,0.8,49,6
1398,consecutive_ratio,"{""min_consecutive"": 4, ""min_ratio"": 0.09, ""threshold"": 0.375}",0.7895833333333333,0.9285208775654635,0.9522613065326633,0.98572501878287,0.7895833333333333,101,19,0.8,0.9308885754583921,0.9702970297029703,0.990990990990991,0.8,49,6
1399,topk_mean,"{""threshold"": 0.425, ""top_k"": 4}",0.7895833333333333,0.9284195605953225,0.9475,0.9842223891810669,0.7895833333333333,101,21,0.7755102040816326,0.9231843575418994,0.9743589743589743,0.9924924924924925,0.7755102040816326,55,5
1400,hysteresis,"{""high"": 0.45, ""low"": 0.3, ""min_consecutive"": 5}",0.7895833333333333,0.9283179559971612,0.9427860696517413,0.9827197595792637,0.7895833333333333,101,23,0.8,0.9309859154929577,0.9751243781094527,0.9924924924924925,0.8,49,5
1401,consecutive_count,"{""min_consecutive"": 6, ""min_count"": 11, ""threshold"": 0.45}",0.7890070921985816,0.9719326383319968,0.7890070921985816,0.9105935386927122,0.9270833333333334,35,119,0.8598484848484849,0.9721792890262752,0.8598484848484849,0.9444444444444444,0.926530612244898,18,37
1402,hysteresis,"{""high"": 0.675, ""low"": 0.575, ""min_consecutive"": 3}",0.7890070921985816,0.9719326383319968,0.7890070921985816,0.9105935386927122,0.9270833333333334,35,119,0.8222996515679443,0.9855769230769231,0.8222996515679443,0.9234234234234234,0.963265306122449,9,51
1403,hysteresis,"{""high"": 0.575, ""low"": 0.525, ""min_consecutive"": 7}",0.7887323943661971,0.9742558326629123,0.7887323943661971,0.9098422238918107,0.9333333333333333,32,120,0.8297872340425532,0.9825119236883942,0.8297872340425532,0.9279279279279279,0.9551020408163265,11,48
1404,hysteresis,"{""high"": 0.65, ""low"": 0.55, ""min_consecutive"": 5}",0.7887323943661971,0.9742558326629123,0.7887323943661971,0.9098422238918107,0.9333333333333333,32,120,0.8229166666666666,0.9871589085072231,0.8229166666666666,0.9234234234234234,0.9673469387755103,8,51
1405,hysteresis,"{""high"": 0.625, ""low"": 0.575, ""min_consecutive"": 5}",0.7884615384615384,0.976594027441485,0.7884615384615384,0.9090909090909091,0.9395833333333333,29,121,0.8206896551724138,0.9887278582930756,0.8206896551724138,0.9219219219219219,0.9714285714285714,7,52
1406,consecutive_count,"{""min_consecutive"": 6, ""min_count"": 9, ""threshold"": 0.5}",0.787719298245614,0.9750201450443191,0.787719298245614,0.9090909090909091,0.9354166666666667,31,121,0.8387096774193549,0.9825949367088608,0.8387096774193549,0.9324324324324325,0.9551020408163265,11,45
1407,consecutive_ratio,"{""min_consecutive"": 6, ""min_ratio"": 0.2, ""threshold"": 0.5}",0.787719298245614,0.9750201450443191,0.787719298245614,0.9090909090909091,0.9354166666666667,31,121,0.8387096774193549,0.9825949367088608,0.8387096774193549,0.9324324324324325,0.9551020408163265,11,45
1408,hysteresis,"{""high"": 0.65, ""low"": 0.45, ""min_consecutive"": 7}",0.787719298245614,0.9750201450443191,0.787719298245614,0.9090909090909091,0.9354166666666667,31,121,0.8405797101449275,0.9795275590551181,0.8405797101449275,0.933933933933934,0.9469387755102041,13,44
1409,consecutive_count,"{""min_consecutive"": 1, ""min_count"": 8, ""threshold"": 0.525}",0.7876106194690266,0.9719101123595506,0.7876106194690266,0.9098422238918107,0.9270833333333334,35,120,0.8297872340425532,0.9825119236883942,0.8297872340425532,0.9279279279279279,0.9551020408163265,11,48
1410,consecutive_count,"{""min_consecutive"": 2, ""min_count"": 8, ""threshold"": 0.525}",0.7876106194690266,0.9719101123595506,0.7876106194690266,0.9098422238918107,0.9270833333333334,35,120,0.8297872340425532,0.9825119236883942,0.8297872340425532,0.9279279279279279,0.9551020408163265,11,48
1411,consecutive_count,"{""min_consecutive"": 3, ""min_count"": 8, ""threshold"": 0.525}",0.7876106194690266,0.9719101123595506,0.7876106194690266,0.9098422238918107,0.9270833333333334,35,120,0.8297872340425532,0.9825119236883942,0.8297872340425532,0.9279279279279279,0.9551020408163265,11,48
1412,consecutive_count,"{""min_consecutive"": 4, ""min_count"": 8, ""threshold"": 0.525}",0.7876106194690266,0.9719101123595506,0.7876106194690266,0.9098422238918107,0.9270833333333334,35,120,0.8268551236749117,0.982484076433121,0.8268551236749117,0.9264264264264265,0.9551020408163265,11,49
1413,consecutive_count,"{""min_consecutive"": 1, ""min_count"": 7, ""threshold"": 0.55}",0.7869718309859155,0.9734513274336283,0.7869718309859155,0.9090909090909091,0.93125,33,121,0.8274647887323944,0.9840510366826156,0.8274647887323944,0.9264264264264265,0.9591836734693877,10,49
1414,consecutive_ratio,"{""min_consecutive"": 1, ""min_ratio"": 0.15, ""threshold"": 0.55}",0.7869718309859155,0.9734513274336283,0.7869718309859155,0.9090909090909091,0.93125,33,121,0.8274647887323944,0.9840510366826156,0.8274647887323944,0.9264264264264265,0.9591836734693877,10,49
1415,consecutive_count,"{""min_consecutive"": 2, ""min_count"": 7, ""threshold"": 0.55}",0.7869718309859155,0.9734513274336283,0.7869718309859155,0.9090909090909091,0.93125,33,121,0.8274647887323944,0.9840510366826156,0.8274647887323944,0.9264264264264265,0.9591836734693877,10,49
1416,consecutive_ratio,"{""min_consecutive"": 2, ""min_ratio"": 0.15, ""threshold"": 0.55}",0.7869718309859155,0.9734513274336283,0.7869718309859155,0.9090909090909091,0.93125,33,121,0.8274647887323944,0.9840510366826156,0.8274647887323944,0.9264264264264265,0.9591836734693877,10,49
1417,consecutive_count,"{""min_consecutive"": 5, ""min_count"": 8, ""threshold"": 0.525}",0.7865961199294532,0.9726688102893891,0.7865961199294532,0.9090909090909091,0.9291666666666667,34,121,0.8274647887323944,0.9840510366826156,0.8274647887323944,0.9264264264264265,0.9591836734693877,10,49
1418,consecutive_count,"{""min_consecutive"": 7, ""min_count"": 11, ""threshold"": 0.45}",0.7862190812720848,0.9718875502008032,0.7862190812720848,0.9090909090909091,0.9270833333333334,35,121,0.8598484848484849,0.9721792890262752,0.8598484848484849,0.9444444444444444,0.926530612244898,18,37
1419,consecutive,"{""min_consecutive"": 6, ""threshold"": 0.55}",0.7859649122807018,0.9742143432715552,0.7859649122807018,0.9083395942900075,0.9333333333333333,32,122,0.8327402135231317,0.9825396825396825,0.8327402135231317,0.9294294294294294,0.9551020408163265,11,47
1420,consecutive_count,"{""min_consecutive"": 6, ""min_count"": 2, ""threshold"": 0.55}",0.7859649122807018,0.9742143432715552,0.7859649122807018,0.9083395942900075,0.9333333333333333,32,122,0.8327402135231317,0.9825396825396825,0.8327402135231317,0.9294294294294294,0.9551020408163265,11,47
1421,consecutive_count,"{""min_consecutive"": 6, ""min_count"": 3, ""threshold"": 0.55}",0.7859649122807018,0.9742143432715552,0.7859649122807018,0.9083395942900075,0.9333333333333333,32,122,0.8327402135231317,0.9825396825396825,0.8327402135231317,0.9294294294294294,0.9551020408163265,11,47
1422,consecutive_count,"{""min_consecutive"": 6, ""min_count"": 4, ""threshold"": 0.55}",0.7859649122807018,0.9742143432715552,0.7859649122807018,0.9083395942900075,0.9333333333333333,32,122,0.8327402135231317,0.9825396825396825,0.8327402135231317,0.9294294294294294,0.9551020408163265,11,47
1423,consecutive_count,"{""min_consecutive"": 6, ""min_count"": 5, ""threshold"": 0.55}",0.7859649122807018,0.9742143432715552,0.7859649122807018,0.9083395942900075,0.9333333333333333,32,122,0.8327402135231317,0.9825396825396825,0.8327402135231317,0.9294294294294294,0.9551020408163265,11,47
1424,consecutive_count,"{""min_consecutive"": 6, ""min_count"": 6, ""threshold"": 0.55}",0.7859649122807018,0.9742143432715552,0.7859649122807018,0.9083395942900075,0.9333333333333333,32,122,0.8327402135231317,0.9825396825396825,0.8327402135231317,0.9294294294294294,0.9551020408163265,11,47
1425,consecutive_ratio,"{""min_consecutive"": 6, ""min_ratio"": 0.03, ""threshold"": 0.55}",0.7859649122807018,0.9742143432715552,0.7859649122807018,0.9083395942900075,0.9333333333333333,32,122,0.8327402135231317,0.9825396825396825,0.8327402135231317,0.9294294294294294,0.9551020408163265,11,47
1426,consecutive_ratio,"{""min_consecutive"": 6, ""min_ratio"": 0.05, ""threshold"": 0.55}",0.7859649122807018,0.9742143432715552,0.7859649122807018,0.9083395942900075,0.9333333333333333,32,122,0.8327402135231317,0.9825396825396825,0.8327402135231317,0.9294294294294294,0.9551020408163265,11,47
1427,consecutive_ratio,"{""min_consecutive"": 6, ""min_ratio"": 0.07, ""threshold"": 0.55}",0.7859649122807018,0.9742143432715552,0.7859649122807018,0.9083395942900075,0.9333333333333333,32,122,0.8327402135231317,0.9825396825396825,0.8327402135231317,0.9294294294294294,0.9551020408163265,11,47
1428,consecutive_ratio,"{""min_consecutive"": 6, ""min_ratio"": 0.09, ""threshold"": 0.55}",0.7859649122807018,0.9742143432715552,0.7859649122807018,0.9083395942900075,0.9333333333333333,32,122,0.8327402135231317,0.9825396825396825,0.8327402135231317,0.9294294294294294,0.9551020408163265,11,47
1429,consecutive_ratio,"{""min_consecutive"": 6, ""min_ratio"": 0.11, ""threshold"": 0.55}",0.7859649122807018,0.9742143432715552,0.7859649122807018,0.9083395942900075,0.9333333333333333,32,122,0.8327402135231317,0.9825396825396825,0.8327402135231317,0.9294294294294294,0.9551020408163265,11,47
1430,consecutive_ratio,"{""min_consecutive"": 6, ""min_ratio"": 0.13, ""threshold"": 0.55}",0.7859649122807018,0.9742143432715552,0.7859649122807018,0.9083395942900075,0.9333333333333333,32,122,0.8327402135231317,0.9825396825396825,0.8327402135231317,0.9294294294294294,0.9551020408163265,11,47
1431,hysteresis,"{""high"": 0.525, ""low"": 0.475, ""min_consecutive"": 9}",0.7858407079646018,0.971107544141252,0.7858407079646018,0.9090909090909091,0.925,36,121,0.8450184501845018,0.975,0.8450184501845018,0.9369369369369369,0.9346938775510204,16,42
1432,consecutive_count,"{""min_consecutive"": 6, ""min_count"": 8, ""threshold"": 0.525}",0.7855887521968365,0.9734299516908212,0.7855887521968365,0.9083395942900075,0.93125,33,122,0.8274647887323944,0.9840510366826156,0.8274647887323944,0.9264264264264265,0.9591836734693877,10,49
1433,consecutive_count,"{""min_consecutive"": 3, ""min_count"": 7, ""threshold"": 0.55}",0.7855887521968365,0.9734299516908212,0.7855887521968365,0.9083395942900075,0.93125,33,122,0.8274647887323944,0.9840510366826156,0.8274647887323944,0.9264264264264265,0.9591836734693877,10,49
1434,consecutive_ratio,"{""min_consecutive"": 3, ""min_ratio"": 0.15, ""threshold"": 0.55}",0.7855887521968365,0.9734299516908212,0.7855887521968365,0.9083395942900075,0.93125,33,122,0.8274647887323944,0.9840510366826156,0.8274647887323944,0.9264264264264265,0.9591836734693877,10,49
1435,topk_mean,"{""threshold"": 0.675, ""top_k"": 2}",0.7855887521968365,0.9734299516908212,0.7855887521968365,0.9083395942900075,0.93125,33,122,0.8280701754385965,0.9856230031948882,0.8280701754385965,0.9264264264264265,0.963265306122449,9,49
1436,consecutive,"{""min_consecutive"": 9, ""threshold"": 0.475}",0.7854609929078015,0.9703287890938251,0.7854609929078015,0.9090909090909091,0.9229166666666667,37,121,0.8481481481481481,0.9750390015600624,0.8481481481481481,0.9384384384384384,0.9346938775510204,16,41
1437,topk_mean,"{""threshold"": 0.45, ""top_k"": 2}",0.7854166666666667,0.9268985095812633,0.9378109452736318,0.9812171299774606,0.7854166666666667,103,25,0.7795918367346939,0.9245810055865922,0.9794871794871794,0.993993993993994,0.7795918367346939,54,4
1438,hysteresis,"{""high"": 0.475, ""low"": 0.325, ""min_consecutive"": 3}",0.7854166666666667,0.9267425320056899,0.9308641975308642,0.9789631855747558,0.7854166666666667,103,28,0.7877551020408163,0.9269662921348315,0.9698492462311558,0.990990990990991,0.7877551020408163,52,6
1439,hysteresis,"{""high"": 0.6, ""low"": 0.5, ""min_consecutive"": 8}",0.784965034965035,0.9749798224374495,0.784965034965035,0.9075882794891059,0.9354166666666667,31,123,0.8216783216783217,0.984,0.8216783216783217,0.9234234234234234,0.9591836734693877,10,51
1440,hysteresis,"{""high"": 0.625, ""low"": 0.475, ""min_consecutive"": 8}",0.7843478260869565,0.9765372168284789,0.7843478260869565,0.9068369646882044,0.9395833333333333,29,124,0.8262411347517731,0.9809220985691574,0.8262411347517731,0.9264264264264265,0.9510204081632653,12,49
1441,hysteresis,"{""high"": 0.625, ""low"": 0.425, ""min_consecutive"": 9}",0.7843478260869565,0.9765372168284789,0.7843478260869565,0.9068369646882044,0.9395833333333333,29,124,0.8381294964028777,0.981042654028436,0.8381294964028777,0.9324324324324325,0.9510204081632653,12,45
1442,consecutive_count,"{""min_consecutive"": 4, ""min_count"": 7, ""threshold"": 0.55}",0.7842105263157895,0.9734085414987913,0.7842105263157895,0.9075882794891059,0.93125,33,123,0.8274647887323944,0.9840510366826156,0.8274647887323944,0.9264264264264265,0.9591836734693877,10,49
1443,consecutive_ratio,"{""min_consecutive"": 4, ""min_ratio"": 0.15, ""threshold"": 0.55}",0.7842105263157895,0.9734085414987913,0.7842105263157895,0.9075882794891059,0.93125,33,123,0.8274647887323944,0.9840510366826156,0.8274647887323944,0.9264264264264265,0.9591836734693877,10,49
1444,hysteresis,"{""high"": 0.6, ""low"": 0.45, ""min_consecutive"": 9}",0.7842105263157895,0.9734085414987913,0.7842105263157895,0.9075882794891059,0.93125,33,123,0.8411552346570397,0.9810725552050473,0.8411552346570397,0.933933933933934,0.9510204081632653,12,44
1445,hysteresis,"{""high"": 0.475, ""low"": 0.375, ""min_consecutive"": 2}",0.7833333333333333,0.9260838663823738,0.9306930693069307,0.9789631855747558,0.7833333333333333,104,28,0.7877551020408163,0.9270687237026648,0.9747474747474747,0.9924924924924925,0.7877551020408163,52,5
1446,hysteresis,"{""high"": 0.475, ""low"": 0.275, ""min_consecutive"": 4}",0.7833333333333333,0.9260312944523471,0.928395061728395,0.9782118707738543,0.7833333333333333,104,29,0.7918367346938775,0.9282700421940928,0.97,0.990990990990991,0.7918367346938775,51,6
1447,consecutive_count,"{""min_consecutive"": 1, ""min_count"": 5, ""threshold"": 0.6}",0.7832167832167832,0.9741727199354318,0.7832167832167832,0.9068369646882044,0.9333333333333333,32,124,0.8178694158075601,0.9887096774193549,0.8178694158075601,0.9204204204204204,0.9714285714285714,7,53
1448,consecutive_ratio,"{""min_consecutive"": 1, ""min_ratio"": 0.11, ""threshold"": 0.6}",0.7832167832167832,0.9741727199354318,0.7832167832167832,0.9068369646882044,0.9333333333333333,32,124,0.8178694158075601,0.9887096774193549,0.8178694158075601,0.9204204204204204,0.9714285714285714,7,53
1449,consecutive_count,"{""min_consecutive"": 2, ""min_count"": 5, ""threshold"": 0.6}",0.7832167832167832,0.9741727199354318,0.7832167832167832,0.9068369646882044,0.9333333333333333,32,124,0.8178694158075601,0.9887096774193549,0.8178694158075601,0.9204204204204204,0.9714285714285714,7,53
1450,consecutive_ratio,"{""min_consecutive"": 2, ""min_ratio"": 0.11, ""threshold"": 0.6}",0.7832167832167832,0.9741727199354318,0.7832167832167832,0.9068369646882044,0.9333333333333333,32,124,0.8178694158075601,0.9887096774193549,0.8178694158075601,0.9204204204204204,0.9714285714285714,7,53
1451,topk_mean,"{""threshold"": 0.65, ""top_k"": 4}",0.7828371278458844,0.9733870967741935,0.7828371278458844,0.9068369646882044,0.93125,33,124,0.8216783216783217,0.984,0.8216783216783217,0.9234234234234234,0.9591836734693877,10,51
1452,hysteresis,"{""high"": 0.575, ""low"": 0.475, ""min_consecutive"": 9}",0.7824561403508772,0.9726027397260274,0.7824561403508772,0.9068369646882044,0.9291666666666667,34,124,0.8309352517985612,0.9778830963665087,0.8309352517985612,0.9294294294294294,0.9428571428571428,14,47
1453,consecutive_count,"{""min_consecutive"": 7, ""min_count"": 9, ""threshold"": 0.5}",0.7822299651567944,0.9749393694421988,0.7822299651567944,0.9060856498873028,0.9354166666666667,31,125,0.8297872340425532,0.9825119236883942,0.8297872340425532,0.9279279279279279,0.9551020408163265,11,48
1454,consecutive_ratio,"{""min_consecutive"": 7, ""min_ratio"": 0.2, ""threshold"": 0.5}",0.7822299651567944,0.9749393694421988,0.7822299651567944,0.9060856498873028,0.9354166666666667,31,125,0.8297872340425532,0.9825119236883942,0.8297872340425532,0.9279279279279279,0.9551020408163265,11,48
1455,hysteresis,"{""high"": 0.6, ""low"": 0.55, ""min_consecutive"": 6}",0.7822299651567944,0.9749393694421988,0.7822299651567944,0.9060856498873028,0.9354166666666667,31,125,0.8315789473684211,0.987220447284345,0.8315789473684211,0.9279279279279279,0.9673469387755103,8,48
1456,consecutive_count,"{""min_consecutive"": 3, ""min_count"": 5, ""threshold"": 0.6}",0.7818499127399651,0.9741518578352181,0.7818499127399651,0.9060856498873028,0.9333333333333333,32,125,0.815068493150685,0.9886914378029079,0.815068493150685,0.918918918918919,0.9714285714285714,7,54
1457,consecutive_ratio,"{""min_consecutive"": 3, ""min_ratio"": 0.11, ""threshold"": 0.6}",0.7818499127399651,0.9741518578352181,0.7818499127399651,0.9060856498873028,0.9333333333333333,32,125,0.815068493150685,0.9886914378029079,0.815068493150685,0.918918918918919,0.9714285714285714,7,54
1458,hysteresis,"{""high"": 0.675, ""low"": 0.525, ""min_consecutive"": 4}",0.7814685314685315,0.9733656174334141,0.7814685314685315,0.9060856498873028,0.93125,33,125,0.8194444444444444,0.985553772070626,0.8194444444444444,0.9219219219219219,0.963265306122449,9,52
1459,hysteresis,"{""high"": 0.675, ""low"": 0.475, ""min_consecutive"": 5}",0.7814685314685315,0.9733656174334141,0.7814685314685315,0.9060856498873028,0.93125,33,125,0.8222996515679443,0.9855769230769231,0.8222996515679443,0.9234234234234234,0.963265306122449,9,51
1460,consecutive,"{""min_consecutive"": 5, ""threshold"": 0.35}",0.78125,0.9258997882851094,0.9517766497461929,0.98572501878287,0.78125,105,19,0.7877551020408163,0.9268635724331927,0.965,0.9894894894894894,0.7877551020408163,52,7
1461,consecutive_count,"{""min_consecutive"": 5, ""min_count"": 2, ""threshold"": 0.35}",0.78125,0.9258997882851094,0.9517766497461929,0.98572501878287,0.78125,105,19,0.7877551020408163,0.9268635724331927,0.965,0.9894894894894894,0.7877551020408163,52,7
1462,consecutive_count,"{""min_consecutive"": 5, ""min_count"": 3, ""threshold"": 0.35}",0.78125,0.9258997882851094,0.9517766497461929,0.98572501878287,0.78125,105,19,0.7877551020408163,0.9268635724331927,0.965,0.9894894894894894,0.7877551020408163,52,7
1463,consecutive_count,"{""min_consecutive"": 5, ""min_count"": 4, ""threshold"": 0.35}",0.78125,0.9258997882851094,0.9517766497461929,0.98572501878287,0.78125,105,19,0.7877551020408163,0.9268635724331927,0.965,0.9894894894894894,0.7877551020408163,52,7
1464,consecutive_count,"{""min_consecutive"": 5, ""min_count"": 5, ""threshold"": 0.35}",0.78125,0.9258997882851094,0.9517766497461929,0.98572501878287,0.78125,105,19,0.7877551020408163,0.9268635724331927,0.965,0.9894894894894894,0.7877551020408163,52,7
1465,consecutive_ratio,"{""min_consecutive"": 5, ""min_ratio"": 0.03, ""threshold"": 0.35}",0.78125,0.9258997882851094,0.9517766497461929,0.98572501878287,0.78125,105,19,0.7877551020408163,0.9268635724331927,0.965,0.9894894894894894,0.7877551020408163,52,7
1466,consecutive_ratio,"{""min_consecutive"": 5, ""min_ratio"": 0.05, ""threshold"": 0.35}",0.78125,0.9258997882851094,0.9517766497461929,0.98572501878287,0.78125,105,19,0.7877551020408163,0.9268635724331927,0.965,0.9894894894894894,0.7877551020408163,52,7
1467,consecutive_ratio,"{""min_consecutive"": 5, ""min_ratio"": 0.07, ""threshold"": 0.35}",0.78125,0.9258997882851094,0.9517766497461929,0.98572501878287,0.78125,105,19,0.7877551020408163,0.9268635724331927,0.965,0.9894894894894894,0.7877551020408163,52,7
1468,consecutive_ratio,"{""min_consecutive"": 5, ""min_ratio"": 0.09, ""threshold"": 0.35}",0.78125,0.9258997882851094,0.9517766497461929,0.98572501878287,0.78125,105,19,0.7877551020408163,0.9268635724331927,0.965,0.9894894894894894,0.7877551020408163,52,7
1469,consecutive_ratio,"{""min_consecutive"": 5, ""min_ratio"": 0.11, ""threshold"": 0.35}",0.78125,0.9258997882851094,0.9517766497461929,0.98572501878287,0.78125,105,19,0.7877551020408163,0.9268635724331927,0.965,0.9894894894894894,0.7877551020408163,52,7
1470,consecutive,"{""min_consecutive"": 1, ""threshold"": 0.475}",0.78125,0.9254261363636364,0.9305210918114144,0.9789631855747558,0.78125,105,28,0.7877551020408163,0.9270687237026648,0.9747474747474747,0.9924924924924925,0.7877551020408163,52,5
1471,hysteresis,"{""high"": 0.475, ""low"": 0.325, ""min_consecutive"": 2}",0.78125,0.9254261363636364,0.9305210918114144,0.9789631855747558,0.78125,105,28,0.7877551020408163,0.9270687237026648,0.9747474747474747,0.9924924924924925,0.7877551020408163,52,5
1472,hysteresis,"{""high"": 0.475, ""low"": 0.275, ""min_consecutive"": 2}",0.78125,0.9254261363636364,0.9305210918114144,0.9789631855747558,0.78125,105,28,0.7877551020408163,0.9270687237026648,0.9747474747474747,0.9924924924924925,0.7877551020408163,52,5
1473,hysteresis,"{""high"": 0.475, ""low"": 0.275, ""min_consecutive"": 3}",0.78125,0.9254261363636364,0.9305210918114144,0.9789631855747558,0.78125,105,28,0.7877551020408163,0.9270687237026648,0.9747474747474747,0.9924924924924925,0.7877551020408163,52,5
1474,hysteresis,"{""high"": 0.65, ""low"": 0.6, ""min_consecutive"": 4}",0.78125,0.9757085020242915,0.78125,0.9053343350864012,0.9375,30,126,0.8172413793103448,0.9871175523349437,0.8172413793103448,0.9204204204204204,0.9673469387755103,8,53
1475,consecutive_count,"{""min_consecutive"": 1, ""min_count"": 6, ""threshold"": 0.575}",0.7810858143607706,0.9725806451612903,0.7810858143607706,0.9060856498873028,0.9291666666666667,34,125,0.8245614035087719,0.9840255591054313,0.8245614035087719,0.924924924924925,0.9591836734693877,10,50
1476,consecutive_ratio,"{""min_consecutive"": 1, ""min_ratio"": 0.13, ""threshold"": 0.575}",0.7810858143607706,0.9725806451612903,0.7810858143607706,0.9060856498873028,0.9291666666666667,34,125,0.8245614035087719,0.9840255591054313,0.8245614035087719,0.924924924924925,0.9591836734693877,10,50
1477,consecutive_count,"{""min_consecutive"": 2, ""min_count"": 6, ""threshold"": 0.575}",0.7810858143607706,0.9725806451612903,0.7810858143607706,0.9060856498873028,0.9291666666666667,34,125,0.8245614035087719,0.9840255591054313,0.8245614035087719,0.924924924924925,0.9591836734693877,10,50
1478,consecutive_ratio,"{""min_consecutive"": 2, ""min_ratio"": 0.13, ""threshold"": 0.575}",0.7810858143607706,0.9725806451612903,0.7810858143607706,0.9060856498873028,0.9291666666666667,34,125,0.8245614035087719,0.9840255591054313,0.8245614035087719,0.924924924924925,0.9591836734693877,10,50
1479,consecutive_count,"{""min_consecutive"": 3, ""min_count"": 6, ""threshold"": 0.575}",0.7810858143607706,0.9725806451612903,0.7810858143607706,0.9060856498873028,0.9291666666666667,34,125,0.8245614035087719,0.9840255591054313,0.8245614035087719,0.924924924924925,0.9591836734693877,10,50
1480,consecutive_ratio,"{""min_consecutive"": 3, ""min_ratio"": 0.13, ""threshold"": 0.575}",0.7810858143607706,0.9725806451612903,0.7810858143607706,0.9060856498873028,0.9291666666666667,34,125,0.8245614035087719,0.9840255591054313,0.8245614035087719,0.924924924924925,0.9591836734693877,10,50
1481,consecutive_count,"{""min_consecutive"": 5, ""min_count"": 7, ""threshold"": 0.55}",0.7808695652173913,0.9749190938511327,0.7808695652173913,0.9053343350864012,0.9354166666666667,31,126,0.8251748251748252,0.9856,0.8251748251748252,0.924924924924925,0.963265306122449,9,50
1482,consecutive_ratio,"{""min_consecutive"": 5, ""min_ratio"": 0.15, ""threshold"": 0.55}",0.7808695652173913,0.9749190938511327,0.7808695652173913,0.9053343350864012,0.9354166666666667,31,126,0.8251748251748252,0.9856,0.8251748251748252,0.924924924924925,0.963265306122449,9,50
1483,topk_mean,"{""threshold"": 0.625, ""top_k"": 7}",0.7808695652173913,0.9749190938511327,0.7808695652173913,0.9053343350864012,0.9354166666666667,31,126,0.8116438356164384,0.9870759289176091,0.8116438356164384,0.9174174174174174,0.9673469387755103,8,55
1484,consecutive_count,"{""min_consecutive"": 4, ""min_count"": 6, ""threshold"": 0.575}",0.7804878048780488,0.9741309620048505,0.7804878048780488,0.9053343350864012,0.9333333333333333,32,126,0.8222996515679443,0.9855769230769231,0.8222996515679443,0.9234234234234234,0.963265306122449,9,51
1485,consecutive_ratio,"{""min_consecutive"": 4, ""min_ratio"": 0.13, ""threshold"": 0.575}",0.7804878048780488,0.9741309620048505,0.7804878048780488,0.9053343350864012,0.9333333333333333,32,126,0.8222996515679443,0.9855769230769231,0.8222996515679443,0.9234234234234234,0.963265306122449,9,51
1486,consecutive_count,"{""min_consecutive"": 7, ""min_count"": 8, ""threshold"": 0.525}",0.779896013864818,0.9756888168557536,0.779896013864818,0.9045830202854996,0.9375,30,127,0.8245614035087719,0.9840255591054313,0.8245614035087719,0.924924924924925,0.9591836734693877,10,50
1487,consecutive_count,"{""min_consecutive"": 4, ""min_count"": 5, ""threshold"": 0.35}",0.7791666666666667,0.9252995066948555,0.9540816326530612,0.9864763335837716,0.7791666666666667,106,18,0.7673469387755102,0.9203910614525139,0.9641025641025641,0.9894894894894894,0.7673469387755102,57,7
1488,consecutive_ratio,"{""min_consecutive"": 4, ""min_ratio"": 0.11, ""threshold"": 0.35}",0.7791666666666667,0.9252995066948555,0.9540816326530612,0.9864763335837716,0.7791666666666667,106,18,0.7673469387755102,0.9203910614525139,0.9641025641025641,0.9894894894894894,0.7673469387755102,57,7
1489,consecutive,"{""min_consecutive"": 3, ""threshold"": 0.4}",0.7791666666666667,0.9251412429378532,0.9468354430379747,0.9842223891810669,0.7791666666666667,106,21,0.7795918367346939,0.9244755244755245,0.9744897959183674,0.9924924924924925,0.7795918367346939,54,5
1490,consecutive_count,"{""min_consecutive"": 3, ""min_count"": 2, ""threshold"": 0.4}",0.7791666666666667,0.9251412429378532,0.9468354430379747,0.9842223891810669,0.7791666666666667,106,21,0.7795918367346939,0.9244755244755245,0.9744897959183674,0.9924924924924925,0.7795918367346939,54,5
1491,consecutive_count,"{""min_consecutive"": 3, ""min_count"": 3, ""threshold"": 0.4}",0.7791666666666667,0.9251412429378532,0.9468354430379747,0.9842223891810669,0.7791666666666667,106,21,0.7795918367346939,0.9244755244755245,0.9744897959183674,0.9924924924924925,0.7795918367346939,54,5
1492,consecutive_ratio,"{""min_consecutive"": 3, ""min_ratio"": 0.03, ""threshold"": 0.4}",0.7791666666666667,0.9251412429378532,0.9468354430379747,0.9842223891810669,0.7791666666666667,106,21,0.7795918367346939,0.9244755244755245,0.9744897959183674,0.9924924924924925,0.7795918367346939,54,5
1493,consecutive_ratio,"{""min_consecutive"": 3, ""min_ratio"": 0.05, ""threshold"": 0.4}",0.7791666666666667,0.9251412429378532,0.9468354430379747,0.9842223891810669,0.7791666666666667,106,21,0.7795918367346939,0.9244755244755245,0.9744897959183674,0.9924924924924925,0.7795918367346939,54,5
1494,consecutive_ratio,"{""min_consecutive"": 3, ""min_ratio"": 0.07, ""threshold"": 0.4}",0.7791666666666667,0.9251412429378532,0.9468354430379747,0.9842223891810669,0.7791666666666667,106,21,0.7795918367346939,0.9244755244755245,0.9744897959183674,0.9924924924924925,0.7795918367346939,54,5
1495,topk_mean,"{""threshold"": 0.65, ""top_k"": 5}",0.7791304347826087,0.9741100323624595,0.7791304347826087,0.9045830202854996,0.9333333333333333,32,127,0.8109965635738832,0.9854838709677419,0.8109965635738832,0.9174174174174174,0.963265306122449,9,55
1496,consecutive,"{""min_consecutive"": 1, ""threshold"": 0.7}",0.7791304347826087,0.9741100323624595,0.7791304347826087,0.9045830202854996,0.9333333333333333,32,127,0.8229166666666666,0.9871589085072231,0.8229166666666666,0.9234234234234234,0.9673469387755103,8,51
1497,hysteresis,"{""high"": 0.7, ""low"": 0.55, ""min_consecutive"": 2}",0.7791304347826087,0.9741100323624595,0.7791304347826087,0.9045830202854996,0.9333333333333333,32,127,0.8229166666666666,0.9871589085072231,0.8229166666666666,0.9234234234234234,0.9673469387755103,8,51
1498,hysteresis,"{""high"": 0.7, ""low"": 0.5, ""min_consecutive"": 2}",0.7791304347826087,0.9741100323624595,0.7791304347826087,0.9045830202854996,0.9333333333333333,32,127,0.8229166666666666,0.9871589085072231,0.8229166666666666,0.9234234234234234,0.9673469387755103,8,51
1499,consecutive_count,"{""min_consecutive"": 4, ""min_count"": 5, ""threshold"": 0.6}",0.7789291882556131,0.976461038961039,0.7789291882556131,0.903831705484598,0.9395833333333333,29,128,0.8156996587030717,0.9902912621359223,0.8156996587030717,0.918918918918919,0.9755102040816327,6,54
1500,consecutive_ratio,"{""min_consecutive"": 4, ""min_ratio"": 0.11, ""threshold"": 0.6}",0.7789291882556131,0.976461038961039,0.7789291882556131,0.903831705484598,0.9395833333333333,29,128,0.8156996587030717,0.9902912621359223,0.8156996587030717,0.918918918918919,0.9755102040816327,6,54
1501,consecutive_count,"{""min_consecutive"": 1, ""min_count"": 11, ""threshold"": 0.475}",0.7785467128027682,0.975669099756691,0.7785467128027682,0.903831705484598,0.9375,30,128,0.8461538461538461,0.9780564263322884,0.8461538461538461,0.9369369369369369,0.9428571428571428,14,42
1502,consecutive_count,"{""min_consecutive"": 2, ""min_count"": 11, ""threshold"": 0.475}",0.7785467128027682,0.975669099756691,0.7785467128027682,0.903831705484598,0.9375,30,128,0.8461538461538461,0.9780564263322884,0.8461538461538461,0.9369369369369369,0.9428571428571428,14,42
1503,consecutive_count,"{""min_consecutive"": 3, ""min_count"": 11, ""threshold"": 0.475}",0.7785467128027682,0.975669099756691,0.7785467128027682,0.903831705484598,0.9375,30,128,0.8461538461538461,0.9780564263322884,0.8461538461538461,0.9369369369369369,0.9428571428571428,14,42
1504,consecutive_count,"{""min_consecutive"": 4, ""min_count"": 11, ""threshold"": 0.475}",0.7785467128027682,0.975669099756691,0.7785467128027682,0.903831705484598,0.9375,30,128,0.8461538461538461,0.9780564263322884,0.8461538461538461,0.9369369369369369,0.9428571428571428,14,42
1505,consecutive_count,"{""min_consecutive"": 5, ""min_count"": 11, ""threshold"": 0.475}",0.7785467128027682,0.975669099756691,0.7785467128027682,0.903831705484598,0.9375,30,128,0.8461538461538461,0.9780564263322884,0.8461538461538461,0.9369369369369369,0.9428571428571428,14,42
1506,consecutive_count,"{""min_consecutive"": 6, ""min_count"": 11, ""threshold"": 0.475}",0.7785467128027682,0.975669099756691,0.7785467128027682,0.903831705484598,0.9375,30,128,0.843065693430657,0.978021978021978,0.843065693430657,0.9354354354354354,0.9428571428571428,14,43
1507,hysteresis,"{""high"": 0.675, ""low"": 0.575, ""min_consecutive"": 4}",0.7781629116117851,0.9748784440842788,0.7781629116117851,0.903831705484598,0.9354166666666667,31,128,0.8172413793103448,0.9871175523349437,0.8172413793103448,0.9204204204204204,0.9673469387755103,8,53
1508,hysteresis,"{""high"": 0.675, ""low"": 0.625, ""min_consecutive"": 3}",0.7777777777777778,0.974089068825911,0.7777777777777778,0.903831705484598,0.9333333333333333,32,128,0.8082191780821918,0.9854604200323102,0.8082191780821918,0.9159159159159159,0.963265306122449,9,56
1509,consecutive_count,"{""min_consecutive"": 6, ""min_count"": 7, ""threshold"": 0.55}",0.7772020725388601,0.9756493506493507,0.7772020725388601,0.9030803906836965,0.9375,30,129,0.8222996515679443,0.9855769230769231,0.8222996515679443,0.9234234234234234,0.963265306122449,9,51
1510,consecutive_ratio,"{""min_consecutive"": 6, ""min_ratio"": 0.15, ""threshold"": 0.55}",0.7772020725388601,0.9756493506493507,0.7772020725388601,0.9030803906836965,0.9375,30,129,0.8222996515679443,0.9855769230769231,0.8222996515679443,0.9234234234234234,0.963265306122449,9,51
1511,topk_mean,"{""threshold"": 0.675, ""top_k"": 3}",0.7772020725388601,0.9756493506493507,0.7772020725388601,0.9030803906836965,0.9375,30,129,0.8137931034482758,0.9855072463768116,0.8137931034482758,0.918918918918919,0.963265306122449,9,54
1512,consecutive_count,"{""min_consecutive"": 3, ""min_count"": 4, ""threshold"": 0.375}",0.7770833333333333,0.9245947850599013,0.951530612244898,0.98572501878287,0.7770833333333333,107,19,0.7673469387755102,0.9205020920502092,0.9690721649484536,0.990990990990991,0.7673469387755102,57,6
1513,consecutive_ratio,"{""min_consecutive"": 3, ""min_ratio"": 0.09, ""threshold"": 0.375}",0.7770833333333333,0.9245947850599013,0.951530612244898,0.98572501878287,0.7770833333333333,107,19,0.7673469387755102,0.9205020920502092,0.9690721649484536,0.990990990990991,0.7673469387755102,57,6
1514,hysteresis,"{""high"": 0.45, ""low"": 0.25, ""min_consecutive"": 6}",0.7770833333333333,0.9244350282485876,0.9443037974683545,0.9834710743801653,0.7770833333333333,107,22,0.7877551020408163,0.9269662921348315,0.9698492462311558,0.990990990990991,0.7877551020408163,52,6
1515,consecutive_count,"{""min_consecutive"": 5, ""min_count"": 6, ""threshold"": 0.575}",0.7768166089965398,0.9748580697485807,0.7768166089965398,0.9030803906836965,0.9354166666666667,31,129,0.8172413793103448,0.9871175523349437,0.8172413793103448,0.9204204204204204,0.9673469387755103,8,53
1516,consecutive_ratio,"{""min_consecutive"": 5, ""min_ratio"": 0.13, ""threshold"": 0.575}",0.7768166089965398,0.9748580697485807,0.7768166089965398,0.9030803906836965,0.9354166666666667,31,129,0.8172413793103448,0.9871175523349437,0.8172413793103448,0.9204204204204204,0.9673469387755103,8,53
1517,hysteresis,"{""high"": 0.7, ""low"": 0.6, ""min_consecutive"": 2}",0.7764298093587522,0.9740680713128039,0.7764298093587522,0.9030803906836965,0.9333333333333333,32,129,0.8172413793103448,0.9871175523349437,0.8172413793103448,0.9204204204204204,0.9673469387755103,8,53
1518,consecutive_count,"{""min_consecutive"": 7, ""min_count"": 11, ""threshold"": 0.475}",0.7758620689655172,0.9756295694557271,0.7758620689655172,0.9023290758827949,0.9375,30,130,0.84,0.9779874213836478,0.84,0.933933933933934,0.9428571428571428,14,44
1519,consecutive_count,"{""min_consecutive"": 1, ""min_count"": 4, ""threshold"": 0.625}",0.7754749568221071,0.9748376623376623,0.7754749568221071,0.9023290758827949,0.9354166666666667,31,130,0.8144329896907216,0.9870967741935484,0.8144329896907216,0.918918918918919,0.9673469387755103,8,54
1520,consecutive_ratio,"{""min_consecutive"": 1, ""min_ratio"": 0.09, ""threshold"": 0.625}",0.7754749568221071,0.9748376623376623,0.7754749568221071,0.9023290758827949,0.9354166666666667,31,130,0.8144329896907216,0.9870967741935484,0.8144329896907216,0.918918918918919,0.9673469387755103,8,54
1521,consecutive_count,"{""min_consecutive"": 2, ""min_count"": 4, ""threshold"": 0.625}",0.7754749568221071,0.9748376623376623,0.7754749568221071,0.9023290758827949,0.9354166666666667,31,130,0.8144329896907216,0.9870967741935484,0.8144329896907216,0.918918918918919,0.9673469387755103,8,54
1522,consecutive_ratio,"{""min_consecutive"": 2, ""min_ratio"": 0.09, ""threshold"": 0.625}",0.7754749568221071,0.9748376623376623,0.7754749568221071,0.9023290758827949,0.9354166666666667,31,130,0.8144329896907216,0.9870967741935484,0.8144329896907216,0.918918918918919,0.9673469387755103,8,54
1523,consecutive,"{""min_consecutive"": 2, ""threshold"": 0.675}",0.7754749568221071,0.9748376623376623,0.7754749568221071,0.9023290758827949,0.9354166666666667,31,130,0.8137931034482758,0.9855072463768116,0.8137931034482758,0.918918918918919,0.963265306122449,9,54
1524,consecutive_count,"{""min_consecutive"": 1, ""min_count"": 2, ""threshold"": 0.675}",0.7754749568221071,0.9748376623376623,0.7754749568221071,0.9023290758827949,0.9354166666666667,31,130,0.8137931034482758,0.9855072463768116,0.8137931034482758,0.918918918918919,0.963265306122449,9,54
1525,consecutive_ratio,"{""min_consecutive"": 1, ""min_ratio"": 0.03, ""threshold"": 0.675}",0.7754749568221071,0.9748376623376623,0.7754749568221071,0.9023290758827949,0.9354166666666667,31,130,0.8137931034482758,0.9855072463768116,0.8137931034482758,0.918918918918919,0.963265306122449,9,54
1526,consecutive_count,"{""min_consecutive"": 2, ""min_count"": 2, ""threshold"": 0.675}",0.7754749568221071,0.9748376623376623,0.7754749568221071,0.9023290758827949,0.9354166666666667,31,130,0.8137931034482758,0.9855072463768116,0.8137931034482758,0.918918918918919,0.963265306122449,9,54
1527,consecutive_ratio,"{""min_consecutive"": 2, ""min_ratio"": 0.03, ""threshold"": 0.675}",0.7754749568221071,0.9748376623376623,0.7754749568221071,0.9023290758827949,0.9354166666666667,31,130,0.8137931034482758,0.9855072463768116,0.8137931034482758,0.918918918918919,0.963265306122449,9,54
1528,consecutive_count,"{""min_consecutive"": 1, ""min_count"": 3, ""threshold"": 0.65}",0.7753001715265866,0.9771986970684039,0.7753001715265866,0.9015777610818934,0.9416666666666667,28,131,0.8116438356164384,0.9870759289176091,0.8116438356164384,0.9174174174174174,0.9673469387755103,8,55
1529,consecutive_ratio,"{""min_consecutive"": 1, ""min_ratio"": 0.05, ""threshold"": 0.65}",0.7753001715265866,0.9771986970684039,0.7753001715265866,0.9015777610818934,0.9416666666666667,28,131,0.8116438356164384,0.9870759289176091,0.8116438356164384,0.9174174174174174,0.9673469387755103,8,55
1530,consecutive_ratio,"{""min_consecutive"": 1, ""min_ratio"": 0.07, ""threshold"": 0.65}",0.7753001715265866,0.9771986970684039,0.7753001715265866,0.9015777610818934,0.9416666666666667,28,131,0.8116438356164384,0.9870759289176091,0.8116438356164384,0.9174174174174174,0.9673469387755103,8,55
1531,consecutive_count,"{""min_consecutive"": 2, ""min_count"": 3, ""threshold"": 0.65}",0.7753001715265866,0.9771986970684039,0.7753001715265866,0.9015777610818934,0.9416666666666667,28,131,0.8116438356164384,0.9870759289176091,0.8116438356164384,0.9174174174174174,0.9673469387755103,8,55
1532,consecutive_ratio,"{""min_consecutive"": 2, ""min_ratio"": 0.05, ""threshold"": 0.65}",0.7753001715265866,0.9771986970684039,0.7753001715265866,0.9015777610818934,0.9416666666666667,28,131,0.8116438356164384,0.9870759289176091,0.8116438356164384,0.9174174174174174,0.9673469387755103,8,55
1533,consecutive_ratio,"{""min_consecutive"": 2, ""min_ratio"": 0.07, ""threshold"": 0.65}",0.7753001715265866,0.9771986970684039,0.7753001715265866,0.9015777610818934,0.9416666666666667,28,131,0.8116438356164384,0.9870759289176091,0.8116438356164384,0.9174174174174174,0.9673469387755103,8,55
1534,hysteresis,"{""high"": 0.65, ""low"": 0.45, ""min_consecutive"": 8}",0.7753001715265866,0.9771986970684039,0.7753001715265866,0.9015777610818934,0.9416666666666667,28,131,0.8285714285714286,0.9793977812995246,0.8285714285714286,0.9279279279279279,0.9469387755102041,13,48
1535,hysteresis,"{""high"": 0.7, ""low"": 0.5, ""min_consecutive"": 3}",0.7750865051903114,0.9740470397404704,0.7750865051903114,0.9023290758827949,0.9333333333333333,32,130,0.8172413793103448,0.9871175523349437,0.8172413793103448,0.9204204204204204,0.9673469387755103,8,53
1536,hysteresis,"{""high"": 0.625, ""low"": 0.525, ""min_consecutive"": 7}",0.7749140893470791,0.9764035801464606,0.7749140893470791,0.9015777610818934,0.9395833333333333,29,131,0.8172413793103448,0.9871175523349437,0.8172413793103448,0.9204204204204204,0.9673469387755103,8,53
1537,consecutive_count,"{""min_consecutive"": 1, ""min_count"": 10, ""threshold"": 0.5}",0.774526678141136,0.975609756097561,0.774526678141136,0.9015777610818934,0.9375,30,131,0.8262411347517731,0.9809220985691574,0.8262411347517731,0.9264264264264265,0.9510204081632653,12,49
1538,consecutive_count,"{""min_consecutive"": 2, ""min_count"": 10, ""threshold"": 0.5}",0.774526678141136,0.975609756097561,0.774526678141136,0.9015777610818934,0.9375,30,131,0.8262411347517731,0.9809220985691574,0.8262411347517731,0.9264264264264265,0.9510204081632653,12,49
1539,consecutive_count,"{""min_consecutive"": 3, ""min_count"": 10, ""threshold"": 0.5}",0.774526678141136,0.975609756097561,0.774526678141136,0.9015777610818934,0.9375,30,131,0.8262411347517731,0.9809220985691574,0.8262411347517731,0.9264264264264265,0.9510204081632653,12,49
1540,consecutive_count,"{""min_consecutive"": 4, ""min_count"": 10, ""threshold"": 0.5}",0.774526678141136,0.975609756097561,0.774526678141136,0.9015777610818934,0.9375,30,131,0.8262411347517731,0.9809220985691574,0.8262411347517731,0.9264264264264265,0.9510204081632653,12,49
1541,consecutive_count,"{""min_consecutive"": 3, ""min_count"": 4, ""threshold"": 0.625}",0.7741379310344828,0.974817221770918,0.7741379310344828,0.9015777610818934,0.9354166666666667,31,131,0.8116438356164384,0.9870759289176091,0.8116438356164384,0.9174174174174174,0.9673469387755103,8,55
1542,consecutive_ratio,"{""min_consecutive"": 3, ""min_ratio"": 0.09, ""threshold"": 0.625}",0.7741379310344828,0.974817221770918,0.7741379310344828,0.9015777610818934,0.9354166666666667,31,131,0.8116438356164384,0.9870759289176091,0.8116438356164384,0.9174174174174174,0.9673469387755103,8,55
1543,hysteresis,"{""high"": 0.7, ""low"": 0.55, ""min_consecutive"": 3}",0.7737478411053541,0.974025974025974,0.7737478411053541,0.9015777610818934,0.9333333333333333,32,131,0.8088737201365188,0.9870550161812298,0.8088737201365188,0.9159159159159159,0.9673469387755103,8,56
1544,consecutive_count,"{""min_consecutive"": 1, ""min_count"": 12, ""threshold"": 0.45}",0.773356401384083,0.9732360097323601,0.773356401384083,0.9015777610818934,0.93125,33,131,0.8513011152416357,0.9750778816199377,0.8513011152416357,0.93993993993994,0.9346938775510204,16,40
1545,consecutive_count,"{""min_consecutive"": 2, ""min_count"": 12, ""threshold"": 0.45}",0.773356401384083,0.9732360097323601,0.773356401384083,0.9015777610818934,0.93125,33,131,0.8513011152416357,0.9750778816199377,0.8513011152416357,0.93993993993994,0.9346938775510204,16,40
1546,consecutive_count,"{""min_consecutive"": 3, ""min_count"": 12, ""threshold"": 0.45}",0.773356401384083,0.9732360097323601,0.773356401384083,0.9015777610818934,0.93125,33,131,0.8513011152416357,0.9750778816199377,0.8513011152416357,0.93993993993994,0.9346938775510204,16,40
1547,consecutive_count,"{""min_consecutive"": 4, ""min_count"": 12, ""threshold"": 0.45}",0.773356401384083,0.9732360097323601,0.773356401384083,0.9015777610818934,0.93125,33,131,0.8513011152416357,0.9750778816199377,0.8513011152416357,0.93993993993994,0.9346938775510204,16,40
1548,consecutive_count,"{""min_consecutive"": 5, ""min_count"": 12, ""threshold"": 0.45}",0.773356401384083,0.9732360097323601,0.773356401384083,0.9015777610818934,0.93125,33,131,0.8513011152416357,0.9750778816199377,0.8513011152416357,0.93993993993994,0.9346938775510204,16,40
1549,consecutive_count,"{""min_consecutive"": 5, ""min_count"": 10, ""threshold"": 0.5}",0.7731958762886598,0.9755899104963385,0.7731958762886598,0.9008264462809917,0.9375,30,132,0.823943661971831,0.9824561403508771,0.823943661971831,0.924924924924925,0.9551020408163265,11,50
1550,consecutive_count,"{""min_consecutive"": 1, ""min_count"": 3, ""threshold"": 0.4}",0.7729166666666667,0.9233473980309423,0.9537275064267352,0.9864763335837716,0.7729166666666667,109,18,0.7673469387755102,0.9206128133704735,0.9740932642487047,0.9924924924924925,0.7673469387755102,57,5
1551,consecutive_ratio,"{""min_consecutive"": 1, ""min_ratio"": 0.05, ""threshold"": 0.4}",0.7729166666666667,0.9233473980309423,0.9537275064267352,0.9864763335837716,0.7729166666666667,109,18,0.7673469387755102,0.9206128133704735,0.9740932642487047,0.9924924924924925,0.7673469387755102,57,5
1552,consecutive_ratio,"{""min_consecutive"": 1, ""min_ratio"": 0.07, ""threshold"": 0.4}",0.7729166666666667,0.9233473980309423,0.9537275064267352,0.9864763335837716,0.7729166666666667,109,18,0.7673469387755102,0.9206128133704735,0.9740932642487047,0.9924924924924925,0.7673469387755102,57,5
1553,consecutive_count,"{""min_consecutive"": 2, ""min_count"": 3, ""threshold"": 0.4}",0.7729166666666667,0.9233473980309423,0.9537275064267352,0.9864763335837716,0.7729166666666667,109,18,0.7673469387755102,0.9206128133704735,0.9740932642487047,0.9924924924924925,0.7673469387755102,57,5
1554,consecutive_ratio,"{""min_consecutive"": 2, ""min_ratio"": 0.05, ""threshold"": 0.4}",0.7729166666666667,0.9233473980309423,0.9537275064267352,0.9864763335837716,0.7729166666666667,109,18,0.7673469387755102,0.9206128133704735,0.9740932642487047,0.9924924924924925,0.7673469387755102,57,5
1555,consecutive_ratio,"{""min_consecutive"": 2, ""min_ratio"": 0.07, ""threshold"": 0.4}",0.7729166666666667,0.9233473980309423,0.9537275064267352,0.9864763335837716,0.7729166666666667,109,18,0.7673469387755102,0.9206128133704735,0.9740932642487047,0.9924924924924925,0.7673469387755102,57,5
1556,consecutive,"{""min_consecutive"": 2, ""threshold"": 0.425}",0.7729166666666667,0.9231311706629055,0.9440203562340967,0.9834710743801653,0.7729166666666667,109,22,0.7714285714285715,0.9218967921896792,0.9742268041237113,0.9924924924924925,0.7714285714285715,56,5
1557,consecutive_count,"{""min_consecutive"": 2, ""min_count"": 2, ""threshold"": 0.425}",0.7729166666666667,0.9231311706629055,0.9440203562340967,0.9834710743801653,0.7729166666666667,109,22,0.7714285714285715,0.9218967921896792,0.9742268041237113,0.9924924924924925,0.7714285714285715,56,5
1558,consecutive_ratio,"{""min_consecutive"": 2, ""min_ratio"": 0.03, ""threshold"": 0.425}",0.7729166666666667,0.9231311706629055,0.9440203562340967,0.9834710743801653,0.7729166666666667,109,22,0.7714285714285715,0.9218967921896792,0.9742268041237113,0.9924924924924925,0.7714285714285715,56,5
1559,hysteresis,"{""high"": 0.45, ""low"": 0.3, ""min_consecutive"": 4}",0.7729166666666667,0.9231311706629055,0.9440203562340967,0.9834710743801653,0.7729166666666667,109,22,0.7714285714285715,0.9218967921896792,0.9742268041237113,0.9924924924924925,0.7714285714285715,56,5
1560,hysteresis,"{""high"": 0.45, ""low"": 0.4, ""min_consecutive"": 2}",0.7729166666666667,0.9230769230769231,0.9416243654822335,0.9827197595792637,0.7729166666666667,109,23,0.7714285714285715,0.9220055710306406,0.9792746113989638,0.993993993993994,0.7714285714285715,56,4
1561,hysteresis,"{""high"": 0.675, ""low"": 0.525, ""min_consecutive"": 5}",0.7728055077452668,0.9747967479674797,0.7728055077452668,0.9008264462809917,0.9354166666666667,31,132,0.8166089965397924,0.9855305466237942,0.8166089965397924,0.9204204204204204,0.963265306122449,9,53
1562,hysteresis,"{""high"": 0.7, ""low"": 0.5, ""min_consecutive"": 4}",0.7728055077452668,0.9747967479674797,0.7728055077452668,0.9008264462809917,0.9354166666666667,31,132,0.8061224489795918,0.9870340356564019,0.8061224489795918,0.9144144144144144,0.9673469387755103,8,57
1563,consecutive,"{""min_consecutive"": 3, ""threshold"": 0.65}",0.7726495726495727,0.9771615008156607,0.7726495726495727,0.9000751314800901,0.9416666666666667,28,133,0.8088737201365188,0.9870550161812298,0.8088737201365188,0.9159159159159159,0.9673469387755103,8,56
1564,consecutive_count,"{""min_consecutive"": 3, ""min_count"": 2, ""threshold"": 0.65}",0.7726495726495727,0.9771615008156607,0.7726495726495727,0.9000751314800901,0.9416666666666667,28,133,0.8088737201365188,0.9870550161812298,0.8088737201365188,0.9159159159159159,0.9673469387755103,8,56
1565,consecutive_count,"{""min_consecutive"": 3, ""min_count"": 3, ""threshold"": 0.65}",0.7726495726495727,0.9771615008156607,0.7726495726495727,0.9000751314800901,0.9416666666666667,28,133,0.8088737201365188,0.9870550161812298,0.8088737201365188,0.9159159159159159,0.9673469387755103,8,56
1566,consecutive_ratio,"{""min_consecutive"": 3, ""min_ratio"": 0.03, ""threshold"": 0.65}",0.7726495726495727,0.9771615008156607,0.7726495726495727,0.9000751314800901,0.9416666666666667,28,133,0.8088737201365188,0.9870550161812298,0.8088737201365188,0.9159159159159159,0.9673469387755103,8,56
1567,consecutive_ratio,"{""min_consecutive"": 3, ""min_ratio"": 0.05, ""threshold"": 0.65}",0.7726495726495727,0.9771615008156607,0.7726495726495727,0.9000751314800901,0.9416666666666667,28,133,0.8088737201365188,0.9870550161812298,0.8088737201365188,0.9159159159159159,0.9673469387755103,8,56
1568,consecutive_ratio,"{""min_consecutive"": 3, ""min_ratio"": 0.07, ""threshold"": 0.65}",0.7726495726495727,0.9771615008156607,0.7726495726495727,0.9000751314800901,0.9416666666666667,28,133,0.8088737201365188,0.9870550161812298,0.8088737201365188,0.9159159159159159,0.9673469387755103,8,56
1569,hysteresis,"{""high"": 0.7, ""low"": 0.65, ""min_consecutive"": 2}",0.7724137931034483,0.9740048740861088,0.7724137931034483,0.9008264462809917,0.9333333333333333,32,132,0.8061224489795918,0.9870340356564019,0.8061224489795918,0.9144144144144144,0.9673469387755103,8,57
1570,consecutive_count,"{""min_consecutive"": 6, ""min_count"": 12, ""threshold"": 0.45}",0.772020725388601,0.9732142857142857,0.772020725388601,0.9008264462809917,0.93125,33,132,0.8513011152416357,0.9750778816199377,0.8513011152416357,0.93993993993994,0.9346938775510204,16,40
1571,consecutive_count,"{""min_consecutive"": 1, ""min_count"": 9, ""threshold"": 0.525}",0.7713310580204779,0.9771428571428571,0.7713310580204779,0.8993238166791886,0.9416666666666667,28,134,0.8153310104529616,0.9823717948717948,0.8153310104529616,0.9204204204204204,0.9551020408163265,11,53
1572,consecutive_ratio,"{""min_consecutive"": 1, ""min_ratio"": 0.2, ""threshold"": 0.525}",0.7713310580204779,0.9771428571428571,0.7713310580204779,0.8993238166791886,0.9416666666666667,28,134,0.8153310104529616,0.9823717948717948,0.8153310104529616,0.9204204204204204,0.9551020408163265,11,53
1573,consecutive_count,"{""min_consecutive"": 2, ""min_count"": 9, ""threshold"": 0.525}",0.7713310580204779,0.9771428571428571,0.7713310580204779,0.8993238166791886,0.9416666666666667,28,134,0.8153310104529616,0.9823717948717948,0.8153310104529616,0.9204204204204204,0.9551020408163265,11,53
1574,consecutive_ratio,"{""min_consecutive"": 2, ""min_ratio"": 0.2, ""threshold"": 0.525}",0.7713310580204779,0.9771428571428571,0.7713310580204779,0.8993238166791886,0.9416666666666667,28,134,0.8153310104529616,0.9823717948717948,0.8153310104529616,0.9204204204204204,0.9551020408163265,11,53
1575,consecutive_count,"{""min_consecutive"": 3, ""min_count"": 9, ""threshold"": 0.525}",0.7713310580204779,0.9771428571428571,0.7713310580204779,0.8993238166791886,0.9416666666666667,28,134,0.8153310104529616,0.9823717948717948,0.8153310104529616,0.9204204204204204,0.9551020408163265,11,53
1576,consecutive_ratio,"{""min_consecutive"": 3, ""min_ratio"": 0.2, ""threshold"": 0.525}",0.7713310580204779,0.9771428571428571,0.7713310580204779,0.8993238166791886,0.9416666666666667,28,134,0.8153310104529616,0.9823717948717948,0.8153310104529616,0.9204204204204204,0.9551020408163265,11,53
1577,consecutive_count,"{""min_consecutive"": 4, ""min_count"": 9, ""threshold"": 0.525}",0.7713310580204779,0.9771428571428571,0.7713310580204779,0.8993238166791886,0.9416666666666667,28,134,0.8125,0.9823434991974318,0.8125,0.918918918918919,0.9551020408163265,11,54
1578,consecutive_ratio,"{""min_consecutive"": 4, ""min_ratio"": 0.2, ""threshold"": 0.525}",0.7713310580204779,0.9771428571428571,0.7713310580204779,0.8993238166791886,0.9416666666666667,28,134,0.8125,0.9823434991974318,0.8125,0.918918918918919,0.9551020408163265,11,54
1579,consecutive,"{""min_consecutive"": 7, ""threshold"": 0.55}",0.7713310580204779,0.9771428571428571,0.7713310580204779,0.8993238166791886,0.9416666666666667,28,134,0.8082191780821918,0.9854604200323102,0.8082191780821918,0.9159159159159159,0.963265306122449,9,56
1580,consecutive_count,"{""min_consecutive"": 7, ""min_count"": 2, ""threshold"": 0.55}",0.7713310580204779,0.9771428571428571,0.7713310580204779,0.8993238166791886,0.9416666666666667,28,134,0.8082191780821918,0.9854604200323102,0.8082191780821918,0.9159159159159159,0.963265306122449,9,56
1581,consecutive_count,"{""min_consecutive"": 7, ""min_count"": 3, ""threshold"": 0.55}",0.7713310580204779,0.9771428571428571,0.7713310580204779,0.8993238166791886,0.9416666666666667,28,134,0.8082191780821918,0.9854604200323102,0.8082191780821918,0.9159159159159159,0.963265306122449,9,56
1582,consecutive_count,"{""min_consecutive"": 7, ""min_count"": 4, ""threshold"": 0.55}",0.7713310580204779,0.9771428571428571,0.7713310580204779,0.8993238166791886,0.9416666666666667,28,134,0.8082191780821918,0.9854604200323102,0.8082191780821918,0.9159159159159159,0.963265306122449,9,56
1583,consecutive_count,"{""min_consecutive"": 7, ""min_count"": 5, ""threshold"": 0.55}",0.7713310580204779,0.9771428571428571,0.7713310580204779,0.8993238166791886,0.9416666666666667,28,134,0.8082191780821918,0.9854604200323102,0.8082191780821918,0.9159159159159159,0.963265306122449,9,56
1584,consecutive_count,"{""min_consecutive"": 7, ""min_count"": 6, ""threshold"": 0.55}",0.7713310580204779,0.9771428571428571,0.7713310580204779,0.8993238166791886,0.9416666666666667,28,134,0.8082191780821918,0.9854604200323102,0.8082191780821918,0.9159159159159159,0.963265306122449,9,56
1585,consecutive_count,"{""min_consecutive"": 7, ""min_count"": 7, ""threshold"": 0.55}",0.7713310580204779,0.9771428571428571,0.7713310580204779,0.8993238166791886,0.9416666666666667,28,134,0.8082191780821918,0.9854604200323102,0.8082191780821918,0.9159159159159159,0.963265306122449,9,56
1586,consecutive_ratio,"{""min_consecutive"": 7, ""min_ratio"": 0.03, ""threshold"": 0.55}",0.7713310580204779,0.9771428571428571,0.7713310580204779,0.8993238166791886,0.9416666666666667,28,134,0.8082191780821918,0.9854604200323102,0.8082191780821918,0.9159159159159159,0.963265306122449,9,56
1587,consecutive_ratio,"{""min_consecutive"": 7, ""min_ratio"": 0.05, ""threshold"": 0.55}",0.7713310580204779,0.9771428571428571,0.7713310580204779,0.8993238166791886,0.9416666666666667,28,134,0.8082191780821918,0.9854604200323102,0.8082191780821918,0.9159159159159159,0.963265306122449,9,56
1588,consecutive_ratio,"{""min_consecutive"": 7, ""min_ratio"": 0.07, ""threshold"": 0.55}",0.7713310580204779,0.9771428571428571,0.7713310580204779,0.8993238166791886,0.9416666666666667,28,134,0.8082191780821918,0.9854604200323102,0.8082191780821918,0.9159159159159159,0.963265306122449,9,56
1589,consecutive_ratio,"{""min_consecutive"": 7, ""min_ratio"": 0.09, ""threshold"": 0.55}",0.7713310580204779,0.9771428571428571,0.7713310580204779,0.8993238166791886,0.9416666666666667,28,134,0.8082191780821918,0.9854604200323102,0.8082191780821918,0.9159159159159159,0.963265306122449,9,56
1590,consecutive_ratio,"{""min_consecutive"": 7, ""min_ratio"": 0.11, ""threshold"": 0.55}",0.7713310580204779,0.9771428571428571,0.7713310580204779,0.8993238166791886,0.9416666666666667,28,134,0.8082191780821918,0.9854604200323102,0.8082191780821918,0.9159159159159159,0.963265306122449,9,56
1591,consecutive_ratio,"{""min_consecutive"": 7, ""min_ratio"": 0.13, ""threshold"": 0.55}",0.7713310580204779,0.9771428571428571,0.7713310580204779,0.8993238166791886,0.9416666666666667,28,134,0.8082191780821918,0.9854604200323102,0.8082191780821918,0.9159159159159159,0.963265306122449,9,56
1592,consecutive_ratio,"{""min_consecutive"": 7, ""min_ratio"": 0.15, ""threshold"": 0.55}",0.7713310580204779,0.9771428571428571,0.7713310580204779,0.8993238166791886,0.9416666666666667,28,134,0.8082191780821918,0.9854604200323102,0.8082191780821918,0.9159159159159159,0.963265306122449,9,56
1593,consecutive,"{""min_consecutive"": 9, ""threshold"": 0.5}",0.770940170940171,0.9763458401305057,0.770940170940171,0.8993238166791886,0.9395833333333333,29,134,0.8210526315789474,0.9824281150159745,0.8210526315789474,0.9234234234234234,0.9551020408163265,11,51
1594,consecutive_count,"{""min_consecutive"": 1, ""min_count"": 4, ""threshold"": 0.375}",0.7708333333333334,0.9226985242445538,0.9536082474226805,0.9864763335837716,0.7708333333333334,110,18,0.7673469387755102,0.9205020920502092,0.9690721649484536,0.990990990990991,0.7673469387755102,57,6
1595,consecutive_ratio,"{""min_consecutive"": 1, ""min_ratio"": 0.09, ""threshold"": 0.375}",0.7708333333333334,0.9226985242445538,0.9536082474226805,0.9864763335837716,0.7708333333333334,110,18,0.7673469387755102,0.9205020920502092,0.9690721649484536,0.990990990990991,0.7673469387755102,57,6
1596,consecutive_count,"{""min_consecutive"": 2, ""min_count"": 4, ""threshold"": 0.375}",0.7708333333333334,0.9226985242445538,0.9536082474226805,0.9864763335837716,0.7708333333333334,110,18,0.7673469387755102,0.9205020920502092,0.9690721649484536,0.990990990990991,0.7673469387755102,57,6
1597,consecutive_ratio,"{""min_consecutive"": 2, ""min_ratio"": 0.09, ""threshold"": 0.375}",0.7708333333333334,0.9226985242445538,0.9536082474226805,0.9864763335837716,0.7708333333333334,110,18,0.7673469387755102,0.9205020920502092,0.9690721649484536,0.990990990990991,0.7673469387755102,57,6
1598,consecutive_count,"{""min_consecutive"": 1, ""min_count"": 2, ""threshold"": 0.425}",0.7708333333333334,0.9226441631504922,0.9511568123393316,0.98572501878287,0.7708333333333334,110,19,0.763265306122449,0.9194444444444444,0.9790575916230366,0.993993993993994,0.763265306122449,58,4
1599,consecutive_ratio,"{""min_consecutive"": 1, ""min_ratio"": 0.03, ""threshold"": 0.425}",0.7708333333333334,0.9226441631504922,0.9511568123393316,0.98572501878287,0.7708333333333334,110,19,0.763265306122449,0.9194444444444444,0.9790575916230366,0.993993993993994,0.763265306122449,58,4
1600,hysteresis,"{""high"": 0.45, ""low"": 0.35, ""min_consecutive"": 3}",0.7708333333333334,0.922425952045134,0.9414758269720102,0.9827197595792637,0.7708333333333334,110,23,0.7591836734693878,0.9180555555555555,0.9738219895287958,0.9924924924924925,0.7591836734693878,59,5
1601,consecutive_count,"{""min_consecutive"": 6, ""min_count"": 10, ""threshold"": 0.5}",0.7705479452054794,0.9755501222493888,0.7705479452054794,0.8993238166791886,0.9375,30,134,0.8181818181818182,0.9824,0.8181818181818182,0.9219219219219219,0.9551020408163265,11,52
1602,topk_mean,"{""threshold"": 0.7, ""top_k"": 2}",0.7705479452054794,0.9755501222493888,0.7705479452054794,0.8993238166791886,0.9375,30,134,0.8088737201365188,0.9870550161812298,0.8088737201365188,0.9159159159159159,0.9673469387755103,8,56
1603,hysteresis,"{""high"": 0.6, ""low"": 0.55, ""min_consecutive"": 7}",0.7704081632653061,0.9779231398201145,0.7704081632653061,0.898572501878287,0.94375,27,135,0.8088737201365188,0.9870550161812298,0.8088737201365188,0.9159159159159159,0.9673469387755103,8,56
1604,consecutive_count,"{""min_consecutive"": 5, ""min_count"": 9, ""threshold"": 0.525}",0.7700170357751278,0.9771241830065359,0.7700170357751278,0.898572501878287,0.9416666666666667,28,135,0.8131487889273357,0.9839228295819936,0.8131487889273357,0.918918918918919,0.9591836734693877,10,54
1605,consecutive_ratio,"{""min_consecutive"": 5, ""min_ratio"": 0.2, ""threshold"": 0.525}",0.7700170357751278,0.9771241830065359,0.7700170357751278,0.898572501878287,0.9416666666666667,28,135,0.8131487889273357,0.9839228295819936,0.8131487889273357,0.918918918918919,0.9591836734693877,10,54
1606,consecutive,"{""min_consecutive"": 5, ""threshold"": 0.6}",0.7700170357751278,0.9771241830065359,0.7700170357751278,0.898572501878287,0.9416666666666667,28,135,0.8101694915254237,0.9902597402597403,0.8101694915254237,0.9159159159159159,0.9755102040816327,6,56
1607,consecutive_count,"{""min_consecutive"": 5, ""min_count"": 2, ""threshold"": 0.6}",0.7700170357751278,0.9771241830065359,0.7700170357751278,0.898572501878287,0.9416666666666667,28,135,0.8101694915254237,0.9902597402597403,0.8101694915254237,0.9159159159159159,0.9755102040816327,6,56
1608,consecutive_count,"{""min_consecutive"": 5, ""min_count"": 3, ""threshold"": 0.6}",0.7700170357751278,0.9771241830065359,0.7700170357751278,0.898572501878287,0.9416666666666667,28,135,0.8101694915254237,0.9902597402597403,0.8101694915254237,0.9159159159159159,0.9755102040816327,6,56
1609,consecutive_count,"{""min_consecutive"": 5, ""min_count"": 4, ""threshold"": 0.6}",0.7700170357751278,0.9771241830065359,0.7700170357751278,0.898572501878287,0.9416666666666667,28,135,0.8101694915254237,0.9902597402597403,0.8101694915254237,0.9159159159159159,0.9755102040816327,6,56
1610,consecutive_count,"{""min_consecutive"": 5, ""min_count"": 5, ""threshold"": 0.6}",0.7700170357751278,0.9771241830065359,0.7700170357751278,0.898572501878287,0.9416666666666667,28,135,0.8101694915254237,0.9902597402597403,0.8101694915254237,0.9159159159159159,0.9755102040816327,6,56
1611,consecutive_ratio,"{""min_consecutive"": 5, ""min_ratio"": 0.03, ""threshold"": 0.6}",0.7700170357751278,0.9771241830065359,0.7700170357751278,0.898572501878287,0.9416666666666667,28,135,0.8101694915254237,0.9902597402597403,0.8101694915254237,0.9159159159159159,0.9755102040816327,6,56
1612,consecutive_ratio,"{""min_consecutive"": 5, ""min_ratio"": 0.05, ""threshold"": 0.6}",0.7700170357751278,0.9771241830065359,0.7700170357751278,0.898572501878287,0.9416666666666667,28,135,0.8101694915254237,0.9902597402597403,0.8101694915254237,0.9159159159159159,0.9755102040816327,6,56
1613,consecutive_ratio,"{""min_consecutive"": 5, ""min_ratio"": 0.07, ""threshold"": 0.6}",0.7700170357751278,0.9771241830065359,0.7700170357751278,0.898572501878287,0.9416666666666667,28,135,0.8101694915254237,0.9902597402597403,0.8101694915254237,0.9159159159159159,0.9755102040816327,6,56
1614,consecutive_ratio,"{""min_consecutive"": 5, ""min_ratio"": 0.09, ""threshold"": 0.6}",0.7700170357751278,0.9771241830065359,0.7700170357751278,0.898572501878287,0.9416666666666667,28,135,0.8101694915254237,0.9902597402597403,0.8101694915254237,0.9159159159159159,0.9755102040816327,6,56
1615,consecutive_ratio,"{""min_consecutive"": 5, ""min_ratio"": 0.11, ""threshold"": 0.6}",0.7700170357751278,0.9771241830065359,0.7700170357751278,0.898572501878287,0.9416666666666667,28,135,0.8101694915254237,0.9902597402597403,0.8101694915254237,0.9159159159159159,0.9755102040816327,6,56
1616,hysteresis,"{""high"": 0.65, ""low"": 0.5, ""min_consecutive"": 7}",0.7700170357751278,0.9771241830065359,0.7700170357751278,0.898572501878287,0.9416666666666667,28,135,0.818815331010453,0.9839743589743589,0.818815331010453,0.9219219219219219,0.9591836734693877,10,52
1617,consecutive,"{""min_consecutive"": 4, ""threshold"": 0.625}",0.7696245733788396,0.976326530612245,0.7696245733788396,0.898572501878287,0.9395833333333333,29,135,0.8061224489795918,0.9870340356564019,0.8061224489795918,0.9144144144144144,0.9673469387755103,8,57
1618,consecutive_count,"{""min_consecutive"": 4, ""min_count"": 2, ""threshold"": 0.625}",0.7696245733788396,0.976326530612245,0.7696245733788396,0.898572501878287,0.9395833333333333,29,135,0.8061224489795918,0.9870340356564019,0.8061224489795918,0.9144144144144144,0.9673469387755103,8,57
1619,consecutive_count,"{""min_consecutive"": 4, ""min_count"": 3, ""threshold"": 0.625}",0.7696245733788396,0.976326530612245,0.7696245733788396,0.898572501878287,0.9395833333333333,29,135,0.8061224489795918,0.9870340356564019,0.8061224489795918,0.9144144144144144,0.9673469387755103,8,57
1620,consecutive_count,"{""min_consecutive"": 4, ""min_count"": 4, ""threshold"": 0.625}",0.7696245733788396,0.976326530612245,0.7696245733788396,0.898572501878287,0.9395833333333333,29,135,0.8061224489795918,0.9870340356564019,0.8061224489795918,0.9144144144144144,0.9673469387755103,8,57
1621,consecutive_ratio,"{""min_consecutive"": 4, ""min_ratio"": 0.03, ""threshold"": 0.625}",0.7696245733788396,0.976326530612245,0.7696245733788396,0.898572501878287,0.9395833333333333,29,135,0.8061224489795918,0.9870340356564019,0.8061224489795918,0.9144144144144144,0.9673469387755103,8,57
1622,consecutive_ratio,"{""min_consecutive"": 4, ""min_ratio"": 0.05, ""threshold"": 0.625}",0.7696245733788396,0.976326530612245,0.7696245733788396,0.898572501878287,0.9395833333333333,29,135,0.8061224489795918,0.9870340356564019,0.8061224489795918,0.9144144144144144,0.9673469387755103,8,57
1623,consecutive_ratio,"{""min_consecutive"": 4, ""min_ratio"": 0.07, ""threshold"": 0.625}",0.7696245733788396,0.976326530612245,0.7696245733788396,0.898572501878287,0.9395833333333333,29,135,0.8061224489795918,0.9870340356564019,0.8061224489795918,0.9144144144144144,0.9673469387755103,8,57
1624,consecutive_ratio,"{""min_consecutive"": 4, ""min_ratio"": 0.09, ""threshold"": 0.625}",0.7696245733788396,0.976326530612245,0.7696245733788396,0.898572501878287,0.9395833333333333,29,135,0.8061224489795918,0.9870340356564019,0.8061224489795918,0.9144144144144144,0.9673469387755103,8,57
1625,consecutive_count,"{""min_consecutive"": 7, ""min_count"": 12, ""threshold"": 0.45}",0.7693631669535284,0.973170731707317,0.7693631669535284,0.8993238166791886,0.93125,33,134,0.8513011152416357,0.9750778816199377,0.8513011152416357,0.93993993993994,0.9346938775510204,16,40
1626,consecutive,"{""min_consecutive"": 6, ""threshold"": 0.575}",0.7692307692307693,0.9755301794453507,0.7692307692307693,0.898572501878287,0.9375,30,135,0.8088737201365188,0.9870550161812298,0.8088737201365188,0.9159159159159159,0.9673469387755103,8,56
1627,consecutive_count,"{""min_consecutive"": 6, ""min_count"": 2, ""threshold"": 0.575}",0.7692307692307693,0.9755301794453507,0.7692307692307693,0.898572501878287,0.9375,30,135,0.8088737201365188,0.9870550161812298,0.8088737201365188,0.9159159159159159,0.9673469387755103,8,56
1628,consecutive_count,"{""min_consecutive"": 6, ""min_count"": 3, ""threshold"": 0.575}",0.7692307692307693,0.9755301794453507,0.7692307692307693,0.898572501878287,0.9375,30,135,0.8088737201365188,0.9870550161812298,0.8088737201365188,0.9159159159159159,0.9673469387755103,8,56
1629,consecutive_count,"{""min_consecutive"": 6, ""min_count"": 4, ""threshold"": 0.575}",0.7692307692307693,0.9755301794453507,0.7692307692307693,0.898572501878287,0.9375,30,135,0.8088737201365188,0.9870550161812298,0.8088737201365188,0.9159159159159159,0.9673469387755103,8,56
1630,consecutive_count,"{""min_consecutive"": 6, ""min_count"": 5, ""threshold"": 0.575}",0.7692307692307693,0.9755301794453507,0.7692307692307693,0.898572501878287,0.9375,30,135,0.8088737201365188,0.9870550161812298,0.8088737201365188,0.9159159159159159,0.9673469387755103,8,56
1631,consecutive_count,"{""min_consecutive"": 6, ""min_count"": 6, ""threshold"": 0.575}",0.7692307692307693,0.9755301794453507,0.7692307692307693,0.898572501878287,0.9375,30,135,0.8088737201365188,0.9870550161812298,0.8088737201365188,0.9159159159159159,0.9673469387755103,8,56
1632,consecutive_ratio,"{""min_consecutive"": 6, ""min_ratio"": 0.03, ""threshold"": 0.575}",0.7692307692307693,0.9755301794453507,0.7692307692307693,0.898572501878287,0.9375,30,135,0.8088737201365188,0.9870550161812298,0.8088737201365188,0.9159159159159159,0.9673469387755103,8,56
1633,consecutive_ratio,"{""min_consecutive"": 6, ""min_ratio"": 0.05, ""threshold"": 0.575}",0.7692307692307693,0.9755301794453507,0.7692307692307693,0.898572501878287,0.9375,30,135,0.8088737201365188,0.9870550161812298,0.8088737201365188,0.9159159159159159,0.9673469387755103,8,56
1634,consecutive_ratio,"{""min_consecutive"": 6, ""min_ratio"": 0.07, ""threshold"": 0.575}",0.7692307692307693,0.9755301794453507,0.7692307692307693,0.898572501878287,0.9375,30,135,0.8088737201365188,0.9870550161812298,0.8088737201365188,0.9159159159159159,0.9673469387755103,8,56
1635,consecutive_ratio,"{""min_consecutive"": 6, ""min_ratio"": 0.09, ""threshold"": 0.575}",0.7692307692307693,0.9755301794453507,0.7692307692307693,0.898572501878287,0.9375,30,135,0.8088737201365188,0.9870550161812298,0.8088737201365188,0.9159159159159159,0.9673469387755103,8,56
1636,consecutive_ratio,"{""min_consecutive"": 6, ""min_ratio"": 0.11, ""threshold"": 0.575}",0.7692307692307693,0.9755301794453507,0.7692307692307693,0.898572501878287,0.9375,30,135,0.8088737201365188,0.9870550161812298,0.8088737201365188,0.9159159159159159,0.9673469387755103,8,56
1637,consecutive_ratio,"{""min_consecutive"": 6, ""min_ratio"": 0.13, ""threshold"": 0.575}",0.7692307692307693,0.9755301794453507,0.7692307692307693,0.898572501878287,0.9375,30,135,0.8088737201365188,0.9870550161812298,0.8088737201365188,0.9159159159159159,0.9673469387755103,8,56
1638,consecutive_count,"{""min_consecutive"": 6, ""min_count"": 9, ""threshold"": 0.525}",0.7687074829931972,0.9771054783319706,0.7687074829931972,0.8978211870773855,0.9416666666666667,28,136,0.8131487889273357,0.9839228295819936,0.8131487889273357,0.918918918918919,0.9591836734693877,10,54
1639,consecutive_ratio,"{""min_consecutive"": 6, ""min_ratio"": 0.2, ""threshold"": 0.525}",0.7687074829931972,0.9771054783319706,0.7687074829931972,0.8978211870773855,0.9416666666666667,28,136,0.8131487889273357,0.9839228295819936,0.8131487889273357,0.918918918918919,0.9591836734693877,10,54
1640,consecutive_count,"{""min_consecutive"": 1, ""min_count"": 8, ""threshold"": 0.55}",0.7687074829931972,0.9771054783319706,0.7687074829931972,0.8978211870773855,0.9416666666666667,28,136,0.8103448275862069,0.9838969404186796,0.8103448275862069,0.9174174174174174,0.9591836734693877,10,55
1641,consecutive_count,"{""min_consecutive"": 2, ""min_count"": 8, ""threshold"": 0.55}",0.7687074829931972,0.9771054783319706,0.7687074829931972,0.8978211870773855,0.9416666666666667,28,136,0.8103448275862069,0.9838969404186796,0.8103448275862069,0.9174174174174174,0.9591836734693877,10,55
1642,consecutive_count,"{""min_consecutive"": 3, ""min_count"": 8, ""threshold"": 0.55}",0.7687074829931972,0.9771054783319706,0.7687074829931972,0.8978211870773855,0.9416666666666667,28,136,0.8103448275862069,0.9838969404186796,0.8103448275862069,0.9174174174174174,0.9591836734693877,10,55
1643,consecutive_count,"{""min_consecutive"": 4, ""min_count"": 8, ""threshold"": 0.55}",0.7687074829931972,0.9771054783319706,0.7687074829931972,0.8978211870773855,0.9416666666666667,28,136,0.8103448275862069,0.9838969404186796,0.8103448275862069,0.9174174174174174,0.9591836734693877,10,55
1644,topk_mean,"{""threshold"": 0.625, ""top_k"": 9}",0.7687074829931972,0.9771054783319706,0.7687074829931972,0.8978211870773855,0.9416666666666667,28,136,0.8067796610169492,0.9886363636363636,0.8067796610169492,0.9144144144144144,0.9714285714285714,7,57
1645,hysteresis,"{""high"": 0.625, ""low"": 0.575, ""min_consecutive"": 6}",0.7687074829931972,0.9771054783319706,0.7687074829931972,0.8978211870773855,0.9416666666666667,28,136,0.8101694915254237,0.9902597402597403,0.8101694915254237,0.9159159159159159,0.9755102040816327,6,56
1646,consecutive,"{""min_consecutive"": 8, ""threshold"": 0.525}",0.768313458262351,0.9763071895424836,0.768313458262351,0.8978211870773855,0.9395833333333333,29,136,0.8075601374570447,0.9838709677419355,0.8075601374570447,0.9159159159159159,0.9591836734693877,10,56
1647,topk_mean,"{""threshold"": 0.675, ""top_k"": 4}",0.768313458262351,0.9763071895424836,0.768313458262351,0.8978211870773855,0.9395833333333333,29,136,0.797979797979798,0.9869706840390879,0.797979797979798,0.9099099099099099,0.9673469387755103,8,60
1648,hysteresis,"{""high"": 0.55, ""low"": 0.5, ""min_consecutive"": 9}",0.768313458262351,0.9763071895424836,0.768313458262351,0.8978211870773855,0.9395833333333333,29,136,0.818815331010453,0.9839743589743589,0.818815331010453,0.9219219219219219,0.9591836734693877,10,52
1649,hysteresis,"{""high"": 0.675, ""low"": 0.475, ""min_consecutive"": 6}",0.7675213675213676,0.9747145187601958,0.7675213675213676,0.8978211870773855,0.9354166666666667,31,136,0.8200692041522492,0.9871382636655949,0.8200692041522492,0.9219219219219219,0.9673469387755103,8,52
1650,hysteresis,"{""high"": 0.625, ""low"": 0.475, ""min_consecutive"": 9}",0.767402376910017,0.9770867430441899,0.767402376910017,0.8970698722764838,0.9416666666666667,28,137,0.8153310104529616,0.9823717948717948,0.8153310104529616,0.9204204204204204,0.9551020408163265,11,53
1651,hysteresis,"{""high"": 0.65, ""low"": 0.55, ""min_consecutive"": 6}",0.767402376910017,0.9770867430441899,0.767402376910017,0.8970698722764838,0.9416666666666667,28,137,0.815068493150685,0.9886914378029079,0.815068493150685,0.918918918918919,0.9714285714285714,7,54
1652,hysteresis,"{""high"": 0.575, ""low"": 0.525, ""min_consecutive"": 8}",0.7670068027210885,0.9762878168438267,0.7670068027210885,0.8970698722764838,0.9395833333333333,29,137,0.8047945205479452,0.9838449111470113,0.8047945205479452,0.9144144144144144,0.9591836734693877,10,57
1653,consecutive_count,"{""min_consecutive"": 7, ""min_count"": 10, ""threshold"": 0.5}",0.7666098807495741,0.9754901960784313,0.7666098807495741,0.8970698722764838,0.9375,30,137,0.8096885813148789,0.9823151125401929,0.8096885813148789,0.9174174174174174,0.9551020408163265,11,55
1654,hysteresis,"{""high"": 0.7, ""low"": 0.6, ""min_consecutive"": 3}",0.7662116040955631,0.9746938775510204,0.7662116040955631,0.8970698722764838,0.9354166666666667,31,137,0.8006756756756757,0.9869918699186991,0.8006756756756757,0.9114114114114115,0.9673469387755103,8,59
1655,consecutive,"{""min_consecutive"": 1, ""threshold"": 0.725}",0.7661016949152543,0.9770679770679771,0.7661016949152543,0.8963185574755823,0.9416666666666667,28,138,0.8061224489795918,0.9870340356564019,0.8061224489795918,0.9144144144144144,0.9673469387755103,8,57
1656,hysteresis,"{""high"": 0.725, ""low"": 0.525, ""min_consecutive"": 2}",0.7661016949152543,0.9770679770679771,0.7661016949152543,0.8963185574755823,0.9416666666666667,28,138,0.8061224489795918,0.9870340356564019,0.8061224489795918,0.9144144144144144,0.9673469387755103,8,57
1657,consecutive_count,"{""min_consecutive"": 5, ""min_count"": 8, ""threshold"": 0.55}",0.7655986509274874,0.9786535303776683,0.7655986509274874,0.8955672426746807,0.9458333333333333,26,139,0.8109965635738832,0.9854838709677419,0.8109965635738832,0.9174174174174174,0.963265306122449,9,55
1658,hysteresis,"{""high"": 0.725, ""low"": 0.575, ""min_consecutive"": 2}",0.7648054145516074,0.9770491803278688,0.7648054145516074,0.8955672426746807,0.9416666666666667,28,139,0.8033898305084746,0.987012987012987,0.8033898305084746,0.9129129129129129,0.9673469387755103,8,58
1659,consecutive_count,"{""min_consecutive"": 1, ""min_count"": 5, ""threshold"": 0.35}",0.7645833333333333,0.9208683473389355,0.95822454308094,0.9879789631855748,0.7645833333333333,113,16,0.746938775510204,0.9140083217753121,0.9631578947368421,0.9894894894894894,0.746938775510204,62,7
1660,consecutive_ratio,"{""min_consecutive"": 1, ""min_ratio"": 0.11, ""threshold"": 0.35}",0.7645833333333333,0.9208683473389355,0.95822454308094,0.9879789631855748,0.7645833333333333,113,16,0.746938775510204,0.9140083217753121,0.9631578947368421,0.9894894894894894,0.746938775510204,62,7
1661,consecutive_count,"{""min_consecutive"": 2, ""min_count"": 5, ""threshold"": 0.35}",0.7645833333333333,0.9208683473389355,0.95822454308094,0.9879789631855748,0.7645833333333333,113,16,0.746938775510204,0.9140083217753121,0.9631578947368421,0.9894894894894894,0.746938775510204,62,7
1662,consecutive_ratio,"{""min_consecutive"": 2, ""min_ratio"": 0.11, ""threshold"": 0.35}",0.7645833333333333,0.9208683473389355,0.95822454308094,0.9879789631855748,0.7645833333333333,113,16,0.746938775510204,0.9140083217753121,0.9631578947368421,0.9894894894894894,0.746938775510204,62,7
1663,consecutive_count,"{""min_consecutive"": 3, ""min_count"": 5, ""threshold"": 0.35}",0.7645833333333333,0.9208683473389355,0.95822454308094,0.9879789631855748,0.7645833333333333,113,16,0.746938775510204,0.9140083217753121,0.9631578947368421,0.9894894894894894,0.746938775510204,62,7
1664,consecutive_ratio,"{""min_consecutive"": 3, ""min_ratio"": 0.11, ""threshold"": 0.35}",0.7645833333333333,0.9208683473389355,0.95822454308094,0.9879789631855748,0.7645833333333333,113,16,0.746938775510204,0.9140083217753121,0.9631578947368421,0.9894894894894894,0.746938775510204,62,7
1665,topk_mean,"{""threshold"": 0.4, ""top_k"": 5}",0.7645833333333333,0.9208683473389355,0.95822454308094,0.9879789631855748,0.7645833333333333,113,16,0.7673469387755102,0.9206128133704735,0.9740932642487047,0.9924924924924925,0.7673469387755102,57,5
1666,topk_mean,"{""threshold"": 0.425, ""top_k"": 3}",0.7645833333333333,0.920812894183602,0.9557291666666666,0.9872276483846731,0.7645833333333333,113,17,0.7591836734693878,0.9181692094313454,0.9789473684210527,0.993993993993994,0.7591836734693878,59,4
1667,consecutive_count,"{""min_consecutive"": 1, ""min_count"": 5, ""threshold"": 0.625}",0.764406779661017,0.9762489762489762,0.764406779661017,0.8955672426746807,0.9395833333333333,29,139,0.8074324324324325,0.9902439024390244,0.8074324324324325,0.9144144144144144,0.9755102040816327,6,57
1668,consecutive_ratio,"{""min_consecutive"": 1, ""min_ratio"": 0.11, ""threshold"": 0.625}",0.764406779661017,0.9762489762489762,0.764406779661017,0.8955672426746807,0.9395833333333333,29,139,0.8074324324324325,0.9902439024390244,0.8074324324324325,0.9144144144144144,0.9755102040816327,6,57
1669,consecutive_count,"{""min_consecutive"": 2, ""min_count"": 5, ""threshold"": 0.625}",0.764406779661017,0.9762489762489762,0.764406779661017,0.8955672426746807,0.9395833333333333,29,139,0.8074324324324325,0.9902439024390244,0.8074324324324325,0.9144144144144144,0.9755102040816327,6,57
1670,consecutive_ratio,"{""min_consecutive"": 2, ""min_ratio"": 0.11, ""threshold"": 0.625}",0.764406779661017,0.9762489762489762,0.764406779661017,0.8955672426746807,0.9395833333333333,29,139,0.8074324324324325,0.9902439024390244,0.8074324324324325,0.9144144144144144,0.9755102040816327,6,57
1671,consecutive_count,"{""min_consecutive"": 3, ""min_count"": 5, ""threshold"": 0.625}",0.764406779661017,0.9762489762489762,0.764406779661017,0.8955672426746807,0.9395833333333333,29,139,0.8047138047138047,0.990228013029316,0.8047138047138047,0.9129129129129129,0.9755102040816327,6,58
1672,consecutive_ratio,"{""min_consecutive"": 3, ""min_ratio"": 0.11, ""threshold"": 0.625}",0.764406779661017,0.9762489762489762,0.764406779661017,0.8955672426746807,0.9395833333333333,29,139,0.8047138047138047,0.990228013029316,0.8047138047138047,0.9129129129129129,0.9755102040816327,6,58
1673,hysteresis,"{""high"": 0.7, ""low"": 0.55, ""min_consecutive"": 4}",0.7640067911714771,0.9754500818330606,0.7640067911714771,0.8955672426746807,0.9375,30,139,0.7986577181208053,0.9885807504078303,0.7986577181208053,0.9099099099099099,0.9714285714285714,7,60
1674,hysteresis,"{""high"": 0.6, ""low"": 0.5, ""min_consecutive"": 9}",0.7639123102866779,0.9778325123152709,0.7639123102866779,0.8948159278737791,0.94375,27,140,0.8137931034482758,0.9855072463768116,0.8137931034482758,0.918918918918919,0.963265306122449,9,54
1675,topk_mean,"{""threshold"": 0.675, ""top_k"": 5}",0.7635135135135135,0.9770303527481542,0.7635135135135135,0.8948159278737791,0.9416666666666667,28,140,0.7993311036789298,0.9901960784313726,0.7993311036789298,0.9099099099099099,0.9755102040816327,6,60
1676,consecutive_count,"{""min_consecutive"": 6, ""min_count"": 8, ""threshold"": 0.55}",0.7634228187919463,0.9794238683127572,0.7634228187919463,0.8940646130728775,0.9479166666666666,25,141,0.8109965635738832,0.9854838709677419,0.8109965635738832,0.9174174174174174,0.963265306122449,9,55
1677,hysteresis,"{""high"": 0.65, ""low"": 0.5, ""min_consecutive"": 8}",0.7634228187919463,0.9794238683127572,0.7634228187919463,0.8940646130728775,0.9479166666666666,25,141,0.8054607508532423,0.9854368932038835,0.8054607508532423,0.9144144144144144,0.963265306122449,9,57
1678,consecutive_count,"{""min_consecutive"": 7, ""min_count"": 9, ""threshold"": 0.525}",0.7630252100840336,0.9786184210526315,0.7630252100840336,0.8940646130728775,0.9458333333333333,26,141,0.8103448275862069,0.9838969404186796,0.8103448275862069,0.9174174174174174,0.9591836734693877,10,55
1679,consecutive_ratio,"{""min_consecutive"": 7, ""min_ratio"": 0.2, ""threshold"": 0.525}",0.7630252100840336,0.9786184210526315,0.7630252100840336,0.8940646130728775,0.9458333333333333,26,141,0.8103448275862069,0.9838969404186796,0.8103448275862069,0.9174174174174174,0.9591836734693877,10,55
1680,consecutive_count,"{""min_consecutive"": 4, ""min_count"": 7, ""threshold"": 0.575}",0.7626262626262627,0.9778142974527527,0.7626262626262627,0.8940646130728775,0.94375,27,141,0.8067796610169492,0.9886363636363636,0.8067796610169492,0.9144144144144144,0.9714285714285714,7,57
1681,consecutive_ratio,"{""min_consecutive"": 4, ""min_ratio"": 0.15, ""threshold"": 0.575}",0.7626262626262627,0.9778142974527527,0.7626262626262627,0.8940646130728775,0.94375,27,141,0.8067796610169492,0.9886363636363636,0.8067796610169492,0.9144144144144144,0.9714285714285714,7,57
1682,consecutive_count,"{""min_consecutive"": 1, ""min_count"": 7, ""threshold"": 0.575}",0.7622259696458684,0.9770114942528736,0.7622259696458684,0.8940646130728775,0.9416666666666667,28,141,0.8095238095238095,0.9886547811993517,0.8095238095238095,0.9159159159159159,0.9714285714285714,7,56
1683,consecutive_ratio,"{""min_consecutive"": 1, ""min_ratio"": 0.15, ""threshold"": 0.575}",0.7622259696458684,0.9770114942528736,0.7622259696458684,0.8940646130728775,0.9416666666666667,28,141,0.8095238095238095,0.9886547811993517,0.8095238095238095,0.9159159159159159,0.9714285714285714,7,56
1684,consecutive_count,"{""min_consecutive"": 2, ""min_count"": 7, ""threshold"": 0.575}",0.7622259696458684,0.9770114942528736,0.7622259696458684,0.8940646130728775,0.9416666666666667,28,141,0.8095238095238095,0.9886547811993517,0.8095238095238095,0.9159159159159159,0.9714285714285714,7,56
1685,consecutive_ratio,"{""min_consecutive"": 2, ""min_ratio"": 0.15, ""threshold"": 0.575}",0.7622259696458684,0.9770114942528736,0.7622259696458684,0.8940646130728775,0.9416666666666667,28,141,0.8095238095238095,0.9886547811993517,0.8095238095238095,0.9159159159159159,0.9714285714285714,7,56
1686,consecutive_count,"{""min_consecutive"": 3, ""min_count"": 7, ""threshold"": 0.575}",0.7622259696458684,0.9770114942528736,0.7622259696458684,0.8940646130728775,0.9416666666666667,28,141,0.8095238095238095,0.9886547811993517,0.8095238095238095,0.9159159159159159,0.9714285714285714,7,56
1687,consecutive_ratio,"{""min_consecutive"": 3, ""min_ratio"": 0.15, ""threshold"": 0.575}",0.7622259696458684,0.9770114942528736,0.7622259696458684,0.8940646130728775,0.9416666666666667,28,141,0.8095238095238095,0.9886547811993517,0.8095238095238095,0.9159159159159159,0.9714285714285714,7,56
1688,hysteresis,"{""high"": 0.725, ""low"": 0.625, ""min_consecutive"": 2}",0.7622259696458684,0.9770114942528736,0.7622259696458684,0.8940646130728775,0.9416666666666667,28,141,0.8006756756756757,0.9869918699186991,0.8006756756756757,0.9114114114114115,0.9673469387755103,8,59
1689,hysteresis,"{""high"": 0.725, ""low"": 0.525, ""min_consecutive"": 3}",0.7622259696458684,0.9770114942528736,0.7622259696458684,0.8940646130728775,0.9416666666666667,28,141,0.797979797979798,0.9869706840390879,0.797979797979798,0.9099099099099099,0.9673469387755103,8,60
1690,consecutive_count,"{""min_consecutive"": 5, ""min_count"": 7, ""threshold"": 0.575}",0.761744966442953,0.9786008230452675,0.761744966442953,0.8933132982719759,0.9458333333333333,26,142,0.8013468013468014,0.988599348534202,0.8013468013468014,0.9114114114114115,0.9714285714285714,7,59
1691,consecutive_ratio,"{""min_consecutive"": 5, ""min_ratio"": 0.15, ""threshold"": 0.575}",0.761744966442953,0.9786008230452675,0.761744966442953,0.8933132982719759,0.9458333333333333,26,142,0.8013468013468014,0.988599348534202,0.8013468013468014,0.9114114114114115,0.9714285714285714,7,59
1692,topk_mean,"{""threshold"": 0.65, ""top_k"": 7}",0.761344537815126,0.977796052631579,0.761344537815126,0.8933132982719759,0.94375,27,142,0.7986577181208053,0.9885807504078303,0.7986577181208053,0.9099099099099099,0.9714285714285714,7,60
1693,hysteresis,"{""high"": 0.625, ""low"": 0.525, ""min_consecutive"": 8}",0.761344537815126,0.977796052631579,0.761344537815126,0.8933132982719759,0.94375,27,142,0.797979797979798,0.9869706840390879,0.797979797979798,0.9099099099099099,0.9673469387755103,8,60
1694,consecutive_count,"{""min_consecutive"": 1, ""min_count"": 6, ""threshold"": 0.6}",0.760539629005059,0.9761904761904762,0.760539629005059,0.8933132982719759,0.9395833333333333,29,142,0.7966666666666666,0.9901800327332242,0.7966666666666666,0.9084084084084084,0.9755102040816327,6,61
1695,consecutive_ratio,"{""min_consecutive"": 1, ""min_ratio"": 0.13, ""threshold"": 0.6}",0.760539629005059,0.9761904761904762,0.760539629005059,0.8933132982719759,0.9395833333333333,29,142,0.7966666666666666,0.9901800327332242,0.7966666666666666,0.9084084084084084,0.9755102040816327,6,61
1696,consecutive_count,"{""min_consecutive"": 2, ""min_count"": 6, ""threshold"": 0.6}",0.760539629005059,0.9761904761904762,0.760539629005059,0.8933132982719759,0.9395833333333333,29,142,0.7966666666666666,0.9901800327332242,0.7966666666666666,0.9084084084084084,0.9755102040816327,6,61
1697,consecutive_ratio,"{""min_consecutive"": 2, ""min_ratio"": 0.13, ""threshold"": 0.6}",0.760539629005059,0.9761904761904762,0.760539629005059,0.8933132982719759,0.9395833333333333,29,142,0.7966666666666666,0.9901800327332242,0.7966666666666666,0.9084084084084084,0.9755102040816327,6,61
1698,consecutive_count,"{""min_consecutive"": 3, ""min_count"": 6, ""threshold"": 0.6}",0.760539629005059,0.9761904761904762,0.760539629005059,0.8933132982719759,0.9395833333333333,29,142,0.7966666666666666,0.9901800327332242,0.7966666666666666,0.9084084084084084,0.9755102040816327,6,61
1699,consecutive_ratio,"{""min_consecutive"": 3, ""min_ratio"": 0.13, ""threshold"": 0.6}",0.760539629005059,0.9761904761904762,0.760539629005059,0.8933132982719759,0.9395833333333333,29,142,0.7966666666666666,0.9901800327332242,0.7966666666666666,0.9084084084084084,0.9755102040816327,6,61
1700,hysteresis,"{""high"": 0.65, ""low"": 0.6, ""min_consecutive"": 5}",0.7604690117252931,0.9785831960461285,0.7604690117252931,0.8925619834710744,0.9458333333333333,26,143,0.8047138047138047,0.990228013029316,0.8047138047138047,0.9129129129129129,0.9755102040816327,6,58
1701,hysteresis,"{""high"": 0.675, ""low"": 0.575, ""min_consecutive"": 5}",0.7604690117252931,0.9785831960461285,0.7604690117252931,0.8925619834710744,0.9458333333333333,26,143,0.8074324324324325,0.9902439024390244,0.8074324324324325,0.9144144144144144,0.9755102040816327,6,57
1702,topk_mean,"{""threshold"": 0.375, ""top_k"": 7}",0.7604166666666666,0.9195804195804196,0.958005249343832,0.9879789631855748,0.7604166666666666,115,16,0.746938775510204,0.9142461964038727,0.973404255319149,0.9924924924924925,0.746938775510204,62,5
1703,consecutive_count,"{""min_consecutive"": 4, ""min_count"": 5, ""threshold"": 0.625}",0.7600671140939598,0.9777777777777777,0.7600671140939598,0.8925619834710744,0.94375,27,143,0.7993311036789298,0.9901960784313726,0.7993311036789298,0.9099099099099099,0.9755102040816327,6,60
1704,consecutive_ratio,"{""min_consecutive"": 4, ""min_ratio"": 0.11, ""threshold"": 0.625}",0.7600671140939598,0.9777777777777777,0.7600671140939598,0.8925619834710744,0.94375,27,143,0.7993311036789298,0.9901960784313726,0.7993311036789298,0.9099099099099099,0.9755102040816327,6,60
1705,consecutive_count,"{""min_consecutive"": 1, ""min_count"": 3, ""threshold"": 0.675}",0.7600671140939598,0.9777777777777777,0.7600671140939598,0.8925619834710744,0.94375,27,143,0.7993311036789298,0.9901960784313726,0.7993311036789298,0.9099099099099099,0.9755102040816327,6,60
1706,consecutive_ratio,"{""min_consecutive"": 1, ""min_ratio"": 0.05, ""threshold"": 0.675}",0.7600671140939598,0.9777777777777777,0.7600671140939598,0.8925619834710744,0.94375,27,143,0.7993311036789298,0.9901960784313726,0.7993311036789298,0.9099099099099099,0.9755102040816327,6,60
1707,consecutive_ratio,"{""min_consecutive"": 1, ""min_ratio"": 0.07, ""threshold"": 0.675}",0.7600671140939598,0.9777777777777777,0.7600671140939598,0.8925619834710744,0.94375,27,143,0.7993311036789298,0.9901960784313726,0.7993311036789298,0.9099099099099099,0.9755102040816327,6,60
1708,consecutive_count,"{""min_consecutive"": 2, ""min_count"": 3, ""threshold"": 0.675}",0.7600671140939598,0.9777777777777777,0.7600671140939598,0.8925619834710744,0.94375,27,143,0.7993311036789298,0.9901960784313726,0.7993311036789298,0.9099099099099099,0.9755102040816327,6,60
1709,consecutive_ratio,"{""min_consecutive"": 2, ""min_ratio"": 0.05, ""threshold"": 0.675}",0.7600671140939598,0.9777777777777777,0.7600671140939598,0.8925619834710744,0.94375,27,143,0.7993311036789298,0.9901960784313726,0.7993311036789298,0.9099099099099099,0.9755102040816327,6,60
1710,consecutive_ratio,"{""min_consecutive"": 2, ""min_ratio"": 0.07, ""threshold"": 0.675}",0.7600671140939598,0.9777777777777777,0.7600671140939598,0.8925619834710744,0.94375,27,143,0.7993311036789298,0.9901960784313726,0.7993311036789298,0.9099099099099099,0.9755102040816327,6,60
1711,hysteresis,"{""high"": 0.675, ""low"": 0.525, ""min_consecutive"": 6}",0.7600671140939598,0.9777777777777777,0.7600671140939598,0.8925619834710744,0.94375,27,143,0.8129251700680272,0.9902755267423015,0.8129251700680272,0.9174174174174174,0.9755102040816327,6,55
1712,hysteresis,"{""high"": 0.7, ""low"": 0.65, ""min_consecutive"": 3}",0.7600671140939598,0.9777777777777777,0.7600671140939598,0.8925619834710744,0.94375,27,143,0.7940199335548173,0.9901639344262295,0.7940199335548173,0.9069069069069069,0.9755102040816327,6,62
1713,hysteresis,"{""high"": 0.7, ""low"": 0.5, ""min_consecutive"": 5}",0.7597292724196277,0.9745901639344262,0.7597292724196277,0.8933132982719759,0.9354166666666667,31,142,0.797979797979798,0.9869706840390879,0.797979797979798,0.9099099099099099,0.9673469387755103,8,60
1714,hysteresis,"{""high"": 0.725, ""low"": 0.575, ""min_consecutive"": 3}",0.7596638655462185,0.9769736842105263,0.7596638655462185,0.8925619834710744,0.9416666666666667,28,143,0.7873754152823921,0.9868852459016394,0.7873754152823921,0.9039039039039038,0.9673469387755103,8,64
1715,hysteresis,"{""high"": 0.725, ""low"": 0.675, ""min_consecutive"": 2}",0.7587939698492462,0.9777594728171335,0.7587939698492462,0.8918106686701728,0.94375,27,144,0.79,0.9869067103109657,0.79,0.9054054054054054,0.9673469387755103,8,63
1716,hysteresis,"{""high"": 0.45, ""low"": 0.35, ""min_consecutive"": 2}",0.7583333333333333,0.9186535764375876,0.9454545454545454,0.9842223891810669,0.7583333333333333,116,21,0.7551020408163265,0.9168975069252078,0.9788359788359788,0.993993993993994,0.7551020408163265,60,4
1717,hysteresis,"{""high"": 0.45, ""low"": 0.25, ""min_consecutive"": 5}",0.7583333333333333,0.9185964912280702,0.9430051813471503,0.9834710743801653,0.7583333333333333,116,22,0.7714285714285715,0.9218967921896792,0.9742268041237113,0.9924924924924925,0.7714285714285715,56,5
1718,consecutive_count,"{""min_consecutive"": 1, ""min_count"": 4, ""threshold"": 0.65}",0.7583333333333333,0.9793559042113955,0.7583333333333333,0.8910593538692713,0.9479166666666666,25,145,0.7953020134228188,0.9869494290375204,0.7953020134228188,0.9084084084084084,0.9673469387755103,8,61
1719,consecutive_ratio,"{""min_consecutive"": 1, ""min_ratio"": 0.09, ""threshold"": 0.65}",0.7583333333333333,0.9793559042113955,0.7583333333333333,0.8910593538692713,0.9479166666666666,25,145,0.7953020134228188,0.9869494290375204,0.7953020134228188,0.9084084084084084,0.9673469387755103,8,61
1720,consecutive_count,"{""min_consecutive"": 2, ""min_count"": 4, ""threshold"": 0.65}",0.7583333333333333,0.9793559042113955,0.7583333333333333,0.8910593538692713,0.9479166666666666,25,145,0.7953020134228188,0.9869494290375204,0.7953020134228188,0.9084084084084084,0.9673469387755103,8,61
1721,consecutive_ratio,"{""min_consecutive"": 2, ""min_ratio"": 0.09, ""threshold"": 0.65}",0.7583333333333333,0.9793559042113955,0.7583333333333333,0.8910593538692713,0.9479166666666666,25,145,0.7953020134228188,0.9869494290375204,0.7953020134228188,0.9084084084084084,0.9673469387755103,8,61
1722,consecutive,"{""min_consecutive"": 3, ""threshold"": 0.675}",0.7583333333333333,0.9793559042113955,0.7583333333333333,0.8910593538692713,0.9479166666666666,25,145,0.7940199335548173,0.9901639344262295,0.7940199335548173,0.9069069069069069,0.9755102040816327,6,62
1723,consecutive_count,"{""min_consecutive"": 3, ""min_count"": 2, ""threshold"": 0.675}",0.7583333333333333,0.9793559042113955,0.7583333333333333,0.8910593538692713,0.9479166666666666,25,145,0.7940199335548173,0.9901639344262295,0.7940199335548173,0.9069069069069069,0.9755102040816327,6,62
1724,consecutive_count,"{""min_consecutive"": 3, ""min_count"": 3, ""threshold"": 0.675}",0.7583333333333333,0.9793559042113955,0.7583333333333333,0.8910593538692713,0.9479166666666666,25,145,0.7940199335548173,0.9901639344262295,0.7940199335548173,0.9069069069069069,0.9755102040816327,6,62
1725,consecutive_ratio,"{""min_consecutive"": 3, ""min_ratio"": 0.03, ""threshold"": 0.675}",0.7583333333333333,0.9793559042113955,0.7583333333333333,0.8910593538692713,0.9479166666666666,25,145,0.7940199335548173,0.9901639344262295,0.7940199335548173,0.9069069069069069,0.9755102040816327,6,62
1726,consecutive_ratio,"{""min_consecutive"": 3, ""min_ratio"": 0.05, ""threshold"": 0.675}",0.7583333333333333,0.9793559042113955,0.7583333333333333,0.8910593538692713,0.9479166666666666,25,145,0.7940199335548173,0.9901639344262295,0.7940199335548173,0.9069069069069069,0.9755102040816327,6,62
1727,consecutive_ratio,"{""min_consecutive"": 3, ""min_ratio"": 0.07, ""threshold"": 0.675}",0.7583333333333333,0.9793559042113955,0.7583333333333333,0.8910593538692713,0.9479166666666666,25,145,0.7940199335548173,0.9901639344262295,0.7940199335548173,0.9069069069069069,0.9755102040816327,6,62
1728,consecutive_count,"{""min_consecutive"": 4, ""min_count"": 6, ""threshold"": 0.6}",0.7579831932773109,0.9761513157894737,0.7579831932773109,0.8918106686701728,0.9395833333333333,29,144,0.7966666666666666,0.9901800327332242,0.7966666666666666,0.9084084084084084,0.9755102040816327,6,61
1729,consecutive_ratio,"{""min_consecutive"": 4, ""min_ratio"": 0.13, ""threshold"": 0.6}",0.7579831932773109,0.9761513157894737,0.7579831932773109,0.8918106686701728,0.9395833333333333,29,144,0.7966666666666666,0.9901800327332242,0.7966666666666666,0.9084084084084084,0.9755102040816327,6,61
1730,consecutive,"{""min_consecutive"": 2, ""threshold"": 0.7}",0.7575250836120402,0.9777411376751854,0.7575250836120402,0.8910593538692713,0.94375,27,145,0.7986577181208053,0.9885807504078303,0.7986577181208053,0.9099099099099099,0.9714285714285714,7,60
1731,consecutive_count,"{""min_consecutive"": 2, ""min_count"": 2, ""threshold"": 0.7}",0.7575250836120402,0.9777411376751854,0.7575250836120402,0.8910593538692713,0.94375,27,145,0.7986577181208053,0.9885807504078303,0.7986577181208053,0.9099099099099099,0.9714285714285714,7,60
1732,consecutive_ratio,"{""min_consecutive"": 2, ""min_ratio"": 0.03, ""threshold"": 0.7}",0.7575250836120402,0.9777411376751854,0.7575250836120402,0.8910593538692713,0.94375,27,145,0.7986577181208053,0.9885807504078303,0.7986577181208053,0.9099099099099099,0.9714285714285714,7,60
1733,hysteresis,"{""high"": 0.65, ""low"": 0.45, ""min_consecutive"": 9}",0.7575250836120402,0.9777411376751854,0.7575250836120402,0.8910593538692713,0.94375,27,145,0.8181818181818182,0.9824,0.8181818181818182,0.9219219219219219,0.9551020408163265,11,52
1734,hysteresis,"{""high"": 0.675, ""low"": 0.625, ""min_consecutive"": 4}",0.7575250836120402,0.9777411376751854,0.7575250836120402,0.8910593538692713,0.94375,27,145,0.8013468013468014,0.988599348534202,0.8013468013468014,0.9114114114114115,0.9714285714285714,7,59
1735,consecutive_count,"{""min_consecutive"": 7, ""min_count"": 8, ""threshold"": 0.55}",0.7574750830564784,0.9801488833746899,0.7574750830564784,0.8903080390683696,0.95,24,146,0.7972972972972973,0.9853658536585366,0.7972972972972973,0.9099099099099099,0.963265306122449,9,60
1736,consecutive_count,"{""min_consecutive"": 6, ""min_count"": 7, ""threshold"": 0.575}",0.757071547420965,0.9793388429752066,0.757071547420965,0.8903080390683696,0.9479166666666666,25,146,0.7933333333333333,0.9885433715220949,0.7933333333333333,0.9069069069069069,0.9714285714285714,7,62
1737,consecutive_ratio,"{""min_consecutive"": 6, ""min_ratio"": 0.15, ""threshold"": 0.575}",0.757071547420965,0.9793388429752066,0.757071547420965,0.8903080390683696,0.9479166666666666,25,146,0.7933333333333333,0.9885433715220949,0.7933333333333333,0.9069069069069069,0.9714285714285714,7,62
1738,consecutive_count,"{""min_consecutive"": 3, ""min_count"": 4, ""threshold"": 0.65}",0.757071547420965,0.9793388429752066,0.757071547420965,0.8903080390683696,0.9479166666666666,25,146,0.7953020134228188,0.9869494290375204,0.7953020134228188,0.9084084084084084,0.9673469387755103,8,61
1739,consecutive_ratio,"{""min_consecutive"": 3, ""min_ratio"": 0.09, ""threshold"": 0.65}",0.757071547420965,0.9793388429752066,0.757071547420965,0.8903080390683696,0.9479166666666666,25,146,0.7953020134228188,0.9869494290375204,0.7953020134228188,0.9084084084084084,0.9673469387755103,8,61
1740,consecutive_count,"{""min_consecutive"": 1, ""min_count"": 2, ""threshold"": 0.7}",0.7567114093959731,0.9761316872427983,0.7567114093959731,0.8910593538692713,0.9395833333333333,29,145,0.7986577181208053,0.9885807504078303,0.7986577181208053,0.9099099099099099,0.9714285714285714,7,60
1741,consecutive_ratio,"{""min_consecutive"": 1, ""min_ratio"": 0.03, ""threshold"": 0.7}",0.7567114093959731,0.9761316872427983,0.7567114093959731,0.8910593538692713,0.9395833333333333,29,145,0.7986577181208053,0.9885807504078303,0.7986577181208053,0.9099099099099099,0.9714285714285714,7,60
1742,consecutive_count,"{""min_consecutive"": 1, ""min_count"": 11, ""threshold"": 0.5}",0.7566666666666667,0.9785301403798513,0.7566666666666667,0.8903080390683696,0.9458333333333333,26,146,0.8090277777777778,0.9807383627608347,0.8090277777777778,0.9174174174174174,0.9510204081632653,12,55
1743,consecutive_count,"{""min_consecutive"": 2, ""min_count"": 11, ""threshold"": 0.5}",0.7566666666666667,0.9785301403798513,0.7566666666666667,0.8903080390683696,0.9458333333333333,26,146,0.8090277777777778,0.9807383627608347,0.8090277777777778,0.9174174174174174,0.9510204081632653,12,55
1744,consecutive_count,"{""min_consecutive"": 3, ""min_count"": 11, ""threshold"": 0.5}",0.7566666666666667,0.9785301403798513,0.7566666666666667,0.8903080390683696,0.9458333333333333,26,146,0.8090277777777778,0.9807383627608347,0.8090277777777778,0.9174174174174174,0.9510204081632653,12,55
1745,consecutive_count,"{""min_consecutive"": 4, ""min_count"": 11, ""threshold"": 0.5}",0.7566666666666667,0.9785301403798513,0.7566666666666667,0.8903080390683696,0.9458333333333333,26,146,0.8090277777777778,0.9807383627608347,0.8090277777777778,0.9174174174174174,0.9510204081632653,12,55
1746,consecutive_count,"{""min_consecutive"": 5, ""min_count"": 11, ""threshold"": 0.5}",0.7566666666666667,0.9785301403798513,0.7566666666666667,0.8903080390683696,0.9458333333333333,26,146,0.8096885813148789,0.9823151125401929,0.8096885813148789,0.9174174174174174,0.9551020408163265,11,55
1747,consecutive_count,"{""min_consecutive"": 6, ""min_count"": 11, ""threshold"": 0.5}",0.7566666666666667,0.9785301403798513,0.7566666666666667,0.8903080390683696,0.9458333333333333,26,146,0.8068965517241379,0.9822866344605475,0.8068965517241379,0.9159159159159159,0.9551020408163265,11,56
1748,hysteresis,"{""high"": 0.45, ""low"": 0.3, ""min_consecutive"": 3}",0.75625,0.918009810791871,0.9453125,0.9842223891810669,0.75625,117,21,0.7510204081632653,0.9156293222683264,0.9787234042553191,0.993993993993994,0.7510204081632653,61,4
1749,consecutive_count,"{""min_consecutive"": 1, ""min_count"": 10, ""threshold"": 0.525}",0.7562189054726368,0.9801324503311258,0.7562189054726368,0.8895567242674681,0.95,24,147,0.793918918918919,0.983739837398374,0.793918918918919,0.9084084084084084,0.9591836734693877,10,61
1750,consecutive_count,"{""min_consecutive"": 2, ""min_count"": 10, ""threshold"": 0.525}",0.7562189054726368,0.9801324503311258,0.7562189054726368,0.8895567242674681,0.95,24,147,0.793918918918919,0.983739837398374,0.793918918918919,0.9084084084084084,0.9591836734693877,10,61
1751,consecutive_count,"{""min_consecutive"": 3, ""min_count"": 10, ""threshold"": 0.525}",0.7562189054726368,0.9801324503311258,0.7562189054726368,0.8895567242674681,0.95,24,147,0.793918918918919,0.983739837398374,0.793918918918919,0.9084084084084084,0.9591836734693877,10,61
1752,consecutive_count,"{""min_consecutive"": 4, ""min_count"": 10, ""threshold"": 0.525}",0.7562189054726368,0.9801324503311258,0.7562189054726368,0.8895567242674681,0.95,24,147,0.793918918918919,0.983739837398374,0.793918918918919,0.9084084084084084,0.9591836734693877,10,61
1753,hysteresis,"{""high"": 0.65, ""low"": 0.55, ""min_consecutive"": 7}",0.7562189054726368,0.9801324503311258,0.7562189054726368,0.8895567242674681,0.95,24,147,0.7959866220735786,0.988562091503268,0.7959866220735786,0.9084084084084084,0.9714285714285714,7,61
1754,consecutive_count,"{""min_consecutive"": 1, ""min_count"": 12, ""threshold"": 0.475}",0.7558528428093646,0.9769167353668591,0.7558528428093646,0.8903080390683696,0.9416666666666667,28,146,0.8169014084507042,0.9792663476874003,0.8169014084507042,0.9219219219219219,0.9469387755102041,13,52
1755,consecutive_count,"{""min_consecutive"": 2, ""min_count"": 12, ""threshold"": 0.475}",0.7558528428093646,0.9769167353668591,0.7558528428093646,0.8903080390683696,0.9416666666666667,28,146,0.8169014084507042,0.9792663476874003,0.8169014084507042,0.9219219219219219,0.9469387755102041,13,52
1756,consecutive_count,"{""min_consecutive"": 3, ""min_count"": 12, ""threshold"": 0.475}",0.7558528428093646,0.9769167353668591,0.7558528428093646,0.8903080390683696,0.9416666666666667,28,146,0.8169014084507042,0.9792663476874003,0.8169014084507042,0.9219219219219219,0.9469387755102041,13,52
1757,consecutive_count,"{""min_consecutive"": 4, ""min_count"": 12, ""threshold"": 0.475}",0.7558528428093646,0.9769167353668591,0.7558528428093646,0.8903080390683696,0.9416666666666667,28,146,0.8169014084507042,0.9792663476874003,0.8169014084507042,0.9219219219219219,0.9469387755102041,13,52
1758,consecutive_count,"{""min_consecutive"": 5, ""min_count"": 12, ""threshold"": 0.475}",0.7558528428093646,0.9769167353668591,0.7558528428093646,0.8903080390683696,0.9416666666666667,28,146,0.8169014084507042,0.9792663476874003,0.8169014084507042,0.9219219219219219,0.9469387755102041,13,52
1759,consecutive_count,"{""min_consecutive"": 6, ""min_count"": 12, ""threshold"": 0.475}",0.7558528428093646,0.9769167353668591,0.7558528428093646,0.8903080390683696,0.9416666666666667,28,146,0.8169014084507042,0.9792663476874003,0.8169014084507042,0.9219219219219219,0.9469387755102041,13,52
1760,topk_mean,"{""threshold"": 0.725, ""top_k"": 2}",0.7558139534883721,0.9793217535153019,0.7558139534883721,0.8895567242674681,0.9479166666666666,25,147,0.7926421404682275,0.9869281045751634,0.7926421404682275,0.9069069069069069,0.9673469387755103,8,62
1761,topk_mean,"{""threshold"": 0.7, ""top_k"": 3}",0.7554438860971524,0.9761120263591433,0.7554438860971524,0.8903080390683696,0.9395833333333333,29,146,0.797979797979798,0.9869706840390879,0.797979797979798,0.9099099099099099,0.9673469387755103,8,60
1762,consecutive_count,"{""min_consecutive"": 5, ""min_count"": 10, ""threshold"": 0.525}",0.7549668874172185,0.980115990057995,0.7549668874172185,0.8888054094665665,0.95,24,148,0.7946127946127947,0.9853420195439739,0.7946127946127947,0.9084084084084084,0.963265306122449,9,61
1763,consecutive_count,"{""min_consecutive"": 7, ""min_count"": 12, ""threshold"": 0.475}",0.7545909849749582,0.976897689768977,0.7545909849749582,0.8895567242674681,0.9416666666666667,28,147,0.8169014084507042,0.9792663476874003,0.8169014084507042,0.9219219219219219,0.9469387755102041,13,52
1764,consecutive_count,"{""min_consecutive"": 1, ""min_count"": 9, ""threshold"": 0.55}",0.7545304777594728,0.9817275747508306,0.7545304777594728,0.8880540946656649,0.9541666666666667,22,149,0.7919463087248322,0.9853181076672104,0.7919463087248322,0.9069069069069069,0.963265306122449,9,62
1765,consecutive_ratio,"{""min_consecutive"": 1, ""min_ratio"": 0.2, ""threshold"": 0.55}",0.7545304777594728,0.9817275747508306,0.7545304777594728,0.8880540946656649,0.9541666666666667,22,149,0.7919463087248322,0.9853181076672104,0.7919463087248322,0.9069069069069069,0.963265306122449,9,62
1766,consecutive_count,"{""min_consecutive"": 2, ""min_count"": 9, ""threshold"": 0.55}",0.7545304777594728,0.9817275747508306,0.7545304777594728,0.8880540946656649,0.9541666666666667,22,149,0.7919463087248322,0.9853181076672104,0.7919463087248322,0.9069069069069069,0.963265306122449,9,62
1767,consecutive_ratio,"{""min_consecutive"": 2, ""min_ratio"": 0.2, ""threshold"": 0.55}",0.7545304777594728,0.9817275747508306,0.7545304777594728,0.8880540946656649,0.9541666666666667,22,149,0.7919463087248322,0.9853181076672104,0.7919463087248322,0.9069069069069069,0.963265306122449,9,62
1768,consecutive_count,"{""min_consecutive"": 3, ""min_count"": 9, ""threshold"": 0.55}",0.7545304777594728,0.9817275747508306,0.7545304777594728,0.8880540946656649,0.9541666666666667,22,149,0.7919463087248322,0.9853181076672104,0.7919463087248322,0.9069069069069069,0.963265306122449,9,62
1769,consecutive_ratio,"{""min_consecutive"": 3, ""min_ratio"": 0.2, ""threshold"": 0.55}",0.7545304777594728,0.9817275747508306,0.7545304777594728,0.8880540946656649,0.9541666666666667,22,149,0.7919463087248322,0.9853181076672104,0.7919463087248322,0.9069069069069069,0.963265306122449,9,62
1770,consecutive_count,"{""min_consecutive"": 4, ""min_count"": 9, ""threshold"": 0.55}",0.7545304777594728,0.9817275747508306,0.7545304777594728,0.8880540946656649,0.9541666666666667,22,149,0.7919463087248322,0.9853181076672104,0.7919463087248322,0.9069069069069069,0.963265306122449,9,62
1771,consecutive_ratio,"{""min_consecutive"": 4, ""min_ratio"": 0.2, ""threshold"": 0.55}",0.7545304777594728,0.9817275747508306,0.7545304777594728,0.8880540946656649,0.9541666666666667,22,149,0.7919463087248322,0.9853181076672104,0.7919463087248322,0.9069069069069069,0.963265306122449,9,62
1772,consecutive,"{""min_consecutive"": 1, ""threshold"": 0.45}",0.7541666666666667,0.9174247725682295,0.9476439790575916,0.9849737039819685,0.7541666666666667,118,20,0.746938775510204,0.914364640883978,0.9786096256684492,0.993993993993994,0.746938775510204,62,4
1773,hysteresis,"{""high"": 0.45, ""low"": 0.3, ""min_consecutive"": 2}",0.7541666666666667,0.9174247725682295,0.9476439790575916,0.9849737039819685,0.7541666666666667,118,20,0.7510204081632653,0.9156293222683264,0.9787234042553191,0.993993993993994,0.7510204081632653,61,4
1774,hysteresis,"{""high"": 0.45, ""low"": 0.25, ""min_consecutive"": 2}",0.7541666666666667,0.9174247725682295,0.9476439790575916,0.9849737039819685,0.7541666666666667,118,20,0.7510204081632653,0.9156293222683264,0.9787234042553191,0.993993993993994,0.7510204081632653,61,4
1775,hysteresis,"{""high"": 0.45, ""low"": 0.25, ""min_consecutive"": 3}",0.7541666666666667,0.9173669467787114,0.9451697127937336,0.9842223891810669,0.7541666666666667,118,21,0.7510204081632653,0.9156293222683264,0.9787234042553191,0.993993993993994,0.7510204081632653,61,4
1776,hysteresis,"{""high"": 0.45, ""low"": 0.25, ""min_consecutive"": 4}",0.7541666666666667,0.9173090399439383,0.9427083333333334,0.9834710743801653,0.7541666666666667,118,22,0.763265306122449,0.9193324061196105,0.9739583333333334,0.9924924924924925,0.763265306122449,58,5
1777,hysteresis,"{""high"": 0.675, ""low"": 0.475, ""min_consecutive"": 7}",0.7541528239202658,0.978494623655914,0.7541528239202658,0.8888054094665665,0.9458333333333333,26,148,0.8178694158075601,0.9887096774193549,0.8178694158075601,0.9204204204204204,0.9714285714285714,7,53
1778,consecutive,"{""min_consecutive"": 4, ""threshold"": 0.65}",0.7541254125412541,0.9809128630705394,0.7541254125412541,0.8880540946656649,0.9520833333333333,23,149,0.7933333333333333,0.9885433715220949,0.7933333333333333,0.9069069069069069,0.9714285714285714,7,62
1779,consecutive_count,"{""min_consecutive"": 4, ""min_count"": 2, ""threshold"": 0.65}",0.7541254125412541,0.9809128630705394,0.7541254125412541,0.8880540946656649,0.9520833333333333,23,149,0.7933333333333333,0.9885433715220949,0.7933333333333333,0.9069069069069069,0.9714285714285714,7,62
1780,consecutive_count,"{""min_consecutive"": 4, ""min_count"": 3, ""threshold"": 0.65}",0.7541254125412541,0.9809128630705394,0.7541254125412541,0.8880540946656649,0.9520833333333333,23,149,0.7933333333333333,0.9885433715220949,0.7933333333333333,0.9069069069069069,0.9714285714285714,7,62
1781,consecutive_count,"{""min_consecutive"": 4, ""min_count"": 4, ""threshold"": 0.65}",0.7541254125412541,0.9809128630705394,0.7541254125412541,0.8880540946656649,0.9520833333333333,23,149,0.7933333333333333,0.9885433715220949,0.7933333333333333,0.9069069069069069,0.9714285714285714,7,62
1782,consecutive_ratio,"{""min_consecutive"": 4, ""min_ratio"": 0.03, ""threshold"": 0.65}",0.7541254125412541,0.9809128630705394,0.7541254125412541,0.8880540946656649,0.9520833333333333,23,149,0.7933333333333333,0.9885433715220949,0.7933333333333333,0.9069069069069069,0.9714285714285714,7,62
1783,consecutive_ratio,"{""min_consecutive"": 4, ""min_ratio"": 0.05, ""threshold"": 0.65}",0.7541254125412541,0.9809128630705394,0.7541254125412541,0.8880540946656649,0.9520833333333333,23,149,0.7933333333333333,0.9885433715220949,0.7933333333333333,0.9069069069069069,0.9714285714285714,7,62
1784,consecutive_ratio,"{""min_consecutive"": 4, ""min_ratio"": 0.07, ""threshold"": 0.65}",0.7541254125412541,0.9809128630705394,0.7541254125412541,0.8880540946656649,0.9520833333333333,23,149,0.7933333333333333,0.9885433715220949,0.7933333333333333,0.9069069069069069,0.9714285714285714,7,62
1785,consecutive_ratio,"{""min_consecutive"": 4, ""min_ratio"": 0.09, ""threshold"": 0.65}",0.7541254125412541,0.9809128630705394,0.7541254125412541,0.8880540946656649,0.9520833333333333,23,149,0.7933333333333333,0.9885433715220949,0.7933333333333333,0.9069069069069069,0.9714285714285714,7,62
1786,hysteresis,"{""high"": 0.7, ""low"": 0.6, ""min_consecutive"": 4}",0.7537437603993344,0.9776859504132231,0.7537437603993344,0.8888054094665665,0.94375,27,148,0.7966666666666666,0.9901800327332242,0.7966666666666666,0.9084084084084084,0.9755102040816327,6,61
1787,hysteresis,"{""high"": 0.725, ""low"": 0.525, ""min_consecutive"": 4}",0.7537437603993344,0.9776859504132231,0.7537437603993344,0.8888054094665665,0.94375,27,148,0.7847682119205298,0.986863711001642,0.7847682119205298,0.9024024024024024,0.9673469387755103,8,65
1788,consecutive_count,"{""min_consecutive"": 6, ""min_count"": 10, ""threshold"": 0.525}",0.7537190082644628,0.9800995024875622,0.7537190082644628,0.8880540946656649,0.95,24,149,0.7946127946127947,0.9853420195439739,0.7946127946127947,0.9084084084084084,0.963265306122449,9,61
1789,consecutive_count,"{""min_consecutive"": 4, ""min_count"": 8, ""threshold"": 0.575}",0.7536945812807881,0.9825291181364393,0.7536945812807881,0.8873027798647634,0.95625,21,150,0.780327868852459,0.9884488448844885,0.780327868852459,0.8993993993993994,0.9714285714285714,7,67
1790,hysteresis,"{""high"": 0.7, ""low"": 0.55, ""min_consecutive"": 5}",0.7533333333333333,0.976878612716763,0.7533333333333333,0.8888054094665665,0.9416666666666667,28,148,0.7947019867549668,0.9917898193760263,0.7947019867549668,0.9069069069069069,0.9795918367346939,5,62
1791,consecutive_count,"{""min_consecutive"": 1, ""min_count"": 8, ""threshold"": 0.575}",0.7532894736842105,0.9817123857024106,0.7532894736842105,0.8873027798647634,0.9541666666666667,22,150,0.780327868852459,0.9884488448844885,0.780327868852459,0.8993993993993994,0.9714285714285714,7,67
1792,consecutive_count,"{""min_consecutive"": 2, ""min_count"": 8, ""threshold"": 0.575}",0.7532894736842105,0.9817123857024106,0.7532894736842105,0.8873027798647634,0.9541666666666667,22,150,0.780327868852459,0.9884488448844885,0.780327868852459,0.8993993993993994,0.9714285714285714,7,67
1793,consecutive_count,"{""min_consecutive"": 3, ""min_count"": 8, ""threshold"": 0.575}",0.7532894736842105,0.9817123857024106,0.7532894736842105,0.8873027798647634,0.9541666666666667,22,150,0.780327868852459,0.9884488448844885,0.780327868852459,0.8993993993993994,0.9714285714285714,7,67
1794,consecutive_count,"{""min_consecutive"": 7, ""min_count"": 11, ""threshold"": 0.5}",0.7529021558872305,0.9784768211920529,0.7529021558872305,0.8880540946656649,0.9458333333333333,26,149,0.7986348122866894,0.982200647249191,0.7986348122866894,0.9114114114114115,0.9551020408163265,11,59
1795,hysteresis,"{""high"": 0.725, ""low"": 0.625, ""min_consecutive"": 3}",0.7529021558872305,0.9784768211920529,0.7529021558872305,0.8880540946656649,0.9458333333333333,26,149,0.7821782178217822,0.9868421052631579,0.7821782178217822,0.9009009009009009,0.9673469387755103,8,66
1796,consecutive_count,"{""min_consecutive"": 5, ""min_count"": 8, ""threshold"": 0.575}",0.7524590163934426,0.9825145711906744,0.7524590163934426,0.8865514650638617,0.95625,21,151,0.780327868852459,0.9884488448844885,0.780327868852459,0.8993993993993994,0.9714285714285714,7,67
1797,topk_mean,"{""threshold"": 0.35, ""top_k"": 9}",0.7520833333333333,0.9170731707317074,0.9601063829787234,0.9887302779864763,0.7520833333333333,119,15,0.7224489795918367,0.906721536351166,0.9725274725274725,0.9924924924924925,0.7224489795918367,68,5
1798,topk_mean,"{""threshold"": 0.4, ""top_k"": 4}",0.7520833333333333,0.9170153417015342,0.9575596816976127,0.9879789631855748,0.7520833333333333,119,16,0.746938775510204,0.9142461964038727,0.973404255319149,0.9924924924924925,0.746938775510204,62,5
1799,consecutive_count,"{""min_consecutive"": 5, ""min_count"": 6, ""threshold"": 0.6}",0.7520798668885191,0.9768595041322314,0.7520798668885191,0.8880540946656649,0.9416666666666667,28,149,0.7913907284768212,0.9901477832512315,0.7913907284768212,0.9054054054054054,0.9755102040816327,6,63
1800,consecutive_ratio,"{""min_consecutive"": 5, ""min_ratio"": 0.13, ""threshold"": 0.6}",0.7520798668885191,0.9768595041322314,0.7520798668885191,0.8880540946656649,0.9416666666666667,28,149,0.7913907284768212,0.9901477832512315,0.7913907284768212,0.9054054054054054,0.9755102040816327,6,63
1801,hysteresis,"{""high"": 0.7, ""low"": 0.5, ""min_consecutive"": 6}",0.7520798668885191,0.9768595041322314,0.7520798668885191,0.8880540946656649,0.9416666666666667,28,149,0.7966666666666666,0.9901800327332242,0.7966666666666666,0.9084084084084084,0.9755102040816327,6,61
1802,consecutive,"{""min_consecutive"": 9, ""threshold"": 0.525}",0.7520661157024794,0.9792703150912107,0.7520661157024794,0.8873027798647634,0.9479166666666666,25,150,0.7919463087248322,0.9853181076672104,0.7919463087248322,0.9069069069069069,0.963265306122449,9,62
1803,consecutive_count,"{""min_consecutive"": 5, ""min_count"": 9, ""threshold"": 0.55}",0.7520525451559934,0.9816971713810316,0.7520525451559934,0.8865514650638617,0.9541666666666667,22,151,0.7919463087248322,0.9853181076672104,0.7919463087248322,0.9069069069069069,0.963265306122449,9,62
1804,consecutive_ratio,"{""min_consecutive"": 5, ""min_ratio"": 0.2, ""threshold"": 0.55}",0.7520525451559934,0.9816971713810316,0.7520525451559934,0.8865514650638617,0.9541666666666667,22,151,0.7919463087248322,0.9853181076672104,0.7919463087248322,0.9069069069069069,0.963265306122449,9,62
1805,topk_mean,"{""threshold"": 0.7, ""top_k"": 4}",0.7516556291390728,0.9784589892294946,0.7516556291390728,0.8873027798647634,0.9458333333333333,26,150,0.7940199335548173,0.9901639344262295,0.7940199335548173,0.9069069069069069,0.9755102040816327,6,62
1806,hysteresis,"{""high"": 0.6, ""low"": 0.55, ""min_consecutive"": 8}",0.7516447368421053,0.9808811305070657,0.7516447368421053,0.8865514650638617,0.9520833333333333,23,151,0.7880794701986755,0.9885057471264368,0.7880794701986755,0.9039039039039038,0.9714285714285714,7,64
1807,consecutive,"{""min_consecutive"": 8, ""threshold"": 0.55}",0.7512355848434926,0.9800664451827242,0.7512355848434926,0.8865514650638617,0.95,24,151,0.7873754152823921,0.9868852459016394,0.7873754152823921,0.9039039039039038,0.9673469387755103,8,64
1808,hysteresis,"{""high"": 0.575, ""low"": 0.525, ""min_consecutive"": 9}",0.7508250825082509,0.979253112033195,0.7508250825082509,0.8865514650638617,0.9479166666666666,25,151,0.7892976588628763,0.9852941176470589,0.7892976588628763,0.9054054054054054,0.963265306122449,9,63
1809,consecutive_count,"{""min_consecutive"": 6, ""min_count"": 9, ""threshold"": 0.55}",0.7508196721311475,0.9816819317235637,0.7508196721311475,0.8858001502629602,0.9541666666666667,22,152,0.7919463087248322,0.9853181076672104,0.7919463087248322,0.9069069069069069,0.963265306122449,9,62
1810,consecutive_ratio,"{""min_consecutive"": 6, ""min_ratio"": 0.2, ""threshold"": 0.55}",0.7508196721311475,0.9816819317235637,0.7508196721311475,0.8858001502629602,0.9541666666666667,22,152,0.7919463087248322,0.9853181076672104,0.7919463087248322,0.9069069069069069,0.963265306122449,9,62
1811,consecutive,"{""min_consecutive"": 5, ""threshold"": 0.625}",0.7504132231404959,0.978441127694859,0.7504132231404959,0.8865514650638617,0.9458333333333333,26,151,0.7940199335548173,0.9901639344262295,0.7940199335548173,0.9069069069069069,0.9755102040816327,6,62
1812,consecutive_count,"{""min_consecutive"": 5, ""min_count"": 2, ""threshold"": 0.625}",0.7504132231404959,0.978441127694859,0.7504132231404959,0.8865514650638617,0.9458333333333333,26,151,0.7940199335548173,0.9901639344262295,0.7940199335548173,0.9069069069069069,0.9755102040816327,6,62
1813,consecutive_count,"{""min_consecutive"": 5, ""min_count"": 3, ""threshold"": 0.625}",0.7504132231404959,0.978441127694859,0.7504132231404959,0.8865514650638617,0.9458333333333333,26,151,0.7940199335548173,0.9901639344262295,0.7940199335548173,0.9069069069069069,0.9755102040816327,6,62
1814,consecutive_count,"{""min_consecutive"": 5, ""min_count"": 4, ""threshold"": 0.625}",0.7504132231404959,0.978441127694859,0.7504132231404959,0.8865514650638617,0.9458333333333333,26,151,0.7940199335548173,0.9901639344262295,0.7940199335548173,0.9069069069069069,0.9755102040816327,6,62
1815,consecutive_count,"{""min_consecutive"": 5, ""min_count"": 5, ""threshold"": 0.625}",0.7504132231404959,0.978441127694859,0.7504132231404959,0.8865514650638617,0.9458333333333333,26,151,0.7940199335548173,0.9901639344262295,0.7940199335548173,0.9069069069069069,0.9755102040816327,6,62
1816,consecutive_ratio,"{""min_consecutive"": 5, ""min_ratio"": 0.03, ""threshold"": 0.625}",0.7504132231404959,0.978441127694859,0.7504132231404959,0.8865514650638617,0.9458333333333333,26,151,0.7940199335548173,0.9901639344262295,0.7940199335548173,0.9069069069069069,0.9755102040816327,6,62
1817,consecutive_ratio,"{""min_consecutive"": 5, ""min_ratio"": 0.05, ""threshold"": 0.625}",0.7504132231404959,0.978441127694859,0.7504132231404959,0.8865514650638617,0.9458333333333333,26,151,0.7940199335548173,0.9901639344262295,0.7940199335548173,0.9069069069069069,0.9755102040816327,6,62
1818,consecutive_ratio,"{""min_consecutive"": 5, ""min_ratio"": 0.07, ""threshold"": 0.625}",0.7504132231404959,0.978441127694859,0.7504132231404959,0.8865514650638617,0.9458333333333333,26,151,0.7940199335548173,0.9901639344262295,0.7940199335548173,0.9069069069069069,0.9755102040816327,6,62
1819,consecutive_ratio,"{""min_consecutive"": 5, ""min_ratio"": 0.09, ""threshold"": 0.625}",0.7504132231404959,0.978441127694859,0.7504132231404959,0.8865514650638617,0.9458333333333333,26,151,0.7940199335548173,0.9901639344262295,0.7940199335548173,0.9069069069069069,0.9755102040816327,6,62
1820,consecutive_ratio,"{""min_consecutive"": 5, ""min_ratio"": 0.11, ""threshold"": 0.625}",0.7504132231404959,0.978441127694859,0.7504132231404959,0.8865514650638617,0.9458333333333333,26,151,0.7940199335548173,0.9901639344262295,0.7940199335548173,0.9069069069069069,0.9755102040816327,6,62
1821,consecutive_count,"{""min_consecutive"": 1, ""min_count"": 3, ""threshold"": 0.7}",0.75,0.9824854045037531,0.75,0.8850488354620586,0.95625,21,153,0.7868852459016393,0.9917491749174917,0.7868852459016393,0.9024024024024024,0.9795918367346939,5,65
1822,consecutive_ratio,"{""min_consecutive"": 1, ""min_ratio"": 0.05, ""threshold"": 0.7}",0.75,0.9824854045037531,0.75,0.8850488354620586,0.95625,21,153,0.7868852459016393,0.9917491749174917,0.7868852459016393,0.9024024024024024,0.9795918367346939,5,65
1823,consecutive_ratio,"{""min_consecutive"": 1, ""min_ratio"": 0.07, ""threshold"": 0.7}",0.75,0.9824854045037531,0.75,0.8850488354620586,0.95625,21,153,0.7868852459016393,0.9917491749174917,0.7868852459016393,0.9024024024024024,0.9795918367346939,5,65
1824,consecutive_count,"{""min_consecutive"": 2, ""min_count"": 3, ""threshold"": 0.7}",0.75,0.9824854045037531,0.75,0.8850488354620586,0.95625,21,153,0.7868852459016393,0.9917491749174917,0.7868852459016393,0.9024024024024024,0.9795918367346939,5,65
1825,consecutive_ratio,"{""min_consecutive"": 2, ""min_ratio"": 0.05, ""threshold"": 0.7}",0.75,0.9824854045037531,0.75,0.8850488354620586,0.95625,21,153,0.7868852459016393,0.9917491749174917,0.7868852459016393,0.9024024024024024,0.9795918367346939,5,65
1826,consecutive_ratio,"{""min_consecutive"": 2, ""min_ratio"": 0.07, ""threshold"": 0.7}",0.75,0.9824854045037531,0.75,0.8850488354620586,0.95625,21,153,0.7868852459016393,0.9917491749174917,0.7868852459016393,0.9024024024024024,0.9795918367346939,5,65
1827,consecutive_count,"{""min_consecutive"": 7, ""min_count"": 10, ""threshold"": 0.525}",0.7491803278688525,0.980849292256453,0.7491803278688525,0.8850488354620586,0.9520833333333333,23,153,0.7946127946127947,0.9853420195439739,0.7946127946127947,0.9084084084084084,0.963265306122449,9,61
1828,topk_mean,"{""threshold"": 0.675, ""top_k"": 7}",0.7491803278688525,0.980849292256453,0.7491803278688525,0.8850488354620586,0.9520833333333333,23,153,0.7875816993464052,0.9933884297520661,0.7875816993464052,0.9024024024024024,0.9836734693877551,4,65
1829,hysteresis,"{""high"": 0.725, ""low"": 0.575, ""min_consecutive"": 4}",0.7491749174917491,0.9784232365145228,0.7491749174917491,0.8858001502629602,0.9458333333333333,26,152,0.7854785478547854,0.9884868421052632,0.7854785478547854,0.9024024024024024,0.9714285714285714,7,65
1830,consecutive,"{""min_consecutive"": 3, ""threshold"": 0.7}",0.7487765089722676,0.9824707846410684,0.7487765089722676,0.8842975206611571,0.95625,21,154,0.7817589576547231,0.9917218543046358,0.7817589576547231,0.8993993993993994,0.9795918367346939,5,67
1831,consecutive_count,"{""min_consecutive"": 3, ""min_count"": 2, ""threshold"": 0.7}",0.7487765089722676,0.9824707846410684,0.7487765089722676,0.8842975206611571,0.95625,21,154,0.7817589576547231,0.9917218543046358,0.7817589576547231,0.8993993993993994,0.9795918367346939,5,67
1832,consecutive_count,"{""min_consecutive"": 3, ""min_count"": 3, ""threshold"": 0.7}",0.7487765089722676,0.9824707846410684,0.7487765089722676,0.8842975206611571,0.95625,21,154,0.7817589576547231,0.9917218543046358,0.7817589576547231,0.8993993993993994,0.9795918367346939,5,67
1833,consecutive_ratio,"{""min_consecutive"": 3, ""min_ratio"": 0.03, ""threshold"": 0.7}",0.7487765089722676,0.9824707846410684,0.7487765089722676,0.8842975206611571,0.95625,21,154,0.7817589576547231,0.9917218543046358,0.7817589576547231,0.8993993993993994,0.9795918367346939,5,67
1834,consecutive_ratio,"{""min_consecutive"": 3, ""min_ratio"": 0.05, ""threshold"": 0.7}",0.7487765089722676,0.9824707846410684,0.7487765089722676,0.8842975206611571,0.95625,21,154,0.7817589576547231,0.9917218543046358,0.7817589576547231,0.8993993993993994,0.9795918367346939,5,67
1835,consecutive_ratio,"{""min_consecutive"": 3, ""min_ratio"": 0.07, ""threshold"": 0.7}",0.7487765089722676,0.9824707846410684,0.7487765089722676,0.8842975206611571,0.95625,21,154,0.7817589576547231,0.9917218543046358,0.7817589576547231,0.8993993993993994,0.9795918367346939,5,67
1836,consecutive_count,"{""min_consecutive"": 6, ""min_count"": 8, ""threshold"": 0.575}",0.7479674796747967,0.9832775919732442,0.7479674796747967,0.8835462058602555,0.9583333333333334,20,155,0.7752442996742671,0.9884105960264901,0.7752442996742671,0.8963963963963963,0.9714285714285714,7,69
1837,topk_mean,"{""threshold"": 0.7, ""top_k"": 5}",0.7479541734860884,0.9808333333333333,0.7479541734860884,0.8842975206611571,0.9520833333333333,23,154,0.7920792079207921,0.9917763157894737,0.7920792079207921,0.9054054054054054,0.9795918367346939,5,63
1838,hysteresis,"{""high"": 0.625, ""low"": 0.525, ""min_consecutive"": 9}",0.7479541734860884,0.9808333333333333,0.7479541734860884,0.8842975206611571,0.9520833333333333,23,154,0.7828947368421053,0.9884678747940692,0.7828947368421053,0.9009009009009009,0.9714285714285714,7,66
1839,topk_mean,"{""threshold"": 0.425, ""top_k"": 2}",0.7479166666666667,0.9158553546592489,0.9624664879356568,0.9894815927873779,0.7479166666666667,121,14,0.7428571428571429,0.9131034482758621,0.978494623655914,0.993993993993994,0.7428571428571429,63,4
1840,topk_mean,"{""threshold"": 0.65, ""top_k"": 9}",0.747557003257329,0.9824561403508771,0.747557003257329,0.8835462058602555,0.95625,21,155,0.7843137254901961,0.9917355371900827,0.7843137254901961,0.9009009009009009,0.9795918367346939,5,66
1841,consecutive,"{""min_consecutive"": 7, ""threshold"": 0.575}",0.7475409836065574,0.9800166527893422,0.7475409836065574,0.8842975206611571,0.95,24,154,0.7880794701986755,0.9885057471264368,0.7880794701986755,0.9039039039039038,0.9714285714285714,7,64
1842,consecutive_count,"{""min_consecutive"": 7, ""min_count"": 2, ""threshold"": 0.575}",0.7475409836065574,0.9800166527893422,0.7475409836065574,0.8842975206611571,0.95,24,154,0.7880794701986755,0.9885057471264368,0.7880794701986755,0.9039039039039038,0.9714285714285714,7,64
1843,consecutive_count,"{""min_consecutive"": 7, ""min_count"": 3, ""threshold"": 0.575}",0.7475409836065574,0.9800166527893422,0.7475409836065574,0.8842975206611571,0.95,24,154,0.7880794701986755,0.9885057471264368,0.7880794701986755,0.9039039039039038,0.9714285714285714,7,64
1844,consecutive_count,"{""min_consecutive"": 7, ""min_count"": 4, ""threshold"": 0.575}",0.7475409836065574,0.9800166527893422,0.7475409836065574,0.8842975206611571,0.95,24,154,0.7880794701986755,0.9885057471264368,0.7880794701986755,0.9039039039039038,0.9714285714285714,7,64
1845,consecutive_count,"{""min_consecutive"": 7, ""min_count"": 5, ""threshold"": 0.575}",0.7475409836065574,0.9800166527893422,0.7475409836065574,0.8842975206611571,0.95,24,154,0.7880794701986755,0.9885057471264368,0.7880794701986755,0.9039039039039038,0.9714285714285714,7,64
1846,consecutive_count,"{""min_consecutive"": 7, ""min_count"": 6, ""threshold"": 0.575}",0.7475409836065574,0.9800166527893422,0.7475409836065574,0.8842975206611571,0.95,24,154,0.7880794701986755,0.9885057471264368,0.7880794701986755,0.9039039039039038,0.9714285714285714,7,64
1847,consecutive_count,"{""min_consecutive"": 7, ""min_count"": 7, ""threshold"": 0.575}",0.7475409836065574,0.9800166527893422,0.7475409836065574,0.8842975206611571,0.95,24,154,0.7880794701986755,0.9885057471264368,0.7880794701986755,0.9039039039039038,0.9714285714285714,7,64
1848,consecutive_ratio,"{""min_consecutive"": 7, ""min_ratio"": 0.03, ""threshold"": 0.575}",0.7475409836065574,0.9800166527893422,0.7475409836065574,0.8842975206611571,0.95,24,154,0.7880794701986755,0.9885057471264368,0.7880794701986755,0.9039039039039038,0.9714285714285714,7,64
1849,consecutive_ratio,"{""min_consecutive"": 7, ""min_ratio"": 0.05, ""threshold"": 0.575}",0.7475409836065574,0.9800166527893422,0.7475409836065574,0.8842975206611571,0.95,24,154,0.7880794701986755,0.9885057471264368,0.7880794701986755,0.9039039039039038,0.9714285714285714,7,64
1850,consecutive_ratio,"{""min_consecutive"": 7, ""min_ratio"": 0.07, ""threshold"": 0.575}",0.7475409836065574,0.9800166527893422,0.7475409836065574,0.8842975206611571,0.95,24,154,0.7880794701986755,0.9885057471264368,0.7880794701986755,0.9039039039039038,0.9714285714285714,7,64
1851,consecutive_ratio,"{""min_consecutive"": 7, ""min_ratio"": 0.09, ""threshold"": 0.575}",0.7475409836065574,0.9800166527893422,0.7475409836065574,0.8842975206611571,0.95,24,154,0.7880794701986755,0.9885057471264368,0.7880794701986755,0.9039039039039038,0.9714285714285714,7,64
1852,consecutive_ratio,"{""min_consecutive"": 7, ""min_ratio"": 0.11, ""threshold"": 0.575}",0.7475409836065574,0.9800166527893422,0.7475409836065574,0.8842975206611571,0.95,24,154,0.7880794701986755,0.9885057471264368,0.7880794701986755,0.9039039039039038,0.9714285714285714,7,64
1853,consecutive_ratio,"{""min_consecutive"": 7, ""min_ratio"": 0.13, ""threshold"": 0.575}",0.7475409836065574,0.9800166527893422,0.7475409836065574,0.8842975206611571,0.95,24,154,0.7880794701986755,0.9885057471264368,0.7880794701986755,0.9039039039039038,0.9714285714285714,7,64
1854,consecutive_ratio,"{""min_consecutive"": 7, ""min_ratio"": 0.15, ""threshold"": 0.575}",0.7475409836065574,0.9800166527893422,0.7475409836065574,0.8842975206611571,0.95,24,154,0.7880794701986755,0.9885057471264368,0.7880794701986755,0.9039039039039038,0.9714285714285714,7,64
1855,hysteresis,"{""high"": 0.625, ""low"": 0.575, ""min_consecutive"": 7}",0.7475409836065574,0.9800166527893422,0.7475409836065574,0.8842975206611571,0.95,24,154,0.7887788778877888,0.9901315789473685,0.7887788778877888,0.9039039039039038,0.9755102040816327,6,64
1856,hysteresis,"{""high"": 0.675, ""low"": 0.525, ""min_consecutive"": 7}",0.7475409836065574,0.9800166527893422,0.7475409836065574,0.8842975206611571,0.95,24,154,0.802013422818792,0.9902120717781403,0.802013422818792,0.9114114114114115,0.9755102040816327,6,59
1857,hysteresis,"{""high"": 0.65, ""low"": 0.5, ""min_consecutive"": 9}",0.7471451876019576,0.9816360601001669,0.7471451876019576,0.8835462058602555,0.9541666666666667,22,155,0.797979797979798,0.9869706840390879,0.797979797979798,0.9099099099099099,0.9673469387755103,8,60
1858,topk_mean,"{""threshold"": 0.725, ""top_k"": 3}",0.7467320261437909,0.9808173477898249,0.7467320261437909,0.8835462058602555,0.9520833333333333,23,155,0.775974025974026,0.9900497512437811,0.775974025974026,0.8963963963963963,0.9755102040816327,6,69
1859,hysteresis,"{""high"": 0.7, ""low"": 0.65, ""min_consecutive"": 4}",0.7467320261437909,0.9808173477898249,0.7467320261437909,0.8835462058602555,0.9520833333333333,23,155,0.7861842105263158,0.9901153212520593,0.7861842105263158,0.9024024024024024,0.9755102040816327,6,65
1860,consecutive_count,"{""min_consecutive"": 7, ""min_count"": 9, ""threshold"": 0.55}",0.7463414634146341,0.9824414715719063,0.7463414634146341,0.8827948910593538,0.95625,21,156,0.7788778877887789,0.9851973684210527,0.7788778877887789,0.8993993993993994,0.963265306122449,9,67
1861,consecutive_ratio,"{""min_consecutive"": 7, ""min_ratio"": 0.2, ""threshold"": 0.55}",0.7463414634146341,0.9824414715719063,0.7463414634146341,0.8827948910593538,0.95625,21,156,0.7788778877887789,0.9851973684210527,0.7788778877887789,0.8993993993993994,0.963265306122449,9,67
1862,hysteresis,"{""high"": 0.675, ""low"": 0.475, ""min_consecutive"": 8}",0.7463175122749591,0.98,0.7463175122749591,0.8835462058602555,0.95,24,155,0.8040540540540541,0.9886178861788618,0.8040540540540541,0.9129129129129129,0.9714285714285714,7,58
1863,consecutive,"{""min_consecutive"": 1, ""threshold"": 0.75}",0.745928338762215,0.9816207184628237,0.745928338762215,0.8827948910593538,0.9541666666666667,22,156,0.7745098039215687,0.9867768595041322,0.7745098039215687,0.8963963963963963,0.9673469387755103,8,69
1864,hysteresis,"{""high"": 0.75, ""low"": 0.55, ""min_consecutive"": 2}",0.745928338762215,0.9816207184628237,0.745928338762215,0.8827948910593538,0.9541666666666667,22,156,0.7745098039215687,0.9867768595041322,0.7745098039215687,0.8963963963963963,0.9673469387755103,8,69
1865,consecutive_count,"{""min_consecutive"": 1, ""min_count"": 4, ""threshold"": 0.675}",0.7455138662316476,0.9808013355592654,0.7455138662316476,0.8827948910593538,0.9520833333333333,23,156,0.7894736842105263,0.9917627677100495,0.7894736842105263,0.9039039039039038,0.9795918367346939,5,64
1866,consecutive_ratio,"{""min_consecutive"": 1, ""min_ratio"": 0.09, ""threshold"": 0.675}",0.7455138662316476,0.9808013355592654,0.7455138662316476,0.8827948910593538,0.9520833333333333,23,156,0.7894736842105263,0.9917627677100495,0.7894736842105263,0.9039039039039038,0.9795918367346939,5,64
1867,consecutive_count,"{""min_consecutive"": 2, ""min_count"": 4, ""threshold"": 0.675}",0.7455138662316476,0.9808013355592654,0.7455138662316476,0.8827948910593538,0.9520833333333333,23,156,0.7894736842105263,0.9917627677100495,0.7894736842105263,0.9039039039039038,0.9795918367346939,5,64
1868,consecutive_ratio,"{""min_consecutive"": 2, ""min_ratio"": 0.09, ""threshold"": 0.675}",0.7455138662316476,0.9808013355592654,0.7455138662316476,0.8827948910593538,0.9520833333333333,23,156,0.7894736842105263,0.9917627677100495,0.7894736842105263,0.9039039039039038,0.9795918367346939,5,64
1869,hysteresis,"{""high"": 0.725, ""low"": 0.675, ""min_consecutive"": 3}",0.7455138662316476,0.9808013355592654,0.7455138662316476,0.8827948910593538,0.9520833333333333,23,156,0.7810457516339869,0.9900826446280991,0.7810457516339869,0.8993993993993994,0.9755102040816327,6,67
1870,hysteresis,"{""high"": 0.725, ""low"": 0.525, ""min_consecutive"": 5}",0.7454844006568144,0.978369384359401,0.7454844006568144,0.8835462058602555,0.9458333333333333,26,155,0.7821782178217822,0.9868421052631579,0.7821782178217822,0.9009009009009009,0.9673469387755103,8,66
1871,hysteresis,"{""high"": 0.675, ""low"": 0.625, ""min_consecutive"": 5}",0.7450980392156863,0.9799833194328608,0.7450980392156863,0.8827948910593538,0.95,24,156,0.7947019867549668,0.9917898193760263,0.7947019867549668,0.9069069069069069,0.9795918367346939,5,62
1872,consecutive,"{""min_consecutive"": 6, ""threshold"": 0.6}",0.7450657894736842,0.9775561097256857,0.7450657894736842,0.8835462058602555,0.94375,27,155,0.7861842105263158,0.9901153212520593,0.7861842105263158,0.9024024024024024,0.9755102040816327,6,65
1873,consecutive_count,"{""min_consecutive"": 6, ""min_count"": 2, ""threshold"": 0.6}",0.7450657894736842,0.9775561097256857,0.7450657894736842,0.8835462058602555,0.94375,27,155,0.7861842105263158,0.9901153212520593,0.7861842105263158,0.9024024024024024,0.9755102040816327,6,65
1874,consecutive_count,"{""min_consecutive"": 6, ""min_count"": 3, ""threshold"": 0.6}",0.7450657894736842,0.9775561097256857,0.7450657894736842,0.8835462058602555,0.94375,27,155,0.7861842105263158,0.9901153212520593,0.7861842105263158,0.9024024024024024,0.9755102040816327,6,65
1875,consecutive_count,"{""min_consecutive"": 6, ""min_count"": 4, ""threshold"": 0.6}",0.7450657894736842,0.9775561097256857,0.7450657894736842,0.8835462058602555,0.94375,27,155,0.7861842105263158,0.9901153212520593,0.7861842105263158,0.9024024024024024,0.9755102040816327,6,65
1876,consecutive_count,"{""min_consecutive"": 6, ""min_count"": 5, ""threshold"": 0.6}",0.7450657894736842,0.9775561097256857,0.7450657894736842,0.8835462058602555,0.94375,27,155,0.7861842105263158,0.9901153212520593,0.7861842105263158,0.9024024024024024,0.9755102040816327,6,65
1877,consecutive_count,"{""min_consecutive"": 6, ""min_count"": 6, ""threshold"": 0.6}",0.7450657894736842,0.9775561097256857,0.7450657894736842,0.8835462058602555,0.94375,27,155,0.7861842105263158,0.9901153212520593,0.7861842105263158,0.9024024024024024,0.9755102040816327,6,65
1878,consecutive_ratio,"{""min_consecutive"": 6, ""min_ratio"": 0.03, ""threshold"": 0.6}",0.7450657894736842,0.9775561097256857,0.7450657894736842,0.8835462058602555,0.94375,27,155,0.7861842105263158,0.9901153212520593,0.7861842105263158,0.9024024024024024,0.9755102040816327,6,65
1879,consecutive_ratio,"{""min_consecutive"": 6, ""min_ratio"": 0.05, ""threshold"": 0.6}",0.7450657894736842,0.9775561097256857,0.7450657894736842,0.8835462058602555,0.94375,27,155,0.7861842105263158,0.9901153212520593,0.7861842105263158,0.9024024024024024,0.9755102040816327,6,65
1880,consecutive_ratio,"{""min_consecutive"": 6, ""min_ratio"": 0.07, ""threshold"": 0.6}",0.7450657894736842,0.9775561097256857,0.7450657894736842,0.8835462058602555,0.94375,27,155,0.7861842105263158,0.9901153212520593,0.7861842105263158,0.9024024024024024,0.9755102040816327,6,65
1881,consecutive_ratio,"{""min_consecutive"": 6, ""min_ratio"": 0.09, ""threshold"": 0.6}",0.7450657894736842,0.9775561097256857,0.7450657894736842,0.8835462058602555,0.94375,27,155,0.7861842105263158,0.9901153212520593,0.7861842105263158,0.9024024024024024,0.9755102040816327,6,65
1882,consecutive_ratio,"{""min_consecutive"": 6, ""min_ratio"": 0.11, ""threshold"": 0.6}",0.7450657894736842,0.9775561097256857,0.7450657894736842,0.8835462058602555,0.94375,27,155,0.7861842105263158,0.9901153212520593,0.7861842105263158,0.9024024024024024,0.9755102040816327,6,65
1883,consecutive_ratio,"{""min_consecutive"": 6, ""min_ratio"": 0.13, ""threshold"": 0.6}",0.7450657894736842,0.9775561097256857,0.7450657894736842,0.8835462058602555,0.94375,27,155,0.7861842105263158,0.9901153212520593,0.7861842105263158,0.9024024024024024,0.9755102040816327,6,65
1884,consecutive_count,"{""min_consecutive"": 3, ""min_count"": 4, ""threshold"": 0.675}",0.7447154471544716,0.9816053511705686,0.7447154471544716,0.8820435762584523,0.9541666666666667,22,157,0.7868852459016393,0.9917491749174917,0.7868852459016393,0.9024024024024024,0.9795918367346939,5,65
1885,consecutive_ratio,"{""min_consecutive"": 3, ""min_ratio"": 0.09, ""threshold"": 0.675}",0.7447154471544716,0.9816053511705686,0.7447154471544716,0.8820435762584523,0.9541666666666667,22,157,0.7868852459016393,0.9917491749174917,0.7868852459016393,0.9024024024024024,0.9795918367346939,5,65
1886,hysteresis,"{""high"": 0.75, ""low"": 0.65, ""min_consecutive"": 2}",0.7447154471544716,0.9816053511705686,0.7447154471544716,0.8820435762584523,0.9541666666666667,22,157,0.7694805194805194,0.9867330016583747,0.7694805194805194,0.8933933933933934,0.9673469387755103,8,71
1887,hysteresis,"{""high"": 0.75, ""low"": 0.6, ""min_consecutive"": 2}",0.7447154471544716,0.9816053511705686,0.7447154471544716,0.8820435762584523,0.9541666666666667,22,157,0.7745098039215687,0.9867768595041322,0.7745098039215687,0.8963963963963963,0.9673469387755103,8,69
1888,hysteresis,"{""high"": 0.75, ""low"": 0.55, ""min_consecutive"": 3}",0.7447154471544716,0.9816053511705686,0.7447154471544716,0.8820435762584523,0.9541666666666667,22,157,0.7694805194805194,0.9867330016583747,0.7694805194805194,0.8933933933933934,0.9673469387755103,8,71
1889,consecutive_count,"{""min_consecutive"": 1, ""min_count"": 2, ""threshold"": 0.725}",0.7446808510638298,0.9791666666666666,0.7446808510638298,0.8827948910593538,0.9479166666666666,25,156,0.7752442996742671,0.9884105960264901,0.7752442996742671,0.8963963963963963,0.9714285714285714,7,69
1890,consecutive_ratio,"{""min_consecutive"": 1, ""min_ratio"": 0.03, ""threshold"": 0.725}",0.7446808510638298,0.9791666666666666,0.7446808510638298,0.8827948910593538,0.9479166666666666,25,156,0.7752442996742671,0.9884105960264901,0.7752442996742671,0.8963963963963963,0.9714285714285714,7,69
1891,consecutive_count,"{""min_consecutive"": 1, ""min_count"": 5, ""threshold"": 0.65}",0.744299674267101,0.9807852965747702,0.744299674267101,0.8820435762584523,0.9520833333333333,23,157,0.7920792079207921,0.9917763157894737,0.7920792079207921,0.9054054054054054,0.9795918367346939,5,63
1892,consecutive_ratio,"{""min_consecutive"": 1, ""min_ratio"": 0.11, ""threshold"": 0.65}",0.744299674267101,0.9807852965747702,0.744299674267101,0.8820435762584523,0.9520833333333333,23,157,0.7920792079207921,0.9917763157894737,0.7920792079207921,0.9054054054054054,0.9795918367346939,5,63
1893,consecutive_count,"{""min_consecutive"": 2, ""min_count"": 5, ""threshold"": 0.65}",0.744299674267101,0.9807852965747702,0.744299674267101,0.8820435762584523,0.9520833333333333,23,157,0.7920792079207921,0.9917763157894737,0.7920792079207921,0.9054054054054054,0.9795918367346939,5,63
1894,consecutive_ratio,"{""min_consecutive"": 2, ""min_ratio"": 0.11, ""threshold"": 0.65}",0.744299674267101,0.9807852965747702,0.744299674267101,0.8820435762584523,0.9520833333333333,23,157,0.7920792079207921,0.9917763157894737,0.7920792079207921,0.9054054054054054,0.9795918367346939,5,63
1895,consecutive_count,"{""min_consecutive"": 3, ""min_count"": 5, ""threshold"": 0.65}",0.744299674267101,0.9807852965747702,0.744299674267101,0.8820435762584523,0.9520833333333333,23,157,0.7920792079207921,0.9917763157894737,0.7920792079207921,0.9054054054054054,0.9795918367346939,5,63
1896,consecutive_ratio,"{""min_consecutive"": 3, ""min_ratio"": 0.11, ""threshold"": 0.65}",0.744299674267101,0.9807852965747702,0.744299674267101,0.8820435762584523,0.9520833333333333,23,157,0.7920792079207921,0.9917763157894737,0.7920792079207921,0.9054054054054054,0.9795918367346939,5,63
1897,consecutive_count,"{""min_consecutive"": 4, ""min_count"": 5, ""threshold"": 0.65}",0.7439222042139384,0.9824120603015075,0.7439222042139384,0.8812922614575507,0.95625,21,158,0.7894736842105263,0.9917627677100495,0.7894736842105263,0.9039039039039038,0.9795918367346939,5,64
1898,consecutive_ratio,"{""min_consecutive"": 4, ""min_ratio"": 0.11, ""threshold"": 0.65}",0.7439222042139384,0.9824120603015075,0.7439222042139384,0.8812922614575507,0.95625,21,158,0.7894736842105263,0.9917627677100495,0.7894736842105263,0.9039039039039038,0.9795918367346939,5,64
1899,consecutive,"{""min_consecutive"": 2, ""threshold"": 0.725}",0.7438825448613376,0.9799666110183639,0.7438825448613376,0.8820435762584523,0.95,24,157,0.7702265372168284,0.9883720930232558,0.7702265372168284,0.8933933933933934,0.9714285714285714,7,71
1900,consecutive_count,"{""min_consecutive"": 2, ""min_count"": 2, ""threshold"": 0.725}",0.7438825448613376,0.9799666110183639,0.7438825448613376,0.8820435762584523,0.95,24,157,0.7702265372168284,0.9883720930232558,0.7702265372168284,0.8933933933933934,0.9714285714285714,7,71
1901,consecutive_ratio,"{""min_consecutive"": 2, ""min_ratio"": 0.03, ""threshold"": 0.725}",0.7438825448613376,0.9799666110183639,0.7438825448613376,0.8820435762584523,0.95,24,157,0.7702265372168284,0.9883720930232558,0.7702265372168284,0.8933933933933934,0.9714285714285714,7,71
1902,consecutive,"{""min_consecutive"": 4, ""threshold"": 0.675}",0.7435483870967742,0.984047019311503,0.7435483870967742,0.8805409466566492,0.9604166666666667,19,159,0.7792207792207793,0.9917081260364843,0.7792207792207793,0.8978978978978979,0.9795918367346939,5,68
1903,consecutive_count,"{""min_consecutive"": 4, ""min_count"": 2, ""threshold"": 0.675}",0.7435483870967742,0.984047019311503,0.7435483870967742,0.8805409466566492,0.9604166666666667,19,159,0.7792207792207793,0.9917081260364843,0.7792207792207793,0.8978978978978979,0.9795918367346939,5,68
1904,consecutive_count,"{""min_consecutive"": 4, ""min_count"": 3, ""threshold"": 0.675}",0.7435483870967742,0.984047019311503,0.7435483870967742,0.8805409466566492,0.9604166666666667,19,159,0.7792207792207793,0.9917081260364843,0.7792207792207793,0.8978978978978979,0.9795918367346939,5,68
1905,consecutive_count,"{""min_consecutive"": 4, ""min_count"": 4, ""threshold"": 0.675}",0.7435483870967742,0.984047019311503,0.7435483870967742,0.8805409466566492,0.9604166666666667,19,159,0.7792207792207793,0.9917081260364843,0.7792207792207793,0.8978978978978979,0.9795918367346939,5,68
1906,consecutive_ratio,"{""min_consecutive"": 4, ""min_ratio"": 0.03, ""threshold"": 0.675}",0.7435483870967742,0.984047019311503,0.7435483870967742,0.8805409466566492,0.9604166666666667,19,159,0.7792207792207793,0.9917081260364843,0.7792207792207793,0.8978978978978979,0.9795918367346939,5,68
1907,consecutive_ratio,"{""min_consecutive"": 4, ""min_ratio"": 0.05, ""threshold"": 0.675}",0.7435483870967742,0.984047019311503,0.7435483870967742,0.8805409466566492,0.9604166666666667,19,159,0.7792207792207793,0.9917081260364843,0.7792207792207793,0.8978978978978979,0.9795918367346939,5,68
1908,consecutive_ratio,"{""min_consecutive"": 4, ""min_ratio"": 0.07, ""threshold"": 0.675}",0.7435483870967742,0.984047019311503,0.7435483870967742,0.8805409466566492,0.9604166666666667,19,159,0.7792207792207793,0.9917081260364843,0.7792207792207793,0.8978978978978979,0.9795918367346939,5,68
1909,consecutive_ratio,"{""min_consecutive"": 4, ""min_ratio"": 0.09, ""threshold"": 0.675}",0.7435483870967742,0.984047019311503,0.7435483870967742,0.8805409466566492,0.9604166666666667,19,159,0.7792207792207793,0.9917081260364843,0.7792207792207793,0.8978978978978979,0.9795918367346939,5,68
1910,consecutive_count,"{""min_consecutive"": 1, ""min_count"": 11, ""threshold"": 0.525}",0.7431340872374798,0.9832214765100671,0.7431340872374798,0.8805409466566492,0.9583333333333334,20,159,0.7814569536423841,0.9852216748768473,0.7814569536423841,0.9009009009009009,0.963265306122449,9,66
1911,consecutive_count,"{""min_consecutive"": 2, ""min_count"": 11, ""threshold"": 0.525}",0.7431340872374798,0.9832214765100671,0.7431340872374798,0.8805409466566492,0.9583333333333334,20,159,0.7814569536423841,0.9852216748768473,0.7814569536423841,0.9009009009009009,0.963265306122449,9,66
1912,consecutive_count,"{""min_consecutive"": 3, ""min_count"": 11, ""threshold"": 0.525}",0.7431340872374798,0.9832214765100671,0.7431340872374798,0.8805409466566492,0.9583333333333334,20,159,0.7814569536423841,0.9852216748768473,0.7814569536423841,0.9009009009009009,0.963265306122449,9,66
1913,consecutive_count,"{""min_consecutive"": 4, ""min_count"": 11, ""threshold"": 0.525}",0.7431340872374798,0.9832214765100671,0.7431340872374798,0.8805409466566492,0.9583333333333334,20,159,0.7814569536423841,0.9852216748768473,0.7814569536423841,0.9009009009009009,0.963265306122449,9,66
1914,consecutive_count,"{""min_consecutive"": 5, ""min_count"": 11, ""threshold"": 0.525}",0.7431340872374798,0.9832214765100671,0.7431340872374798,0.8805409466566492,0.9583333333333334,20,159,0.7814569536423841,0.9852216748768473,0.7814569536423841,0.9009009009009009,0.963265306122449,9,66
1915,consecutive_count,"{""min_consecutive"": 6, ""min_count"": 11, ""threshold"": 0.525}",0.7431340872374798,0.9832214765100671,0.7431340872374798,0.8805409466566492,0.9583333333333334,20,159,0.7814569536423841,0.9852216748768473,0.7814569536423841,0.9009009009009009,0.963265306122449,9,66
1916,hysteresis,"{""high"": 0.7, ""low"": 0.6, ""min_consecutive"": 5}",0.742671009771987,0.9799498746867168,0.742671009771987,0.8812922614575507,0.95,24,158,0.7901639344262295,0.9933993399339934,0.7901639344262295,0.9039039039039038,0.9836734693877551,4,64
1917,hysteresis,"{""high"": 0.675, ""low"": 0.575, ""min_consecutive"": 6}",0.7422512234910277,0.9791318864774624,0.7422512234910277,0.8812922614575507,0.9479166666666666,25,158,0.7973421926910299,0.9918032786885246,0.7973421926910299,0.9084084084084084,0.9795918367346939,5,61
1918,hysteresis,"{""high"": 0.65, ""low"": 0.55, ""min_consecutive"": 8}",0.7419354838709677,0.9832073887489504,0.7419354838709677,0.8797896318557475,0.9583333333333334,20,160,0.780327868852459,0.9884488448844885,0.780327868852459,0.8993993993993994,0.9714285714285714,7,67
1919,consecutive_count,"{""min_consecutive"": 1, ""min_count"": 7, ""threshold"": 0.6}",0.7418831168831169,0.9807531380753138,0.7418831168831169,0.8805409466566492,0.9520833333333333,23,159,0.7836065573770492,0.9900990099009901,0.7836065573770492,0.9009009009009009,0.9755102040816327,6,66
1920,consecutive_ratio,"{""min_consecutive"": 1, ""min_ratio"": 0.15, ""threshold"": 0.6}",0.7418831168831169,0.9807531380753138,0.7418831168831169,0.8805409466566492,0.9520833333333333,23,159,0.7836065573770492,0.9900990099009901,0.7836065573770492,0.9009009009009009,0.9755102040816327,6,66
1921,consecutive_count,"{""min_consecutive"": 2, ""min_count"": 7, ""threshold"": 0.6}",0.7418831168831169,0.9807531380753138,0.7418831168831169,0.8805409466566492,0.9520833333333333,23,159,0.7836065573770492,0.9900990099009901,0.7836065573770492,0.9009009009009009,0.9755102040816327,6,66
1922,consecutive_ratio,"{""min_consecutive"": 2, ""min_ratio"": 0.15, ""threshold"": 0.6}",0.7418831168831169,0.9807531380753138,0.7418831168831169,0.8805409466566492,0.9520833333333333,23,159,0.7836065573770492,0.9900990099009901,0.7836065573770492,0.9009009009009009,0.9755102040816327,6,66
1923,consecutive_count,"{""min_consecutive"": 3, ""min_count"": 7, ""threshold"": 0.6}",0.7418831168831169,0.9807531380753138,0.7418831168831169,0.8805409466566492,0.9520833333333333,23,159,0.7836065573770492,0.9900990099009901,0.7836065573770492,0.9009009009009009,0.9755102040816327,6,66
1924,consecutive_ratio,"{""min_consecutive"": 3, ""min_ratio"": 0.15, ""threshold"": 0.6}",0.7418831168831169,0.9807531380753138,0.7418831168831169,0.8805409466566492,0.9520833333333333,23,159,0.7836065573770492,0.9900990099009901,0.7836065573770492,0.9009009009009009,0.9755102040816327,6,66
1925,consecutive_count,"{""min_consecutive"": 4, ""min_count"": 7, ""threshold"": 0.6}",0.7418831168831169,0.9807531380753138,0.7418831168831169,0.8805409466566492,0.9520833333333333,23,159,0.7836065573770492,0.9900990099009901,0.7836065573770492,0.9009009009009009,0.9755102040816327,6,66
1926,consecutive_ratio,"{""min_consecutive"": 4, ""min_ratio"": 0.15, ""threshold"": 0.6}",0.7418831168831169,0.9807531380753138,0.7418831168831169,0.8805409466566492,0.9520833333333333,23,159,0.7836065573770492,0.9900990099009901,0.7836065573770492,0.9009009009009009,0.9755102040816327,6,66
1927,consecutive_count,"{""min_consecutive"": 7, ""min_count"": 8, ""threshold"": 0.575}",0.7407407407407407,0.9831932773109243,0.7407407407407407,0.879038317054846,0.9583333333333334,20,161,0.7727272727272727,0.988391376451078,0.7727272727272727,0.8948948948948949,0.9714285714285714,7,70
1928,topk_mean,"{""threshold"": 0.725, ""top_k"": 4}",0.7407407407407407,0.9831932773109243,0.7407407407407407,0.879038317054846,0.9583333333333334,20,161,0.7660256410256411,0.989983305509182,0.7660256410256411,0.8903903903903904,0.9755102040816327,6,73
1929,hysteresis,"{""high"": 0.75, ""low"": 0.7, ""min_consecutive"": 2}",0.7403225806451613,0.982367758186398,0.7403225806451613,0.879038317054846,0.95625,21,161,0.7702265372168284,0.9883720930232558,0.7702265372168284,0.8933933933933934,0.9714285714285714,7,71
1930,consecutive_count,"{""min_consecutive"": 7, ""min_count"": 11, ""threshold"": 0.525}",0.7399678972712681,0.984006734006734,0.7399678972712681,0.8782870022539444,0.9604166666666667,19,162,0.7814569536423841,0.9852216748768473,0.7814569536423841,0.9009009009009009,0.963265306122449,9,66
1931,consecutive_count,"{""min_consecutive"": 5, ""min_count"": 7, ""threshold"": 0.6}",0.7399030694668821,0.9815436241610739,0.7399030694668821,0.879038317054846,0.9541666666666667,22,161,0.7785016286644951,0.9900662251655629,0.7785016286644951,0.8978978978978979,0.9755102040816327,6,68
1932,consecutive_ratio,"{""min_consecutive"": 5, ""min_ratio"": 0.15, ""threshold"": 0.6}",0.7399030694668821,0.9815436241610739,0.7399030694668821,0.879038317054846,0.9541666666666667,22,161,0.7785016286644951,0.9900662251655629,0.7785016286644951,0.8978978978978979,0.9755102040816327,6,68
1933,consecutive,"{""min_consecutive"": 4, ""threshold"": 0.35}",0.7395833333333334,0.9131341209173037,0.9543010752688172,0.9872276483846731,0.7395833333333334,125,17,0.7428571428571429,0.9128630705394191,0.9680851063829787,0.990990990990991,0.7428571428571429,63,6
1934,consecutive_count,"{""min_consecutive"": 4, ""min_count"": 2, ""threshold"": 0.35}",0.7395833333333334,0.9131341209173037,0.9543010752688172,0.9872276483846731,0.7395833333333334,125,17,0.7428571428571429,0.9128630705394191,0.9680851063829787,0.990990990990991,0.7428571428571429,63,6
1935,consecutive_count,"{""min_consecutive"": 4, ""min_count"": 3, ""threshold"": 0.35}",0.7395833333333334,0.9131341209173037,0.9543010752688172,0.9872276483846731,0.7395833333333334,125,17,0.7428571428571429,0.9128630705394191,0.9680851063829787,0.990990990990991,0.7428571428571429,63,6
1936,consecutive_count,"{""min_consecutive"": 4, ""min_count"": 4, ""threshold"": 0.35}",0.7395833333333334,0.9131341209173037,0.9543010752688172,0.9872276483846731,0.7395833333333334,125,17,0.7428571428571429,0.9128630705394191,0.9680851063829787,0.990990990990991,0.7428571428571429,63,6
1937,consecutive_ratio,"{""min_consecutive"": 4, ""min_ratio"": 0.03, ""threshold"": 0.35}",0.7395833333333334,0.9131341209173037,0.9543010752688172,0.9872276483846731,0.7395833333333334,125,17,0.7428571428571429,0.9128630705394191,0.9680851063829787,0.990990990990991,0.7428571428571429,63,6
1938,consecutive_ratio,"{""min_consecutive"": 4, ""min_ratio"": 0.05, ""threshold"": 0.35}",0.7395833333333334,0.9131341209173037,0.9543010752688172,0.9872276483846731,0.7395833333333334,125,17,0.7428571428571429,0.9128630705394191,0.9680851063829787,0.990990990990991,0.7428571428571429,63,6
1939,consecutive_ratio,"{""min_consecutive"": 4, ""min_ratio"": 0.07, ""threshold"": 0.35}",0.7395833333333334,0.9131341209173037,0.9543010752688172,0.9872276483846731,0.7395833333333334,125,17,0.7428571428571429,0.9128630705394191,0.9680851063829787,0.990990990990991,0.7428571428571429,63,6
1940,consecutive_ratio,"{""min_consecutive"": 4, ""min_ratio"": 0.09, ""threshold"": 0.35}",0.7395833333333334,0.9131341209173037,0.9543010752688172,0.9872276483846731,0.7395833333333334,125,17,0.7428571428571429,0.9128630705394191,0.9680851063829787,0.990990990990991,0.7428571428571429,63,6
1941,hysteresis,"{""high"": 0.725, ""low"": 0.625, ""min_consecutive"": 4}",0.7394822006472492,0.980720871751886,0.7394822006472492,0.879038317054846,0.9520833333333333,23,161,0.775974025974026,0.9900497512437811,0.775974025974026,0.8963963963963963,0.9755102040816327,6,69
1942,consecutive_count,"{""min_consecutive"": 1, ""min_count"": 10, ""threshold"": 0.55}",0.7392,0.984822934232715,0.7392,0.8775356874530428,0.9625,18,163,0.7745098039215687,0.9867768595041322,0.7745098039215687,0.8963963963963963,0.9673469387755103,8,69
1943,consecutive_count,"{""min_consecutive"": 2, ""min_count"": 10, ""threshold"": 0.55}",0.7392,0.984822934232715,0.7392,0.8775356874530428,0.9625,18,163,0.7745098039215687,0.9867768595041322,0.7745098039215687,0.8963963963963963,0.9673469387755103,8,69
1944,consecutive_count,"{""min_consecutive"": 3, ""min_count"": 10, ""threshold"": 0.55}",0.7392,0.984822934232715,0.7392,0.8775356874530428,0.9625,18,163,0.7745098039215687,0.9867768595041322,0.7745098039215687,0.8963963963963963,0.9673469387755103,8,69
1945,consecutive_count,"{""min_consecutive"": 4, ""min_count"": 10, ""threshold"": 0.55}",0.7392,0.984822934232715,0.7392,0.8775356874530428,0.9625,18,163,0.7745098039215687,0.9867768595041322,0.7745098039215687,0.8963963963963963,0.9673469387755103,8,69
1946,consecutive_count,"{""min_consecutive"": 5, ""min_count"": 10, ""threshold"": 0.55}",0.7392,0.984822934232715,0.7392,0.8775356874530428,0.9625,18,163,0.7745098039215687,0.9867768595041322,0.7745098039215687,0.8963963963963963,0.9673469387755103,8,69
1947,consecutive_count,"{""min_consecutive"": 6, ""min_count"": 10, ""threshold"": 0.55}",0.7392,0.984822934232715,0.7392,0.8775356874530428,0.9625,18,163,0.7745098039215687,0.9867768595041322,0.7745098039215687,0.8963963963963963,0.9673469387755103,8,69
1948,hysteresis,"{""high"": 0.75, ""low"": 0.6, ""min_consecutive"": 3}",0.7391304347826086,0.9823529411764705,0.7391304347826086,0.8782870022539444,0.95625,21,162,0.7669902912621359,0.9867109634551495,0.7669902912621359,0.8918918918918919,0.9673469387755103,8,72
1949,consecutive_count,"{""min_consecutive"": 1, ""min_count"": 6, ""threshold"": 0.625}",0.7390599675850892,0.9798994974874372,0.7390599675850892,0.879038317054846,0.95,24,161,0.7861842105263158,0.9901153212520593,0.7861842105263158,0.9024024024024024,0.9755102040816327,6,65
1950,consecutive_ratio,"{""min_consecutive"": 1, ""min_ratio"": 0.13, ""threshold"": 0.625}",0.7390599675850892,0.9798994974874372,0.7390599675850892,0.879038317054846,0.95,24,161,0.7861842105263158,0.9901153212520593,0.7861842105263158,0.9024024024024024,0.9755102040816327,6,65
1951,consecutive_count,"{""min_consecutive"": 2, ""min_count"": 6, ""threshold"": 0.625}",0.7390599675850892,0.9798994974874372,0.7390599675850892,0.879038317054846,0.95,24,161,0.7861842105263158,0.9901153212520593,0.7861842105263158,0.9024024024024024,0.9755102040816327,6,65
1952,consecutive_ratio,"{""min_consecutive"": 2, ""min_ratio"": 0.13, ""threshold"": 0.625}",0.7390599675850892,0.9798994974874372,0.7390599675850892,0.879038317054846,0.95,24,161,0.7861842105263158,0.9901153212520593,0.7861842105263158,0.9024024024024024,0.9755102040816327,6,65
1953,consecutive_count,"{""min_consecutive"": 3, ""min_count"": 6, ""threshold"": 0.625}",0.7390599675850892,0.9798994974874372,0.7390599675850892,0.879038317054846,0.95,24,161,0.7861842105263158,0.9901153212520593,0.7861842105263158,0.9024024024024024,0.9755102040816327,6,65
1954,consecutive_ratio,"{""min_consecutive"": 3, ""min_ratio"": 0.13, ""threshold"": 0.625}",0.7390599675850892,0.9798994974874372,0.7390599675850892,0.879038317054846,0.95,24,161,0.7861842105263158,0.9901153212520593,0.7861842105263158,0.9024024024024024,0.9755102040816327,6,65
1955,hysteresis,"{""high"": 0.7, ""low"": 0.55, ""min_consecutive"": 6}",0.7386363636363636,0.9790794979079498,0.7386363636363636,0.879038317054846,0.9479166666666666,25,161,0.7927631578947368,0.9934102141680395,0.7927631578947368,0.9054054054054054,0.9836734693877551,4,63
1956,consecutive_count,"{""min_consecutive"": 4, ""min_count"": 6, ""threshold"": 0.625}",0.7382875605815832,0.9807046979865772,0.7382875605815832,0.8782870022539444,0.9520833333333333,23,162,0.7836065573770492,0.9900990099009901,0.7836065573770492,0.9009009009009009,0.9755102040816327,6,66
1957,consecutive_ratio,"{""min_consecutive"": 4, ""min_ratio"": 0.13, ""threshold"": 0.625}",0.7382875605815832,0.9807046979865772,0.7382875605815832,0.8782870022539444,0.9520833333333333,23,162,0.7836065573770492,0.9900990099009901,0.7836065573770492,0.9009009009009009,0.9755102040816327,6,66
1958,hysteresis,"{""high"": 0.7, ""low"": 0.5, ""min_consecutive"": 7}",0.7378640776699029,0.9798826487845766,0.7378640776699029,0.8782870022539444,0.95,24,162,0.7887788778877888,0.9901315789473685,0.7887788778877888,0.9039039039039038,0.9755102040816327,6,64
1959,consecutive,"{""min_consecutive"": 5, ""threshold"": 0.65}",0.7371794871794872,0.983150800336984,0.7371794871794872,0.8767843726521413,0.9583333333333334,20,164,0.7843137254901961,0.9917355371900827,0.7843137254901961,0.9009009009009009,0.9795918367346939,5,66
1960,consecutive_count,"{""min_consecutive"": 5, ""min_count"": 2, ""threshold"": 0.65}",0.7371794871794872,0.983150800336984,0.7371794871794872,0.8767843726521413,0.9583333333333334,20,164,0.7843137254901961,0.9917355371900827,0.7843137254901961,0.9009009009009009,0.9795918367346939,5,66
1961,consecutive_count,"{""min_consecutive"": 5, ""min_count"": 3, ""threshold"": 0.65}",0.7371794871794872,0.983150800336984,0.7371794871794872,0.8767843726521413,0.9583333333333334,20,164,0.7843137254901961,0.9917355371900827,0.7843137254901961,0.9009009009009009,0.9795918367346939,5,66
1962,consecutive_count,"{""min_consecutive"": 5, ""min_count"": 4, ""threshold"": 0.65}",0.7371794871794872,0.983150800336984,0.7371794871794872,0.8767843726521413,0.9583333333333334,20,164,0.7843137254901961,0.9917355371900827,0.7843137254901961,0.9009009009009009,0.9795918367346939,5,66
1963,consecutive_count,"{""min_consecutive"": 5, ""min_count"": 5, ""threshold"": 0.65}",0.7371794871794872,0.983150800336984,0.7371794871794872,0.8767843726521413,0.9583333333333334,20,164,0.7843137254901961,0.9917355371900827,0.7843137254901961,0.9009009009009009,0.9795918367346939,5,66
1964,consecutive_ratio,"{""min_consecutive"": 5, ""min_ratio"": 0.03, ""threshold"": 0.65}",0.7371794871794872,0.983150800336984,0.7371794871794872,0.8767843726521413,0.9583333333333334,20,164,0.7843137254901961,0.9917355371900827,0.7843137254901961,0.9009009009009009,0.9795918367346939,5,66
1965,consecutive_ratio,"{""min_consecutive"": 5, ""min_ratio"": 0.05, ""threshold"": 0.65}",0.7371794871794872,0.983150800336984,0.7371794871794872,0.8767843726521413,0.9583333333333334,20,164,0.7843137254901961,0.9917355371900827,0.7843137254901961,0.9009009009009009,0.9795918367346939,5,66
1966,consecutive_ratio,"{""min_consecutive"": 5, ""min_ratio"": 0.07, ""threshold"": 0.65}",0.7371794871794872,0.983150800336984,0.7371794871794872,0.8767843726521413,0.9583333333333334,20,164,0.7843137254901961,0.9917355371900827,0.7843137254901961,0.9009009009009009,0.9795918367346939,5,66
1967,consecutive_ratio,"{""min_consecutive"": 5, ""min_ratio"": 0.09, ""threshold"": 0.65}",0.7371794871794872,0.983150800336984,0.7371794871794872,0.8767843726521413,0.9583333333333334,20,164,0.7843137254901961,0.9917355371900827,0.7843137254901961,0.9009009009009009,0.9795918367346939,5,66
1968,consecutive_ratio,"{""min_consecutive"": 5, ""min_ratio"": 0.11, ""threshold"": 0.65}",0.7371794871794872,0.983150800336984,0.7371794871794872,0.8767843726521413,0.9583333333333334,20,164,0.7843137254901961,0.9917355371900827,0.7843137254901961,0.9009009009009009,0.9795918367346939,5,66
1969,hysteresis,"{""high"": 0.75, ""low"": 0.65, ""min_consecutive"": 3}",0.7371794871794872,0.983150800336984,0.7371794871794872,0.8767843726521413,0.9583333333333334,20,164,0.7660256410256411,0.989983305509182,0.7660256410256411,0.8903903903903904,0.9755102040816327,6,73
1970,hysteresis,"{""high"": 0.65, ""low"": 0.6, ""min_consecutive"": 6}",0.737012987012987,0.9782426778242678,0.737012987012987,0.8782870022539444,0.9458333333333333,26,162,0.7836065573770492,0.9900990099009901,0.7836065573770492,0.9009009009009009,0.9755102040816327,6,66
1971,consecutive_count,"{""min_consecutive"": 1, ""min_count"": 12, ""threshold"": 0.5}",0.7367576243980738,0.9823232323232324,0.7367576243980738,0.8767843726521413,0.95625,21,164,0.7774086378737541,0.9819672131147541,0.7774086378737541,0.8993993993993994,0.9551020408163265,11,67
1972,consecutive_count,"{""min_consecutive"": 2, ""min_count"": 12, ""threshold"": 0.5}",0.7367576243980738,0.9823232323232324,0.7367576243980738,0.8767843726521413,0.95625,21,164,0.7774086378737541,0.9819672131147541,0.7774086378737541,0.8993993993993994,0.9551020408163265,11,67
1973,consecutive_count,"{""min_consecutive"": 3, ""min_count"": 12, ""threshold"": 0.5}",0.7367576243980738,0.9823232323232324,0.7367576243980738,0.8767843726521413,0.95625,21,164,0.7774086378737541,0.9819672131147541,0.7774086378737541,0.8993993993993994,0.9551020408163265,11,67
1974,consecutive_count,"{""min_consecutive"": 4, ""min_count"": 12, ""threshold"": 0.5}",0.7367576243980738,0.9823232323232324,0.7367576243980738,0.8767843726521413,0.95625,21,164,0.7774086378737541,0.9819672131147541,0.7774086378737541,0.8993993993993994,0.9551020408163265,11,67
1975,consecutive_count,"{""min_consecutive"": 5, ""min_count"": 12, ""threshold"": 0.5}",0.7367576243980738,0.9823232323232324,0.7367576243980738,0.8767843726521413,0.95625,21,164,0.7774086378737541,0.9819672131147541,0.7774086378737541,0.8993993993993994,0.9551020408163265,11,67
1976,consecutive_count,"{""min_consecutive"": 6, ""min_count"": 12, ""threshold"": 0.5}",0.7367576243980738,0.9823232323232324,0.7367576243980738,0.8767843726521413,0.95625,21,164,0.7774086378737541,0.9819672131147541,0.7774086378737541,0.8993993993993994,0.9551020408163265,11,67
1977,consecutive,"{""min_consecutive"": 9, ""threshold"": 0.55}",0.7367576243980738,0.9823232323232324,0.7367576243980738,0.8767843726521413,0.95625,21,164,0.7628205128205128,0.988313856427379,0.7628205128205128,0.8888888888888888,0.9714285714285714,7,74
1978,consecutive_count,"{""min_consecutive"": 6, ""min_count"": 7, ""threshold"": 0.6}",0.7367576243980738,0.9823232323232324,0.7367576243980738,0.8767843726521413,0.95625,21,164,0.775974025974026,0.9900497512437811,0.775974025974026,0.8963963963963963,0.9755102040816327,6,69
1979,consecutive_ratio,"{""min_consecutive"": 6, ""min_ratio"": 0.15, ""threshold"": 0.6}",0.7367576243980738,0.9823232323232324,0.7367576243980738,0.8767843726521413,0.95625,21,164,0.775974025974026,0.9900497512437811,0.775974025974026,0.8963963963963963,0.9755102040816327,6,69
1980,hysteresis,"{""high"": 0.6, ""low"": 0.55, ""min_consecutive"": 9}",0.7367576243980738,0.9823232323232324,0.7367576243980738,0.8767843726521413,0.95625,21,164,0.7635782747603834,0.9899665551839465,0.7635782747603834,0.8888888888888888,0.9755102040816327,6,74
1981,hysteresis,"{""high"": 0.75, ""low"": 0.55, ""min_consecutive"": 4}",0.7367576243980738,0.9823232323232324,0.7367576243980738,0.8767843726521413,0.95625,21,164,0.7652733118971061,0.9883333333333333,0.7652733118971061,0.8903903903903904,0.9714285714285714,7,73
1982,consecutive_count,"{""min_consecutive"": 7, ""min_count"": 10, ""threshold"": 0.55}",0.7360890302066773,0.9856175972927242,0.7360890302066773,0.8752817430503381,0.9645833333333333,17,166,0.7669902912621359,0.9867109634551495,0.7669902912621359,0.8918918918918919,0.9673469387755103,8,72
1983,topk_mean,"{""threshold"": 0.75, ""top_k"": 2}",0.736,0.9831365935919055,0.736,0.8760330578512396,0.9583333333333334,20,165,0.7652733118971061,0.9883333333333333,0.7652733118971061,0.8903903903903904,0.9714285714285714,7,73
1984,hysteresis,"{""high"": 0.725, ""low"": 0.525, ""min_consecutive"": 6}",0.7359098228663447,0.980672268907563,0.7359098228663447,0.8767843726521413,0.9520833333333333,23,164,0.7843137254901961,0.9917355371900827,0.7843137254901961,0.9009009009009009,0.9795918367346939,5,66
1985,consecutive,"{""min_consecutive"": 2, ""threshold"": 0.4}",0.7354166666666667,0.9121107266435986,0.9644808743169399,0.9902329075882795,0.7354166666666667,127,13,0.726530612244898,0.9080932784636488,0.978021978021978,0.993993993993994,0.726530612244898,67,4
1986,consecutive_count,"{""min_consecutive"": 2, ""min_count"": 2, ""threshold"": 0.4}",0.7354166666666667,0.9121107266435986,0.9644808743169399,0.9902329075882795,0.7354166666666667,127,13,0.726530612244898,0.9080932784636488,0.978021978021978,0.993993993993994,0.726530612244898,67,4
1987,consecutive_ratio,"{""min_consecutive"": 2, ""min_ratio"": 0.03, ""threshold"": 0.4}",0.7354166666666667,0.9121107266435986,0.9644808743169399,0.9902329075882795,0.7354166666666667,127,13,0.726530612244898,0.9080932784636488,0.978021978021978,0.993993993993994,0.726530612244898,67,4
1988,consecutive_count,"{""min_consecutive"": 1, ""min_count"": 4, ""threshold"": 0.7}",0.7353407290015848,0.9864406779661017,0.7353407290015848,0.8745304282494365,0.9666666666666667,16,167,0.7724358974358975,0.993322203672788,0.7724358974358975,0.8933933933933934,0.9836734693877551,4,71
1989,consecutive_ratio,"{""min_consecutive"": 1, ""min_ratio"": 0.09, ""threshold"": 0.7}",0.7353407290015848,0.9864406779661017,0.7353407290015848,0.8745304282494365,0.9666666666666667,16,167,0.7724358974358975,0.993322203672788,0.7724358974358975,0.8933933933933934,0.9836734693877551,4,71
1990,consecutive_count,"{""min_consecutive"": 2, ""min_count"": 4, ""threshold"": 0.7}",0.7353407290015848,0.9864406779661017,0.7353407290015848,0.8745304282494365,0.9666666666666667,16,167,0.7724358974358975,0.993322203672788,0.7724358974358975,0.8933933933933934,0.9836734693877551,4,71
1991,consecutive_ratio,"{""min_consecutive"": 2, ""min_ratio"": 0.09, ""threshold"": 0.7}",0.7353407290015848,0.9864406779661017,0.7353407290015848,0.8745304282494365,0.9666666666666667,16,167,0.7724358974358975,0.993322203672788,0.7724358974358975,0.8933933933933934,0.9836734693877551,4,71
1992,hysteresis,"{""high"": 0.675, ""low"": 0.525, ""min_consecutive"": 8}",0.7351524879614767,0.9814814814814815,0.7351524879614767,0.8760330578512396,0.9541666666666667,22,165,0.7861842105263158,0.9901153212520593,0.7861842105263158,0.9024024024024024,0.9755102040816327,6,65
1993,hysteresis,"{""high"": 0.725, ""low"": 0.575, ""min_consecutive"": 5}",0.7351524879614767,0.9814814814814815,0.7351524879614767,0.8760330578512396,0.9541666666666667,22,165,0.7817589576547231,0.9917218543046358,0.7817589576547231,0.8993993993993994,0.9795918367346939,5,67
1994,consecutive,"{""min_consecutive"": 8, ""threshold"": 0.575}",0.7348242811501597,0.9831223628691983,0.7348242811501597,0.8752817430503381,0.9583333333333334,20,166,0.7660256410256411,0.989983305509182,0.7660256410256411,0.8903903903903904,0.9755102040816327,6,73
1995,hysteresis,"{""high"": 0.725, ""low"": 0.675, ""min_consecutive"": 4}",0.7344992050874404,0.9847715736040609,0.7344992050874404,0.8745304282494365,0.9625,18,167,0.7643312101910829,0.9916247906197655,0.7643312101910829,0.8888888888888888,0.9795918367346939,5,74
1996,consecutive_count,"{""min_consecutive"": 7, ""min_count"": 12, ""threshold"": 0.5}",0.7344,0.9822934232715008,0.7344,0.8752817430503381,0.95625,21,166,0.7774086378737541,0.9819672131147541,0.7774086378737541,0.8993993993993994,0.9551020408163265,11,67
1997,consecutive_count,"{""min_consecutive"": 3, ""min_count"": 4, ""threshold"": 0.7}",0.7341772151898734,0.9864291772688719,0.7341772151898734,0.873779113448535,0.9666666666666667,16,168,0.767515923566879,0.9932998324958124,0.767515923566879,0.8903903903903904,0.9836734693877551,4,73
1998,consecutive_ratio,"{""min_consecutive"": 3, ""min_ratio"": 0.09, ""threshold"": 0.7}",0.7341772151898734,0.9864291772688719,0.7341772151898734,0.873779113448535,0.9666666666666667,16,168,0.767515923566879,0.9932998324958124,0.767515923566879,0.8903903903903904,0.9836734693877551,4,73
1999,hysteresis,"{""high"": 0.625, ""low"": 0.575, ""min_consecutive"": 8}",0.733652312599681,0.9831081081081081,0.733652312599681,0.8745304282494365,0.9583333333333334,20,167,0.7660256410256411,0.989983305509182,0.7660256410256411,0.8903903903903904,0.9755102040816327,6,73
2000,consecutive_count,"{""min_consecutive"": 5, ""min_count"": 6, ""threshold"": 0.625}",0.7335473515248796,0.9806397306397306,0.7335473515248796,0.8752817430503381,0.9520833333333333,23,166,0.7785016286644951,0.9900662251655629,0.7785016286644951,0.8978978978978979,0.9755102040816327,6,68
2001,consecutive_ratio,"{""min_consecutive"": 5, ""min_ratio"": 0.13, ""threshold"": 0.625}",0.7335473515248796,0.9806397306397306,0.7335473515248796,0.8752817430503381,0.9520833333333333,23,166,0.7785016286644951,0.9900662251655629,0.7785016286644951,0.8978978978978979,0.9755102040816327,6,68
2002,consecutive,"{""min_consecutive"": 3, ""threshold"": 0.375}",0.7333333333333333,0.9112343966712899,0.9539295392953929,0.9872276483846731,0.7333333333333333,128,17,0.710204081632653,0.9030054644808743,0.9720670391061452,0.9924924924924925,0.710204081632653,71,5
2003,consecutive_count,"{""min_consecutive"": 3, ""min_count"": 2, ""threshold"": 0.375}",0.7333333333333333,0.9112343966712899,0.9539295392953929,0.9872276483846731,0.7333333333333333,128,17,0.710204081632653,0.9030054644808743,0.9720670391061452,0.9924924924924925,0.710204081632653,71,5
2004,consecutive_count,"{""min_consecutive"": 3, ""min_count"": 3, ""threshold"": 0.375}",0.7333333333333333,0.9112343966712899,0.9539295392953929,0.9872276483846731,0.7333333333333333,128,17,0.710204081632653,0.9030054644808743,0.9720670391061452,0.9924924924924925,0.710204081632653,71,5
2005,consecutive_ratio,"{""min_consecutive"": 3, ""min_ratio"": 0.03, ""threshold"": 0.375}",0.7333333333333333,0.9112343966712899,0.9539295392953929,0.9872276483846731,0.7333333333333333,128,17,0.710204081632653,0.9030054644808743,0.9720670391061452,0.9924924924924925,0.710204081632653,71,5
2006,consecutive_ratio,"{""min_consecutive"": 3, ""min_ratio"": 0.05, ""threshold"": 0.375}",0.7333333333333333,0.9112343966712899,0.9539295392953929,0.9872276483846731,0.7333333333333333,128,17,0.710204081632653,0.9030054644808743,0.9720670391061452,0.9924924924924925,0.710204081632653,71,5
2007,consecutive_ratio,"{""min_consecutive"": 3, ""min_ratio"": 0.07, ""threshold"": 0.375}",0.7333333333333333,0.9112343966712899,0.9539295392953929,0.9872276483846731,0.7333333333333333,128,17,0.710204081632653,0.9030054644808743,0.9720670391061452,0.9924924924924925,0.710204081632653,71,5
2008,consecutive_count,"{""min_consecutive"": 1, ""min_count"": 9, ""threshold"": 0.575}",0.7333333333333333,0.9847586790855207,0.7333333333333333,0.873779113448535,0.9625,18,168,0.7628205128205128,0.988313856427379,0.7628205128205128,0.8888888888888888,0.9714285714285714,7,74
2009,consecutive_ratio,"{""min_consecutive"": 1, ""min_ratio"": 0.2, ""threshold"": 0.575}",0.7333333333333333,0.9847586790855207,0.7333333333333333,0.873779113448535,0.9625,18,168,0.7628205128205128,0.988313856427379,0.7628205128205128,0.8888888888888888,0.9714285714285714,7,74
2010,consecutive_count,"{""min_consecutive"": 2, ""min_count"": 9, ""threshold"": 0.575}",0.7333333333333333,0.9847586790855207,0.7333333333333333,0.873779113448535,0.9625,18,168,0.7628205128205128,0.988313856427379,0.7628205128205128,0.8888888888888888,0.9714285714285714,7,74
2011,consecutive_ratio,"{""min_consecutive"": 2, ""min_ratio"": 0.2, ""threshold"": 0.575}",0.7333333333333333,0.9847586790855207,0.7333333333333333,0.873779113448535,0.9625,18,168,0.7628205128205128,0.988313856427379,0.7628205128205128,0.8888888888888888,0.9714285714285714,7,74
2012,consecutive_count,"{""min_consecutive"": 3, ""min_count"": 9, ""threshold"": 0.575}",0.7333333333333333,0.9847586790855207,0.7333333333333333,0.873779113448535,0.9625,18,168,0.7628205128205128,0.988313856427379,0.7628205128205128,0.8888888888888888,0.9714285714285714,7,74
2013,consecutive_ratio,"{""min_consecutive"": 3, ""min_ratio"": 0.2, ""threshold"": 0.575}",0.7333333333333333,0.9847586790855207,0.7333333333333333,0.873779113448535,0.9625,18,168,0.7628205128205128,0.988313856427379,0.7628205128205128,0.8888888888888888,0.9714285714285714,7,74
2014,consecutive_count,"{""min_consecutive"": 4, ""min_count"": 9, ""threshold"": 0.575}",0.7333333333333333,0.9847586790855207,0.7333333333333333,0.873779113448535,0.9625,18,168,0.7628205128205128,0.988313856427379,0.7628205128205128,0.8888888888888888,0.9714285714285714,7,74
2015,consecutive_ratio,"{""min_consecutive"": 4, ""min_ratio"": 0.2, ""threshold"": 0.575}",0.7333333333333333,0.9847586790855207,0.7333333333333333,0.873779113448535,0.9625,18,168,0.7628205128205128,0.988313856427379,0.7628205128205128,0.8888888888888888,0.9714285714285714,7,74
2016,consecutive_count,"{""min_consecutive"": 5, ""min_count"": 9, ""threshold"": 0.575}",0.7333333333333333,0.9847586790855207,0.7333333333333333,0.873779113448535,0.9625,18,168,0.7628205128205128,0.988313856427379,0.7628205128205128,0.8888888888888888,0.9714285714285714,7,74
2017,consecutive_ratio,"{""min_consecutive"": 5, ""min_ratio"": 0.2, ""threshold"": 0.575}",0.7333333333333333,0.9847586790855207,0.7333333333333333,0.873779113448535,0.9625,18,168,0.7628205128205128,0.988313856427379,0.7628205128205128,0.8888888888888888,0.9714285714285714,7,74
2018,consecutive_count,"{""min_consecutive"": 1, ""min_count"": 8, ""threshold"": 0.6}",0.7333333333333333,0.9847586790855207,0.7333333333333333,0.873779113448535,0.9625,18,168,0.7660256410256411,0.989983305509182,0.7660256410256411,0.8903903903903904,0.9755102040816327,6,73
2019,consecutive_count,"{""min_consecutive"": 2, ""min_count"": 8, ""threshold"": 0.6}",0.7333333333333333,0.9847586790855207,0.7333333333333333,0.873779113448535,0.9625,18,168,0.7660256410256411,0.989983305509182,0.7660256410256411,0.8903903903903904,0.9755102040816327,6,73
2020,consecutive_count,"{""min_consecutive"": 3, ""min_count"": 8, ""threshold"": 0.6}",0.7333333333333333,0.9847586790855207,0.7333333333333333,0.873779113448535,0.9625,18,168,0.7660256410256411,0.989983305509182,0.7660256410256411,0.8903903903903904,0.9755102040816327,6,73
2021,consecutive_count,"{""min_consecutive"": 4, ""min_count"": 8, ""threshold"": 0.6}",0.7333333333333333,0.9847586790855207,0.7333333333333333,0.873779113448535,0.9625,18,168,0.7660256410256411,0.989983305509182,0.7660256410256411,0.8903903903903904,0.9755102040816327,6,73
2022,topk_mean,"{""threshold"": 0.7, ""top_k"": 7}",0.7333333333333333,0.9847586790855207,0.7333333333333333,0.873779113448535,0.9625,18,168,0.7699680511182109,0.9933110367892977,0.7699680511182109,0.8918918918918919,0.9836734693877551,4,72
2023,consecutive_count,"{""min_consecutive"": 1, ""min_count"": 3, ""threshold"": 0.725}",0.7329093799682035,0.9839255499153976,0.7329093799682035,0.873779113448535,0.9604166666666667,19,168,0.7570977917981072,0.9915824915824916,0.7570977917981072,0.8843843843843844,0.9795918367346939,5,77
2024,consecutive_ratio,"{""min_consecutive"": 1, ""min_ratio"": 0.05, ""threshold"": 0.725}",0.7329093799682035,0.9839255499153976,0.7329093799682035,0.873779113448535,0.9604166666666667,19,168,0.7570977917981072,0.9915824915824916,0.7570977917981072,0.8843843843843844,0.9795918367346939,5,77
2025,consecutive_ratio,"{""min_consecutive"": 1, ""min_ratio"": 0.07, ""threshold"": 0.725}",0.7329093799682035,0.9839255499153976,0.7329093799682035,0.873779113448535,0.9604166666666667,19,168,0.7570977917981072,0.9915824915824916,0.7570977917981072,0.8843843843843844,0.9795918367346939,5,77
2026,consecutive_count,"{""min_consecutive"": 2, ""min_count"": 3, ""threshold"": 0.725}",0.7329093799682035,0.9839255499153976,0.7329093799682035,0.873779113448535,0.9604166666666667,19,168,0.7570977917981072,0.9915824915824916,0.7570977917981072,0.8843843843843844,0.9795918367346939,5,77
2027,consecutive_ratio,"{""min_consecutive"": 2, ""min_ratio"": 0.05, ""threshold"": 0.725}",0.7329093799682035,0.9839255499153976,0.7329093799682035,0.873779113448535,0.9604166666666667,19,168,0.7570977917981072,0.9915824915824916,0.7570977917981072,0.8843843843843844,0.9795918367346939,5,77
2028,consecutive_ratio,"{""min_consecutive"": 2, ""min_ratio"": 0.07, ""threshold"": 0.725}",0.7329093799682035,0.9839255499153976,0.7329093799682035,0.873779113448535,0.9604166666666667,19,168,0.7570977917981072,0.9915824915824916,0.7570977917981072,0.8843843843843844,0.9795918367346939,5,77
2029,hysteresis,"{""high"": 0.75, ""low"": 0.7, ""min_consecutive"": 3}",0.7329093799682035,0.9839255499153976,0.7329093799682035,0.873779113448535,0.9604166666666667,19,168,0.7643312101910829,0.9916247906197655,0.7643312101910829,0.8888888888888888,0.9795918367346939,5,74
2030,consecutive_count,"{""min_consecutive"": 6, ""min_count"": 9, ""threshold"": 0.575}",0.7325949367088608,0.9855810008481765,0.7325949367088608,0.8730277986476334,0.9645833333333333,17,169,0.7628205128205128,0.988313856427379,0.7628205128205128,0.8888888888888888,0.9714285714285714,7,74
2031,consecutive_ratio,"{""min_consecutive"": 6, ""min_ratio"": 0.2, ""threshold"": 0.575}",0.7325949367088608,0.9855810008481765,0.7325949367088608,0.8730277986476334,0.9645833333333333,17,169,0.7628205128205128,0.988313856427379,0.7628205128205128,0.8888888888888888,0.9714285714285714,7,74
2032,hysteresis,"{""high"": 0.7, ""low"": 0.65, ""min_consecutive"": 5}",0.732484076433121,0.9830938292476754,0.732484076433121,0.873779113448535,0.9583333333333334,20,168,0.7824675324675324,0.9933665008291874,0.7824675324675324,0.8993993993993994,0.9836734693877551,4,67
2033,consecutive_count,"{""min_consecutive"": 5, ""min_count"": 8, ""threshold"": 0.6}",0.7321711568938193,0.9847457627118644,0.7321711568938193,0.8730277986476334,0.9625,18,169,0.7660256410256411,0.989983305509182,0.7660256410256411,0.8903903903903904,0.9755102040816327,6,73
2034,hysteresis,"{""high"": 0.7, ""low"": 0.5, ""min_consecutive"": 8}",0.7320574162679426,0.9822635135135135,0.7320574162679426,0.873779113448535,0.95625,21,168,0.7792207792207793,0.9917081260364843,0.7792207792207793,0.8978978978978979,0.9795918367346939,5,68
2035,consecutive_count,"{""min_consecutive"": 6, ""min_count"": 8, ""threshold"": 0.6}",0.731437598736177,0.9855687606112055,0.731437598736177,0.8722764838467317,0.9645833333333333,17,170,0.7635782747603834,0.9899665551839465,0.7635782747603834,0.8888888888888888,0.9755102040816327,6,74
2036,consecutive,"{""min_consecutive"": 7, ""threshold"": 0.6}",0.7313195548489666,0.9830795262267343,0.7313195548489666,0.8730277986476334,0.9583333333333334,20,169,0.7660256410256411,0.989983305509182,0.7660256410256411,0.8903903903903904,0.9755102040816327,6,73
2037,consecutive_count,"{""min_consecutive"": 7, ""min_count"": 2, ""threshold"": 0.6}",0.7313195548489666,0.9830795262267343,0.7313195548489666,0.8730277986476334,0.9583333333333334,20,169,0.7660256410256411,0.989983305509182,0.7660256410256411,0.8903903903903904,0.9755102040816327,6,73
2038,consecutive_count,"{""min_consecutive"": 7, ""min_count"": 3, ""threshold"": 0.6}",0.7313195548489666,0.9830795262267343,0.7313195548489666,0.8730277986476334,0.9583333333333334,20,169,0.7660256410256411,0.989983305509182,0.7660256410256411,0.8903903903903904,0.9755102040816327,6,73
2039,consecutive_count,"{""min_consecutive"": 7, ""min_count"": 4, ""threshold"": 0.6}",0.7313195548489666,0.9830795262267343,0.7313195548489666,0.8730277986476334,0.9583333333333334,20,169,0.7660256410256411,0.989983305509182,0.7660256410256411,0.8903903903903904,0.9755102040816327,6,73
2040,consecutive_count,"{""min_consecutive"": 7, ""min_count"": 5, ""threshold"": 0.6}",0.7313195548489666,0.9830795262267343,0.7313195548489666,0.8730277986476334,0.9583333333333334,20,169,0.7660256410256411,0.989983305509182,0.7660256410256411,0.8903903903903904,0.9755102040816327,6,73
2041,consecutive_count,"{""min_consecutive"": 7, ""min_count"": 6, ""threshold"": 0.6}",0.7313195548489666,0.9830795262267343,0.7313195548489666,0.8730277986476334,0.9583333333333334,20,169,0.7660256410256411,0.989983305509182,0.7660256410256411,0.8903903903903904,0.9755102040816327,6,73
2042,consecutive_count,"{""min_consecutive"": 7, ""min_count"": 7, ""threshold"": 0.6}",0.7313195548489666,0.9830795262267343,0.7313195548489666,0.8730277986476334,0.9583333333333334,20,169,0.7660256410256411,0.989983305509182,0.7660256410256411,0.8903903903903904,0.9755102040816327,6,73
2043,consecutive_ratio,"{""min_consecutive"": 7, ""min_ratio"": 0.03, ""threshold"": 0.6}",0.7313195548489666,0.9830795262267343,0.7313195548489666,0.8730277986476334,0.9583333333333334,20,169,0.7660256410256411,0.989983305509182,0.7660256410256411,0.8903903903903904,0.9755102040816327,6,73
2044,consecutive_ratio,"{""min_consecutive"": 7, ""min_ratio"": 0.05, ""threshold"": 0.6}",0.7313195548489666,0.9830795262267343,0.7313195548489666,0.8730277986476334,0.9583333333333334,20,169,0.7660256410256411,0.989983305509182,0.7660256410256411,0.8903903903903904,0.9755102040816327,6,73
2045,consecutive_ratio,"{""min_consecutive"": 7, ""min_ratio"": 0.07, ""threshold"": 0.6}",0.7313195548489666,0.9830795262267343,0.7313195548489666,0.8730277986476334,0.9583333333333334,20,169,0.7660256410256411,0.989983305509182,0.7660256410256411,0.8903903903903904,0.9755102040816327,6,73
2046,consecutive_ratio,"{""min_consecutive"": 7, ""min_ratio"": 0.09, ""threshold"": 0.6}",0.7313195548489666,0.9830795262267343,0.7313195548489666,0.8730277986476334,0.9583333333333334,20,169,0.7660256410256411,0.989983305509182,0.7660256410256411,0.8903903903903904,0.9755102040816327,6,73
2047,consecutive_ratio,"{""min_consecutive"": 7, ""min_ratio"": 0.11, ""threshold"": 0.6}",0.7313195548489666,0.9830795262267343,0.7313195548489666,0.8730277986476334,0.9583333333333334,20,169,0.7660256410256411,0.989983305509182,0.7660256410256411,0.8903903903903904,0.9755102040816327,6,73
2048,consecutive_ratio,"{""min_consecutive"": 7, ""min_ratio"": 0.13, ""threshold"": 0.6}",0.7313195548489666,0.9830795262267343,0.7313195548489666,0.8730277986476334,0.9583333333333334,20,169,0.7660256410256411,0.989983305509182,0.7660256410256411,0.8903903903903904,0.9755102040816327,6,73
2049,consecutive_ratio,"{""min_consecutive"": 7, ""min_ratio"": 0.15, ""threshold"": 0.6}",0.7313195548489666,0.9830795262267343,0.7313195548489666,0.8730277986476334,0.9583333333333334,20,169,0.7660256410256411,0.989983305509182,0.7660256410256411,0.8903903903903904,0.9755102040816327,6,73
2050,consecutive_count,"{""min_consecutive"": 1, ""min_count"": 2, ""threshold"": 0.4}",0.73125,0.9108500345542502,0.9642857142857143,0.9902329075882795,0.73125,129,13,0.7224489795918367,0.9068493150684932,0.9779005524861878,0.993993993993994,0.7224489795918367,68,4
2051,consecutive_ratio,"{""min_consecutive"": 1, ""min_ratio"": 0.03, ""threshold"": 0.4}",0.73125,0.9108500345542502,0.9642857142857143,0.9902329075882795,0.73125,129,13,0.7224489795918367,0.9068493150684932,0.9779005524861878,0.993993993993994,0.7224489795918367,68,4
2052,hysteresis,"{""high"": 0.675, ""low"": 0.475, ""min_consecutive"": 9}",0.7312,0.9806070826306914,0.7312,0.873779113448535,0.9520833333333333,23,168,0.7959866220735786,0.988562091503268,0.7959866220735786,0.9084084084084084,0.9714285714285714,7,61
2053,topk_mean,"{""threshold"": 0.675, ""top_k"": 9}",0.7311320754716981,0.9872340425531915,0.7311320754716981,0.8715251690458302,0.96875,15,171,0.7699680511182109,0.9933110367892977,0.7699680511182109,0.8918918918918919,0.9836734693877551,4,72
2054,topk_mean,"{""threshold"": 0.75, ""top_k"": 3}",0.7310126582278481,0.9847328244274809,0.7310126582278481,0.8722764838467317,0.9625,18,170,0.7554858934169278,0.9932432432432432,0.7554858934169278,0.8828828828828829,0.9836734693877551,4,78
2055,hysteresis,"{""high"": 0.75, ""low"": 0.6, ""min_consecutive"": 4}",0.7310126582278481,0.9847328244274809,0.7310126582278481,0.8722764838467317,0.9625,18,170,0.7660256410256411,0.989983305509182,0.7660256410256411,0.8903903903903904,0.9755102040816327,6,73
2056,hysteresis,"{""high"": 0.7, ""low"": 0.55, ""min_consecutive"": 7}",0.7308917197452229,0.9822485207100592,0.7308917197452229,0.8730277986476334,0.95625,21,169,0.7774193548387097,0.9933444259567388,0.7774193548387097,0.8963963963963963,0.9836734693877551,4,69
2057,consecutive,"{""min_consecutive"": 3, ""threshold"": 0.725}",0.7305863708399366,0.9838983050847457,0.7305863708399366,0.8722764838467317,0.9604166666666667,19,170,0.7570977917981072,0.9915824915824916,0.7570977917981072,0.8843843843843844,0.9795918367346939,5,77
2058,consecutive_count,"{""min_consecutive"": 3, ""min_count"": 2, ""threshold"": 0.725}",0.7305863708399366,0.9838983050847457,0.7305863708399366,0.8722764838467317,0.9604166666666667,19,170,0.7570977917981072,0.9915824915824916,0.7570977917981072,0.8843843843843844,0.9795918367346939,5,77
2059,consecutive_count,"{""min_consecutive"": 3, ""min_count"": 3, ""threshold"": 0.725}",0.7305863708399366,0.9838983050847457,0.7305863708399366,0.8722764838467317,0.9604166666666667,19,170,0.7570977917981072,0.9915824915824916,0.7570977917981072,0.8843843843843844,0.9795918367346939,5,77
2060,consecutive_ratio,"{""min_consecutive"": 3, ""min_ratio"": 0.03, ""threshold"": 0.725}",0.7305863708399366,0.9838983050847457,0.7305863708399366,0.8722764838467317,0.9604166666666667,19,170,0.7570977917981072,0.9915824915824916,0.7570977917981072,0.8843843843843844,0.9795918367346939,5,77
2061,consecutive_ratio,"{""min_consecutive"": 3, ""min_ratio"": 0.05, ""threshold"": 0.725}",0.7305863708399366,0.9838983050847457,0.7305863708399366,0.8722764838467317,0.9604166666666667,19,170,0.7570977917981072,0.9915824915824916,0.7570977917981072,0.8843843843843844,0.9795918367346939,5,77
2062,consecutive_ratio,"{""min_consecutive"": 3, ""min_ratio"": 0.07, ""threshold"": 0.725}",0.7305863708399366,0.9838983050847457,0.7305863708399366,0.8722764838467317,0.9604166666666667,19,170,0.7570977917981072,0.9915824915824916,0.7570977917981072,0.8843843843843844,0.9795918367346939,5,77
2063,topk_mean,"{""threshold"": 0.725, ""top_k"": 5}",0.7302839116719243,0.9855564995751912,0.7302839116719243,0.8715251690458302,0.9645833333333333,17,171,0.7547169811320755,0.9915682967959528,0.7547169811320755,0.8828828828828829,0.9795918367346939,5,78
2064,consecutive,"{""min_consecutive"": 4, ""threshold"": 0.7}",0.7299843014128728,0.9872231686541738,0.7299843014128728,0.8707738542449286,0.96875,15,172,0.7626582278481012,0.9932773109243698,0.7626582278481012,0.8873873873873874,0.9836734693877551,4,75
2065,consecutive_count,"{""min_consecutive"": 4, ""min_count"": 2, ""threshold"": 0.7}",0.7299843014128728,0.9872231686541738,0.7299843014128728,0.8707738542449286,0.96875,15,172,0.7626582278481012,0.9932773109243698,0.7626582278481012,0.8873873873873874,0.9836734693877551,4,75
2066,consecutive_count,"{""min_consecutive"": 4, ""min_count"": 3, ""threshold"": 0.7}",0.7299843014128728,0.9872231686541738,0.7299843014128728,0.8707738542449286,0.96875,15,172,0.7626582278481012,0.9932773109243698,0.7626582278481012,0.8873873873873874,0.9836734693877551,4,75
2067,consecutive_count,"{""min_consecutive"": 4, ""min_count"": 4, ""threshold"": 0.7}",0.7299843014128728,0.9872231686541738,0.7299843014128728,0.8707738542449286,0.96875,15,172,0.7626582278481012,0.9932773109243698,0.7626582278481012,0.8873873873873874,0.9836734693877551,4,75
2068,consecutive_ratio,"{""min_consecutive"": 4, ""min_ratio"": 0.03, ""threshold"": 0.7}",0.7299843014128728,0.9872231686541738,0.7299843014128728,0.8707738542449286,0.96875,15,172,0.7626582278481012,0.9932773109243698,0.7626582278481012,0.8873873873873874,0.9836734693877551,4,75
2069,consecutive_ratio,"{""min_consecutive"": 4, ""min_ratio"": 0.05, ""threshold"": 0.7}",0.7299843014128728,0.9872231686541738,0.7299843014128728,0.8707738542449286,0.96875,15,172,0.7626582278481012,0.9932773109243698,0.7626582278481012,0.8873873873873874,0.9836734693877551,4,75
2070,consecutive_ratio,"{""min_consecutive"": 4, ""min_ratio"": 0.07, ""threshold"": 0.7}",0.7299843014128728,0.9872231686541738,0.7299843014128728,0.8707738542449286,0.96875,15,172,0.7626582278481012,0.9932773109243698,0.7626582278481012,0.8873873873873874,0.9836734693877551,4,75
2071,consecutive_ratio,"{""min_consecutive"": 4, ""min_ratio"": 0.09, ""threshold"": 0.7}",0.7299843014128728,0.9872231686541738,0.7299843014128728,0.8707738542449286,0.96875,15,172,0.7626582278481012,0.9932773109243698,0.7626582278481012,0.8873873873873874,0.9836734693877551,4,75
2072,consecutive_count,"{""min_consecutive"": 1, ""min_count"": 2, ""threshold"": 0.75}",0.7294303797468354,0.9838846480067854,0.7294303797468354,0.8715251690458302,0.9604166666666667,19,171,0.7570977917981072,0.9915824915824916,0.7570977917981072,0.8843843843843844,0.9795918367346939,5,77
2073,consecutive_ratio,"{""min_consecutive"": 1, ""min_ratio"": 0.03, ""threshold"": 0.75}",0.7294303797468354,0.9838846480067854,0.7294303797468354,0.8715251690458302,0.9604166666666667,19,171,0.7570977917981072,0.9915824915824916,0.7570977917981072,0.8843843843843844,0.9795918367346939,5,77
2074,hysteresis,"{""high"": 0.75, ""low"": 0.55, ""min_consecutive"": 5}",0.7294303797468354,0.9838846480067854,0.7294303797468354,0.8715251690458302,0.9604166666666667,19,171,0.7643312101910829,0.9916247906197655,0.7643312101910829,0.8888888888888888,0.9795918367346939,5,74
2075,hysteresis,"{""high"": 0.725, ""low"": 0.625, ""min_consecutive"": 5}",0.7292993630573248,0.981403212172443,0.7292993630573248,0.8722764838467317,0.9541666666666667,22,170,0.77491961414791,0.9933333333333333,0.77491961414791,0.8948948948948949,0.9836734693877551,4,70
2076,consecutive_count,"{""min_consecutive"": 1, ""min_count"": 5, ""threshold"": 0.675}",0.7291338582677165,0.9855442176870748,0.7291338582677165,0.8707738542449286,0.9645833333333333,17,172,0.77491961414791,0.9933333333333333,0.77491961414791,0.8948948948948949,0.9836734693877551,4,70
2077,consecutive_ratio,"{""min_consecutive"": 1, ""min_ratio"": 0.11, ""threshold"": 0.675}",0.7291338582677165,0.9855442176870748,0.7291338582677165,0.8707738542449286,0.9645833333333333,17,172,0.77491961414791,0.9933333333333333,0.77491961414791,0.8948948948948949,0.9836734693877551,4,70
2078,consecutive_count,"{""min_consecutive"": 2, ""min_count"": 5, ""threshold"": 0.675}",0.7291338582677165,0.9855442176870748,0.7291338582677165,0.8707738542449286,0.9645833333333333,17,172,0.77491961414791,0.9933333333333333,0.77491961414791,0.8948948948948949,0.9836734693877551,4,70
2079,consecutive_ratio,"{""min_consecutive"": 2, ""min_ratio"": 0.11, ""threshold"": 0.675}",0.7291338582677165,0.9855442176870748,0.7291338582677165,0.8707738542449286,0.9645833333333333,17,172,0.77491961414791,0.9933333333333333,0.77491961414791,0.8948948948948949,0.9836734693877551,4,70
2080,consecutive_count,"{""min_consecutive"": 3, ""min_count"": 5, ""threshold"": 0.675}",0.7291338582677165,0.9855442176870748,0.7291338582677165,0.8707738542449286,0.9645833333333333,17,172,0.77491961414791,0.9933333333333333,0.77491961414791,0.8948948948948949,0.9836734693877551,4,70
2081,consecutive_ratio,"{""min_consecutive"": 3, ""min_ratio"": 0.11, ""threshold"": 0.675}",0.7291338582677165,0.9855442176870748,0.7291338582677165,0.8707738542449286,0.9645833333333333,17,172,0.77491961414791,0.9933333333333333,0.77491961414791,0.8948948948948949,0.9836734693877551,4,70
2082,hysteresis,"{""high"": 0.775, ""low"": 0.575, ""min_consecutive"": 2}",0.7290015847860539,0.9830508474576272,0.7290015847860539,0.8715251690458302,0.9583333333333334,20,171,0.7579617834394905,0.9882747068676717,0.7579617834394905,0.8858858858858859,0.9714285714285714,7,76
2083,consecutive_count,"{""min_consecutive"": 1, ""min_count"": 6, ""threshold"": 0.65}",0.7287066246056783,0.9847068819031436,0.7287066246056783,0.8707738542449286,0.9625,18,172,0.7774193548387097,0.9933444259567388,0.7774193548387097,0.8963963963963963,0.9836734693877551,4,69
2084,consecutive_ratio,"{""min_consecutive"": 1, ""min_ratio"": 0.13, ""threshold"": 0.65}",0.7287066246056783,0.9847068819031436,0.7287066246056783,0.8707738542449286,0.9625,18,172,0.7774193548387097,0.9933444259567388,0.7774193548387097,0.8963963963963963,0.9836734693877551,4,69
2085,consecutive_count,"{""min_consecutive"": 2, ""min_count"": 6, ""threshold"": 0.65}",0.7287066246056783,0.9847068819031436,0.7287066246056783,0.8707738542449286,0.9625,18,172,0.7774193548387097,0.9933444259567388,0.7774193548387097,0.8963963963963963,0.9836734693877551,4,69
2086,consecutive_ratio,"{""min_consecutive"": 2, ""min_ratio"": 0.13, ""threshold"": 0.65}",0.7287066246056783,0.9847068819031436,0.7287066246056783,0.8707738542449286,0.9625,18,172,0.7774193548387097,0.9933444259567388,0.7774193548387097,0.8963963963963963,0.9836734693877551,4,69
2087,consecutive_count,"{""min_consecutive"": 3, ""min_count"": 6, ""threshold"": 0.65}",0.7287066246056783,0.9847068819031436,0.7287066246056783,0.8707738542449286,0.9625,18,172,0.7774193548387097,0.9933444259567388,0.7774193548387097,0.8963963963963963,0.9836734693877551,4,69
2088,consecutive_ratio,"{""min_consecutive"": 3, ""min_ratio"": 0.13, ""threshold"": 0.65}",0.7287066246056783,0.9847068819031436,0.7287066246056783,0.8707738542449286,0.9625,18,172,0.7774193548387097,0.9933444259567388,0.7774193548387097,0.8963963963963963,0.9836734693877551,4,69
2089,consecutive_count,"{""min_consecutive"": 4, ""min_count"": 5, ""threshold"": 0.675}",0.728414442700157,0.9863713798977853,0.728414442700157,0.8700225394440271,0.9666666666666667,16,173,0.7699680511182109,0.9933110367892977,0.7699680511182109,0.8918918918918919,0.9836734693877551,4,72
2090,consecutive_ratio,"{""min_consecutive"": 4, ""min_ratio"": 0.11, ""threshold"": 0.675}",0.728414442700157,0.9863713798977853,0.728414442700157,0.8700225394440271,0.9666666666666667,16,173,0.7699680511182109,0.9933110367892977,0.7699680511182109,0.8918918918918919,0.9836734693877551,4,72
2091,consecutive,"{""min_consecutive"": 2, ""threshold"": 0.75}",0.7282780410742496,0.9838709677419355,0.7282780410742496,0.8707738542449286,0.9604166666666667,19,172,0.7570977917981072,0.9915824915824916,0.7570977917981072,0.8843843843843844,0.9795918367346939,5,77
2092,consecutive_count,"{""min_consecutive"": 2, ""min_count"": 2, ""threshold"": 0.75}",0.7282780410742496,0.9838709677419355,0.7282780410742496,0.8707738542449286,0.9604166666666667,19,172,0.7570977917981072,0.9915824915824916,0.7570977917981072,0.8843843843843844,0.9795918367346939,5,77
2093,consecutive_ratio,"{""min_consecutive"": 2, ""min_ratio"": 0.03, ""threshold"": 0.75}",0.7282780410742496,0.9838709677419355,0.7282780410742496,0.8707738542449286,0.9604166666666667,19,172,0.7570977917981072,0.9915824915824916,0.7570977917981072,0.8843843843843844,0.9795918367346939,5,77
2094,hysteresis,"{""high"": 0.65, ""low"": 0.55, ""min_consecutive"": 9}",0.7282780410742496,0.9838709677419355,0.7282780410742496,0.8707738542449286,0.9604166666666667,19,172,0.7563291139240507,0.9899159663865547,0.7563291139240507,0.8843843843843844,0.9755102040816327,6,77
2095,consecutive,"{""min_consecutive"": 6, ""threshold"": 0.625}",0.7281399046104928,0.9813874788494078,0.7281399046104928,0.8715251690458302,0.9541666666666667,22,171,0.7734627831715211,0.9900332225913622,0.7734627831715211,0.8948948948948949,0.9755102040816327,6,70
2096,consecutive_count,"{""min_consecutive"": 6, ""min_count"": 2, ""threshold"": 0.625}",0.7281399046104928,0.9813874788494078,0.7281399046104928,0.8715251690458302,0.9541666666666667,22,171,0.7734627831715211,0.9900332225913622,0.7734627831715211,0.8948948948948949,0.9755102040816327,6,70
2097,consecutive_count,"{""min_consecutive"": 6, ""min_count"": 3, ""threshold"": 0.625}",0.7281399046104928,0.9813874788494078,0.7281399046104928,0.8715251690458302,0.9541666666666667,22,171,0.7734627831715211,0.9900332225913622,0.7734627831715211,0.8948948948948949,0.9755102040816327,6,70
2098,consecutive_count,"{""min_consecutive"": 6, ""min_count"": 4, ""threshold"": 0.625}",0.7281399046104928,0.9813874788494078,0.7281399046104928,0.8715251690458302,0.9541666666666667,22,171,0.7734627831715211,0.9900332225913622,0.7734627831715211,0.8948948948948949,0.9755102040816327,6,70
2099,consecutive_count,"{""min_consecutive"": 6, ""min_count"": 5, ""threshold"": 0.625}",0.7281399046104928,0.9813874788494078,0.7281399046104928,0.8715251690458302,0.9541666666666667,22,171,0.7734627831715211,0.9900332225913622,0.7734627831715211,0.8948948948948949,0.9755102040816327,6,70
2100,consecutive_count,"{""min_consecutive"": 6, ""min_count"": 6, ""threshold"": 0.625}",0.7281399046104928,0.9813874788494078,0.7281399046104928,0.8715251690458302,0.9541666666666667,22,171,0.7734627831715211,0.9900332225913622,0.7734627831715211,0.8948948948948949,0.9755102040816327,6,70
2101,consecutive_ratio,"{""min_consecutive"": 6, ""min_ratio"": 0.03, ""threshold"": 0.625}",0.7281399046104928,0.9813874788494078,0.7281399046104928,0.8715251690458302,0.9541666666666667,22,171,0.7734627831715211,0.9900332225913622,0.7734627831715211,0.8948948948948949,0.9755102040816327,6,70
2102,consecutive_ratio,"{""min_consecutive"": 6, ""min_ratio"": 0.05, ""threshold"": 0.625}",0.7281399046104928,0.9813874788494078,0.7281399046104928,0.8715251690458302,0.9541666666666667,22,171,0.7734627831715211,0.9900332225913622,0.7734627831715211,0.8948948948948949,0.9755102040816327,6,70
2103,consecutive_ratio,"{""min_consecutive"": 6, ""min_ratio"": 0.07, ""threshold"": 0.625}",0.7281399046104928,0.9813874788494078,0.7281399046104928,0.8715251690458302,0.9541666666666667,22,171,0.7734627831715211,0.9900332225913622,0.7734627831715211,0.8948948948948949,0.9755102040816327,6,70
2104,consecutive_ratio,"{""min_consecutive"": 6, ""min_ratio"": 0.09, ""threshold"": 0.625}",0.7281399046104928,0.9813874788494078,0.7281399046104928,0.8715251690458302,0.9541666666666667,22,171,0.7734627831715211,0.9900332225913622,0.7734627831715211,0.8948948948948949,0.9755102040816327,6,70
2105,consecutive_ratio,"{""min_consecutive"": 6, ""min_ratio"": 0.11, ""threshold"": 0.625}",0.7281399046104928,0.9813874788494078,0.7281399046104928,0.8715251690458302,0.9541666666666667,22,171,0.7734627831715211,0.9900332225913622,0.7734627831715211,0.8948948948948949,0.9755102040816327,6,70
2106,consecutive_ratio,"{""min_consecutive"": 6, ""min_ratio"": 0.13, ""threshold"": 0.625}",0.7281399046104928,0.9813874788494078,0.7281399046104928,0.8715251690458302,0.9541666666666667,22,171,0.7734627831715211,0.9900332225913622,0.7734627831715211,0.8948948948948949,0.9755102040816327,6,70
2107,hysteresis,"{""high"": 0.775, ""low"": 0.675, ""min_consecutive"": 2}",0.7278481012658228,0.9830364715860899,0.7278481012658228,0.8707738542449286,0.9583333333333334,20,172,0.7531645569620253,0.9882352941176471,0.7531645569620253,0.8828828828828829,0.9714285714285714,7,78
2108,hysteresis,"{""high"": 0.775, ""low"": 0.625, ""min_consecutive"": 2}",0.7278481012658228,0.9830364715860899,0.7278481012658228,0.8707738542449286,0.9583333333333334,20,172,0.7579617834394905,0.9882747068676717,0.7579617834394905,0.8858858858858859,0.9714285714285714,7,76
2109,hysteresis,"{""high"": 0.775, ""low"": 0.575, ""min_consecutive"": 3}",0.7278481012658228,0.9830364715860899,0.7278481012658228,0.8707738542449286,0.9583333333333334,20,172,0.750788643533123,0.9882154882154882,0.750788643533123,0.8813813813813813,0.9714285714285714,7,79
2110,consecutive_count,"{""min_consecutive"": 4, ""min_count"": 6, ""threshold"": 0.65}",0.7275590551181103,0.9846938775510204,0.7275590551181103,0.8700225394440271,0.9625,18,173,0.77491961414791,0.9933333333333333,0.77491961414791,0.8948948948948949,0.9836734693877551,4,70
2111,consecutive_ratio,"{""min_consecutive"": 4, ""min_ratio"": 0.13, ""threshold"": 0.65}",0.7275590551181103,0.9846938775510204,0.7275590551181103,0.8700225394440271,0.9625,18,173,0.77491961414791,0.9933333333333333,0.77491961414791,0.8948948948948949,0.9836734693877551,4,70
2112,topk_mean,"{""threshold"": 0.75, ""top_k"": 4}",0.7275590551181103,0.9846938775510204,0.7275590551181103,0.8700225394440271,0.9625,18,173,0.753125,0.9932318104906938,0.753125,0.8813813813813813,0.9836734693877551,4,79
2113,hysteresis,"{""high"": 0.675, ""low"": 0.575, ""min_consecutive"": 7}",0.7274167987321711,0.9822033898305085,0.7274167987321711,0.8707738542449286,0.95625,21,172,0.7792207792207793,0.9917081260364843,0.7792207792207793,0.8978978978978979,0.9795918367346939,5,68
2114,consecutive,"{""min_consecutive"": 1, ""threshold"": 0.425}",0.7270833333333333,0.9097174362508614,0.9694444444444444,0.9917355371900827,0.7270833333333333,131,11,0.7142857142857143,0.9043715846994536,0.9776536312849162,0.993993993993994,0.7142857142857143,70,4
2115,topk_mean,"{""threshold"": 0.4, ""top_k"": 3}",0.7270833333333333,0.9095928226363009,0.9640883977900553,0.9902329075882795,0.7270833333333333,131,13,0.7061224489795919,0.9019073569482289,0.9774011299435028,0.993993993993994,0.7061224489795919,72,4
2116,consecutive_count,"{""min_consecutive"": 7, ""min_count"": 9, ""threshold"": 0.575}",0.7268445839874411,0.985519591141397,0.7268445839874411,0.8692712246431255,0.9645833333333333,17,174,0.7603833865814696,0.9882943143812709,0.7603833865814696,0.8873873873873874,0.9714285714285714,7,75
2117,consecutive_ratio,"{""min_consecutive"": 7, ""min_ratio"": 0.2, ""threshold"": 0.575}",0.7268445839874411,0.985519591141397,0.7268445839874411,0.8692712246431255,0.9645833333333333,17,174,0.7603833865814696,0.9882943143812709,0.7603833865814696,0.8873873873873874,0.9714285714285714,7,75
2118,hysteresis,"{""high"": 0.725, ""low"": 0.525, ""min_consecutive"": 7}",0.7266982622432859,0.9830220713073005,0.7266982622432859,0.8700225394440271,0.9583333333333334,20,173,0.7741935483870968,0.9916805324459235,0.7741935483870968,0.8948948948948949,0.9795918367346939,5,70
2119,hysteresis,"{""high"": 0.675, ""low"": 0.525, ""min_consecutive"": 9}",0.7264150943396226,0.9846808510638297,0.7264150943396226,0.8692712246431255,0.9625,18,174,0.7709677419354839,0.9900166389351082,0.7709677419354839,0.8933933933933934,0.9755102040816327,6,71
2120,consecutive_count,"{""min_consecutive"": 7, ""min_count"": 8, ""threshold"": 0.6}",0.725705329153605,0.9855072463768116,0.725705329153605,0.8685199098422239,0.9645833333333333,17,175,0.7563291139240507,0.9899159663865547,0.7563291139240507,0.8843843843843844,0.9755102040816327,6,77
2121,consecutive_count,"{""min_consecutive"": 1, ""min_count"": 7, ""threshold"": 0.625}",0.725705329153605,0.9855072463768116,0.725705329153605,0.8685199098422239,0.9645833333333333,17,175,0.7587301587301587,0.9899328859060402,0.7587301587301587,0.8858858858858859,0.9755102040816327,6,76
2122,consecutive_ratio,"{""min_consecutive"": 1, ""min_ratio"": 0.15, ""threshold"": 0.625}",0.725705329153605,0.9855072463768116,0.725705329153605,0.8685199098422239,0.9645833333333333,17,175,0.7587301587301587,0.9899328859060402,0.7587301587301587,0.8858858858858859,0.9755102040816327,6,76
2123,consecutive_count,"{""min_consecutive"": 2, ""min_count"": 7, ""threshold"": 0.625}",0.725705329153605,0.9855072463768116,0.725705329153605,0.8685199098422239,0.9645833333333333,17,175,0.7587301587301587,0.9899328859060402,0.7587301587301587,0.8858858858858859,0.9755102040816327,6,76
2124,consecutive_ratio,"{""min_consecutive"": 2, ""min_ratio"": 0.15, ""threshold"": 0.625}",0.725705329153605,0.9855072463768116,0.725705329153605,0.8685199098422239,0.9645833333333333,17,175,0.7587301587301587,0.9899328859060402,0.7587301587301587,0.8858858858858859,0.9755102040816327,6,76
2125,consecutive_count,"{""min_consecutive"": 3, ""min_count"": 7, ""threshold"": 0.625}",0.725705329153605,0.9855072463768116,0.725705329153605,0.8685199098422239,0.9645833333333333,17,175,0.7587301587301587,0.9899328859060402,0.7587301587301587,0.8858858858858859,0.9755102040816327,6,76
2126,consecutive_ratio,"{""min_consecutive"": 3, ""min_ratio"": 0.15, ""threshold"": 0.625}",0.725705329153605,0.9855072463768116,0.725705329153605,0.8685199098422239,0.9645833333333333,17,175,0.7587301587301587,0.9899328859060402,0.7587301587301587,0.8858858858858859,0.9755102040816327,6,76
2127,consecutive_count,"{""min_consecutive"": 4, ""min_count"": 7, ""threshold"": 0.625}",0.725705329153605,0.9855072463768116,0.725705329153605,0.8685199098422239,0.9645833333333333,17,175,0.7587301587301587,0.9899328859060402,0.7587301587301587,0.8858858858858859,0.9755102040816327,6,76
2128,consecutive_ratio,"{""min_consecutive"": 4, ""min_ratio"": 0.15, ""threshold"": 0.625}",0.725705329153605,0.9855072463768116,0.725705329153605,0.8685199098422239,0.9645833333333333,17,175,0.7587301587301587,0.9899328859060402,0.7587301587301587,0.8858858858858859,0.9755102040816327,6,76
2129,hysteresis,"{""high"": 0.75, ""low"": 0.65, ""min_consecutive"": 4}",0.7252747252747253,0.9846678023850085,0.7252747252747253,0.8685199098422239,0.9625,18,175,0.7587301587301587,0.9899328859060402,0.7587301587301587,0.8858858858858859,0.9755102040816327,6,76
2130,consecutive_count,"{""min_consecutive"": 5, ""min_count"": 6, ""threshold"": 0.65}",0.7245696400625978,0.985494880546075,0.7245696400625978,0.8677685950413223,0.9645833333333333,17,176,0.7724358974358975,0.993322203672788,0.7724358974358975,0.8933933933933934,0.9836734693877551,4,71
2131,consecutive_ratio,"{""min_consecutive"": 5, ""min_ratio"": 0.13, ""threshold"": 0.65}",0.7245696400625978,0.985494880546075,0.7245696400625978,0.8677685950413223,0.9645833333333333,17,176,0.7724358974358975,0.993322203672788,0.7724358974358975,0.8933933933933934,0.9836734693877551,4,71
2132,hysteresis,"{""high"": 0.65, ""low"": 0.6, ""min_consecutive"": 7}",0.7244094488188977,0.9829931972789115,0.7244094488188977,0.8685199098422239,0.9583333333333334,20,175,0.7660256410256411,0.989983305509182,0.7660256410256411,0.8903903903903904,0.9755102040816327,6,73
2133,hysteresis,"{""high"": 0.775, ""low"": 0.725, ""min_consecutive"": 2}",0.7244094488188977,0.9829931972789115,0.7244094488188977,0.8685199098422239,0.9583333333333334,20,175,0.7515723270440252,0.9898819561551433,0.7515723270440252,0.8813813813813813,0.9755102040816327,6,79
2134,hysteresis,"{""high"": 0.675, ""low"": 0.625, ""min_consecutive"": 6}",0.7239747634069401,0.9821580288870009,0.7239747634069401,0.8685199098422239,0.95625,21,175,0.7741935483870968,0.9916805324459235,0.7741935483870968,0.8948948948948949,0.9795918367346939,5,70
2135,hysteresis,"{""high"": 0.775, ""low"": 0.625, ""min_consecutive"": 3}",0.7237048665620094,0.9838160136286201,0.7237048665620094,0.8677685950413223,0.9604166666666667,19,176,0.7484276729559748,0.9881956155143339,0.7484276729559748,0.8798798798798799,0.9714285714285714,7,80
2136,consecutive_count,"{""min_consecutive"": 5, ""min_count"": 7, ""threshold"": 0.625}",0.7234375,0.9854824935952178,0.7234375,0.8670172802404207,0.9645833333333333,17,177,0.7563291139240507,0.9899159663865547,0.7563291139240507,0.8843843843843844,0.9755102040816327,6,77
2137,consecutive_ratio,"{""min_consecutive"": 5, ""min_ratio"": 0.15, ""threshold"": 0.625}",0.7234375,0.9854824935952178,0.7234375,0.8670172802404207,0.9645833333333333,17,177,0.7563291139240507,0.9899159663865547,0.7563291139240507,0.8843843843843844,0.9755102040816327,6,77
2138,consecutive_count,"{""min_consecutive"": 3, ""min_count"": 4, ""threshold"": 0.35}",0.7229166666666667,0.9082125603864735,0.9585635359116023,0.9887302779864763,0.7229166666666667,133,15,0.7020408163265306,0.9004092769440655,0.9662921348314607,0.990990990990991,0.7020408163265306,73,6
2139,consecutive_ratio,"{""min_consecutive"": 3, ""min_ratio"": 0.09, ""threshold"": 0.35}",0.7229166666666667,0.9082125603864735,0.9585635359116023,0.9887302779864763,0.7229166666666667,133,15,0.7020408163265306,0.9004092769440655,0.9662921348314607,0.990990990990991,0.7020408163265306,73,6
2140,hysteresis,"{""high"": 0.7, ""low"": 0.6, ""min_consecutive"": 6}",0.722662440570523,0.9796610169491525,0.722662440570523,0.8685199098422239,0.95,24,175,0.7799352750809061,0.9933554817275747,0.7799352750809061,0.8978978978978979,0.9836734693877551,4,68
2141,topk_mean,"{""threshold"": 0.75, ""top_k"": 5}",0.7224806201550388,0.9879931389365352,0.7224806201550388,0.8655146506386175,0.9708333333333333,14,179,0.7423312883435583,0.9948717948717949,0.7423312883435583,0.8738738738738738,0.9877551020408163,3,84
2142,hysteresis,"{""high"": 0.75, ""low"": 0.6, ""min_consecutive"": 5}",0.7223088923556942,0.9854700854700855,0.7223088923556942,0.8662659654395192,0.9645833333333333,17,178,0.7626582278481012,0.9932773109243698,0.7626582278481012,0.8873873873873874,0.9836734693877551,4,75
2143,consecutive_count,"{""min_consecutive"": 1, ""min_count"": 3, ""threshold"": 0.75}",0.7220496894409938,0.987146529562982,0.7220496894409938,0.8655146506386175,0.96875,15,179,0.7438271604938271,0.9931856899488927,0.7438271604938271,0.8753753753753754,0.9836734693877551,4,83
2144,consecutive_ratio,"{""min_consecutive"": 1, ""min_ratio"": 0.05, ""threshold"": 0.75}",0.7220496894409938,0.987146529562982,0.7220496894409938,0.8655146506386175,0.96875,15,179,0.7438271604938271,0.9931856899488927,0.7438271604938271,0.8753753753753754,0.9836734693877551,4,83
2145,consecutive_ratio,"{""min_consecutive"": 1, ""min_ratio"": 0.07, ""threshold"": 0.75}",0.7220496894409938,0.987146529562982,0.7220496894409938,0.8655146506386175,0.96875,15,179,0.7438271604938271,0.9931856899488927,0.7438271604938271,0.8753753753753754,0.9836734693877551,4,83
2146,consecutive_count,"{""min_consecutive"": 2, ""min_count"": 3, ""threshold"": 0.75}",0.7220496894409938,0.987146529562982,0.7220496894409938,0.8655146506386175,0.96875,15,179,0.7438271604938271,0.9931856899488927,0.7438271604938271,0.8753753753753754,0.9836734693877551,4,83
2147,consecutive_ratio,"{""min_consecutive"": 2, ""min_ratio"": 0.05, ""threshold"": 0.75}",0.7220496894409938,0.987146529562982,0.7220496894409938,0.8655146506386175,0.96875,15,179,0.7438271604938271,0.9931856899488927,0.7438271604938271,0.8753753753753754,0.9836734693877551,4,83
2148,consecutive_ratio,"{""min_consecutive"": 2, ""min_ratio"": 0.07, ""threshold"": 0.75}",0.7220496894409938,0.987146529562982,0.7220496894409938,0.8655146506386175,0.96875,15,179,0.7438271604938271,0.9931856899488927,0.7438271604938271,0.8753753753753754,0.9836734693877551,4,83
2149,hysteresis,"{""high"": 0.725, ""low"": 0.575, ""min_consecutive"": 6}",0.721259842519685,0.9812925170068028,0.721259842519685,0.8670172802404207,0.9541666666666667,22,177,0.77491961414791,0.9933333333333333,0.77491961414791,0.8948948948948949,0.9836734693877551,4,70
2150,hysteresis,"{""high"": 0.7, ""low"": 0.5, ""min_consecutive"": 9}",0.7207488299531981,0.9846153846153847,0.7207488299531981,0.8655146506386175,0.9625,18,179,0.7717041800643086,0.9916666666666667,0.7717041800643086,0.8933933933933934,0.9795918367346939,5,71
2151,consecutive_count,"{""min_consecutive"": 1, ""min_count"": 5, ""threshold"": 0.7}",0.720679012345679,0.9888220120378332,0.720679012345679,0.8640120210368144,0.9729166666666667,13,181,0.7554858934169278,0.9932432432432432,0.7554858934169278,0.8828828828828829,0.9836734693877551,4,78
2152,consecutive_ratio,"{""min_consecutive"": 1, ""min_ratio"": 0.11, ""threshold"": 0.7}",0.720679012345679,0.9888220120378332,0.720679012345679,0.8640120210368144,0.9729166666666667,13,181,0.7554858934169278,0.9932432432432432,0.7554858934169278,0.8828828828828829,0.9836734693877551,4,78
2153,consecutive_count,"{""min_consecutive"": 2, ""min_count"": 5, ""threshold"": 0.7}",0.720679012345679,0.9888220120378332,0.720679012345679,0.8640120210368144,0.9729166666666667,13,181,0.7554858934169278,0.9932432432432432,0.7554858934169278,0.8828828828828829,0.9836734693877551,4,78
2154,consecutive_ratio,"{""min_consecutive"": 2, ""min_ratio"": 0.11, ""threshold"": 0.7}",0.720679012345679,0.9888220120378332,0.720679012345679,0.8640120210368144,0.9729166666666667,13,181,0.7554858934169278,0.9932432432432432,0.7554858934169278,0.8828828828828829,0.9836734693877551,4,78
2155,hysteresis,"{""high"": 0.775, ""low"": 0.675, ""min_consecutive"": 3}",0.7203125,0.9837745516652434,0.7203125,0.8655146506386175,0.9604166666666667,19,179,0.75,0.9915397631133672,0.75,0.8798798798798799,0.9795918367346939,5,80
2156,hysteresis,"{""high"": 0.775, ""low"": 0.575, ""min_consecutive"": 4}",0.7203125,0.9837745516652434,0.7203125,0.8655146506386175,0.9604166666666667,19,179,0.7492163009404389,0.9898648648648649,0.7492163009404389,0.8798798798798799,0.9755102040816327,6,80
2157,hysteresis,"{""high"": 0.7, ""low"": 0.55, ""min_consecutive"": 8}",0.7200622083981337,0.985445205479452,0.7200622083981337,0.864763335837716,0.9645833333333333,17,180,0.767515923566879,0.9932998324958124,0.767515923566879,0.8903903903903904,0.9836734693877551,4,73
2158,consecutive_count,"{""min_consecutive"": 3, ""min_count"": 5, ""threshold"": 0.7}",0.7195685670261941,0.9888123924268503,0.7195685670261941,0.8632607062359129,0.9729166666666667,13,182,0.7554858934169278,0.9932432432432432,0.7554858934169278,0.8828828828828829,0.9836734693877551,4,78
2159,consecutive_ratio,"{""min_consecutive"": 3, ""min_ratio"": 0.11, ""threshold"": 0.7}",0.7195685670261941,0.9888123924268503,0.7195685670261941,0.8632607062359129,0.9729166666666667,13,182,0.7554858934169278,0.9932432432432432,0.7554858934169278,0.8828828828828829,0.9836734693877551,4,78
2160,consecutive,"{""min_consecutive"": 6, ""threshold"": 0.65}",0.7193798449612403,0.9862778730703259,0.7193798449612403,0.8640120210368144,0.9666666666666667,16,181,0.767515923566879,0.9932998324958124,0.767515923566879,0.8903903903903904,0.9836734693877551,4,73
2161,consecutive_count,"{""min_consecutive"": 6, ""min_count"": 2, ""threshold"": 0.65}",0.7193798449612403,0.9862778730703259,0.7193798449612403,0.8640120210368144,0.9666666666666667,16,181,0.767515923566879,0.9932998324958124,0.767515923566879,0.8903903903903904,0.9836734693877551,4,73
2162,consecutive_count,"{""min_consecutive"": 6, ""min_count"": 3, ""threshold"": 0.65}",0.7193798449612403,0.9862778730703259,0.7193798449612403,0.8640120210368144,0.9666666666666667,16,181,0.767515923566879,0.9932998324958124,0.767515923566879,0.8903903903903904,0.9836734693877551,4,73
2163,consecutive_count,"{""min_consecutive"": 6, ""min_count"": 4, ""threshold"": 0.65}",0.7193798449612403,0.9862778730703259,0.7193798449612403,0.8640120210368144,0.9666666666666667,16,181,0.767515923566879,0.9932998324958124,0.767515923566879,0.8903903903903904,0.9836734693877551,4,73
2164,consecutive_count,"{""min_consecutive"": 6, ""min_count"": 5, ""threshold"": 0.65}",0.7193798449612403,0.9862778730703259,0.7193798449612403,0.8640120210368144,0.9666666666666667,16,181,0.767515923566879,0.9932998324958124,0.767515923566879,0.8903903903903904,0.9836734693877551,4,73
2165,consecutive_count,"{""min_consecutive"": 6, ""min_count"": 6, ""threshold"": 0.65}",0.7193798449612403,0.9862778730703259,0.7193798449612403,0.8640120210368144,0.9666666666666667,16,181,0.767515923566879,0.9932998324958124,0.767515923566879,0.8903903903903904,0.9836734693877551,4,73
2166,consecutive_ratio,"{""min_consecutive"": 6, ""min_ratio"": 0.03, ""threshold"": 0.65}",0.7193798449612403,0.9862778730703259,0.7193798449612403,0.8640120210368144,0.9666666666666667,16,181,0.767515923566879,0.9932998324958124,0.767515923566879,0.8903903903903904,0.9836734693877551,4,73
2167,consecutive_ratio,"{""min_consecutive"": 6, ""min_ratio"": 0.05, ""threshold"": 0.65}",0.7193798449612403,0.9862778730703259,0.7193798449612403,0.8640120210368144,0.9666666666666667,16,181,0.767515923566879,0.9932998324958124,0.767515923566879,0.8903903903903904,0.9836734693877551,4,73
2168,consecutive_ratio,"{""min_consecutive"": 6, ""min_ratio"": 0.07, ""threshold"": 0.65}",0.7193798449612403,0.9862778730703259,0.7193798449612403,0.8640120210368144,0.9666666666666667,16,181,0.767515923566879,0.9932998324958124,0.767515923566879,0.8903903903903904,0.9836734693877551,4,73
2169,consecutive_ratio,"{""min_consecutive"": 6, ""min_ratio"": 0.09, ""threshold"": 0.65}",0.7193798449612403,0.9862778730703259,0.7193798449612403,0.8640120210368144,0.9666666666666667,16,181,0.767515923566879,0.9932998324958124,0.767515923566879,0.8903903903903904,0.9836734693877551,4,73
2170,consecutive_ratio,"{""min_consecutive"": 6, ""min_ratio"": 0.11, ""threshold"": 0.65}",0.7193798449612403,0.9862778730703259,0.7193798449612403,0.8640120210368144,0.9666666666666667,16,181,0.767515923566879,0.9932998324958124,0.767515923566879,0.8903903903903904,0.9836734693877551,4,73
2171,consecutive_ratio,"{""min_consecutive"": 6, ""min_ratio"": 0.13, ""threshold"": 0.65}",0.7193798449612403,0.9862778730703259,0.7193798449612403,0.8640120210368144,0.9666666666666667,16,181,0.767515923566879,0.9932998324958124,0.767515923566879,0.8903903903903904,0.9836734693877551,4,73
2172,consecutive,"{""min_consecutive"": 5, ""threshold"": 0.675}",0.7193798449612403,0.9862778730703259,0.7193798449612403,0.8640120210368144,0.9666666666666667,16,181,0.765079365079365,0.9932885906040269,0.765079365079365,0.8888888888888888,0.9836734693877551,4,74
2173,consecutive_count,"{""min_consecutive"": 5, ""min_count"": 2, ""threshold"": 0.675}",0.7193798449612403,0.9862778730703259,0.7193798449612403,0.8640120210368144,0.9666666666666667,16,181,0.765079365079365,0.9932885906040269,0.765079365079365,0.8888888888888888,0.9836734693877551,4,74
2174,consecutive_count,"{""min_consecutive"": 5, ""min_count"": 3, ""threshold"": 0.675}",0.7193798449612403,0.9862778730703259,0.7193798449612403,0.8640120210368144,0.9666666666666667,16,181,0.765079365079365,0.9932885906040269,0.765079365079365,0.8888888888888888,0.9836734693877551,4,74
2175,consecutive_count,"{""min_consecutive"": 5, ""min_count"": 4, ""threshold"": 0.675}",0.7193798449612403,0.9862778730703259,0.7193798449612403,0.8640120210368144,0.9666666666666667,16,181,0.765079365079365,0.9932885906040269,0.765079365079365,0.8888888888888888,0.9836734693877551,4,74
2176,consecutive_count,"{""min_consecutive"": 5, ""min_count"": 5, ""threshold"": 0.675}",0.7193798449612403,0.9862778730703259,0.7193798449612403,0.8640120210368144,0.9666666666666667,16,181,0.765079365079365,0.9932885906040269,0.765079365079365,0.8888888888888888,0.9836734693877551,4,74
2177,consecutive_ratio,"{""min_consecutive"": 5, ""min_ratio"": 0.03, ""threshold"": 0.675}",0.7193798449612403,0.9862778730703259,0.7193798449612403,0.8640120210368144,0.9666666666666667,16,181,0.765079365079365,0.9932885906040269,0.765079365079365,0.8888888888888888,0.9836734693877551,4,74
2178,consecutive_ratio,"{""min_consecutive"": 5, ""min_ratio"": 0.05, ""threshold"": 0.675}",0.7193798449612403,0.9862778730703259,0.7193798449612403,0.8640120210368144,0.9666666666666667,16,181,0.765079365079365,0.9932885906040269,0.765079365079365,0.8888888888888888,0.9836734693877551,4,74
2179,consecutive_ratio,"{""min_consecutive"": 5, ""min_ratio"": 0.07, ""threshold"": 0.675}",0.7193798449612403,0.9862778730703259,0.7193798449612403,0.8640120210368144,0.9666666666666667,16,181,0.765079365079365,0.9932885906040269,0.765079365079365,0.8888888888888888,0.9836734693877551,4,74
2180,consecutive_ratio,"{""min_consecutive"": 5, ""min_ratio"": 0.09, ""threshold"": 0.675}",0.7193798449612403,0.9862778730703259,0.7193798449612403,0.8640120210368144,0.9666666666666667,16,181,0.765079365079365,0.9932885906040269,0.765079365079365,0.8888888888888888,0.9836734693877551,4,74
2181,consecutive_ratio,"{""min_consecutive"": 5, ""min_ratio"": 0.11, ""threshold"": 0.675}",0.7193798449612403,0.9862778730703259,0.7193798449612403,0.8640120210368144,0.9666666666666667,16,181,0.765079365079365,0.9932885906040269,0.765079365079365,0.8888888888888888,0.9836734693877551,4,74
2182,consecutive,"{""min_consecutive"": 9, ""threshold"": 0.575}",0.718944099378882,0.9854327335047129,0.718944099378882,0.8640120210368144,0.9645833333333333,17,181,0.7445482866043613,0.9898305084745763,0.7445482866043613,0.8768768768768769,0.9755102040816327,6,82
2183,consecutive_count,"{""min_consecutive"": 6, ""min_count"": 7, ""threshold"": 0.625}",0.718944099378882,0.9854327335047129,0.718944099378882,0.8640120210368144,0.9645833333333333,17,181,0.7539432176656151,0.98989898989899,0.7539432176656151,0.8828828828828829,0.9755102040816327,6,78
2184,consecutive_ratio,"{""min_consecutive"": 6, ""min_ratio"": 0.15, ""threshold"": 0.625}",0.718944099378882,0.9854327335047129,0.718944099378882,0.8640120210368144,0.9645833333333333,17,181,0.7539432176656151,0.98989898989899,0.7539432176656151,0.8828828828828829,0.9755102040816327,6,78
2185,hysteresis,"{""high"": 0.625, ""low"": 0.575, ""min_consecutive"": 9}",0.718944099378882,0.9854327335047129,0.718944099378882,0.8640120210368144,0.9645833333333333,17,181,0.7445482866043613,0.9898305084745763,0.7445482866043613,0.8768768768768769,0.9755102040816327,6,82
2186,consecutive_count,"{""min_consecutive"": 1, ""min_count"": 7, ""threshold"": 0.65}",0.7182235834609495,0.9905008635578584,0.7182235834609495,0.8617580766341096,0.9770833333333333,11,184,0.7554858934169278,0.9932432432432432,0.7554858934169278,0.8828828828828829,0.9836734693877551,4,78
2187,consecutive_ratio,"{""min_consecutive"": 1, ""min_ratio"": 0.15, ""threshold"": 0.65}",0.7182235834609495,0.9905008635578584,0.7182235834609495,0.8617580766341096,0.9770833333333333,11,184,0.7554858934169278,0.9932432432432432,0.7554858934169278,0.8828828828828829,0.9836734693877551,4,78
2188,consecutive_count,"{""min_consecutive"": 2, ""min_count"": 7, ""threshold"": 0.65}",0.7182235834609495,0.9905008635578584,0.7182235834609495,0.8617580766341096,0.9770833333333333,11,184,0.7554858934169278,0.9932432432432432,0.7554858934169278,0.8828828828828829,0.9836734693877551,4,78
2189,consecutive_ratio,"{""min_consecutive"": 2, ""min_ratio"": 0.15, ""threshold"": 0.65}",0.7182235834609495,0.9905008635578584,0.7182235834609495,0.8617580766341096,0.9770833333333333,11,184,0.7554858934169278,0.9932432432432432,0.7554858934169278,0.8828828828828829,0.9836734693877551,4,78
2190,consecutive_count,"{""min_consecutive"": 3, ""min_count"": 7, ""threshold"": 0.65}",0.7182235834609495,0.9905008635578584,0.7182235834609495,0.8617580766341096,0.9770833333333333,11,184,0.7554858934169278,0.9932432432432432,0.7554858934169278,0.8828828828828829,0.9836734693877551,4,78
2191,consecutive_ratio,"{""min_consecutive"": 3, ""min_ratio"": 0.15, ""threshold"": 0.65}",0.7182235834609495,0.9905008635578584,0.7182235834609495,0.8617580766341096,0.9770833333333333,11,184,0.7554858934169278,0.9932432432432432,0.7554858934169278,0.8828828828828829,0.9836734693877551,4,78
2192,hysteresis,"{""high"": 0.75, ""low"": 0.7, ""min_consecutive"": 4}",0.7180277349768875,0.9879518072289156,0.7180277349768875,0.8625093914350113,0.9708333333333333,14,183,0.7507788161993769,0.9932203389830508,0.7507788161993769,0.8798798798798799,0.9836734693877551,4,80
2193,consecutive,"{""min_consecutive"": 8, ""threshold"": 0.6}",0.7178294573643411,0.9854202401372213,0.7178294573643411,0.8632607062359129,0.9645833333333333,17,182,0.7515723270440252,0.9898819561551433,0.7515723270440252,0.8813813813813813,0.9755102040816327,6,79
2194,consecutive_count,"{""min_consecutive"": 1, ""min_count"": 8, ""threshold"": 0.625}",0.717357910906298,0.9887931034482759,0.717357910906298,0.8617580766341096,0.9729166666666667,13,184,0.7515723270440252,0.9898819561551433,0.7515723270440252,0.8813813813813813,0.9755102040816327,6,79
2195,consecutive_count,"{""min_consecutive"": 2, ""min_count"": 8, ""threshold"": 0.625}",0.717357910906298,0.9887931034482759,0.717357910906298,0.8617580766341096,0.9729166666666667,13,184,0.7515723270440252,0.9898819561551433,0.7515723270440252,0.8813813813813813,0.9755102040816327,6,79
2196,consecutive_count,"{""min_consecutive"": 3, ""min_count"": 8, ""threshold"": 0.625}",0.717357910906298,0.9887931034482759,0.717357910906298,0.8617580766341096,0.9729166666666667,13,184,0.7515723270440252,0.9898819561551433,0.7515723270440252,0.8813813813813813,0.9755102040816327,6,79
2197,consecutive_count,"{""min_consecutive"": 4, ""min_count"": 8, ""threshold"": 0.625}",0.717357910906298,0.9887931034482759,0.717357910906298,0.8617580766341096,0.9729166666666667,13,184,0.7515723270440252,0.9898819561551433,0.7515723270440252,0.8813813813813813,0.9755102040816327,6,79
2198,consecutive_count,"{""min_consecutive"": 1, ""min_count"": 6, ""threshold"": 0.675}",0.717357910906298,0.9887931034482759,0.717357910906298,0.8617580766341096,0.9729166666666667,13,184,0.7578616352201258,0.9932546374367622,0.7578616352201258,0.8843843843843844,0.9836734693877551,4,77
2199,consecutive_ratio,"{""min_consecutive"": 1, ""min_ratio"": 0.13, ""threshold"": 0.675}",0.717357910906298,0.9887931034482759,0.717357910906298,0.8617580766341096,0.9729166666666667,13,184,0.7578616352201258,0.9932546374367622,0.7578616352201258,0.8843843843843844,0.9836734693877551,4,77
2200,consecutive_count,"{""min_consecutive"": 2, ""min_count"": 6, ""threshold"": 0.675}",0.717357910906298,0.9887931034482759,0.717357910906298,0.8617580766341096,0.9729166666666667,13,184,0.7578616352201258,0.9932546374367622,0.7578616352201258,0.8843843843843844,0.9836734693877551,4,77
2201,consecutive_ratio,"{""min_consecutive"": 2, ""min_ratio"": 0.13, ""threshold"": 0.675}",0.717357910906298,0.9887931034482759,0.717357910906298,0.8617580766341096,0.9729166666666667,13,184,0.7578616352201258,0.9932546374367622,0.7578616352201258,0.8843843843843844,0.9836734693877551,4,77
2202,consecutive_count,"{""min_consecutive"": 3, ""min_count"": 6, ""threshold"": 0.675}",0.717357910906298,0.9887931034482759,0.717357910906298,0.8617580766341096,0.9729166666666667,13,184,0.7578616352201258,0.9932546374367622,0.7578616352201258,0.8843843843843844,0.9836734693877551,4,77
2203,consecutive_ratio,"{""min_consecutive"": 3, ""min_ratio"": 0.13, ""threshold"": 0.675}",0.717357910906298,0.9887931034482759,0.717357910906298,0.8617580766341096,0.9729166666666667,13,184,0.7578616352201258,0.9932546374367622,0.7578616352201258,0.8843843843843844,0.9836734693877551,4,77
2204,consecutive_count,"{""min_consecutive"": 4, ""min_count"": 6, ""threshold"": 0.675}",0.717357910906298,0.9887931034482759,0.717357910906298,0.8617580766341096,0.9729166666666667,13,184,0.7554858934169278,0.9932432432432432,0.7554858934169278,0.8828828828828829,0.9836734693877551,4,78
2205,consecutive_ratio,"{""min_consecutive"": 4, ""min_ratio"": 0.13, ""threshold"": 0.675}",0.717357910906298,0.9887931034482759,0.717357910906298,0.8617580766341096,0.9729166666666667,13,184,0.7554858934169278,0.9932432432432432,0.7554858934169278,0.8828828828828829,0.9836734693877551,4,78
2206,consecutive_count,"{""min_consecutive"": 4, ""min_count"": 7, ""threshold"": 0.65}",0.7171253822629969,0.9904926534140017,0.7171253822629969,0.8610067618332081,0.9770833333333333,11,185,0.7554858934169278,0.9932432432432432,0.7554858934169278,0.8828828828828829,0.9836734693877551,4,78
2207,consecutive_ratio,"{""min_consecutive"": 4, ""min_ratio"": 0.15, ""threshold"": 0.65}",0.7171253822629969,0.9904926534140017,0.7171253822629969,0.8610067618332081,0.9770833333333333,11,185,0.7554858934169278,0.9932432432432432,0.7554858934169278,0.8828828828828829,0.9836734693877551,4,78
2208,hysteresis,"{""high"": 0.75, ""low"": 0.55, ""min_consecutive"": 6}",0.7167182662538699,0.9854077253218884,0.7167182662538699,0.8625093914350113,0.9645833333333333,17,183,0.7626582278481012,0.9932773109243698,0.7626582278481012,0.8873873873873874,0.9836734693877551,4,75
2209,consecutive_count,"{""min_consecutive"": 1, ""min_count"": 4, ""threshold"": 0.35}",0.7166666666666667,0.90633608815427,0.958217270194986,0.9887302779864763,0.7166666666666667,136,15,0.7020408163265306,0.9004092769440655,0.9662921348314607,0.990990990990991,0.7020408163265306,73,6
2210,consecutive_ratio,"{""min_consecutive"": 1, ""min_ratio"": 0.09, ""threshold"": 0.35}",0.7166666666666667,0.90633608815427,0.958217270194986,0.9887302779864763,0.7166666666666667,136,15,0.7020408163265306,0.9004092769440655,0.9662921348314607,0.990990990990991,0.7020408163265306,73,6
2211,consecutive_count,"{""min_consecutive"": 2, ""min_count"": 4, ""threshold"": 0.35}",0.7166666666666667,0.90633608815427,0.958217270194986,0.9887302779864763,0.7166666666666667,136,15,0.7020408163265306,0.9004092769440655,0.9662921348314607,0.990990990990991,0.7020408163265306,73,6
2212,consecutive_ratio,"{""min_consecutive"": 2, ""min_ratio"": 0.09, ""threshold"": 0.35}",0.7166666666666667,0.90633608815427,0.958217270194986,0.9887302779864763,0.7166666666666667,136,15,0.7020408163265306,0.9004092769440655,0.9662921348314607,0.990990990990991,0.7020408163265306,73,6
2213,consecutive_count,"{""min_consecutive"": 2, ""min_count"": 3, ""threshold"": 0.375}",0.7166666666666667,0.90633608815427,0.958217270194986,0.9887302779864763,0.7166666666666667,136,15,0.6979591836734694,0.8993197278911564,0.9715909090909091,0.9924924924924925,0.6979591836734694,74,5
2214,consecutive_ratio,"{""min_consecutive"": 2, ""min_ratio"": 0.05, ""threshold"": 0.375}",0.7166666666666667,0.90633608815427,0.958217270194986,0.9887302779864763,0.7166666666666667,136,15,0.6979591836734694,0.8993197278911564,0.9715909090909091,0.9924924924924925,0.6979591836734694,74,5
2215,consecutive_ratio,"{""min_consecutive"": 2, ""min_ratio"": 0.07, ""threshold"": 0.375}",0.7166666666666667,0.90633608815427,0.958217270194986,0.9887302779864763,0.7166666666666667,136,15,0.6979591836734694,0.8993197278911564,0.9715909090909091,0.9924924924924925,0.6979591836734694,74,5
2216,hysteresis,"{""high"": 0.75, ""low"": 0.65, ""min_consecutive"": 5}",0.7164869029275809,0.9870912220309811,0.7164869029275809,0.8617580766341096,0.96875,15,184,0.7554858934169278,0.9932432432432432,0.7554858934169278,0.8828828828828829,0.9836734693877551,4,78
2217,hysteresis,"{""high"": 0.725, ""low"": 0.525, ""min_consecutive"": 8}",0.7162790697674418,0.9845626072041166,0.7162790697674418,0.8625093914350113,0.9625,18,183,0.7643312101910829,0.9916247906197655,0.7643312101910829,0.8888888888888888,0.9795918367346939,5,74
2218,hysteresis,"{""high"": 0.775, ""low"": 0.725, ""min_consecutive"": 3}",0.7162790697674418,0.9845626072041166,0.7162790697674418,0.8625093914350113,0.9625,18,183,0.7461300309597523,0.9931972789115646,0.7461300309597523,0.8768768768768769,0.9836734693877551,4,82
2219,consecutive_count,"{""min_consecutive"": 6, ""min_count"": 10, ""threshold"": 0.575}",0.7162576687116564,0.9887834339948232,0.7162576687116564,0.8610067618332081,0.9729166666666667,13,185,0.7531645569620253,0.9882352941176471,0.7531645569620253,0.8828828828828829,0.9714285714285714,7,78
2220,consecutive_count,"{""min_consecutive"": 5, ""min_count"": 8, ""threshold"": 0.625}",0.7162576687116564,0.9887834339948232,0.7162576687116564,0.8610067618332081,0.9729166666666667,13,185,0.7492163009404389,0.9898648648648649,0.7492163009404389,0.8798798798798799,0.9755102040816327,6,80
2221,consecutive,"{""min_consecutive"": 7, ""threshold"": 0.625}",0.7160493827160493,0.9862424763542562,0.7160493827160493,0.8617580766341096,0.9666666666666667,16,184,0.7492163009404389,0.9898648648648649,0.7492163009404389,0.8798798798798799,0.9755102040816327,6,80
2222,consecutive_count,"{""min_consecutive"": 7, ""min_count"": 2, ""threshold"": 0.625}",0.7160493827160493,0.9862424763542562,0.7160493827160493,0.8617580766341096,0.9666666666666667,16,184,0.7492163009404389,0.9898648648648649,0.7492163009404389,0.8798798798798799,0.9755102040816327,6,80
2223,consecutive_count,"{""min_consecutive"": 7, ""min_count"": 3, ""threshold"": 0.625}",0.7160493827160493,0.9862424763542562,0.7160493827160493,0.8617580766341096,0.9666666666666667,16,184,0.7492163009404389,0.9898648648648649,0.7492163009404389,0.8798798798798799,0.9755102040816327,6,80
2224,consecutive_count,"{""min_consecutive"": 7, ""min_count"": 4, ""threshold"": 0.625}",0.7160493827160493,0.9862424763542562,0.7160493827160493,0.8617580766341096,0.9666666666666667,16,184,0.7492163009404389,0.9898648648648649,0.7492163009404389,0.8798798798798799,0.9755102040816327,6,80
2225,consecutive_count,"{""min_consecutive"": 7, ""min_count"": 5, ""threshold"": 0.625}",0.7160493827160493,0.9862424763542562,0.7160493827160493,0.8617580766341096,0.9666666666666667,16,184,0.7492163009404389,0.9898648648648649,0.7492163009404389,0.8798798798798799,0.9755102040816327,6,80
2226,consecutive_count,"{""min_consecutive"": 7, ""min_count"": 6, ""threshold"": 0.625}",0.7160493827160493,0.9862424763542562,0.7160493827160493,0.8617580766341096,0.9666666666666667,16,184,0.7492163009404389,0.9898648648648649,0.7492163009404389,0.8798798798798799,0.9755102040816327,6,80
2227,consecutive_count,"{""min_consecutive"": 7, ""min_count"": 7, ""threshold"": 0.625}",0.7160493827160493,0.9862424763542562,0.7160493827160493,0.8617580766341096,0.9666666666666667,16,184,0.7492163009404389,0.9898648648648649,0.7492163009404389,0.8798798798798799,0.9755102040816327,6,80
2228,consecutive_ratio,"{""min_consecutive"": 7, ""min_ratio"": 0.03, ""threshold"": 0.625}",0.7160493827160493,0.9862424763542562,0.7160493827160493,0.8617580766341096,0.9666666666666667,16,184,0.7492163009404389,0.9898648648648649,0.7492163009404389,0.8798798798798799,0.9755102040816327,6,80
2229,consecutive_ratio,"{""min_consecutive"": 7, ""min_ratio"": 0.05, ""threshold"": 0.625}",0.7160493827160493,0.9862424763542562,0.7160493827160493,0.8617580766341096,0.9666666666666667,16,184,0.7492163009404389,0.9898648648648649,0.7492163009404389,0.8798798798798799,0.9755102040816327,6,80
2230,consecutive_ratio,"{""min_consecutive"": 7, ""min_ratio"": 0.07, ""threshold"": 0.625}",0.7160493827160493,0.9862424763542562,0.7160493827160493,0.8617580766341096,0.9666666666666667,16,184,0.7492163009404389,0.9898648648648649,0.7492163009404389,0.8798798798798799,0.9755102040816327,6,80
2231,consecutive_ratio,"{""min_consecutive"": 7, ""min_ratio"": 0.09, ""threshold"": 0.625}",0.7160493827160493,0.9862424763542562,0.7160493827160493,0.8617580766341096,0.9666666666666667,16,184,0.7492163009404389,0.9898648648648649,0.7492163009404389,0.8798798798798799,0.9755102040816327,6,80
2232,consecutive_ratio,"{""min_consecutive"": 7, ""min_ratio"": 0.11, ""threshold"": 0.625}",0.7160493827160493,0.9862424763542562,0.7160493827160493,0.8617580766341096,0.9666666666666667,16,184,0.7492163009404389,0.9898648648648649,0.7492163009404389,0.8798798798798799,0.9755102040816327,6,80
2233,consecutive_ratio,"{""min_consecutive"": 7, ""min_ratio"": 0.13, ""threshold"": 0.625}",0.7160493827160493,0.9862424763542562,0.7160493827160493,0.8617580766341096,0.9666666666666667,16,184,0.7492163009404389,0.9898648648648649,0.7492163009404389,0.8798798798798799,0.9755102040816327,6,80
2234,consecutive_ratio,"{""min_consecutive"": 7, ""min_ratio"": 0.15, ""threshold"": 0.625}",0.7160493827160493,0.9862424763542562,0.7160493827160493,0.8617580766341096,0.9666666666666667,16,184,0.7492163009404389,0.9898648648648649,0.7492163009404389,0.8798798798798799,0.9755102040816327,6,80
2235,hysteresis,"{""high"": 0.7, ""low"": 0.65, ""min_consecutive"": 6}",0.7160493827160493,0.9862424763542562,0.7160493827160493,0.8617580766341096,0.9666666666666667,16,184,0.765079365079365,0.9932885906040269,0.765079365079365,0.8888888888888888,0.9836734693877551,4,74
2236,consecutive_count,"{""min_consecutive"": 5, ""min_count"": 7, ""threshold"": 0.65}",0.716030534351145,0.990484429065744,0.716030534351145,0.8602554470323065,0.9770833333333333,11,186,0.7554858934169278,0.9932432432432432,0.7554858934169278,0.8828828828828829,0.9836734693877551,4,78
2237,consecutive_ratio,"{""min_consecutive"": 5, ""min_ratio"": 0.15, ""threshold"": 0.65}",0.716030534351145,0.990484429065744,0.716030534351145,0.8602554470323065,0.9770833333333333,11,186,0.7554858934169278,0.9932432432432432,0.7554858934169278,0.8828828828828829,0.9836734693877551,4,78
2238,consecutive_count,"{""min_consecutive"": 1, ""min_count"": 11, ""threshold"": 0.55}",0.7158218125960062,0.9879310344827587,0.7158218125960062,0.8610067618332081,0.9708333333333333,14,185,0.7669902912621359,0.9867109634551495,0.7669902912621359,0.8918918918918919,0.9673469387755103,8,72
2239,consecutive_count,"{""min_consecutive"": 2, ""min_count"": 11, ""threshold"": 0.55}",0.7158218125960062,0.9879310344827587,0.7158218125960062,0.8610067618332081,0.9708333333333333,14,185,0.7669902912621359,0.9867109634551495,0.7669902912621359,0.8918918918918919,0.9673469387755103,8,72
2240,consecutive_count,"{""min_consecutive"": 3, ""min_count"": 11, ""threshold"": 0.55}",0.7158218125960062,0.9879310344827587,0.7158218125960062,0.8610067618332081,0.9708333333333333,14,185,0.7669902912621359,0.9867109634551495,0.7669902912621359,0.8918918918918919,0.9673469387755103,8,72
2241,consecutive_count,"{""min_consecutive"": 4, ""min_count"": 11, ""threshold"": 0.55}",0.7158218125960062,0.9879310344827587,0.7158218125960062,0.8610067618332081,0.9708333333333333,14,185,0.7669902912621359,0.9867109634551495,0.7669902912621359,0.8918918918918919,0.9673469387755103,8,72
2242,consecutive_count,"{""min_consecutive"": 5, ""min_count"": 11, ""threshold"": 0.55}",0.7158218125960062,0.9879310344827587,0.7158218125960062,0.8610067618332081,0.9708333333333333,14,185,0.7669902912621359,0.9867109634551495,0.7669902912621359,0.8918918918918919,0.9673469387755103,8,72
2243,consecutive_count,"{""min_consecutive"": 6, ""min_count"": 11, ""threshold"": 0.55}",0.7158218125960062,0.9879310344827587,0.7158218125960062,0.8610067618332081,0.9708333333333333,14,185,0.7669902912621359,0.9867109634551495,0.7669902912621359,0.8918918918918919,0.9673469387755103,8,72
2244,consecutive_count,"{""min_consecutive"": 1, ""min_count"": 10, ""threshold"": 0.575}",0.7158218125960062,0.9879310344827587,0.7158218125960062,0.8610067618332081,0.9708333333333333,14,185,0.7531645569620253,0.9882352941176471,0.7531645569620253,0.8828828828828829,0.9714285714285714,7,78
2245,consecutive_count,"{""min_consecutive"": 2, ""min_count"": 10, ""threshold"": 0.575}",0.7158218125960062,0.9879310344827587,0.7158218125960062,0.8610067618332081,0.9708333333333333,14,185,0.7531645569620253,0.9882352941176471,0.7531645569620253,0.8828828828828829,0.9714285714285714,7,78
2246,consecutive_count,"{""min_consecutive"": 3, ""min_count"": 10, ""threshold"": 0.575}",0.7158218125960062,0.9879310344827587,0.7158218125960062,0.8610067618332081,0.9708333333333333,14,185,0.7531645569620253,0.9882352941176471,0.7531645569620253,0.8828828828828829,0.9714285714285714,7,78
2247,consecutive_count,"{""min_consecutive"": 4, ""min_count"": 10, ""threshold"": 0.575}",0.7158218125960062,0.9879310344827587,0.7158218125960062,0.8610067618332081,0.9708333333333333,14,185,0.7531645569620253,0.9882352941176471,0.7531645569620253,0.8828828828828829,0.9714285714285714,7,78
2248,consecutive_count,"{""min_consecutive"": 5, ""min_count"": 10, ""threshold"": 0.575}",0.7158218125960062,0.9879310344827587,0.7158218125960062,0.8610067618332081,0.9708333333333333,14,185,0.7531645569620253,0.9882352941176471,0.7531645569620253,0.8828828828828829,0.9714285714285714,7,78
2249,hysteresis,"{""high"": 0.675, ""low"": 0.575, ""min_consecutive"": 8}",0.7156105100463679,0.9853951890034365,0.7156105100463679,0.8617580766341096,0.9645833333333333,17,184,0.759493670886076,0.9915966386554622,0.759493670886076,0.8858858858858859,0.9795918367346939,5,76
2250,consecutive,"{""min_consecutive"": 3, ""threshold"": 0.75}",0.7153846153846154,0.9870801033591732,0.7153846153846154,0.8610067618332081,0.96875,15,185,0.7415384615384616,0.9931740614334471,0.7415384615384616,0.8738738738738738,0.9836734693877551,4,84
2251,consecutive_count,"{""min_consecutive"": 3, ""min_count"": 2, ""threshold"": 0.75}",0.7153846153846154,0.9870801033591732,0.7153846153846154,0.8610067618332081,0.96875,15,185,0.7415384615384616,0.9931740614334471,0.7415384615384616,0.8738738738738738,0.9836734693877551,4,84
2252,consecutive_count,"{""min_consecutive"": 3, ""min_count"": 3, ""threshold"": 0.75}",0.7153846153846154,0.9870801033591732,0.7153846153846154,0.8610067618332081,0.96875,15,185,0.7415384615384616,0.9931740614334471,0.7415384615384616,0.8738738738738738,0.9836734693877551,4,84
2253,consecutive_ratio,"{""min_consecutive"": 3, ""min_ratio"": 0.03, ""threshold"": 0.75}",0.7153846153846154,0.9870801033591732,0.7153846153846154,0.8610067618332081,0.96875,15,185,0.7415384615384616,0.9931740614334471,0.7415384615384616,0.8738738738738738,0.9836734693877551,4,84
2254,consecutive_ratio,"{""min_consecutive"": 3, ""min_ratio"": 0.05, ""threshold"": 0.75}",0.7153846153846154,0.9870801033591732,0.7153846153846154,0.8610067618332081,0.96875,15,185,0.7415384615384616,0.9931740614334471,0.7415384615384616,0.8738738738738738,0.9836734693877551,4,84
2255,consecutive_ratio,"{""min_consecutive"": 3, ""min_ratio"": 0.07, ""threshold"": 0.75}",0.7153846153846154,0.9870801033591732,0.7153846153846154,0.8610067618332081,0.96875,15,185,0.7415384615384616,0.9931740614334471,0.7415384615384616,0.8738738738738738,0.9836734693877551,4,84
2256,hysteresis,"{""high"": 0.725, ""low"": 0.675, ""min_consecutive"": 5}",0.7153846153846154,0.9870801033591732,0.7153846153846154,0.8610067618332081,0.96875,15,185,0.7554858934169278,0.9932432432432432,0.7554858934169278,0.8828828828828829,0.9836734693877551,4,78
2257,hysteresis,"{""high"": 0.7, ""low"": 0.6, ""min_consecutive"": 7}",0.7151702786377709,0.984549356223176,0.7151702786377709,0.8617580766341096,0.9625,18,184,0.765079365079365,0.9932885906040269,0.765079365079365,0.8888888888888888,0.9836734693877551,4,74
2258,consecutive_count,"{""min_consecutive"": 7, ""min_count"": 11, ""threshold"": 0.55}",0.7151607963246555,0.9887737478411054,0.7151607963246555,0.8602554470323065,0.9729166666666667,13,186,0.7596153846153846,0.986644407345576,0.7596153846153846,0.8873873873873874,0.9673469387755103,8,75
2259,consecutive_count,"{""min_consecutive"": 7, ""min_count"": 10, ""threshold"": 0.575}",0.7151607963246555,0.9887737478411054,0.7151607963246555,0.8602554470323065,0.9729166666666667,13,186,0.7531645569620253,0.9882352941176471,0.7531645569620253,0.8828828828828829,0.9714285714285714,7,78
2260,consecutive_count,"{""min_consecutive"": 1, ""min_count"": 9, ""threshold"": 0.6}",0.7151607963246555,0.9887737478411054,0.7151607963246555,0.8602554470323065,0.9729166666666667,13,186,0.746875,0.9898477157360406,0.746875,0.8783783783783784,0.9755102040816327,6,81
2261,consecutive_ratio,"{""min_consecutive"": 1, ""min_ratio"": 0.2, ""threshold"": 0.6}",0.7151607963246555,0.9887737478411054,0.7151607963246555,0.8602554470323065,0.9729166666666667,13,186,0.746875,0.9898477157360406,0.746875,0.8783783783783784,0.9755102040816327,6,81
2262,consecutive_count,"{""min_consecutive"": 2, ""min_count"": 9, ""threshold"": 0.6}",0.7151607963246555,0.9887737478411054,0.7151607963246555,0.8602554470323065,0.9729166666666667,13,186,0.746875,0.9898477157360406,0.746875,0.8783783783783784,0.9755102040816327,6,81
2263,consecutive_ratio,"{""min_consecutive"": 2, ""min_ratio"": 0.2, ""threshold"": 0.6}",0.7151607963246555,0.9887737478411054,0.7151607963246555,0.8602554470323065,0.9729166666666667,13,186,0.746875,0.9898477157360406,0.746875,0.8783783783783784,0.9755102040816327,6,81
2264,consecutive_count,"{""min_consecutive"": 3, ""min_count"": 9, ""threshold"": 0.6}",0.7151607963246555,0.9887737478411054,0.7151607963246555,0.8602554470323065,0.9729166666666667,13,186,0.746875,0.9898477157360406,0.746875,0.8783783783783784,0.9755102040816327,6,81
2265,consecutive_ratio,"{""min_consecutive"": 3, ""min_ratio"": 0.2, ""threshold"": 0.6}",0.7151607963246555,0.9887737478411054,0.7151607963246555,0.8602554470323065,0.9729166666666667,13,186,0.746875,0.9898477157360406,0.746875,0.8783783783783784,0.9755102040816327,6,81
2266,consecutive_count,"{""min_consecutive"": 4, ""min_count"": 9, ""threshold"": 0.6}",0.7151607963246555,0.9887737478411054,0.7151607963246555,0.8602554470323065,0.9729166666666667,13,186,0.746875,0.9898477157360406,0.746875,0.8783783783783784,0.9755102040816327,6,81
2267,consecutive_ratio,"{""min_consecutive"": 4, ""min_ratio"": 0.2, ""threshold"": 0.6}",0.7151607963246555,0.9887737478411054,0.7151607963246555,0.8602554470323065,0.9729166666666667,13,186,0.746875,0.9898477157360406,0.746875,0.8783783783783784,0.9755102040816327,6,81
2268,consecutive_count,"{""min_consecutive"": 5, ""min_count"": 9, ""threshold"": 0.6}",0.7151607963246555,0.9887737478411054,0.7151607963246555,0.8602554470323065,0.9729166666666667,13,186,0.746875,0.9898477157360406,0.746875,0.8783783783783784,0.9755102040816327,6,81
2269,consecutive_ratio,"{""min_consecutive"": 5, ""min_ratio"": 0.2, ""threshold"": 0.6}",0.7151607963246555,0.9887737478411054,0.7151607963246555,0.8602554470323065,0.9729166666666667,13,186,0.746875,0.9898477157360406,0.746875,0.8783783783783784,0.9755102040816327,6,81
2270,consecutive_count,"{""min_consecutive"": 4, ""min_count"": 5, ""threshold"": 0.7}",0.7151607963246555,0.9887737478411054,0.7151607963246555,0.8602554470323065,0.9729166666666667,13,186,0.7507788161993769,0.9932203389830508,0.7507788161993769,0.8798798798798799,0.9836734693877551,4,80
2271,consecutive_ratio,"{""min_consecutive"": 4, ""min_ratio"": 0.11, ""threshold"": 0.7}",0.7151607963246555,0.9887737478411054,0.7151607963246555,0.8602554470323065,0.9729166666666667,13,186,0.7507788161993769,0.9932203389830508,0.7507788161993769,0.8798798798798799,0.9836734693877551,4,80
2272,consecutive_count,"{""min_consecutive"": 1, ""min_count"": 4, ""threshold"": 0.725}",0.7147239263803681,0.9879206212251941,0.7147239263803681,0.8602554470323065,0.9708333333333333,14,186,0.7438271604938271,0.9931856899488927,0.7438271604938271,0.8753753753753754,0.9836734693877551,4,83
2273,consecutive_ratio,"{""min_consecutive"": 1, ""min_ratio"": 0.09, ""threshold"": 0.725}",0.7147239263803681,0.9879206212251941,0.7147239263803681,0.8602554470323065,0.9708333333333333,14,186,0.7438271604938271,0.9931856899488927,0.7438271604938271,0.8753753753753754,0.9836734693877551,4,83
2274,consecutive_count,"{""min_consecutive"": 2, ""min_count"": 4, ""threshold"": 0.725}",0.7147239263803681,0.9879206212251941,0.7147239263803681,0.8602554470323065,0.9708333333333333,14,186,0.7438271604938271,0.9931856899488927,0.7438271604938271,0.8753753753753754,0.9836734693877551,4,83
2275,consecutive_ratio,"{""min_consecutive"": 2, ""min_ratio"": 0.09, ""threshold"": 0.725}",0.7147239263803681,0.9879206212251941,0.7147239263803681,0.8602554470323065,0.9708333333333333,14,186,0.7438271604938271,0.9931856899488927,0.7438271604938271,0.8753753753753754,0.9836734693877551,4,83
2276,consecutive_count,"{""min_consecutive"": 3, ""min_count"": 4, ""threshold"": 0.725}",0.7147239263803681,0.9879206212251941,0.7147239263803681,0.8602554470323065,0.9708333333333333,14,186,0.7438271604938271,0.9931856899488927,0.7438271604938271,0.8753753753753754,0.9836734693877551,4,83
2277,consecutive_ratio,"{""min_consecutive"": 3, ""min_ratio"": 0.09, ""threshold"": 0.725}",0.7147239263803681,0.9879206212251941,0.7147239263803681,0.8602554470323065,0.9708333333333333,14,186,0.7438271604938271,0.9931856899488927,0.7438271604938271,0.8753753753753754,0.9836734693877551,4,83
2278,topk_mean,"{""threshold"": 0.725, ""top_k"": 7}",0.7147239263803681,0.9879206212251941,0.7147239263803681,0.8602554470323065,0.9708333333333333,14,186,0.7438271604938271,0.9931856899488927,0.7438271604938271,0.8753753753753754,0.9836734693877551,4,83
2279,consecutive_count,"{""min_consecutive"": 1, ""min_count"": 3, ""threshold"": 0.375}",0.7145833333333333,0.905712319339298,0.9581005586592178,0.9887302779864763,0.7145833333333333,137,15,0.6979591836734694,0.8993197278911564,0.9715909090909091,0.9924924924924925,0.6979591836734694,74,5
2280,consecutive_ratio,"{""min_consecutive"": 1, ""min_ratio"": 0.05, ""threshold"": 0.375}",0.7145833333333333,0.905712319339298,0.9581005586592178,0.9887302779864763,0.7145833333333333,137,15,0.6979591836734694,0.8993197278911564,0.9715909090909091,0.9924924924924925,0.6979591836734694,74,5
2281,consecutive_ratio,"{""min_consecutive"": 1, ""min_ratio"": 0.07, ""threshold"": 0.375}",0.7145833333333333,0.905712319339298,0.9581005586592178,0.9887302779864763,0.7145833333333333,137,15,0.6979591836734694,0.8993197278911564,0.9715909090909091,0.9924924924924925,0.6979591836734694,74,5
2282,hysteresis,"{""high"": 0.65, ""low"": 0.6, ""min_consecutive"": 8}",0.7145061728395061,0.9853826311263972,0.7145061728395061,0.8610067618332081,0.9645833333333333,17,185,0.7515723270440252,0.9898819561551433,0.7515723270440252,0.8813813813813813,0.9755102040816327,6,79
2283,hysteresis,"{""high"": 0.775, ""low"": 0.625, ""min_consecutive"": 4}",0.7145061728395061,0.9853826311263972,0.7145061728395061,0.8610067618332081,0.9645833333333333,17,185,0.7453416149068323,0.9915110356536503,0.7453416149068323,0.8768768768768769,0.9795918367346939,5,82
2284,topk_mean,"{""threshold"": 0.7, ""top_k"": 9}",0.7145038167938931,0.9896193771626297,0.7145038167938931,0.859504132231405,0.975,12,187,0.7484472049689441,0.9932088285229203,0.7484472049689441,0.8783783783783784,0.9836734693877551,4,81
2285,consecutive_count,"{""min_consecutive"": 6, ""min_count"": 9, ""threshold"": 0.6}",0.7140672782874617,0.9887640449438202,0.7140672782874617,0.859504132231405,0.9729166666666667,13,187,0.7445482866043613,0.9898305084745763,0.7445482866043613,0.8768768768768769,0.9755102040816327,6,82
2286,consecutive_ratio,"{""min_consecutive"": 6, ""min_ratio"": 0.2, ""threshold"": 0.6}",0.7140672782874617,0.9887640449438202,0.7140672782874617,0.859504132231405,0.9729166666666667,13,187,0.7445482866043613,0.9898305084745763,0.7445482866043613,0.8768768768768769,0.9755102040816327,6,82
2287,consecutive_count,"{""min_consecutive"": 1, ""min_count"": 12, ""threshold"": 0.525}",0.714064914992272,0.9845360824742269,0.714064914992272,0.8610067618332081,0.9625,18,185,0.7637540453074434,0.9850498338870431,0.7637540453074434,0.8903903903903904,0.963265306122449,9,73
2288,consecutive_count,"{""min_consecutive"": 2, ""min_count"": 12, ""threshold"": 0.525}",0.714064914992272,0.9845360824742269,0.714064914992272,0.8610067618332081,0.9625,18,185,0.7637540453074434,0.9850498338870431,0.7637540453074434,0.8903903903903904,0.963265306122449,9,73
2289,consecutive_count,"{""min_consecutive"": 3, ""min_count"": 12, ""threshold"": 0.525}",0.714064914992272,0.9845360824742269,0.714064914992272,0.8610067618332081,0.9625,18,185,0.7637540453074434,0.9850498338870431,0.7637540453074434,0.8903903903903904,0.963265306122449,9,73
2290,consecutive_count,"{""min_consecutive"": 4, ""min_count"": 12, ""threshold"": 0.525}",0.714064914992272,0.9845360824742269,0.714064914992272,0.8610067618332081,0.9625,18,185,0.7637540453074434,0.9850498338870431,0.7637540453074434,0.8903903903903904,0.963265306122449,9,73
2291,consecutive_count,"{""min_consecutive"": 5, ""min_count"": 12, ""threshold"": 0.525}",0.714064914992272,0.9845360824742269,0.714064914992272,0.8610067618332081,0.9625,18,185,0.7637540453074434,0.9850498338870431,0.7637540453074434,0.8903903903903904,0.963265306122449,9,73
2292,consecutive_count,"{""min_consecutive"": 6, ""min_count"": 12, ""threshold"": 0.525}",0.714064914992272,0.9845360824742269,0.714064914992272,0.8610067618332081,0.9625,18,185,0.7637540453074434,0.9850498338870431,0.7637540453074434,0.8903903903903904,0.963265306122449,9,73
2293,consecutive_count,"{""min_consecutive"": 7, ""min_count"": 12, ""threshold"": 0.525}",0.7134052388289677,0.9853700516351118,0.7134052388289677,0.8602554470323065,0.9645833333333333,17,186,0.7637540453074434,0.9850498338870431,0.7637540453074434,0.8903903903903904,0.963265306122449,9,73
2294,consecutive,"{""min_consecutive"": 4, ""threshold"": 0.725}",0.7125382262996942,0.9878997407087294,0.7125382262996942,0.8587528174305034,0.9708333333333333,14,188,0.7370030581039755,0.9931506849315068,0.7370030581039755,0.8708708708708709,0.9836734693877551,4,86
2295,consecutive_count,"{""min_consecutive"": 4, ""min_count"": 2, ""threshold"": 0.725}",0.7125382262996942,0.9878997407087294,0.7125382262996942,0.8587528174305034,0.9708333333333333,14,188,0.7370030581039755,0.9931506849315068,0.7370030581039755,0.8708708708708709,0.9836734693877551,4,86
2296,consecutive_count,"{""min_consecutive"": 4, ""min_count"": 3, ""threshold"": 0.725}",0.7125382262996942,0.9878997407087294,0.7125382262996942,0.8587528174305034,0.9708333333333333,14,188,0.7370030581039755,0.9931506849315068,0.7370030581039755,0.8708708708708709,0.9836734693877551,4,86
2297,consecutive_count,"{""min_consecutive"": 4, ""min_count"": 4, ""threshold"": 0.725}",0.7125382262996942,0.9878997407087294,0.7125382262996942,0.8587528174305034,0.9708333333333333,14,188,0.7370030581039755,0.9931506849315068,0.7370030581039755,0.8708708708708709,0.9836734693877551,4,86
2298,consecutive_ratio,"{""min_consecutive"": 4, ""min_ratio"": 0.03, ""threshold"": 0.725}",0.7125382262996942,0.9878997407087294,0.7125382262996942,0.8587528174305034,0.9708333333333333,14,188,0.7370030581039755,0.9931506849315068,0.7370030581039755,0.8708708708708709,0.9836734693877551,4,86
2299,consecutive_ratio,"{""min_consecutive"": 4, ""min_ratio"": 0.05, ""threshold"": 0.725}",0.7125382262996942,0.9878997407087294,0.7125382262996942,0.8587528174305034,0.9708333333333333,14,188,0.7370030581039755,0.9931506849315068,0.7370030581039755,0.8708708708708709,0.9836734693877551,4,86
2300,consecutive_ratio,"{""min_consecutive"": 4, ""min_ratio"": 0.07, ""threshold"": 0.725}",0.7125382262996942,0.9878997407087294,0.7125382262996942,0.8587528174305034,0.9708333333333333,14,188,0.7370030581039755,0.9931506849315068,0.7370030581039755,0.8708708708708709,0.9836734693877551,4,86
2301,consecutive_ratio,"{""min_consecutive"": 4, ""min_ratio"": 0.09, ""threshold"": 0.725}",0.7125382262996942,0.9878997407087294,0.7125382262996942,0.8587528174305034,0.9708333333333333,14,188,0.7370030581039755,0.9931506849315068,0.7370030581039755,0.8708708708708709,0.9836734693877551,4,86
2302,hysteresis,"{""high"": 0.675, ""low"": 0.625, ""min_consecutive"": 7}",0.7120980091883614,0.9870466321243523,0.7120980091883614,0.8587528174305034,0.96875,15,188,0.75,0.9915397631133672,0.75,0.8798798798798799,0.9795918367346939,5,80
2303,hysteresis,"{""high"": 0.775, ""low"": 0.675, ""min_consecutive"": 4}",0.7120980091883614,0.9870466321243523,0.7120980091883614,0.8587528174305034,0.96875,15,188,0.7415384615384616,0.9931740614334471,0.7415384615384616,0.8738738738738738,0.9836734693877551,4,84
2304,consecutive_count,"{""min_consecutive"": 6, ""min_count"": 8, ""threshold"": 0.625}",0.711890243902439,0.9887445887445887,0.711890243902439,0.8580015026296018,0.9729166666666667,13,189,0.746875,0.9898477157360406,0.746875,0.8783783783783784,0.9755102040816327,6,81
2305,hysteresis,"{""high"": 0.8, ""low"": 0.65, ""min_consecutive"": 2}",0.711864406779661,0.9845094664371773,0.711864406779661,0.859504132231405,0.9625,18,187,0.7446153846153846,0.9948805460750854,0.7446153846153846,0.8753753753753754,0.9877551020408163,3,83
2306,hysteresis,"{""high"": 0.8, ""low"": 0.6, ""min_consecutive"": 2}",0.711864406779661,0.9845094664371773,0.711864406779661,0.859504132231405,0.9625,18,187,0.7492260061919505,0.9948979591836735,0.7492260061919505,0.8783783783783784,0.9877551020408163,3,81
2307,consecutive_count,"{""min_consecutive"": 6, ""min_count"": 7, ""threshold"": 0.65}",0.7116843702579666,0.9904513888888888,0.7116843702579666,0.8572501878287002,0.9770833333333333,11,190,0.7507788161993769,0.9932203389830508,0.7507788161993769,0.8798798798798799,0.9836734693877551,4,80
2308,consecutive_ratio,"{""min_consecutive"": 6, ""min_ratio"": 0.15, ""threshold"": 0.65}",0.7116843702579666,0.9904513888888888,0.7116843702579666,0.8572501878287002,0.9770833333333333,11,190,0.7507788161993769,0.9932203389830508,0.7507788161993769,0.8798798798798799,0.9836734693877551,4,80
2309,consecutive_count,"{""min_consecutive"": 7, ""min_count"": 9, ""threshold"": 0.6}",0.710806697108067,0.988734835355286,0.710806697108067,0.8572501878287002,0.9729166666666667,13,190,0.7422360248447205,0.9898132427843803,0.7422360248447205,0.8753753753753754,0.9755102040816327,6,83
2310,consecutive_ratio,"{""min_consecutive"": 7, ""min_ratio"": 0.2, ""threshold"": 0.6}",0.710806697108067,0.988734835355286,0.710806697108067,0.8572501878287002,0.9729166666666667,13,190,0.7422360248447205,0.9898132427843803,0.7422360248447205,0.8753753753753754,0.9755102040816327,6,83
2311,consecutive_count,"{""min_consecutive"": 5, ""min_count"": 6, ""threshold"": 0.675}",0.710806697108067,0.988734835355286,0.710806697108067,0.8572501878287002,0.9729166666666667,13,190,0.753125,0.9932318104906938,0.753125,0.8813813813813813,0.9836734693877551,4,79
2312,consecutive_ratio,"{""min_consecutive"": 5, ""min_ratio"": 0.13, ""threshold"": 0.675}",0.710806697108067,0.988734835355286,0.710806697108067,0.8572501878287002,0.9729166666666667,13,190,0.753125,0.9932318104906938,0.753125,0.8813813813813813,0.9836734693877551,4,79
2313,hysteresis,"{""high"": 0.725, ""low"": 0.575, ""min_consecutive"": 7}",0.7107692307692308,0.9844961240310077,0.7107692307692308,0.8587528174305034,0.9625,18,188,0.765079365079365,0.9932885906040269,0.765079365079365,0.8888888888888888,0.9836734693877551,4,74
2314,hysteresis,"{""high"": 0.8, ""low"": 0.7, ""min_consecutive"": 2}",0.7107692307692308,0.9844961240310077,0.7107692307692308,0.8587528174305034,0.9625,18,188,0.745398773006135,0.9965811965811966,0.745398773006135,0.8753753753753754,0.9918367346938776,2,83
2315,hysteresis,"{""high"": 0.8, ""low"": 0.6, ""min_consecutive"": 3}",0.7107692307692308,0.9844961240310077,0.7107692307692308,0.8587528174305034,0.9625,18,188,0.7423312883435583,0.9948717948717949,0.7423312883435583,0.8738738738738738,0.9877551020408163,3,84
2316,hysteresis,"{""high"": 0.7, ""low"": 0.55, ""min_consecutive"": 9}",0.7105666156202144,0.9861830742659758,0.7105666156202144,0.8580015026296018,0.9666666666666667,16,189,0.7484472049689441,0.9932088285229203,0.7484472049689441,0.8783783783783784,0.9836734693877551,4,81
2317,hysteresis,"{""high"": 0.75, ""low"": 0.55, ""min_consecutive"": 7}",0.7103658536585366,0.9878787878787879,0.7103658536585366,0.8572501878287002,0.9708333333333333,14,190,0.7507788161993769,0.9932203389830508,0.7507788161993769,0.8798798798798799,0.9836734693877551,4,80
2318,hysteresis,"{""high"": 0.8, ""low"": 0.65, ""min_consecutive"": 3}",0.7101226993865031,0.9853321829163072,0.7101226993865031,0.8580015026296018,0.9645833333333333,17,189,0.7408536585365854,0.9965694682675815,0.7408536585365854,0.8723723723723724,0.9918367346938776,2,85
2319,hysteresis,"{""high"": 0.725, ""low"": 0.625, ""min_consecutive"": 6}",0.7098765432098766,0.9828030954428203,0.7098765432098766,0.8587528174305034,0.9583333333333334,20,188,0.7626582278481012,0.9932773109243698,0.7626582278481012,0.8873873873873874,0.9836734693877551,4,75
2320,hysteresis,"{""high"": 0.8, ""low"": 0.75, ""min_consecutive"": 2}",0.7096774193548387,0.9844827586206897,0.7096774193548387,0.8580015026296018,0.9625,18,189,0.7431192660550459,0.9965753424657534,0.7431192660550459,0.8738738738738738,0.9918367346938776,2,84
2321,hysteresis,"{""high"": 0.775, ""low"": 0.575, ""min_consecutive"": 5}",0.709480122324159,0.986171132238548,0.709480122324159,0.8572501878287002,0.9666666666666667,16,190,0.7484472049689441,0.9932088285229203,0.7484472049689441,0.8783783783783784,0.9836734693877551,4,81
2322,consecutive,"{""min_consecutive"": 7, ""threshold"": 0.65}",0.7088989441930619,0.9912891986062717,0.7088989441930619,0.8549962434259955,0.9791666666666666,10,193,0.7438271604938271,0.9931856899488927,0.7438271604938271,0.8753753753753754,0.9836734693877551,4,83
2323,consecutive_count,"{""min_consecutive"": 7, ""min_count"": 2, ""threshold"": 0.65}",0.7088989441930619,0.9912891986062717,0.7088989441930619,0.8549962434259955,0.9791666666666666,10,193,0.7438271604938271,0.9931856899488927,0.7438271604938271,0.8753753753753754,0.9836734693877551,4,83
2324,consecutive_count,"{""min_consecutive"": 7, ""min_count"": 3, ""threshold"": 0.65}",0.7088989441930619,0.9912891986062717,0.7088989441930619,0.8549962434259955,0.9791666666666666,10,193,0.7438271604938271,0.9931856899488927,0.7438271604938271,0.8753753753753754,0.9836734693877551,4,83
2325,consecutive_count,"{""min_consecutive"": 7, ""min_count"": 4, ""threshold"": 0.65}",0.7088989441930619,0.9912891986062717,0.7088989441930619,0.8549962434259955,0.9791666666666666,10,193,0.7438271604938271,0.9931856899488927,0.7438271604938271,0.8753753753753754,0.9836734693877551,4,83
2326,consecutive_count,"{""min_consecutive"": 7, ""min_count"": 5, ""threshold"": 0.65}",0.7088989441930619,0.9912891986062717,0.7088989441930619,0.8549962434259955,0.9791666666666666,10,193,0.7438271604938271,0.9931856899488927,0.7438271604938271,0.8753753753753754,0.9836734693877551,4,83
2327,consecutive_count,"{""min_consecutive"": 7, ""min_count"": 6, ""threshold"": 0.65}",0.7088989441930619,0.9912891986062717,0.7088989441930619,0.8549962434259955,0.9791666666666666,10,193,0.7438271604938271,0.9931856899488927,0.7438271604938271,0.8753753753753754,0.9836734693877551,4,83
2328,consecutive_count,"{""min_consecutive"": 7, ""min_count"": 7, ""threshold"": 0.65}",0.7088989441930619,0.9912891986062717,0.7088989441930619,0.8549962434259955,0.9791666666666666,10,193,0.7438271604938271,0.9931856899488927,0.7438271604938271,0.8753753753753754,0.9836734693877551,4,83
2329,consecutive_ratio,"{""min_consecutive"": 7, ""min_ratio"": 0.03, ""threshold"": 0.65}",0.7088989441930619,0.9912891986062717,0.7088989441930619,0.8549962434259955,0.9791666666666666,10,193,0.7438271604938271,0.9931856899488927,0.7438271604938271,0.8753753753753754,0.9836734693877551,4,83
2330,consecutive_ratio,"{""min_consecutive"": 7, ""min_ratio"": 0.05, ""threshold"": 0.65}",0.7088989441930619,0.9912891986062717,0.7088989441930619,0.8549962434259955,0.9791666666666666,10,193,0.7438271604938271,0.9931856899488927,0.7438271604938271,0.8753753753753754,0.9836734693877551,4,83
2331,consecutive_ratio,"{""min_consecutive"": 7, ""min_ratio"": 0.07, ""threshold"": 0.65}",0.7088989441930619,0.9912891986062717,0.7088989441930619,0.8549962434259955,0.9791666666666666,10,193,0.7438271604938271,0.9931856899488927,0.7438271604938271,0.8753753753753754,0.9836734693877551,4,83
2332,consecutive_ratio,"{""min_consecutive"": 7, ""min_ratio"": 0.09, ""threshold"": 0.65}",0.7088989441930619,0.9912891986062717,0.7088989441930619,0.8549962434259955,0.9791666666666666,10,193,0.7438271604938271,0.9931856899488927,0.7438271604938271,0.8753753753753754,0.9836734693877551,4,83
2333,consecutive_ratio,"{""min_consecutive"": 7, ""min_ratio"": 0.11, ""threshold"": 0.65}",0.7088989441930619,0.9912891986062717,0.7088989441930619,0.8549962434259955,0.9791666666666666,10,193,0.7438271604938271,0.9931856899488927,0.7438271604938271,0.8753753753753754,0.9836734693877551,4,83
2334,consecutive_ratio,"{""min_consecutive"": 7, ""min_ratio"": 0.13, ""threshold"": 0.65}",0.7088989441930619,0.9912891986062717,0.7088989441930619,0.8549962434259955,0.9791666666666666,10,193,0.7438271604938271,0.9931856899488927,0.7438271604938271,0.8753753753753754,0.9836734693877551,4,83
2335,consecutive_ratio,"{""min_consecutive"": 7, ""min_ratio"": 0.15, ""threshold"": 0.65}",0.7088989441930619,0.9912891986062717,0.7088989441930619,0.8549962434259955,0.9791666666666666,10,193,0.7438271604938271,0.9931856899488927,0.7438271604938271,0.8753753753753754,0.9836734693877551,4,83
2336,hysteresis,"{""high"": 0.725, ""low"": 0.525, ""min_consecutive"": 9}",0.7088414634146342,0.987012987012987,0.7088414634146342,0.8564988730277987,0.96875,15,191,0.7523510971786834,0.9915540540540541,0.7523510971786834,0.8813813813813813,0.9795918367346939,5,79
2337,consecutive_count,"{""min_consecutive"": 7, ""min_count"": 8, ""threshold"": 0.625}",0.708649468892261,0.9887152777777778,0.708649468892261,0.8557475582268971,0.9729166666666667,13,192,0.7422360248447205,0.9898132427843803,0.7422360248447205,0.8753753753753754,0.9755102040816327,6,83
2338,consecutive,"{""min_consecutive"": 5, ""threshold"": 0.7}",0.708649468892261,0.9887152777777778,0.708649468892261,0.8557475582268971,0.9729166666666667,13,192,0.7438271604938271,0.9931856899488927,0.7438271604938271,0.8753753753753754,0.9836734693877551,4,83
2339,consecutive_count,"{""min_consecutive"": 5, ""min_count"": 2, ""threshold"": 0.7}",0.708649468892261,0.9887152777777778,0.708649468892261,0.8557475582268971,0.9729166666666667,13,192,0.7438271604938271,0.9931856899488927,0.7438271604938271,0.8753753753753754,0.9836734693877551,4,83
2340,consecutive_count,"{""min_consecutive"": 5, ""min_count"": 3, ""threshold"": 0.7}",0.708649468892261,0.9887152777777778,0.708649468892261,0.8557475582268971,0.9729166666666667,13,192,0.7438271604938271,0.9931856899488927,0.7438271604938271,0.8753753753753754,0.9836734693877551,4,83
2341,consecutive_count,"{""min_consecutive"": 5, ""min_count"": 4, ""threshold"": 0.7}",0.708649468892261,0.9887152777777778,0.708649468892261,0.8557475582268971,0.9729166666666667,13,192,0.7438271604938271,0.9931856899488927,0.7438271604938271,0.8753753753753754,0.9836734693877551,4,83
2342,consecutive_count,"{""min_consecutive"": 5, ""min_count"": 5, ""threshold"": 0.7}",0.708649468892261,0.9887152777777778,0.708649468892261,0.8557475582268971,0.9729166666666667,13,192,0.7438271604938271,0.9931856899488927,0.7438271604938271,0.8753753753753754,0.9836734693877551,4,83
2343,consecutive_ratio,"{""min_consecutive"": 5, ""min_ratio"": 0.03, ""threshold"": 0.7}",0.708649468892261,0.9887152777777778,0.708649468892261,0.8557475582268971,0.9729166666666667,13,192,0.7438271604938271,0.9931856899488927,0.7438271604938271,0.8753753753753754,0.9836734693877551,4,83
2344,consecutive_ratio,"{""min_consecutive"": 5, ""min_ratio"": 0.05, ""threshold"": 0.7}",0.708649468892261,0.9887152777777778,0.708649468892261,0.8557475582268971,0.9729166666666667,13,192,0.7438271604938271,0.9931856899488927,0.7438271604938271,0.8753753753753754,0.9836734693877551,4,83
2345,consecutive_ratio,"{""min_consecutive"": 5, ""min_ratio"": 0.07, ""threshold"": 0.7}",0.708649468892261,0.9887152777777778,0.708649468892261,0.8557475582268971,0.9729166666666667,13,192,0.7438271604938271,0.9931856899488927,0.7438271604938271,0.8753753753753754,0.9836734693877551,4,83
2346,consecutive_ratio,"{""min_consecutive"": 5, ""min_ratio"": 0.09, ""threshold"": 0.7}",0.708649468892261,0.9887152777777778,0.708649468892261,0.8557475582268971,0.9729166666666667,13,192,0.7438271604938271,0.9931856899488927,0.7438271604938271,0.8753753753753754,0.9836734693877551,4,83
2347,consecutive_ratio,"{""min_consecutive"": 5, ""min_ratio"": 0.11, ""threshold"": 0.7}",0.708649468892261,0.9887152777777778,0.708649468892261,0.8557475582268971,0.9729166666666667,13,192,0.7438271604938271,0.9931856899488927,0.7438271604938271,0.8753753753753754,0.9836734693877551,4,83
2348,hysteresis,"{""high"": 0.775, ""low"": 0.625, ""min_consecutive"": 5}",0.7083969465648855,0.986159169550173,0.7083969465648855,0.8564988730277987,0.9666666666666667,16,191,0.7446153846153846,0.9948805460750854,0.7446153846153846,0.8753753753753754,0.9877551020408163,3,83
2349,topk_mean,"{""threshold"": 0.375, ""top_k"": 5}",0.7083333333333334,0.9039780521262003,0.9631728045325779,0.9902329075882795,0.7083333333333334,140,13,0.7061224489795919,0.9017735334242838,0.9719101123595506,0.9924924924924925,0.7061224489795919,72,5
2350,hysteresis,"{""high"": 0.7, ""low"": 0.6, ""min_consecutive"": 8}",0.7077625570776256,0.987001733102253,0.7077625570776256,0.8557475582268971,0.96875,15,192,0.7507788161993769,0.9932203389830508,0.7507788161993769,0.8798798798798799,0.9836734693877551,4,80
2351,consecutive,"{""min_consecutive"": 8, ""threshold"": 0.625}",0.7075757575757575,0.9887054735013032,0.7075757575757575,0.8549962434259955,0.9729166666666667,13,193,0.739938080495356,0.9897959183673469,0.739938080495356,0.8738738738738738,0.9755102040816327,6,84
2352,consecutive,"{""min_consecutive"": 6, ""threshold"": 0.675}",0.7075757575757575,0.9887054735013032,0.7075757575757575,0.8549962434259955,0.9729166666666667,13,193,0.7461300309597523,0.9931972789115646,0.7461300309597523,0.8768768768768769,0.9836734693877551,4,82
2353,consecutive_count,"{""min_consecutive"": 6, ""min_count"": 2, ""threshold"": 0.675}",0.7075757575757575,0.9887054735013032,0.7075757575757575,0.8549962434259955,0.9729166666666667,13,193,0.7461300309597523,0.9931972789115646,0.7461300309597523,0.8768768768768769,0.9836734693877551,4,82
2354,consecutive_count,"{""min_consecutive"": 6, ""min_count"": 3, ""threshold"": 0.675}",0.7075757575757575,0.9887054735013032,0.7075757575757575,0.8549962434259955,0.9729166666666667,13,193,0.7461300309597523,0.9931972789115646,0.7461300309597523,0.8768768768768769,0.9836734693877551,4,82
2355,consecutive_count,"{""min_consecutive"": 6, ""min_count"": 4, ""threshold"": 0.675}",0.7075757575757575,0.9887054735013032,0.7075757575757575,0.8549962434259955,0.9729166666666667,13,193,0.7461300309597523,0.9931972789115646,0.7461300309597523,0.8768768768768769,0.9836734693877551,4,82
2356,consecutive_count,"{""min_consecutive"": 6, ""min_count"": 5, ""threshold"": 0.675}",0.7075757575757575,0.9887054735013032,0.7075757575757575,0.8549962434259955,0.9729166666666667,13,193,0.7461300309597523,0.9931972789115646,0.7461300309597523,0.8768768768768769,0.9836734693877551,4,82
2357,consecutive_count,"{""min_consecutive"": 6, ""min_count"": 6, ""threshold"": 0.675}",0.7075757575757575,0.9887054735013032,0.7075757575757575,0.8549962434259955,0.9729166666666667,13,193,0.7461300309597523,0.9931972789115646,0.7461300309597523,0.8768768768768769,0.9836734693877551,4,82
2358,consecutive_ratio,"{""min_consecutive"": 6, ""min_ratio"": 0.03, ""threshold"": 0.675}",0.7075757575757575,0.9887054735013032,0.7075757575757575,0.8549962434259955,0.9729166666666667,13,193,0.7461300309597523,0.9931972789115646,0.7461300309597523,0.8768768768768769,0.9836734693877551,4,82
2359,consecutive_ratio,"{""min_consecutive"": 6, ""min_ratio"": 0.05, ""threshold"": 0.675}",0.7075757575757575,0.9887054735013032,0.7075757575757575,0.8549962434259955,0.9729166666666667,13,193,0.7461300309597523,0.9931972789115646,0.7461300309597523,0.8768768768768769,0.9836734693877551,4,82
2360,consecutive_ratio,"{""min_consecutive"": 6, ""min_ratio"": 0.07, ""threshold"": 0.675}",0.7075757575757575,0.9887054735013032,0.7075757575757575,0.8549962434259955,0.9729166666666667,13,193,0.7461300309597523,0.9931972789115646,0.7461300309597523,0.8768768768768769,0.9836734693877551,4,82
2361,consecutive_ratio,"{""min_consecutive"": 6, ""min_ratio"": 0.09, ""threshold"": 0.675}",0.7075757575757575,0.9887054735013032,0.7075757575757575,0.8549962434259955,0.9729166666666667,13,193,0.7461300309597523,0.9931972789115646,0.7461300309597523,0.8768768768768769,0.9836734693877551,4,82
2362,consecutive_ratio,"{""min_consecutive"": 6, ""min_ratio"": 0.11, ""threshold"": 0.675}",0.7075757575757575,0.9887054735013032,0.7075757575757575,0.8549962434259955,0.9729166666666667,13,193,0.7461300309597523,0.9931972789115646,0.7461300309597523,0.8768768768768769,0.9836734693877551,4,82
2363,consecutive_ratio,"{""min_consecutive"": 6, ""min_ratio"": 0.13, ""threshold"": 0.675}",0.7075757575757575,0.9887054735013032,0.7075757575757575,0.8549962434259955,0.9729166666666667,13,193,0.7461300309597523,0.9931972789115646,0.7461300309597523,0.8768768768768769,0.9836734693877551,4,82
2364,hysteresis,"{""high"": 0.7, ""low"": 0.65, ""min_consecutive"": 7}",0.706766917293233,0.9912739965095986,0.706766917293233,0.8534936138241923,0.9791666666666666,10,195,0.7415384615384616,0.9931740614334471,0.7415384615384616,0.8738738738738738,0.9836734693877551,4,84
2365,hysteresis,"{""high"": 0.675, ""low"": 0.625, ""min_consecutive"": 8}",0.7058823529411765,0.9895470383275261,0.7058823529411765,0.8534936138241923,0.975,12,195,0.7407407407407407,0.9914821124361158,0.7407407407407407,0.8738738738738738,0.9795918367346939,5,84
2366,hysteresis,"{""high"": 0.75, ""low"": 0.7, ""min_consecutive"": 5}",0.7058823529411765,0.9895470383275261,0.7058823529411765,0.8534936138241923,0.975,12,195,0.7392638036809815,0.9931623931623932,0.7392638036809815,0.8723723723723724,0.9836734693877551,4,85
2367,hysteresis,"{""high"": 0.75, ""low"": 0.6, ""min_consecutive"": 6}",0.7057926829268293,0.9852813852813853,0.7057926829268293,0.8549962434259955,0.9645833333333333,17,193,0.753125,0.9932318104906938,0.753125,0.8813813813813813,0.9836734693877551,4,79
2368,hysteresis,"{""high"": 0.8, ""low"": 0.7, ""min_consecutive"": 3}",0.7057926829268293,0.9852813852813853,0.7057926829268293,0.8549962434259955,0.9645833333333333,17,193,0.7386018237082067,0.9965635738831615,0.7386018237082067,0.8708708708708709,0.9918367346938776,2,86
2369,hysteresis,"{""high"": 0.675, ""low"": 0.575, ""min_consecutive"": 9}",0.7049924357034796,0.9878260869565217,0.7049924357034796,0.8534936138241923,0.9708333333333333,14,195,0.7430340557275542,0.9914965986394558,0.7430340557275542,0.8753753753753754,0.9795918367346939,5,83
2370,consecutive,"{""min_consecutive"": 9, ""threshold"": 0.6}",0.7048192771084337,0.9895379250217959,0.7048192771084337,0.8527422990232908,0.975,12,196,0.7308868501529052,0.9897260273972602,0.7308868501529052,0.8678678678678678,0.9755102040816327,6,88
2371,consecutive_count,"{""min_consecutive"": 1, ""min_count"": 10, ""threshold"": 0.6}",0.704647676161919,0.9912587412587412,0.704647676161919,0.8519909842223892,0.9791666666666666,10,197,0.7308868501529052,0.9897260273972602,0.7308868501529052,0.8678678678678678,0.9755102040816327,6,88
2372,consecutive_count,"{""min_consecutive"": 2, ""min_count"": 10, ""threshold"": 0.6}",0.704647676161919,0.9912587412587412,0.704647676161919,0.8519909842223892,0.9791666666666666,10,197,0.7308868501529052,0.9897260273972602,0.7308868501529052,0.8678678678678678,0.9755102040816327,6,88
2373,consecutive_count,"{""min_consecutive"": 3, ""min_count"": 10, ""threshold"": 0.6}",0.704647676161919,0.9912587412587412,0.704647676161919,0.8519909842223892,0.9791666666666666,10,197,0.7308868501529052,0.9897260273972602,0.7308868501529052,0.8678678678678678,0.9755102040816327,6,88
2374,consecutive_count,"{""min_consecutive"": 4, ""min_count"": 10, ""threshold"": 0.6}",0.704647676161919,0.9912587412587412,0.704647676161919,0.8519909842223892,0.9791666666666666,10,197,0.7308868501529052,0.9897260273972602,0.7308868501529052,0.8678678678678678,0.9755102040816327,6,88
2375,consecutive_count,"{""min_consecutive"": 5, ""min_count"": 10, ""threshold"": 0.6}",0.704647676161919,0.9912587412587412,0.704647676161919,0.8519909842223892,0.9791666666666666,10,197,0.7308868501529052,0.9897260273972602,0.7308868501529052,0.8678678678678678,0.9755102040816327,6,88
2376,consecutive_count,"{""min_consecutive"": 1, ""min_count"": 5, ""threshold"": 0.725}",0.704647676161919,0.9912587412587412,0.704647676161919,0.8519909842223892,0.9791666666666666,10,197,0.7259036144578314,0.9930915371329879,0.7259036144578314,0.8633633633633634,0.9836734693877551,4,91
2377,consecutive_ratio,"{""min_consecutive"": 1, ""min_ratio"": 0.11, ""threshold"": 0.725}",0.704647676161919,0.9912587412587412,0.704647676161919,0.8519909842223892,0.9791666666666666,10,197,0.7259036144578314,0.9930915371329879,0.7259036144578314,0.8633633633633634,0.9836734693877551,4,91
2378,consecutive_count,"{""min_consecutive"": 2, ""min_count"": 5, ""threshold"": 0.725}",0.704647676161919,0.9912587412587412,0.704647676161919,0.8519909842223892,0.9791666666666666,10,197,0.7259036144578314,0.9930915371329879,0.7259036144578314,0.8633633633633634,0.9836734693877551,4,91
2379,consecutive_ratio,"{""min_consecutive"": 2, ""min_ratio"": 0.11, ""threshold"": 0.725}",0.704647676161919,0.9912587412587412,0.704647676161919,0.8519909842223892,0.9791666666666666,10,197,0.7259036144578314,0.9930915371329879,0.7259036144578314,0.8633633633633634,0.9836734693877551,4,91
2380,consecutive_count,"{""min_consecutive"": 3, ""min_count"": 5, ""threshold"": 0.725}",0.704647676161919,0.9912587412587412,0.704647676161919,0.8519909842223892,0.9791666666666666,10,197,0.7259036144578314,0.9930915371329879,0.7259036144578314,0.8633633633633634,0.9836734693877551,4,91
2381,consecutive_ratio,"{""min_consecutive"": 3, ""min_ratio"": 0.11, ""threshold"": 0.725}",0.704647676161919,0.9912587412587412,0.704647676161919,0.8519909842223892,0.9791666666666666,10,197,0.7259036144578314,0.9930915371329879,0.7259036144578314,0.8633633633633634,0.9836734693877551,4,91
2382,consecutive_count,"{""min_consecutive"": 4, ""min_count"": 5, ""threshold"": 0.725}",0.704647676161919,0.9912587412587412,0.704647676161919,0.8519909842223892,0.9791666666666666,10,197,0.7237237237237237,0.9930795847750865,0.7237237237237237,0.8618618618618619,0.9836734693877551,4,92
2383,consecutive_ratio,"{""min_consecutive"": 4, ""min_ratio"": 0.11, ""threshold"": 0.725}",0.704647676161919,0.9912587412587412,0.704647676161919,0.8519909842223892,0.9791666666666666,10,197,0.7237237237237237,0.9930795847750865,0.7237237237237237,0.8618618618618619,0.9836734693877551,4,92
2384,consecutive_count,"{""min_consecutive"": 1, ""min_count"": 8, ""threshold"": 0.65}",0.7042042042042042,0.9903930131004367,0.7042042042042042,0.8519909842223892,0.9770833333333333,11,197,0.7392638036809815,0.9931623931623932,0.7392638036809815,0.8723723723723724,0.9836734693877551,4,85
2385,consecutive_count,"{""min_consecutive"": 2, ""min_count"": 8, ""threshold"": 0.65}",0.7042042042042042,0.9903930131004367,0.7042042042042042,0.8519909842223892,0.9770833333333333,11,197,0.7392638036809815,0.9931623931623932,0.7392638036809815,0.8723723723723724,0.9836734693877551,4,85
2386,consecutive_count,"{""min_consecutive"": 3, ""min_count"": 8, ""threshold"": 0.65}",0.7042042042042042,0.9903930131004367,0.7042042042042042,0.8519909842223892,0.9770833333333333,11,197,0.7392638036809815,0.9931623931623932,0.7392638036809815,0.8723723723723724,0.9836734693877551,4,85
2387,consecutive_count,"{""min_consecutive"": 4, ""min_count"": 8, ""threshold"": 0.65}",0.7042042042042042,0.9903930131004367,0.7042042042042042,0.8519909842223892,0.9770833333333333,11,197,0.7392638036809815,0.9931623931623932,0.7392638036809815,0.8723723723723724,0.9836734693877551,4,85
2388,consecutive_count,"{""min_consecutive"": 5, ""min_count"": 8, ""threshold"": 0.65}",0.7042042042042042,0.9903930131004367,0.7042042042042042,0.8519909842223892,0.9770833333333333,11,197,0.7392638036809815,0.9931623931623932,0.7392638036809815,0.8723723723723724,0.9836734693877551,4,85
2389,topk_mean,"{""threshold"": 0.4, ""top_k"": 2}",0.7041666666666667,0.9030054644808743,0.9740634005763689,0.9932381667918858,0.7041666666666667,142,9,0.6775510204081633,0.893387314439946,0.9764705882352941,0.993993993993994,0.6775510204081633,79,4
2390,consecutive_count,"{""min_consecutive"": 6, ""min_count"": 10, ""threshold"": 0.6}",0.7035928143712575,0.9912510936132983,0.7035928143712575,0.8512396694214877,0.9791666666666666,10,198,0.7308868501529052,0.9897260273972602,0.7308868501529052,0.8678678678678678,0.9755102040816327,6,88
2391,hysteresis,"{""high"": 0.725, ""low"": 0.575, ""min_consecutive"": 8}",0.7034795763993948,0.9869565217391304,0.7034795763993948,0.8527422990232908,0.96875,15,196,0.753125,0.9932318104906938,0.753125,0.8813813813813813,0.9836734693877551,4,79
2392,hysteresis,"{""high"": 0.8, ""low"": 0.6, ""min_consecutive"": 4}",0.7034795763993948,0.9869565217391304,0.7034795763993948,0.8527422990232908,0.96875,15,196,0.7408536585365854,0.9965694682675815,0.7408536585365854,0.8723723723723724,0.9918367346938776,2,85
2393,hysteresis,"{""high"": 0.725, ""low"": 0.675, ""min_consecutive"": 6}",0.7033132530120482,0.988666085440279,0.7033132530120482,0.8519909842223892,0.9729166666666667,13,197,0.7415384615384616,0.9931740614334471,0.7415384615384616,0.8738738738738738,0.9836734693877551,4,84
2394,consecutive_count,"{""min_consecutive"": 1, ""min_count"": 7, ""threshold"": 0.675}",0.7031484257871065,0.9903846153846154,0.7031484257871065,0.8512396694214877,0.9770833333333333,11,198,0.7461300309597523,0.9931972789115646,0.7461300309597523,0.8768768768768769,0.9836734693877551,4,82
2395,consecutive_ratio,"{""min_consecutive"": 1, ""min_ratio"": 0.15, ""threshold"": 0.675}",0.7031484257871065,0.9903846153846154,0.7031484257871065,0.8512396694214877,0.9770833333333333,11,198,0.7461300309597523,0.9931972789115646,0.7461300309597523,0.8768768768768769,0.9836734693877551,4,82
2396,consecutive_count,"{""min_consecutive"": 2, ""min_count"": 7, ""threshold"": 0.675}",0.7031484257871065,0.9903846153846154,0.7031484257871065,0.8512396694214877,0.9770833333333333,11,198,0.7461300309597523,0.9931972789115646,0.7461300309597523,0.8768768768768769,0.9836734693877551,4,82
2397,consecutive_ratio,"{""min_consecutive"": 2, ""min_ratio"": 0.15, ""threshold"": 0.675}",0.7031484257871065,0.9903846153846154,0.7031484257871065,0.8512396694214877,0.9770833333333333,11,198,0.7461300309597523,0.9931972789115646,0.7461300309597523,0.8768768768768769,0.9836734693877551,4,82
2398,consecutive_count,"{""min_consecutive"": 3, ""min_count"": 7, ""threshold"": 0.675}",0.7031484257871065,0.9903846153846154,0.7031484257871065,0.8512396694214877,0.9770833333333333,11,198,0.7461300309597523,0.9931972789115646,0.7461300309597523,0.8768768768768769,0.9836734693877551,4,82
2399,consecutive_ratio,"{""min_consecutive"": 3, ""min_ratio"": 0.15, ""threshold"": 0.675}",0.7031484257871065,0.9903846153846154,0.7031484257871065,0.8512396694214877,0.9770833333333333,11,198,0.7461300309597523,0.9931972789115646,0.7461300309597523,0.8768768768768769,0.9836734693877551,4,82
2400,consecutive_count,"{""min_consecutive"": 4, ""min_count"": 7, ""threshold"": 0.675}",0.7031484257871065,0.9903846153846154,0.7031484257871065,0.8512396694214877,0.9770833333333333,11,198,0.7461300309597523,0.9931972789115646,0.7461300309597523,0.8768768768768769,0.9836734693877551,4,82
2401,consecutive_ratio,"{""min_consecutive"": 4, ""min_ratio"": 0.15, ""threshold"": 0.675}",0.7031484257871065,0.9903846153846154,0.7031484257871065,0.8512396694214877,0.9770833333333333,11,198,0.7461300309597523,0.9931972789115646,0.7461300309597523,0.8768768768768769,0.9836734693877551,4,82
2402,hysteresis,"{""high"": 0.75, ""low"": 0.65, ""min_consecutive"": 6}",0.7027027027027027,0.9895196506550218,0.7027027027027027,0.8512396694214877,0.975,12,198,0.7461300309597523,0.9931972789115646,0.7461300309597523,0.8768768768768769,0.9836734693877551,4,82
2403,consecutive_count,"{""min_consecutive"": 1, ""min_count"": 9, ""threshold"": 0.625}",0.70254110612855,0.9912434325744308,0.70254110612855,0.850488354620586,0.9791666666666666,10,199,0.7339449541284404,0.9914383561643836,0.7339449541284404,0.8693693693693694,0.9795918367346939,5,87
2404,consecutive_ratio,"{""min_consecutive"": 1, ""min_ratio"": 0.2, ""threshold"": 0.625}",0.70254110612855,0.9912434325744308,0.70254110612855,0.850488354620586,0.9791666666666666,10,199,0.7339449541284404,0.9914383561643836,0.7339449541284404,0.8693693693693694,0.9795918367346939,5,87
2405,consecutive_count,"{""min_consecutive"": 2, ""min_count"": 9, ""threshold"": 0.625}",0.70254110612855,0.9912434325744308,0.70254110612855,0.850488354620586,0.9791666666666666,10,199,0.7339449541284404,0.9914383561643836,0.7339449541284404,0.8693693693693694,0.9795918367346939,5,87
2406,consecutive_ratio,"{""min_consecutive"": 2, ""min_ratio"": 0.2, ""threshold"": 0.625}",0.70254110612855,0.9912434325744308,0.70254110612855,0.850488354620586,0.9791666666666666,10,199,0.7339449541284404,0.9914383561643836,0.7339449541284404,0.8693693693693694,0.9795918367346939,5,87
2407,consecutive_count,"{""min_consecutive"": 3, ""min_count"": 9, ""threshold"": 0.625}",0.70254110612855,0.9912434325744308,0.70254110612855,0.850488354620586,0.9791666666666666,10,199,0.7339449541284404,0.9914383561643836,0.7339449541284404,0.8693693693693694,0.9795918367346939,5,87
2408,consecutive_ratio,"{""min_consecutive"": 3, ""min_ratio"": 0.2, ""threshold"": 0.625}",0.70254110612855,0.9912434325744308,0.70254110612855,0.850488354620586,0.9791666666666666,10,199,0.7339449541284404,0.9914383561643836,0.7339449541284404,0.8693693693693694,0.9795918367346939,5,87
2409,consecutive_count,"{""min_consecutive"": 4, ""min_count"": 9, ""threshold"": 0.625}",0.70254110612855,0.9912434325744308,0.70254110612855,0.850488354620586,0.9791666666666666,10,199,0.7339449541284404,0.9914383561643836,0.7339449541284404,0.8693693693693694,0.9795918367346939,5,87
2410,consecutive_ratio,"{""min_consecutive"": 4, ""min_ratio"": 0.2, ""threshold"": 0.625}",0.70254110612855,0.9912434325744308,0.70254110612855,0.850488354620586,0.9791666666666666,10,199,0.7339449541284404,0.9914383561643836,0.7339449541284404,0.8693693693693694,0.9795918367346939,5,87
2411,consecutive_count,"{""min_consecutive"": 5, ""min_count"": 9, ""threshold"": 0.625}",0.70254110612855,0.9912434325744308,0.70254110612855,0.850488354620586,0.9791666666666666,10,199,0.7339449541284404,0.9914383561643836,0.7339449541284404,0.8693693693693694,0.9795918367346939,5,87
2412,consecutive_ratio,"{""min_consecutive"": 5, ""min_ratio"": 0.2, ""threshold"": 0.625}",0.70254110612855,0.9912434325744308,0.70254110612855,0.850488354620586,0.9791666666666666,10,199,0.7339449541284404,0.9914383561643836,0.7339449541284404,0.8693693693693694,0.9795918367346939,5,87
2413,hysteresis,"{""high"": 0.775, ""low"": 0.725, ""min_consecutive"": 4}",0.7022556390977444,0.9886561954624782,0.7022556390977444,0.8512396694214877,0.9729166666666667,13,198,0.7333333333333333,0.9948364888123924,0.7333333333333333,0.8678678678678678,0.9877551020408163,3,88
2414,hysteresis,"{""high"": 0.65, ""low"": 0.6, ""min_consecutive"": 9}",0.7016491754122939,0.9895104895104895,0.7016491754122939,0.850488354620586,0.975,12,199,0.7308868501529052,0.9897260273972602,0.7308868501529052,0.8678678678678678,0.9755102040816327,6,88
2415,consecutive_count,"{""min_consecutive"": 1, ""min_count"": 6, ""threshold"": 0.7}",0.7014925373134329,0.9912357581069238,0.7014925373134329,0.8497370398196844,0.9791666666666666,10,200,0.7370030581039755,0.9931506849315068,0.7370030581039755,0.8708708708708709,0.9836734693877551,4,86
2416,consecutive_ratio,"{""min_consecutive"": 1, ""min_ratio"": 0.13, ""threshold"": 0.7}",0.7014925373134329,0.9912357581069238,0.7014925373134329,0.8497370398196844,0.9791666666666666,10,200,0.7370030581039755,0.9931506849315068,0.7370030581039755,0.8708708708708709,0.9836734693877551,4,86
2417,consecutive_count,"{""min_consecutive"": 2, ""min_count"": 6, ""threshold"": 0.7}",0.7014925373134329,0.9912357581069238,0.7014925373134329,0.8497370398196844,0.9791666666666666,10,200,0.7370030581039755,0.9931506849315068,0.7370030581039755,0.8708708708708709,0.9836734693877551,4,86
2418,consecutive_ratio,"{""min_consecutive"": 2, ""min_ratio"": 0.13, ""threshold"": 0.7}",0.7014925373134329,0.9912357581069238,0.7014925373134329,0.8497370398196844,0.9791666666666666,10,200,0.7370030581039755,0.9931506849315068,0.7370030581039755,0.8708708708708709,0.9836734693877551,4,86
2419,consecutive_count,"{""min_consecutive"": 3, ""min_count"": 6, ""threshold"": 0.7}",0.7014925373134329,0.9912357581069238,0.7014925373134329,0.8497370398196844,0.9791666666666666,10,200,0.7370030581039755,0.9931506849315068,0.7370030581039755,0.8708708708708709,0.9836734693877551,4,86
2420,consecutive_ratio,"{""min_consecutive"": 3, ""min_ratio"": 0.13, ""threshold"": 0.7}",0.7014925373134329,0.9912357581069238,0.7014925373134329,0.8497370398196844,0.9791666666666666,10,200,0.7370030581039755,0.9931506849315068,0.7370030581039755,0.8708708708708709,0.9836734693877551,4,86
2421,hysteresis,"{""high"": 0.725, ""low"": 0.625, ""min_consecutive"": 7}",0.7013574660633484,0.9869337979094077,0.7013574660633484,0.8512396694214877,0.96875,15,198,0.7415384615384616,0.9931740614334471,0.7415384615384616,0.8738738738738738,0.9836734693877551,4,84
2422,consecutive_count,"{""min_consecutive"": 5, ""min_count"": 7, ""threshold"": 0.675}",0.7010463378176383,0.9903677758318739,0.7010463378176383,0.8497370398196844,0.9770833333333333,11,200,0.7438271604938271,0.9931856899488927,0.7438271604938271,0.8753753753753754,0.9836734693877551,4,83
2423,consecutive_ratio,"{""min_consecutive"": 5, ""min_ratio"": 0.15, ""threshold"": 0.675}",0.7010463378176383,0.9903677758318739,0.7010463378176383,0.8497370398196844,0.9770833333333333,11,200,0.7438271604938271,0.9931856899488927,0.7438271604938271,0.8753753753753754,0.9836734693877551,4,83
2424,hysteresis,"{""high"": 0.75, ""low"": 0.55, ""min_consecutive"": 8}",0.7005988023952096,0.989501312335958,0.7005988023952096,0.8497370398196844,0.975,12,200,0.7461300309597523,0.9931972789115646,0.7461300309597523,0.8768768768768769,0.9836734693877551,4,82
2425,consecutive_count,"{""min_consecutive"": 7, ""min_count"": 10, ""threshold"": 0.6}",0.7004470938897168,0.9912280701754386,0.7004470938897168,0.8489857250187829,0.9791666666666666,10,201,0.7286585365853658,0.9897084048027445,0.7286585365853658,0.8663663663663663,0.9755102040816327,6,89
2426,consecutive_count,"{""min_consecutive"": 4, ""min_count"": 6, ""threshold"": 0.7}",0.7004470938897168,0.9912280701754386,0.7004470938897168,0.8489857250187829,0.9791666666666666,10,201,0.7347560975609756,0.9931389365351629,0.7347560975609756,0.8693693693693694,0.9836734693877551,4,87
2427,consecutive_ratio,"{""min_consecutive"": 4, ""min_ratio"": 0.13, ""threshold"": 0.7}",0.7004470938897168,0.9912280701754386,0.7004470938897168,0.8489857250187829,0.9791666666666666,10,201,0.7347560975609756,0.9931389365351629,0.7347560975609756,0.8693693693693694,0.9836734693877551,4,87
2428,hysteresis,"{""high"": 0.8, ""low"": 0.75, ""min_consecutive"": 3}",0.7003012048192772,0.986922406277245,0.7003012048192772,0.850488354620586,0.96875,15,199,0.7297297297297297,0.9965397923875432,0.7297297297297297,0.8648648648648649,0.9918367346938776,2,90
2429,hysteresis,"{""high"": 0.8, ""low"": 0.65, ""min_consecutive"": 4}",0.7003012048192772,0.986922406277245,0.7003012048192772,0.850488354620586,0.96875,15,199,0.7363636363636363,0.9965576592082617,0.7363636363636363,0.8693693693693694,0.9918367346938776,2,87
2430,topk_mean,"{""threshold"": 0.35, ""top_k"": 7}",0.7,0.9016393442622951,0.968299711815562,0.9917355371900827,0.7,144,11,0.6938775510204082,0.8980978260869565,0.9714285714285714,0.9924924924924925,0.6938775510204082,75,5
2431,consecutive_count,"{""min_consecutive"": 6, ""min_count"": 8, ""threshold"": 0.65}",0.7,0.9903593339176161,0.7,0.8489857250187829,0.9770833333333333,11,201,0.7347560975609756,0.9931389365351629,0.7347560975609756,0.8693693693693694,0.9836734693877551,4,87
2432,hysteresis,"{""high"": 0.75, ""low"": 0.6, ""min_consecutive"": 7}",0.6995515695067265,0.989492119089317,0.6995515695067265,0.8489857250187829,0.975,12,201,0.7438271604938271,0.9931856899488927,0.7438271604938271,0.8753753753753754,0.9836734693877551,4,83
2433,consecutive_count,"{""min_consecutive"": 7, ""min_count"": 8, ""threshold"": 0.65}",0.6994047619047619,0.9912203687445127,0.6994047619047619,0.8482344102178813,0.9791666666666666,10,202,0.7280966767371602,0.993103448275862,0.7280966767371602,0.8648648648648649,0.9836734693877551,4,90
2434,consecutive,"{""min_consecutive"": 5, ""threshold"": 0.725}",0.6994047619047619,0.9912203687445127,0.6994047619047619,0.8482344102178813,0.9791666666666666,10,202,0.7215568862275449,0.9930675909878682,0.7215568862275449,0.8603603603603603,0.9836734693877551,4,93
2435,consecutive_count,"{""min_consecutive"": 5, ""min_count"": 2, ""threshold"": 0.725}",0.6994047619047619,0.9912203687445127,0.6994047619047619,0.8482344102178813,0.9791666666666666,10,202,0.7215568862275449,0.9930675909878682,0.7215568862275449,0.8603603603603603,0.9836734693877551,4,93
2436,consecutive_count,"{""min_consecutive"": 5, ""min_count"": 3, ""threshold"": 0.725}",0.6994047619047619,0.9912203687445127,0.6994047619047619,0.8482344102178813,0.9791666666666666,10,202,0.7215568862275449,0.9930675909878682,0.7215568862275449,0.8603603603603603,0.9836734693877551,4,93
2437,consecutive_count,"{""min_consecutive"": 5, ""min_count"": 4, ""threshold"": 0.725}",0.6994047619047619,0.9912203687445127,0.6994047619047619,0.8482344102178813,0.9791666666666666,10,202,0.7215568862275449,0.9930675909878682,0.7215568862275449,0.8603603603603603,0.9836734693877551,4,93
2438,consecutive_count,"{""min_consecutive"": 5, ""min_count"": 5, ""threshold"": 0.725}",0.6994047619047619,0.9912203687445127,0.6994047619047619,0.8482344102178813,0.9791666666666666,10,202,0.7215568862275449,0.9930675909878682,0.7215568862275449,0.8603603603603603,0.9836734693877551,4,93
2439,consecutive_ratio,"{""min_consecutive"": 5, ""min_ratio"": 0.03, ""threshold"": 0.725}",0.6994047619047619,0.9912203687445127,0.6994047619047619,0.8482344102178813,0.9791666666666666,10,202,0.7215568862275449,0.9930675909878682,0.7215568862275449,0.8603603603603603,0.9836734693877551,4,93
2440,consecutive_ratio,"{""min_consecutive"": 5, ""min_ratio"": 0.05, ""threshold"": 0.725}",0.6994047619047619,0.9912203687445127,0.6994047619047619,0.8482344102178813,0.9791666666666666,10,202,0.7215568862275449,0.9930675909878682,0.7215568862275449,0.8603603603603603,0.9836734693877551,4,93
2441,consecutive_ratio,"{""min_consecutive"": 5, ""min_ratio"": 0.07, ""threshold"": 0.725}",0.6994047619047619,0.9912203687445127,0.6994047619047619,0.8482344102178813,0.9791666666666666,10,202,0.7215568862275449,0.9930675909878682,0.7215568862275449,0.8603603603603603,0.9836734693877551,4,93
2442,consecutive_ratio,"{""min_consecutive"": 5, ""min_ratio"": 0.09, ""threshold"": 0.725}",0.6994047619047619,0.9912203687445127,0.6994047619047619,0.8482344102178813,0.9791666666666666,10,202,0.7215568862275449,0.9930675909878682,0.7215568862275449,0.8603603603603603,0.9836734693877551,4,93
2443,consecutive_ratio,"{""min_consecutive"": 5, ""min_ratio"": 0.11, ""threshold"": 0.725}",0.6994047619047619,0.9912203687445127,0.6994047619047619,0.8482344102178813,0.9791666666666666,10,202,0.7215568862275449,0.9930675909878682,0.7215568862275449,0.8603603603603603,0.9836734693877551,4,93
2444,hysteresis,"{""high"": 0.775, ""low"": 0.675, ""min_consecutive"": 5}",0.6991017964071856,0.9886264216972879,0.6991017964071856,0.8489857250187829,0.9729166666666667,13,201,0.7378048780487805,0.9948542024013722,0.7378048780487805,0.8708708708708709,0.9877551020408163,3,86
2445,consecutive_count,"{""min_consecutive"": 6, ""min_count"": 7, ""threshold"": 0.675}",0.698956780923994,0.9903508771929824,0.698956780923994,0.8482344102178813,0.9770833333333333,11,202,0.7370030581039755,0.9931506849315068,0.7370030581039755,0.8708708708708709,0.9836734693877551,4,86
2446,consecutive_ratio,"{""min_consecutive"": 6, ""min_ratio"": 0.15, ""threshold"": 0.675}",0.698956780923994,0.9903508771929824,0.698956780923994,0.8482344102178813,0.9770833333333333,11,202,0.7370030581039755,0.9931506849315068,0.7370030581039755,0.8708708708708709,0.9836734693877551,4,86
2447,hysteresis,"{""high"": 0.775, ""low"": 0.575, ""min_consecutive"": 6}",0.6987951807228916,0.986050566695728,0.6987951807228916,0.8497370398196844,0.9666666666666667,16,200,0.7423312883435583,0.9948717948717949,0.7423312883435583,0.8738738738738738,0.9877551020408163,3,84
2448,consecutive_count,"{""min_consecutive"": 7, ""min_count"": 12, ""threshold"": 0.55}",0.6985074626865672,0.9894829097283085,0.6985074626865672,0.8482344102178813,0.975,12,202,0.7308868501529052,0.9897260273972602,0.7308868501529052,0.8678678678678678,0.9755102040816327,6,88
2449,consecutive_count,"{""min_consecutive"": 6, ""min_count"": 9, ""threshold"": 0.625}",0.6983655274888558,0.9912126537785588,0.6983655274888558,0.8474830954169797,0.9791666666666666,10,203,0.7339449541284404,0.9914383561643836,0.7339449541284404,0.8693693693693694,0.9795918367346939,5,87
2450,consecutive_ratio,"{""min_consecutive"": 6, ""min_ratio"": 0.2, ""threshold"": 0.625}",0.6983655274888558,0.9912126537785588,0.6983655274888558,0.8474830954169797,0.9791666666666666,10,203,0.7339449541284404,0.9914383561643836,0.7339449541284404,0.8693693693693694,0.9795918367346939,5,87
2451,consecutive_count,"{""min_consecutive"": 5, ""min_count"": 6, ""threshold"": 0.7}",0.6983655274888558,0.9912126537785588,0.6983655274888558,0.8474830954169797,0.9791666666666666,10,203,0.7303030303030303,0.9931153184165232,0.7303030303030303,0.8663663663663663,0.9836734693877551,4,89
2452,consecutive_ratio,"{""min_consecutive"": 5, ""min_ratio"": 0.13, ""threshold"": 0.7}",0.6983655274888558,0.9912126537785588,0.6983655274888558,0.8474830954169797,0.9791666666666666,10,203,0.7303030303030303,0.9931153184165232,0.7303030303030303,0.8663663663663663,0.9836734693877551,4,89
2453,consecutive_count,"{""min_consecutive"": 1, ""min_count"": 12, ""threshold"": 0.55}",0.6980568011958147,0.98861646234676,0.6980568011958147,0.8482344102178813,0.9729166666666667,13,202,0.7331288343558282,0.9897435897435898,0.7331288343558282,0.8693693693693694,0.9755102040816327,6,87
2454,consecutive_count,"{""min_consecutive"": 2, ""min_count"": 12, ""threshold"": 0.55}",0.6980568011958147,0.98861646234676,0.6980568011958147,0.8482344102178813,0.9729166666666667,13,202,0.7331288343558282,0.9897435897435898,0.7331288343558282,0.8693693693693694,0.9755102040816327,6,87
2455,consecutive_count,"{""min_consecutive"": 3, ""min_count"": 12, ""threshold"": 0.55}",0.6980568011958147,0.98861646234676,0.6980568011958147,0.8482344102178813,0.9729166666666667,13,202,0.7331288343558282,0.9897435897435898,0.7331288343558282,0.8693693693693694,0.9755102040816327,6,87
2456,consecutive_count,"{""min_consecutive"": 4, ""min_count"": 12, ""threshold"": 0.55}",0.6980568011958147,0.98861646234676,0.6980568011958147,0.8482344102178813,0.9729166666666667,13,202,0.7331288343558282,0.9897435897435898,0.7331288343558282,0.8693693693693694,0.9755102040816327,6,87
2457,consecutive_count,"{""min_consecutive"": 5, ""min_count"": 12, ""threshold"": 0.55}",0.6980568011958147,0.98861646234676,0.6980568011958147,0.8482344102178813,0.9729166666666667,13,202,0.7331288343558282,0.9897435897435898,0.7331288343558282,0.8693693693693694,0.9755102040816327,6,87
2458,consecutive_count,"{""min_consecutive"": 6, ""min_count"": 12, ""threshold"": 0.55}",0.6980568011958147,0.98861646234676,0.6980568011958147,0.8482344102178813,0.9729166666666667,13,202,0.7331288343558282,0.9897435897435898,0.7331288343558282,0.8693693693693694,0.9755102040816327,6,87
2459,consecutive_count,"{""min_consecutive"": 1, ""min_count"": 11, ""threshold"": 0.575}",0.6979166666666666,0.990342405618964,0.6979166666666666,0.8474830954169797,0.9770833333333333,11,203,0.7376543209876543,0.989778534923339,0.7376543209876543,0.8723723723723724,0.9755102040816327,6,85
2460,consecutive_count,"{""min_consecutive"": 2, ""min_count"": 11, ""threshold"": 0.575}",0.6979166666666666,0.990342405618964,0.6979166666666666,0.8474830954169797,0.9770833333333333,11,203,0.7376543209876543,0.989778534923339,0.7376543209876543,0.8723723723723724,0.9755102040816327,6,85
2461,consecutive_count,"{""min_consecutive"": 3, ""min_count"": 11, ""threshold"": 0.575}",0.6979166666666666,0.990342405618964,0.6979166666666666,0.8474830954169797,0.9770833333333333,11,203,0.7376543209876543,0.989778534923339,0.7376543209876543,0.8723723723723724,0.9755102040816327,6,85
2462,consecutive_count,"{""min_consecutive"": 4, ""min_count"": 11, ""threshold"": 0.575}",0.6979166666666666,0.990342405618964,0.6979166666666666,0.8474830954169797,0.9770833333333333,11,203,0.7376543209876543,0.989778534923339,0.7376543209876543,0.8723723723723724,0.9755102040816327,6,85
2463,consecutive_count,"{""min_consecutive"": 5, ""min_count"": 11, ""threshold"": 0.575}",0.6979166666666666,0.990342405618964,0.6979166666666666,0.8474830954169797,0.9770833333333333,11,203,0.7376543209876543,0.989778534923339,0.7376543209876543,0.8723723723723724,0.9755102040816327,6,85
2464,consecutive_count,"{""min_consecutive"": 6, ""min_count"": 11, ""threshold"": 0.575}",0.6979166666666666,0.990342405618964,0.6979166666666666,0.8474830954169797,0.9770833333333333,11,203,0.7376543209876543,0.989778534923339,0.7376543209876543,0.8723723723723724,0.9755102040816327,6,85
2465,consecutive,"{""min_consecutive"": 8, ""threshold"": 0.65}",0.6973293768545994,0.9912049252418645,0.6973293768545994,0.8467317806160781,0.9791666666666666,10,204,0.7259036144578314,0.9930915371329879,0.7259036144578314,0.8633633633633634,0.9836734693877551,4,91
2466,hysteresis,"{""high"": 0.8, ""low"": 0.7, ""min_consecutive"": 4}",0.6970149253731344,0.9886064855390009,0.6970149253731344,0.8474830954169797,0.9729166666666667,13,203,0.7297297297297297,0.9965397923875432,0.7297297297297297,0.8648648648648649,0.9918367346938776,2,90
2467,consecutive_count,"{""min_consecutive"": 7, ""min_count"": 11, ""threshold"": 0.575}",0.6968796433878157,0.9903339191564148,0.6968796433878157,0.8467317806160781,0.9770833333333333,11,204,0.7376543209876543,0.989778534923339,0.7376543209876543,0.8723723723723724,0.9755102040816327,6,85
2468,topk_mean,"{""threshold"": 0.725, ""top_k"": 9}",0.6967455621301775,0.9920704845814978,0.6967455621301775,0.8459804658151766,0.98125,9,205,0.7333333333333333,0.9948364888123924,0.7333333333333333,0.8678678678678678,0.9877551020408163,3,88
2469,topk_mean,"{""threshold"": 0.75, ""top_k"": 7}",0.6967455621301775,0.9920704845814978,0.6967455621301775,0.8459804658151766,0.98125,9,205,0.7311178247734139,0.9948275862068966,0.7311178247734139,0.8663663663663663,0.9877551020408163,3,89
2470,hysteresis,"{""high"": 0.725, ""low"": 0.625, ""min_consecutive"": 8}",0.6964285714285714,0.9894644424934153,0.6964285714285714,0.8467317806160781,0.975,12,204,0.7325227963525835,0.993127147766323,0.7325227963525835,0.8678678678678678,0.9836734693877551,4,88
2471,consecutive_count,"{""min_consecutive"": 7, ""min_count"": 9, ""threshold"": 0.625}",0.6962962962962963,0.9911971830985915,0.6962962962962963,0.8459804658151766,0.9791666666666666,10,205,0.729483282674772,0.9914089347079038,0.729483282674772,0.8663663663663663,0.9795918367346939,5,89
2472,consecutive_ratio,"{""min_consecutive"": 7, ""min_ratio"": 0.2, ""threshold"": 0.625}",0.6962962962962963,0.9911971830985915,0.6962962962962963,0.8459804658151766,0.9791666666666666,10,205,0.729483282674772,0.9914089347079038,0.729483282674772,0.8663663663663663,0.9795918367346939,5,89
2473,consecutive_count,"{""min_consecutive"": 1, ""min_count"": 4, ""threshold"": 0.75}",0.6958456973293768,0.990325417766051,0.6958456973293768,0.8459804658151766,0.9770833333333333,11,205,0.7333333333333333,0.9948364888123924,0.7333333333333333,0.8678678678678678,0.9877551020408163,3,88
2474,consecutive_ratio,"{""min_consecutive"": 1, ""min_ratio"": 0.09, ""threshold"": 0.75}",0.6958456973293768,0.990325417766051,0.6958456973293768,0.8459804658151766,0.9770833333333333,11,205,0.7333333333333333,0.9948364888123924,0.7333333333333333,0.8678678678678678,0.9877551020408163,3,88
2475,consecutive_count,"{""min_consecutive"": 2, ""min_count"": 4, ""threshold"": 0.75}",0.6958456973293768,0.990325417766051,0.6958456973293768,0.8459804658151766,0.9770833333333333,11,205,0.7333333333333333,0.9948364888123924,0.7333333333333333,0.8678678678678678,0.9877551020408163,3,88
2476,consecutive_ratio,"{""min_consecutive"": 2, ""min_ratio"": 0.09, ""threshold"": 0.75}",0.6958456973293768,0.990325417766051,0.6958456973293768,0.8459804658151766,0.9770833333333333,11,205,0.7333333333333333,0.9948364888123924,0.7333333333333333,0.8678678678678678,0.9877551020408163,3,88
2477,consecutive,"{""min_consecutive"": 7, ""threshold"": 0.675}",0.6957163958641064,0.9920634920634921,0.6957163958641064,0.845229151014275,0.98125,9,206,0.7280966767371602,0.993103448275862,0.7280966767371602,0.8648648648648649,0.9836734693877551,4,90
2478,consecutive_count,"{""min_consecutive"": 7, ""min_count"": 2, ""threshold"": 0.675}",0.6957163958641064,0.9920634920634921,0.6957163958641064,0.845229151014275,0.98125,9,206,0.7280966767371602,0.993103448275862,0.7280966767371602,0.8648648648648649,0.9836734693877551,4,90
2479,consecutive_count,"{""min_consecutive"": 7, ""min_count"": 3, ""threshold"": 0.675}",0.6957163958641064,0.9920634920634921,0.6957163958641064,0.845229151014275,0.98125,9,206,0.7280966767371602,0.993103448275862,0.7280966767371602,0.8648648648648649,0.9836734693877551,4,90
2480,consecutive_count,"{""min_consecutive"": 7, ""min_count"": 4, ""threshold"": 0.675}",0.6957163958641064,0.9920634920634921,0.6957163958641064,0.845229151014275,0.98125,9,206,0.7280966767371602,0.993103448275862,0.7280966767371602,0.8648648648648649,0.9836734693877551,4,90
2481,consecutive_count,"{""min_consecutive"": 7, ""min_count"": 5, ""threshold"": 0.675}",0.6957163958641064,0.9920634920634921,0.6957163958641064,0.845229151014275,0.98125,9,206,0.7280966767371602,0.993103448275862,0.7280966767371602,0.8648648648648649,0.9836734693877551,4,90
2482,consecutive_count,"{""min_consecutive"": 7, ""min_count"": 6, ""threshold"": 0.675}",0.6957163958641064,0.9920634920634921,0.6957163958641064,0.845229151014275,0.98125,9,206,0.7280966767371602,0.993103448275862,0.7280966767371602,0.8648648648648649,0.9836734693877551,4,90
2483,consecutive_count,"{""min_consecutive"": 7, ""min_count"": 7, ""threshold"": 0.675}",0.6957163958641064,0.9920634920634921,0.6957163958641064,0.845229151014275,0.98125,9,206,0.7280966767371602,0.993103448275862,0.7280966767371602,0.8648648648648649,0.9836734693877551,4,90
2484,consecutive_ratio,"{""min_consecutive"": 7, ""min_ratio"": 0.03, ""threshold"": 0.675}",0.6957163958641064,0.9920634920634921,0.6957163958641064,0.845229151014275,0.98125,9,206,0.7280966767371602,0.993103448275862,0.7280966767371602,0.8648648648648649,0.9836734693877551,4,90
2485,consecutive_ratio,"{""min_consecutive"": 7, ""min_ratio"": 0.05, ""threshold"": 0.675}",0.6957163958641064,0.9920634920634921,0.6957163958641064,0.845229151014275,0.98125,9,206,0.7280966767371602,0.993103448275862,0.7280966767371602,0.8648648648648649,0.9836734693877551,4,90
2486,consecutive_ratio,"{""min_consecutive"": 7, ""min_ratio"": 0.07, ""threshold"": 0.675}",0.6957163958641064,0.9920634920634921,0.6957163958641064,0.845229151014275,0.98125,9,206,0.7280966767371602,0.993103448275862,0.7280966767371602,0.8648648648648649,0.9836734693877551,4,90
2487,consecutive_ratio,"{""min_consecutive"": 7, ""min_ratio"": 0.09, ""threshold"": 0.675}",0.6957163958641064,0.9920634920634921,0.6957163958641064,0.845229151014275,0.98125,9,206,0.7280966767371602,0.993103448275862,0.7280966767371602,0.8648648648648649,0.9836734693877551,4,90
2488,consecutive_ratio,"{""min_consecutive"": 7, ""min_ratio"": 0.11, ""threshold"": 0.675}",0.6957163958641064,0.9920634920634921,0.6957163958641064,0.845229151014275,0.98125,9,206,0.7280966767371602,0.993103448275862,0.7280966767371602,0.8648648648648649,0.9836734693877551,4,90
2489,consecutive_ratio,"{""min_consecutive"": 7, ""min_ratio"": 0.13, ""threshold"": 0.675}",0.6957163958641064,0.9920634920634921,0.6957163958641064,0.845229151014275,0.98125,9,206,0.7280966767371602,0.993103448275862,0.7280966767371602,0.8648648648648649,0.9836734693877551,4,90
2490,consecutive_ratio,"{""min_consecutive"": 7, ""min_ratio"": 0.15, ""threshold"": 0.675}",0.6957163958641064,0.9920634920634921,0.6957163958641064,0.845229151014275,0.98125,9,206,0.7280966767371602,0.993103448275862,0.7280966767371602,0.8648648648648649,0.9836734693877551,4,90
2491,hysteresis,"{""high"": 0.75, ""low"": 0.65, ""min_consecutive"": 7}",0.6957163958641064,0.9920634920634921,0.6957163958641064,0.845229151014275,0.98125,9,206,0.7280966767371602,0.993103448275862,0.7280966767371602,0.8648648648648649,0.9836734693877551,4,90
2492,hysteresis,"{""high"": 0.8, ""low"": 0.6, ""min_consecutive"": 5}",0.6955223880597015,0.9877300613496932,0.6955223880597015,0.8467317806160781,0.9708333333333333,14,204,0.7363636363636363,0.9965576592082617,0.7363636363636363,0.8693693693693694,0.9918367346938776,2,87
2493,hysteresis,"{""high"": 0.7, ""low"": 0.65, ""min_consecutive"": 8}",0.6952662721893491,0.9911894273127754,0.6952662721893491,0.845229151014275,0.9791666666666666,10,206,0.7237237237237237,0.9930795847750865,0.7237237237237237,0.8618618618618619,0.9836734693877551,4,92
2494,hysteresis,"{""high"": 0.7, ""low"": 0.6, ""min_consecutive"": 9}",0.6948148148148148,0.9903169014084507,0.6948148148148148,0.845229151014275,0.9770833333333333,11,206,0.7303030303030303,0.9931153184165232,0.7303030303030303,0.8663663663663663,0.9836734693877551,4,89
2495,hysteresis,"{""high"": 0.725, ""low"": 0.575, ""min_consecutive"": 9}",0.6943620178041543,0.9894459102902374,0.6943620178041543,0.845229151014275,0.975,12,206,0.7392638036809815,0.9931623931623932,0.7392638036809815,0.8723723723723724,0.9836734693877551,4,85
2496,consecutive_count,"{""min_consecutive"": 3, ""min_count"": 4, ""threshold"": 0.75}",0.6937869822485208,0.9903083700440528,0.6937869822485208,0.8444778362133734,0.9770833333333333,11,207,0.7333333333333333,0.9948364888123924,0.7333333333333333,0.8678678678678678,0.9877551020408163,3,88
2497,consecutive_ratio,"{""min_consecutive"": 3, ""min_ratio"": 0.09, ""threshold"": 0.75}",0.6937869822485208,0.9903083700440528,0.6937869822485208,0.8444778362133734,0.9770833333333333,11,207,0.7333333333333333,0.9948364888123924,0.7333333333333333,0.8678678678678678,0.9877551020408163,3,88
2498,hysteresis,"{""high"": 0.725, ""low"": 0.675, ""min_consecutive"": 7}",0.6936671575846833,0.9920494699646644,0.6936671575846833,0.8437265214124718,0.98125,9,208,0.7259036144578314,0.9930915371329879,0.7259036144578314,0.8633633633633634,0.9836734693877551,4,91
2499,hysteresis,"{""high"": 0.825, ""low"": 0.675, ""min_consecutive"": 2}",0.6934523809523809,0.9877085162423178,0.6934523809523809,0.845229151014275,0.9708333333333333,14,206,0.7327327327327328,0.9982698961937716,0.7327327327327328,0.8663663663663663,0.9959183673469387,1,89
2500,hysteresis,"{""high"": 0.825, ""low"": 0.625, ""min_consecutive"": 2}",0.6934523809523809,0.9877085162423178,0.6934523809523809,0.845229151014275,0.9708333333333333,14,206,0.7349397590361446,0.998272884283247,0.7349397590361446,0.8678678678678678,0.9959183673469387,1,88
2501,consecutive,"{""min_consecutive"": 6, ""threshold"": 0.7}",0.6932153392330384,0.9911738746690203,0.6932153392330384,0.8437265214124718,0.9791666666666666,10,208,0.7280966767371602,0.993103448275862,0.7280966767371602,0.8648648648648649,0.9836734693877551,4,90
2502,consecutive_count,"{""min_consecutive"": 6, ""min_count"": 2, ""threshold"": 0.7}",0.6932153392330384,0.9911738746690203,0.6932153392330384,0.8437265214124718,0.9791666666666666,10,208,0.7280966767371602,0.993103448275862,0.7280966767371602,0.8648648648648649,0.9836734693877551,4,90
2503,consecutive_count,"{""min_consecutive"": 6, ""min_count"": 3, ""threshold"": 0.7}",0.6932153392330384,0.9911738746690203,0.6932153392330384,0.8437265214124718,0.9791666666666666,10,208,0.7280966767371602,0.993103448275862,0.7280966767371602,0.8648648648648649,0.9836734693877551,4,90
2504,consecutive_count,"{""min_consecutive"": 6, ""min_count"": 4, ""threshold"": 0.7}",0.6932153392330384,0.9911738746690203,0.6932153392330384,0.8437265214124718,0.9791666666666666,10,208,0.7280966767371602,0.993103448275862,0.7280966767371602,0.8648648648648649,0.9836734693877551,4,90
2505,consecutive_count,"{""min_consecutive"": 6, ""min_count"": 5, ""threshold"": 0.7}",0.6932153392330384,0.9911738746690203,0.6932153392330384,0.8437265214124718,0.9791666666666666,10,208,0.7280966767371602,0.993103448275862,0.7280966767371602,0.8648648648648649,0.9836734693877551,4,90
2506,consecutive_count,"{""min_consecutive"": 6, ""min_count"": 6, ""threshold"": 0.7}",0.6932153392330384,0.9911738746690203,0.6932153392330384,0.8437265214124718,0.9791666666666666,10,208,0.7280966767371602,0.993103448275862,0.7280966767371602,0.8648648648648649,0.9836734693877551,4,90
2507,consecutive_ratio,"{""min_consecutive"": 6, ""min_ratio"": 0.03, ""threshold"": 0.7}",0.6932153392330384,0.9911738746690203,0.6932153392330384,0.8437265214124718,0.9791666666666666,10,208,0.7280966767371602,0.993103448275862,0.7280966767371602,0.8648648648648649,0.9836734693877551,4,90
2508,consecutive_ratio,"{""min_consecutive"": 6, ""min_ratio"": 0.05, ""threshold"": 0.7}",0.6932153392330384,0.9911738746690203,0.6932153392330384,0.8437265214124718,0.9791666666666666,10,208,0.7280966767371602,0.993103448275862,0.7280966767371602,0.8648648648648649,0.9836734693877551,4,90
2509,consecutive_ratio,"{""min_consecutive"": 6, ""min_ratio"": 0.07, ""threshold"": 0.7}",0.6932153392330384,0.9911738746690203,0.6932153392330384,0.8437265214124718,0.9791666666666666,10,208,0.7280966767371602,0.993103448275862,0.7280966767371602,0.8648648648648649,0.9836734693877551,4,90
2510,consecutive_ratio,"{""min_consecutive"": 6, ""min_ratio"": 0.09, ""threshold"": 0.7}",0.6932153392330384,0.9911738746690203,0.6932153392330384,0.8437265214124718,0.9791666666666666,10,208,0.7280966767371602,0.993103448275862,0.7280966767371602,0.8648648648648649,0.9836734693877551,4,90
2511,consecutive_ratio,"{""min_consecutive"": 6, ""min_ratio"": 0.11, ""threshold"": 0.7}",0.6932153392330384,0.9911738746690203,0.6932153392330384,0.8437265214124718,0.9791666666666666,10,208,0.7280966767371602,0.993103448275862,0.7280966767371602,0.8648648648648649,0.9836734693877551,4,90
2512,consecutive_ratio,"{""min_consecutive"": 6, ""min_ratio"": 0.13, ""threshold"": 0.7}",0.6932153392330384,0.9911738746690203,0.6932153392330384,0.8437265214124718,0.9791666666666666,10,208,0.7280966767371602,0.993103448275862,0.7280966767371602,0.8648648648648649,0.9836734693877551,4,90
2513,hysteresis,"{""high"": 0.75, ""low"": 0.6, ""min_consecutive"": 8}",0.6927621861152142,0.9902998236331569,0.6927621861152142,0.8437265214124718,0.9770833333333333,11,208,0.7347560975609756,0.9931389365351629,0.7347560975609756,0.8693693693693694,0.9836734693877551,4,87
2514,hysteresis,"{""high"": 0.75, ""low"": 0.55, ""min_consecutive"": 9}",0.6927621861152142,0.9902998236331569,0.6927621861152142,0.8437265214124718,0.9770833333333333,11,208,0.7325227963525835,0.993127147766323,0.7325227963525835,0.8678678678678678,0.9836734693877551,4,88
2515,hysteresis,"{""high"": 0.825, ""low"": 0.725, ""min_consecutive"": 2}",0.6924219910846954,0.9876977152899824,0.6924219910846954,0.8444778362133734,0.9708333333333333,14,207,0.7305389221556886,0.9982668977469671,0.7305389221556886,0.8648648648648649,0.9959183673469387,1,90
2516,hysteresis,"{""high"": 0.825, ""low"": 0.625, ""min_consecutive"": 3}",0.6924219910846954,0.9876977152899824,0.6924219910846954,0.8444778362133734,0.9708333333333333,14,207,0.7283582089552239,0.9982638888888888,0.7283582089552239,0.8633633633633634,0.9959183673469387,1,91
2517,consecutive,"{""min_consecutive"": 9, ""threshold"": 0.625}",0.6921944035346097,0.991166077738516,0.6921944035346097,0.8429752066115702,0.9791666666666666,10,209,0.7228915662650602,0.9913644214162349,0.7228915662650602,0.8618618618618619,0.9795918367346939,5,92
2518,hysteresis,"{""high"": 0.8, ""low"": 0.65, ""min_consecutive"": 5}",0.6918518518518518,0.988556338028169,0.6918518518518518,0.8437265214124718,0.9729166666666667,13,208,0.7297297297297297,0.9965397923875432,0.7297297297297297,0.8648648648648649,0.9918367346938776,2,90
2519,hysteresis,"{""high"": 0.775, ""low"": 0.625, ""min_consecutive"": 6}",0.6913946587537092,0.9876868953386104,0.6913946587537092,0.8437265214124718,0.9708333333333333,14,208,0.7333333333333333,0.9948364888123924,0.7333333333333333,0.8678678678678678,0.9877551020408163,3,88
2520,hysteresis,"{""high"": 0.825, ""low"": 0.775, ""min_consecutive"": 2}",0.6913946587537092,0.9876868953386104,0.6913946587537092,0.8437265214124718,0.9708333333333333,14,208,0.7283582089552239,0.9982638888888888,0.7283582089552239,0.8633633633633634,0.9959183673469387,1,91
2521,hysteresis,"{""high"": 0.675, ""low"": 0.625, ""min_consecutive"": 9}",0.6911764705882353,0.9911582670203359,0.6911764705882353,0.8422238918106687,0.9791666666666666,10,210,0.7228915662650602,0.9913644214162349,0.7228915662650602,0.8618618618618619,0.9795918367346939,5,92
2522,hysteresis,"{""high"": 0.775, ""low"": 0.725, ""min_consecutive"": 5}",0.6911764705882353,0.9911582670203359,0.6911764705882353,0.8422238918106687,0.9791666666666666,10,210,0.7202380952380952,0.9947826086956522,0.7202380952380952,0.8588588588588588,0.9877551020408163,3,94
2523,hysteresis,"{""high"": 0.775, ""low"": 0.575, ""min_consecutive"": 7}",0.6908284023668639,0.9885462555066079,0.6908284023668639,0.8429752066115702,0.9729166666666667,13,209,0.7333333333333333,0.9948364888123924,0.7333333333333333,0.8678678678678678,0.9877551020408163,3,88
2524,consecutive,"{""min_consecutive"": 4, ""threshold"": 0.75}",0.6907216494845361,0.9902826855123675,0.6907216494845361,0.8422238918106687,0.9770833333333333,11,210,0.7267267267267268,0.9948096885813149,0.7267267267267268,0.8633633633633634,0.9877551020408163,3,91
2525,consecutive_count,"{""min_consecutive"": 4, ""min_count"": 2, ""threshold"": 0.75}",0.6907216494845361,0.9902826855123675,0.6907216494845361,0.8422238918106687,0.9770833333333333,11,210,0.7267267267267268,0.9948096885813149,0.7267267267267268,0.8633633633633634,0.9877551020408163,3,91
2526,consecutive_count,"{""min_consecutive"": 4, ""min_count"": 3, ""threshold"": 0.75}",0.6907216494845361,0.9902826855123675,0.6907216494845361,0.8422238918106687,0.9770833333333333,11,210,0.7267267267267268,0.9948096885813149,0.7267267267267268,0.8633633633633634,0.9877551020408163,3,91
2527,consecutive_count,"{""min_consecutive"": 4, ""min_count"": 4, ""threshold"": 0.75}",0.6907216494845361,0.9902826855123675,0.6907216494845361,0.8422238918106687,0.9770833333333333,11,210,0.7267267267267268,0.9948096885813149,0.7267267267267268,0.8633633633633634,0.9877551020408163,3,91
2528,consecutive_ratio,"{""min_consecutive"": 4, ""min_ratio"": 0.03, ""threshold"": 0.75}",0.6907216494845361,0.9902826855123675,0.6907216494845361,0.8422238918106687,0.9770833333333333,11,210,0.7267267267267268,0.9948096885813149,0.7267267267267268,0.8633633633633634,0.9877551020408163,3,91
2529,consecutive_ratio,"{""min_consecutive"": 4, ""min_ratio"": 0.05, ""threshold"": 0.75}",0.6907216494845361,0.9902826855123675,0.6907216494845361,0.8422238918106687,0.9770833333333333,11,210,0.7267267267267268,0.9948096885813149,0.7267267267267268,0.8633633633633634,0.9877551020408163,3,91
2530,consecutive_ratio,"{""min_consecutive"": 4, ""min_ratio"": 0.07, ""threshold"": 0.75}",0.6907216494845361,0.9902826855123675,0.6907216494845361,0.8422238918106687,0.9770833333333333,11,210,0.7267267267267268,0.9948096885813149,0.7267267267267268,0.8633633633633634,0.9877551020408163,3,91
2531,consecutive_ratio,"{""min_consecutive"": 4, ""min_ratio"": 0.09, ""threshold"": 0.75}",0.6907216494845361,0.9902826855123675,0.6907216494845361,0.8422238918106687,0.9770833333333333,11,210,0.7267267267267268,0.9948096885813149,0.7267267267267268,0.8633633633633634,0.9877551020408163,3,91
2532,hysteresis,"{""high"": 0.775, ""low"": 0.675, ""min_consecutive"": 6}",0.6907216494845361,0.9902826855123675,0.6907216494845361,0.8422238918106687,0.9770833333333333,11,210,0.7333333333333333,0.9948364888123924,0.7333333333333333,0.8678678678678678,0.9877551020408163,3,88
2533,hysteresis,"{""high"": 0.75, ""low"": 0.7, ""min_consecutive"": 6}",0.6906158357771262,0.9920283436669619,0.6906158357771262,0.8414725770097671,0.98125,9,211,0.7280966767371602,0.993103448275862,0.7280966767371602,0.8648648648648649,0.9836734693877551,4,90
2534,consecutive_count,"{""min_consecutive"": 1, ""min_count"": 7, ""threshold"": 0.7}",0.6896046852122987,0.9920212765957447,0.6896046852122987,0.8407212622088656,0.98125,9,212,0.7237237237237237,0.9930795847750865,0.7237237237237237,0.8618618618618619,0.9836734693877551,4,92
2535,consecutive_ratio,"{""min_consecutive"": 1, ""min_ratio"": 0.15, ""threshold"": 0.7}",0.6896046852122987,0.9920212765957447,0.6896046852122987,0.8407212622088656,0.98125,9,212,0.7237237237237237,0.9930795847750865,0.7237237237237237,0.8618618618618619,0.9836734693877551,4,92
2536,consecutive_count,"{""min_consecutive"": 2, ""min_count"": 7, ""threshold"": 0.7}",0.6896046852122987,0.9920212765957447,0.6896046852122987,0.8407212622088656,0.98125,9,212,0.7237237237237237,0.9930795847750865,0.7237237237237237,0.8618618618618619,0.9836734693877551,4,92
2537,consecutive_ratio,"{""min_consecutive"": 2, ""min_ratio"": 0.15, ""threshold"": 0.7}",0.6896046852122987,0.9920212765957447,0.6896046852122987,0.8407212622088656,0.98125,9,212,0.7237237237237237,0.9930795847750865,0.7237237237237237,0.8618618618618619,0.9836734693877551,4,92
2538,consecutive_count,"{""min_consecutive"": 3, ""min_count"": 7, ""threshold"": 0.7}",0.6896046852122987,0.9920212765957447,0.6896046852122987,0.8407212622088656,0.98125,9,212,0.7237237237237237,0.9930795847750865,0.7237237237237237,0.8618618618618619,0.9836734693877551,4,92
2539,consecutive_ratio,"{""min_consecutive"": 3, ""min_ratio"": 0.15, ""threshold"": 0.7}",0.6896046852122987,0.9920212765957447,0.6896046852122987,0.8407212622088656,0.98125,9,212,0.7237237237237237,0.9930795847750865,0.7237237237237237,0.8618618618618619,0.9836734693877551,4,92
2540,consecutive_count,"{""min_consecutive"": 1, ""min_count"": 6, ""threshold"": 0.725}",0.6896046852122987,0.9920212765957447,0.6896046852122987,0.8407212622088656,0.98125,9,212,0.7267267267267268,0.9948096885813149,0.7267267267267268,0.8633633633633634,0.9877551020408163,3,91
2541,consecutive_ratio,"{""min_consecutive"": 1, ""min_ratio"": 0.13, ""threshold"": 0.725}",0.6896046852122987,0.9920212765957447,0.6896046852122987,0.8407212622088656,0.98125,9,212,0.7267267267267268,0.9948096885813149,0.7267267267267268,0.8633633633633634,0.9877551020408163,3,91
2542,consecutive_count,"{""min_consecutive"": 2, ""min_count"": 6, ""threshold"": 0.725}",0.6896046852122987,0.9920212765957447,0.6896046852122987,0.8407212622088656,0.98125,9,212,0.7267267267267268,0.9948096885813149,0.7267267267267268,0.8633633633633634,0.9877551020408163,3,91
2543,consecutive_ratio,"{""min_consecutive"": 2, ""min_ratio"": 0.13, ""threshold"": 0.725}",0.6896046852122987,0.9920212765957447,0.6896046852122987,0.8407212622088656,0.98125,9,212,0.7267267267267268,0.9948096885813149,0.7267267267267268,0.8633633633633634,0.9877551020408163,3,91
2544,consecutive_count,"{""min_consecutive"": 3, ""min_count"": 6, ""threshold"": 0.725}",0.6896046852122987,0.9920212765957447,0.6896046852122987,0.8407212622088656,0.98125,9,212,0.7267267267267268,0.9948096885813149,0.7267267267267268,0.8633633633633634,0.9877551020408163,3,91
2545,consecutive_ratio,"{""min_consecutive"": 3, ""min_ratio"": 0.13, ""threshold"": 0.725}",0.6896046852122987,0.9920212765957447,0.6896046852122987,0.8407212622088656,0.98125,9,212,0.7267267267267268,0.9948096885813149,0.7267267267267268,0.8633633633633634,0.9877551020408163,3,91
2546,consecutive_count,"{""min_consecutive"": 4, ""min_count"": 6, ""threshold"": 0.725}",0.6896046852122987,0.9920212765957447,0.6896046852122987,0.8407212622088656,0.98125,9,212,0.7245508982035929,0.9948006932409013,0.7245508982035929,0.8618618618618619,0.9877551020408163,3,92
2547,consecutive_ratio,"{""min_consecutive"": 4, ""min_ratio"": 0.13, ""threshold"": 0.725}",0.6896046852122987,0.9920212765957447,0.6896046852122987,0.8407212622088656,0.98125,9,212,0.7245508982035929,0.9948006932409013,0.7245508982035929,0.8618618618618619,0.9877551020408163,3,92
2548,hysteresis,"{""high"": 0.825, ""low"": 0.675, ""min_consecutive"": 3}",0.6893491124260355,0.9876651982378855,0.6893491124260355,0.8422238918106687,0.9708333333333333,14,210,0.7283582089552239,0.9982638888888888,0.7283582089552239,0.8633633633633634,0.9959183673469387,1,91
2549,consecutive_count,"{""min_consecutive"": 1, ""min_count"": 9, ""threshold"": 0.65}",0.6891495601173021,0.9911426040744021,0.6891495601173021,0.8407212622088656,0.9791666666666666,10,212,0.7280966767371602,0.993103448275862,0.7280966767371602,0.8648648648648649,0.9836734693877551,4,90
2550,consecutive_ratio,"{""min_consecutive"": 1, ""min_ratio"": 0.2, ""threshold"": 0.65}",0.6891495601173021,0.9911426040744021,0.6891495601173021,0.8407212622088656,0.9791666666666666,10,212,0.7280966767371602,0.993103448275862,0.7280966767371602,0.8648648648648649,0.9836734693877551,4,90
2551,consecutive_count,"{""min_consecutive"": 2, ""min_count"": 9, ""threshold"": 0.65}",0.6891495601173021,0.9911426040744021,0.6891495601173021,0.8407212622088656,0.9791666666666666,10,212,0.7280966767371602,0.993103448275862,0.7280966767371602,0.8648648648648649,0.9836734693877551,4,90
2552,consecutive_ratio,"{""min_consecutive"": 2, ""min_ratio"": 0.2, ""threshold"": 0.65}",0.6891495601173021,0.9911426040744021,0.6891495601173021,0.8407212622088656,0.9791666666666666,10,212,0.7280966767371602,0.993103448275862,0.7280966767371602,0.8648648648648649,0.9836734693877551,4,90
2553,consecutive_count,"{""min_consecutive"": 3, ""min_count"": 9, ""threshold"": 0.65}",0.6891495601173021,0.9911426040744021,0.6891495601173021,0.8407212622088656,0.9791666666666666,10,212,0.7280966767371602,0.993103448275862,0.7280966767371602,0.8648648648648649,0.9836734693877551,4,90
2554,consecutive_ratio,"{""min_consecutive"": 3, ""min_ratio"": 0.2, ""threshold"": 0.65}",0.6891495601173021,0.9911426040744021,0.6891495601173021,0.8407212622088656,0.9791666666666666,10,212,0.7280966767371602,0.993103448275862,0.7280966767371602,0.8648648648648649,0.9836734693877551,4,90
2555,consecutive_count,"{""min_consecutive"": 4, ""min_count"": 9, ""threshold"": 0.65}",0.6891495601173021,0.9911426040744021,0.6891495601173021,0.8407212622088656,0.9791666666666666,10,212,0.7280966767371602,0.993103448275862,0.7280966767371602,0.8648648648648649,0.9836734693877551,4,90
2556,consecutive_ratio,"{""min_consecutive"": 4, ""min_ratio"": 0.2, ""threshold"": 0.65}",0.6891495601173021,0.9911426040744021,0.6891495601173021,0.8407212622088656,0.9791666666666666,10,212,0.7280966767371602,0.993103448275862,0.7280966767371602,0.8648648648648649,0.9836734693877551,4,90
2557,consecutive_count,"{""min_consecutive"": 5, ""min_count"": 9, ""threshold"": 0.65}",0.6891495601173021,0.9911426040744021,0.6891495601173021,0.8407212622088656,0.9791666666666666,10,212,0.7280966767371602,0.993103448275862,0.7280966767371602,0.8648648648648649,0.9836734693877551,4,90
2558,consecutive_ratio,"{""min_consecutive"": 5, ""min_ratio"": 0.2, ""threshold"": 0.65}",0.6891495601173021,0.9911426040744021,0.6891495601173021,0.8407212622088656,0.9791666666666666,10,212,0.7280966767371602,0.993103448275862,0.7280966767371602,0.8648648648648649,0.9836734693877551,4,90
2559,consecutive_count,"{""min_consecutive"": 4, ""min_count"": 7, ""threshold"": 0.7}",0.6885964912280702,0.9920141969831411,0.6885964912280702,0.8399699474079639,0.98125,9,213,0.7237237237237237,0.9930795847750865,0.7237237237237237,0.8618618618618619,0.9836734693877551,4,92
2560,consecutive_ratio,"{""min_consecutive"": 4, ""min_ratio"": 0.15, ""threshold"": 0.7}",0.6885964912280702,0.9920141969831411,0.6885964912280702,0.8399699474079639,0.98125,9,213,0.7237237237237237,0.9930795847750865,0.7237237237237237,0.8618618618618619,0.9836734693877551,4,92
2561,hysteresis,"{""high"": 0.825, ""low"": 0.725, ""min_consecutive"": 3}",0.6883308714918759,0.9876543209876543,0.6883308714918759,0.8414725770097671,0.9708333333333333,14,211,0.7261904761904762,0.9982608695652174,0.7261904761904762,0.8618618618618619,0.9959183673469387,1,92
2562,consecutive_count,"{""min_consecutive"": 6, ""min_count"": 9, ""threshold"": 0.65}",0.6881405563689604,0.9911347517730497,0.6881405563689604,0.8399699474079639,0.9791666666666666,10,213,0.7237237237237237,0.9930795847750865,0.7237237237237237,0.8618618618618619,0.9836734693877551,4,92
2563,consecutive_ratio,"{""min_consecutive"": 6, ""min_ratio"": 0.2, ""threshold"": 0.65}",0.6881405563689604,0.9911347517730497,0.6881405563689604,0.8399699474079639,0.9791666666666666,10,213,0.7237237237237237,0.9930795847750865,0.7237237237237237,0.8618618618618619,0.9836734693877551,4,92
2564,consecutive_count,"{""min_consecutive"": 1, ""min_count"": 10, ""threshold"": 0.625}",0.6875912408759124,0.9920071047957372,0.6875912408759124,0.8392186326070623,0.98125,9,214,0.7250755287009063,0.9913793103448276,0.7250755287009063,0.8633633633633634,0.9795918367346939,5,91
2565,consecutive_count,"{""min_consecutive"": 2, ""min_count"": 10, ""threshold"": 0.625}",0.6875912408759124,0.9920071047957372,0.6875912408759124,0.8392186326070623,0.98125,9,214,0.7250755287009063,0.9913793103448276,0.7250755287009063,0.8633633633633634,0.9795918367346939,5,91
2566,consecutive_count,"{""min_consecutive"": 3, ""min_count"": 10, ""threshold"": 0.625}",0.6875912408759124,0.9920071047957372,0.6875912408759124,0.8392186326070623,0.98125,9,214,0.7250755287009063,0.9913793103448276,0.7250755287009063,0.8633633633633634,0.9795918367346939,5,91
2567,consecutive_count,"{""min_consecutive"": 4, ""min_count"": 10, ""threshold"": 0.625}",0.6875912408759124,0.9920071047957372,0.6875912408759124,0.8392186326070623,0.98125,9,214,0.7250755287009063,0.9913793103448276,0.7250755287009063,0.8633633633633634,0.9795918367346939,5,91
2568,consecutive_count,"{""min_consecutive"": 5, ""min_count"": 10, ""threshold"": 0.625}",0.6875912408759124,0.9920071047957372,0.6875912408759124,0.8392186326070623,0.98125,9,214,0.7250755287009063,0.9913793103448276,0.7250755287009063,0.8633633633633634,0.9795918367346939,5,91
2569,consecutive_count,"{""min_consecutive"": 7, ""min_count"": 9, ""threshold"": 0.65}",0.6875912408759124,0.9920071047957372,0.6875912408759124,0.8392186326070623,0.98125,9,214,0.7194029850746269,0.9930555555555556,0.7194029850746269,0.8588588588588588,0.9836734693877551,4,94
2570,consecutive_ratio,"{""min_consecutive"": 7, ""min_ratio"": 0.2, ""threshold"": 0.65}",0.6875912408759124,0.9920071047957372,0.6875912408759124,0.8392186326070623,0.98125,9,214,0.7194029850746269,0.9930555555555556,0.7194029850746269,0.8588588588588588,0.9836734693877551,4,94
2571,consecutive_count,"{""min_consecutive"": 5, ""min_count"": 7, ""threshold"": 0.7}",0.6875912408759124,0.9920071047957372,0.6875912408759124,0.8392186326070623,0.98125,9,214,0.7215568862275449,0.9930675909878682,0.7215568862275449,0.8603603603603603,0.9836734693877551,4,93
2572,consecutive_ratio,"{""min_consecutive"": 5, ""min_ratio"": 0.15, ""threshold"": 0.7}",0.6875912408759124,0.9920071047957372,0.6875912408759124,0.8392186326070623,0.98125,9,214,0.7215568862275449,0.9930675909878682,0.7215568862275449,0.8603603603603603,0.9836734693877551,4,93
2573,consecutive_count,"{""min_consecutive"": 1, ""min_count"": 5, ""threshold"": 0.75}",0.6875912408759124,0.9920071047957372,0.6875912408759124,0.8392186326070623,0.98125,9,214,0.7223880597014926,0.9947916666666666,0.7223880597014926,0.8603603603603603,0.9877551020408163,3,93
2574,consecutive_ratio,"{""min_consecutive"": 1, ""min_ratio"": 0.11, ""threshold"": 0.75}",0.6875912408759124,0.9920071047957372,0.6875912408759124,0.8392186326070623,0.98125,9,214,0.7223880597014926,0.9947916666666666,0.7223880597014926,0.8603603603603603,0.9877551020408163,3,93
2575,consecutive_count,"{""min_consecutive"": 2, ""min_count"": 5, ""threshold"": 0.75}",0.6875912408759124,0.9920071047957372,0.6875912408759124,0.8392186326070623,0.98125,9,214,0.7223880597014926,0.9947916666666666,0.7223880597014926,0.8603603603603603,0.9877551020408163,3,93
2576,consecutive_ratio,"{""min_consecutive"": 2, ""min_ratio"": 0.11, ""threshold"": 0.75}",0.6875912408759124,0.9920071047957372,0.6875912408759124,0.8392186326070623,0.98125,9,214,0.7223880597014926,0.9947916666666666,0.7223880597014926,0.8603603603603603,0.9877551020408163,3,93
2577,consecutive_count,"{""min_consecutive"": 3, ""min_count"": 5, ""threshold"": 0.75}",0.6875912408759124,0.9920071047957372,0.6875912408759124,0.8392186326070623,0.98125,9,214,0.7223880597014926,0.9947916666666666,0.7223880597014926,0.8603603603603603,0.9877551020408163,3,93
2578,consecutive_ratio,"{""min_consecutive"": 3, ""min_ratio"": 0.11, ""threshold"": 0.75}",0.6875912408759124,0.9920071047957372,0.6875912408759124,0.8392186326070623,0.98125,9,214,0.7223880597014926,0.9947916666666666,0.7223880597014926,0.8603603603603603,0.9877551020408163,3,93
2579,hysteresis,"{""high"": 0.825, ""low"": 0.625, ""min_consecutive"": 4}",0.6862170087976539,0.9893711248892826,0.6862170087976539,0.8392186326070623,0.975,12,214,0.7240356083086054,0.9982578397212544,0.7240356083086054,0.8603603603603603,0.9959183673469387,1,93
2580,consecutive_count,"{""min_consecutive"": 1, ""min_count"": 8, ""threshold"": 0.675}",0.6861313868613139,0.9911190053285968,0.6861313868613139,0.8384673178061608,0.9791666666666666,10,215,0.7215568862275449,0.9930675909878682,0.7215568862275449,0.8603603603603603,0.9836734693877551,4,93
2581,consecutive_count,"{""min_consecutive"": 2, ""min_count"": 8, ""threshold"": 0.675}",0.6861313868613139,0.9911190053285968,0.6861313868613139,0.8384673178061608,0.9791666666666666,10,215,0.7215568862275449,0.9930675909878682,0.7215568862275449,0.8603603603603603,0.9836734693877551,4,93
2582,consecutive_count,"{""min_consecutive"": 3, ""min_count"": 8, ""threshold"": 0.675}",0.6861313868613139,0.9911190053285968,0.6861313868613139,0.8384673178061608,0.9791666666666666,10,215,0.7215568862275449,0.9930675909878682,0.7215568862275449,0.8603603603603603,0.9836734693877551,4,93
2583,consecutive_count,"{""min_consecutive"": 4, ""min_count"": 8, ""threshold"": 0.675}",0.6861313868613139,0.9911190053285968,0.6861313868613139,0.8384673178061608,0.9791666666666666,10,215,0.7215568862275449,0.9930675909878682,0.7215568862275449,0.8603603603603603,0.9836734693877551,4,93
2584,hysteresis,"{""high"": 0.775, ""low"": 0.575, ""min_consecutive"": 8}",0.685672514619883,0.9902395740905058,0.685672514619883,0.8384673178061608,0.9770833333333333,11,215,0.7267267267267268,0.9948096885813149,0.7267267267267268,0.8633633633633634,0.9877551020408163,3,91
2585,hysteresis,"{""high"": 0.8, ""low"": 0.7, ""min_consecutive"": 5}",0.685672514619883,0.9902395740905058,0.685672514619883,0.8384673178061608,0.9770833333333333,11,215,0.7232142857142857,0.9965217391304347,0.7232142857142857,0.8603603603603603,0.9918367346938776,2,93
2586,consecutive_count,"{""min_consecutive"": 5, ""min_count"": 6, ""threshold"": 0.725}",0.6855895196506551,0.9919928825622776,0.6855895196506551,0.8377160030052592,0.98125,9,216,0.7223880597014926,0.9947916666666666,0.7223880597014926,0.8603603603603603,0.9877551020408163,3,93
2587,consecutive_ratio,"{""min_consecutive"": 5, ""min_ratio"": 0.13, ""threshold"": 0.725}",0.6855895196506551,0.9919928825622776,0.6855895196506551,0.8377160030052592,0.98125,9,216,0.7223880597014926,0.9947916666666666,0.7223880597014926,0.8603603603603603,0.9877551020408163,3,93
2588,consecutive_count,"{""min_consecutive"": 4, ""min_count"": 5, ""threshold"": 0.75}",0.6855895196506551,0.9919928825622776,0.6855895196506551,0.8377160030052592,0.98125,9,216,0.7181008902077152,0.9947735191637631,0.7181008902077152,0.8573573573573574,0.9877551020408163,3,95
2589,consecutive_ratio,"{""min_consecutive"": 4, ""min_ratio"": 0.11, ""threshold"": 0.75}",0.6855895196506551,0.9919928825622776,0.6855895196506551,0.8377160030052592,0.98125,9,216,0.7181008902077152,0.9947735191637631,0.7181008902077152,0.8573573573573574,0.9877551020408163,3,95
2590,consecutive,"{""min_consecutive"": 1, ""threshold"": 0.4}",0.6854166666666667,0.8975576662143826,0.9762611275964391,0.9939894815927873,0.6854166666666667,151,8,0.6530612244897959,0.8862115127175368,0.975609756097561,0.993993993993994,0.6530612244897959,85,4
2591,consecutive_count,"{""min_consecutive"": 5, ""min_count"": 8, ""threshold"": 0.675}",0.685131195335277,0.9911111111111112,0.685131195335277,0.8377160030052592,0.9791666666666666,10,216,0.7194029850746269,0.9930555555555556,0.7194029850746269,0.8588588588588588,0.9836734693877551,4,94
2592,consecutive_count,"{""min_consecutive"": 1, ""min_count"": 12, ""threshold"": 0.575}",0.6846715328467153,0.9902309058614565,0.6846715328467153,0.8377160030052592,0.9770833333333333,11,216,0.7130177514792899,0.9930191972076788,0.7130177514792899,0.8543543543543544,0.9836734693877551,4,97
2593,consecutive_count,"{""min_consecutive"": 2, ""min_count"": 12, ""threshold"": 0.575}",0.6846715328467153,0.9902309058614565,0.6846715328467153,0.8377160030052592,0.9770833333333333,11,216,0.7130177514792899,0.9930191972076788,0.7130177514792899,0.8543543543543544,0.9836734693877551,4,97
2594,consecutive_count,"{""min_consecutive"": 3, ""min_count"": 12, ""threshold"": 0.575}",0.6846715328467153,0.9902309058614565,0.6846715328467153,0.8377160030052592,0.9770833333333333,11,216,0.7130177514792899,0.9930191972076788,0.7130177514792899,0.8543543543543544,0.9836734693877551,4,97
2595,consecutive_count,"{""min_consecutive"": 4, ""min_count"": 12, ""threshold"": 0.575}",0.6846715328467153,0.9902309058614565,0.6846715328467153,0.8377160030052592,0.9770833333333333,11,216,0.7130177514792899,0.9930191972076788,0.7130177514792899,0.8543543543543544,0.9836734693877551,4,97
2596,consecutive_count,"{""min_consecutive"": 5, ""min_count"": 12, ""threshold"": 0.575}",0.6846715328467153,0.9902309058614565,0.6846715328467153,0.8377160030052592,0.9770833333333333,11,216,0.7130177514792899,0.9930191972076788,0.7130177514792899,0.8543543543543544,0.9836734693877551,4,97
2597,consecutive_count,"{""min_consecutive"": 6, ""min_count"": 12, ""threshold"": 0.575}",0.6846715328467153,0.9902309058614565,0.6846715328467153,0.8377160030052592,0.9770833333333333,11,216,0.7130177514792899,0.9930191972076788,0.7130177514792899,0.8543543543543544,0.9836734693877551,4,97
2598,hysteresis,"{""high"": 0.775, ""low"": 0.625, ""min_consecutive"": 7}",0.6846715328467153,0.9902309058614565,0.6846715328467153,0.8377160030052592,0.9770833333333333,11,216,0.7267267267267268,0.9948096885813149,0.7267267267267268,0.8633633633633634,0.9877551020408163,3,91
2599,topk_mean,"{""threshold"": 0.75, ""top_k"": 9}",0.684593023255814,0.9919857524487978,0.684593023255814,0.8369646882043577,0.98125,9,217,0.7181008902077152,0.9947735191637631,0.7181008902077152,0.8573573573573574,0.9877551020408163,3,95
2600,hysteresis,"{""high"": 0.75, ""low"": 0.65, ""min_consecutive"": 8}",0.684593023255814,0.9919857524487978,0.684593023255814,0.8369646882043577,0.98125,9,217,0.7172619047619048,0.9930434782608696,0.7172619047619048,0.8573573573573574,0.9836734693877551,4,95
2601,consecutive_count,"{""min_consecutive"": 6, ""min_count"": 8, ""threshold"": 0.675}",0.6841339155749636,0.9911032028469751,0.6841339155749636,0.8369646882043577,0.9791666666666666,10,217,0.7151335311572701,0.9930313588850174,0.7151335311572701,0.8558558558558559,0.9836734693877551,4,96
2602,consecutive_count,"{""min_consecutive"": 1, ""min_count"": 11, ""threshold"": 0.6}",0.6840579710144927,0.9928635147190009,0.6840579710144927,0.836213373403456,0.9833333333333333,8,218,0.7237237237237237,0.9930795847750865,0.7237237237237237,0.8618618618618619,0.9836734693877551,4,92
2603,consecutive_count,"{""min_consecutive"": 2, ""min_count"": 11, ""threshold"": 0.6}",0.6840579710144927,0.9928635147190009,0.6840579710144927,0.836213373403456,0.9833333333333333,8,218,0.7237237237237237,0.9930795847750865,0.7237237237237237,0.8618618618618619,0.9836734693877551,4,92
2604,consecutive_count,"{""min_consecutive"": 3, ""min_count"": 11, ""threshold"": 0.6}",0.6840579710144927,0.9928635147190009,0.6840579710144927,0.836213373403456,0.9833333333333333,8,218,0.7237237237237237,0.9930795847750865,0.7237237237237237,0.8618618618618619,0.9836734693877551,4,92
2605,consecutive_count,"{""min_consecutive"": 4, ""min_count"": 11, ""threshold"": 0.6}",0.6840579710144927,0.9928635147190009,0.6840579710144927,0.836213373403456,0.9833333333333333,8,218,0.7237237237237237,0.9930795847750865,0.7237237237237237,0.8618618618618619,0.9836734693877551,4,92
2606,consecutive_count,"{""min_consecutive"": 5, ""min_count"": 11, ""threshold"": 0.6}",0.6840579710144927,0.9928635147190009,0.6840579710144927,0.836213373403456,0.9833333333333333,8,218,0.7237237237237237,0.9930795847750865,0.7237237237237237,0.8618618618618619,0.9836734693877551,4,92
2607,consecutive_count,"{""min_consecutive"": 6, ""min_count"": 11, ""threshold"": 0.6}",0.6840579710144927,0.9928635147190009,0.6840579710144927,0.836213373403456,0.9833333333333333,8,218,0.7237237237237237,0.9930795847750865,0.7237237237237237,0.8618618618618619,0.9836734693877551,4,92
2608,consecutive_count,"{""min_consecutive"": 7, ""min_count"": 12, ""threshold"": 0.575}",0.6836734693877551,0.9902222222222222,0.6836734693877551,0.8369646882043577,0.9770833333333333,11,217,0.7130177514792899,0.9930191972076788,0.7130177514792899,0.8543543543543544,0.9836734693877551,4,97
2609,consecutive_count,"{""min_consecutive"": 6, ""min_count"": 10, ""threshold"": 0.625}",0.683599419448476,0.9919786096256684,0.683599419448476,0.836213373403456,0.98125,9,218,0.7250755287009063,0.9913793103448276,0.7250755287009063,0.8633633633633634,0.9795918367346939,5,91
2610,consecutive_count,"{""min_consecutive"": 6, ""min_count"": 7, ""threshold"": 0.7}",0.683599419448476,0.9919786096256684,0.683599419448476,0.836213373403456,0.98125,9,218,0.7215568862275449,0.9930675909878682,0.7215568862275449,0.8603603603603603,0.9836734693877551,4,93
2611,consecutive_ratio,"{""min_consecutive"": 6, ""min_ratio"": 0.15, ""threshold"": 0.7}",0.683599419448476,0.9919786096256684,0.683599419448476,0.836213373403456,0.98125,9,218,0.7215568862275449,0.9930675909878682,0.7215568862275449,0.8603603603603603,0.9836734693877551,4,93
2612,topk_mean,"{""threshold"": 0.375, ""top_k"": 4}",0.6833333333333333,0.8967391304347826,0.967551622418879,0.9917355371900827,0.6833333333333333,152,11,0.6775510204081633,0.893387314439946,0.9764705882352941,0.993993993993994,0.6775510204081633,79,4
2613,hysteresis,"{""high"": 0.825, ""low"": 0.775, ""min_consecutive"": 3}",0.6831395348837209,0.9910952804986642,0.6831395348837209,0.836213373403456,0.9791666666666666,10,218,0.7218934911242604,0.9982547993019197,0.7218934911242604,0.8588588588588588,0.9959183673469387,1,94
2614,hysteresis,"{""high"": 0.75, ""low"": 0.6, ""min_consecutive"": 9}",0.683068017366136,0.9928571428571429,0.683068017366136,0.8354620586025545,0.9833333333333333,8,219,0.7215568862275449,0.9930675909878682,0.7215568862275449,0.8603603603603603,0.9836734693877551,4,93
2615,consecutive_count,"{""min_consecutive"": 7, ""min_count"": 8, ""threshold"": 0.675}",0.6826086956521739,0.991971454058876,0.6826086956521739,0.8354620586025545,0.98125,9,219,0.7130177514792899,0.9930191972076788,0.7130177514792899,0.8543543543543544,0.9836734693877551,4,97
2616,consecutive,"{""min_consecutive"": 6, ""threshold"": 0.725}",0.6826086956521739,0.991971454058876,0.6826086956521739,0.8354620586025545,0.98125,9,219,0.7202380952380952,0.9947826086956522,0.7202380952380952,0.8588588588588588,0.9877551020408163,3,94
2617,consecutive_count,"{""min_consecutive"": 6, ""min_count"": 2, ""threshold"": 0.725}",0.6826086956521739,0.991971454058876,0.6826086956521739,0.8354620586025545,0.98125,9,219,0.7202380952380952,0.9947826086956522,0.7202380952380952,0.8588588588588588,0.9877551020408163,3,94
2618,consecutive_count,"{""min_consecutive"": 6, ""min_count"": 3, ""threshold"": 0.725}",0.6826086956521739,0.991971454058876,0.6826086956521739,0.8354620586025545,0.98125,9,219,0.7202380952380952,0.9947826086956522,0.7202380952380952,0.8588588588588588,0.9877551020408163,3,94
2619,consecutive_count,"{""min_consecutive"": 6, ""min_count"": 4, ""threshold"": 0.725}",0.6826086956521739,0.991971454058876,0.6826086956521739,0.8354620586025545,0.98125,9,219,0.7202380952380952,0.9947826086956522,0.7202380952380952,0.8588588588588588,0.9877551020408163,3,94
2620,consecutive_count,"{""min_consecutive"": 6, ""min_count"": 5, ""threshold"": 0.725}",0.6826086956521739,0.991971454058876,0.6826086956521739,0.8354620586025545,0.98125,9,219,0.7202380952380952,0.9947826086956522,0.7202380952380952,0.8588588588588588,0.9877551020408163,3,94
2621,consecutive_count,"{""min_consecutive"": 6, ""min_count"": 6, ""threshold"": 0.725}",0.6826086956521739,0.991971454058876,0.6826086956521739,0.8354620586025545,0.98125,9,219,0.7202380952380952,0.9947826086956522,0.7202380952380952,0.8588588588588588,0.9877551020408163,3,94
2622,consecutive_ratio,"{""min_consecutive"": 6, ""min_ratio"": 0.03, ""threshold"": 0.725}",0.6826086956521739,0.991971454058876,0.6826086956521739,0.8354620586025545,0.98125,9,219,0.7202380952380952,0.9947826086956522,0.7202380952380952,0.8588588588588588,0.9877551020408163,3,94
2623,consecutive_ratio,"{""min_consecutive"": 6, ""min_ratio"": 0.05, ""threshold"": 0.725}",0.6826086956521739,0.991971454058876,0.6826086956521739,0.8354620586025545,0.98125,9,219,0.7202380952380952,0.9947826086956522,0.7202380952380952,0.8588588588588588,0.9877551020408163,3,94
2624,consecutive_ratio,"{""min_consecutive"": 6, ""min_ratio"": 0.07, ""threshold"": 0.725}",0.6826086956521739,0.991971454058876,0.6826086956521739,0.8354620586025545,0.98125,9,219,0.7202380952380952,0.9947826086956522,0.7202380952380952,0.8588588588588588,0.9877551020408163,3,94
2625,consecutive_ratio,"{""min_consecutive"": 6, ""min_ratio"": 0.09, ""threshold"": 0.725}",0.6826086956521739,0.991971454058876,0.6826086956521739,0.8354620586025545,0.98125,9,219,0.7202380952380952,0.9947826086956522,0.7202380952380952,0.8588588588588588,0.9877551020408163,3,94
2626,consecutive_ratio,"{""min_consecutive"": 6, ""min_ratio"": 0.11, ""threshold"": 0.725}",0.6826086956521739,0.991971454058876,0.6826086956521739,0.8354620586025545,0.98125,9,219,0.7202380952380952,0.9947826086956522,0.7202380952380952,0.8588588588588588,0.9877551020408163,3,94
2627,consecutive_ratio,"{""min_consecutive"": 6, ""min_ratio"": 0.13, ""threshold"": 0.725}",0.6826086956521739,0.991971454058876,0.6826086956521739,0.8354620586025545,0.98125,9,219,0.7202380952380952,0.9947826086956522,0.7202380952380952,0.8588588588588588,0.9877551020408163,3,94
2628,hysteresis,"{""high"": 0.825, ""low"": 0.675, ""min_consecutive"": 4}",0.6822157434402333,0.9893333333333333,0.6822157434402333,0.836213373403456,0.975,12,218,0.7218934911242604,0.9982547993019197,0.7218934911242604,0.8588588588588588,0.9959183673469387,1,94
2629,hysteresis,"{""high"": 0.725, ""low"": 0.625, ""min_consecutive"": 9}",0.6821480406386067,0.9910873440285205,0.6821480406386067,0.8354620586025545,0.9791666666666666,10,219,0.7172619047619048,0.9930434782608696,0.7172619047619048,0.8573573573573574,0.9836734693877551,4,95
2630,consecutive_count,"{""min_consecutive"": 7, ""min_count"": 11, ""threshold"": 0.6}",0.6820809248554913,0.9928507596067918,0.6820809248554913,0.8347107438016529,0.9833333333333333,8,220,0.7237237237237237,0.9930795847750865,0.7237237237237237,0.8618618618618619,0.9836734693877551,4,92
2631,consecutive,"{""min_consecutive"": 9, ""threshold"": 0.65}",0.6820809248554913,0.9928507596067918,0.6820809248554913,0.8347107438016529,0.9833333333333333,8,220,0.7172619047619048,0.9930434782608696,0.7172619047619048,0.8573573573573574,0.9836734693877551,4,95
2632,hysteresis,"{""high"": 0.775, ""low"": 0.675, ""min_consecutive"": 7}",0.6820809248554913,0.9928507596067918,0.6820809248554913,0.8347107438016529,0.9833333333333333,8,220,0.7223880597014926,0.9947916666666666,0.7223880597014926,0.8603603603603603,0.9877551020408163,3,93
2633,consecutive_count,"{""min_consecutive"": 7, ""min_count"": 10, ""threshold"": 0.625}",0.6816208393632417,0.9919642857142857,0.6816208393632417,0.8347107438016529,0.98125,9,220,0.7228915662650602,0.9913644214162349,0.7228915662650602,0.8618618618618619,0.9795918367346939,5,92
2634,consecutive,"{""min_consecutive"": 7, ""threshold"": 0.7}",0.6816208393632417,0.9919642857142857,0.6816208393632417,0.8347107438016529,0.98125,9,220,0.7172619047619048,0.9930434782608696,0.7172619047619048,0.8573573573573574,0.9836734693877551,4,95
2635,consecutive_count,"{""min_consecutive"": 7, ""min_count"": 2, ""threshold"": 0.7}",0.6816208393632417,0.9919642857142857,0.6816208393632417,0.8347107438016529,0.98125,9,220,0.7172619047619048,0.9930434782608696,0.7172619047619048,0.8573573573573574,0.9836734693877551,4,95
2636,consecutive_count,"{""min_consecutive"": 7, ""min_count"": 3, ""threshold"": 0.7}",0.6816208393632417,0.9919642857142857,0.6816208393632417,0.8347107438016529,0.98125,9,220,0.7172619047619048,0.9930434782608696,0.7172619047619048,0.8573573573573574,0.9836734693877551,4,95
2637,consecutive_count,"{""min_consecutive"": 7, ""min_count"": 4, ""threshold"": 0.7}",0.6816208393632417,0.9919642857142857,0.6816208393632417,0.8347107438016529,0.98125,9,220,0.7172619047619048,0.9930434782608696,0.7172619047619048,0.8573573573573574,0.9836734693877551,4,95
2638,consecutive_count,"{""min_consecutive"": 7, ""min_count"": 5, ""threshold"": 0.7}",0.6816208393632417,0.9919642857142857,0.6816208393632417,0.8347107438016529,0.98125,9,220,0.7172619047619048,0.9930434782608696,0.7172619047619048,0.8573573573573574,0.9836734693877551,4,95
2639,consecutive_count,"{""min_consecutive"": 7, ""min_count"": 6, ""threshold"": 0.7}",0.6816208393632417,0.9919642857142857,0.6816208393632417,0.8347107438016529,0.98125,9,220,0.7172619047619048,0.9930434782608696,0.7172619047619048,0.8573573573573574,0.9836734693877551,4,95
2640,consecutive_count,"{""min_consecutive"": 7, ""min_count"": 7, ""threshold"": 0.7}",0.6816208393632417,0.9919642857142857,0.6816208393632417,0.8347107438016529,0.98125,9,220,0.7172619047619048,0.9930434782608696,0.7172619047619048,0.8573573573573574,0.9836734693877551,4,95
2641,consecutive_ratio,"{""min_consecutive"": 7, ""min_ratio"": 0.03, ""threshold"": 0.7}",0.6816208393632417,0.9919642857142857,0.6816208393632417,0.8347107438016529,0.98125,9,220,0.7172619047619048,0.9930434782608696,0.7172619047619048,0.8573573573573574,0.9836734693877551,4,95
2642,consecutive_ratio,"{""min_consecutive"": 7, ""min_ratio"": 0.05, ""threshold"": 0.7}",0.6816208393632417,0.9919642857142857,0.6816208393632417,0.8347107438016529,0.98125,9,220,0.7172619047619048,0.9930434782608696,0.7172619047619048,0.8573573573573574,0.9836734693877551,4,95
2643,consecutive_ratio,"{""min_consecutive"": 7, ""min_ratio"": 0.07, ""threshold"": 0.7}",0.6816208393632417,0.9919642857142857,0.6816208393632417,0.8347107438016529,0.98125,9,220,0.7172619047619048,0.9930434782608696,0.7172619047619048,0.8573573573573574,0.9836734693877551,4,95
2644,consecutive_ratio,"{""min_consecutive"": 7, ""min_ratio"": 0.09, ""threshold"": 0.7}",0.6816208393632417,0.9919642857142857,0.6816208393632417,0.8347107438016529,0.98125,9,220,0.7172619047619048,0.9930434782608696,0.7172619047619048,0.8573573573573574,0.9836734693877551,4,95
2645,consecutive_ratio,"{""min_consecutive"": 7, ""min_ratio"": 0.11, ""threshold"": 0.7}",0.6816208393632417,0.9919642857142857,0.6816208393632417,0.8347107438016529,0.98125,9,220,0.7172619047619048,0.9930434782608696,0.7172619047619048,0.8573573573573574,0.9836734693877551,4,95
2646,consecutive_ratio,"{""min_consecutive"": 7, ""min_ratio"": 0.13, ""threshold"": 0.7}",0.6816208393632417,0.9919642857142857,0.6816208393632417,0.8347107438016529,0.98125,9,220,0.7172619047619048,0.9930434782608696,0.7172619047619048,0.8573573573573574,0.9836734693877551,4,95
2647,consecutive_ratio,"{""min_consecutive"": 7, ""min_ratio"": 0.15, ""threshold"": 0.7}",0.6816208393632417,0.9919642857142857,0.6816208393632417,0.8347107438016529,0.98125,9,220,0.7172619047619048,0.9930434782608696,0.7172619047619048,0.8573573573573574,0.9836734693877551,4,95
2648,consecutive,"{""min_consecutive"": 5, ""threshold"": 0.75}",0.6816208393632417,0.9919642857142857,0.6816208393632417,0.8347107438016529,0.98125,9,220,0.7181008902077152,0.9947735191637631,0.7181008902077152,0.8573573573573574,0.9877551020408163,3,95
2649,consecutive_count,"{""min_consecutive"": 5, ""min_count"": 2, ""threshold"": 0.75}",0.6816208393632417,0.9919642857142857,0.6816208393632417,0.8347107438016529,0.98125,9,220,0.7181008902077152,0.9947735191637631,0.7181008902077152,0.8573573573573574,0.9877551020408163,3,95
2650,consecutive_count,"{""min_consecutive"": 5, ""min_count"": 3, ""threshold"": 0.75}",0.6816208393632417,0.9919642857142857,0.6816208393632417,0.8347107438016529,0.98125,9,220,0.7181008902077152,0.9947735191637631,0.7181008902077152,0.8573573573573574,0.9877551020408163,3,95
2651,consecutive_count,"{""min_consecutive"": 5, ""min_count"": 4, ""threshold"": 0.75}",0.6816208393632417,0.9919642857142857,0.6816208393632417,0.8347107438016529,0.98125,9,220,0.7181008902077152,0.9947735191637631,0.7181008902077152,0.8573573573573574,0.9877551020408163,3,95
2652,consecutive_count,"{""min_consecutive"": 5, ""min_count"": 5, ""threshold"": 0.75}",0.6816208393632417,0.9919642857142857,0.6816208393632417,0.8347107438016529,0.98125,9,220,0.7181008902077152,0.9947735191637631,0.7181008902077152,0.8573573573573574,0.9877551020408163,3,95
2653,consecutive_ratio,"{""min_consecutive"": 5, ""min_ratio"": 0.03, ""threshold"": 0.75}",0.6816208393632417,0.9919642857142857,0.6816208393632417,0.8347107438016529,0.98125,9,220,0.7181008902077152,0.9947735191637631,0.7181008902077152,0.8573573573573574,0.9877551020408163,3,95
2654,consecutive_ratio,"{""min_consecutive"": 5, ""min_ratio"": 0.05, ""threshold"": 0.75}",0.6816208393632417,0.9919642857142857,0.6816208393632417,0.8347107438016529,0.98125,9,220,0.7181008902077152,0.9947735191637631,0.7181008902077152,0.8573573573573574,0.9877551020408163,3,95
2655,consecutive_ratio,"{""min_consecutive"": 5, ""min_ratio"": 0.07, ""threshold"": 0.75}",0.6816208393632417,0.9919642857142857,0.6816208393632417,0.8347107438016529,0.98125,9,220,0.7181008902077152,0.9947735191637631,0.7181008902077152,0.8573573573573574,0.9877551020408163,3,95
2656,consecutive_ratio,"{""min_consecutive"": 5, ""min_ratio"": 0.09, ""threshold"": 0.75}",0.6816208393632417,0.9919642857142857,0.6816208393632417,0.8347107438016529,0.98125,9,220,0.7181008902077152,0.9947735191637631,0.7181008902077152,0.8573573573573574,0.9877551020408163,3,95
2657,consecutive_ratio,"{""min_consecutive"": 5, ""min_ratio"": 0.11, ""threshold"": 0.75}",0.6816208393632417,0.9919642857142857,0.6816208393632417,0.8347107438016529,0.98125,9,220,0.7181008902077152,0.9947735191637631,0.7181008902077152,0.8573573573573574,0.9877551020408163,3,95
2658,consecutive,"{""min_consecutive"": 3, ""threshold"": 0.35}",0.68125,0.8960597826086957,0.9646017699115044,0.990984222389181,0.68125,153,12,0.6285714285714286,0.8789893617021277,0.9685534591194969,0.9924924924924925,0.6285714285714286,91,5
2659,consecutive_count,"{""min_consecutive"": 3, ""min_count"": 2, ""threshold"": 0.35}",0.68125,0.8960597826086957,0.9646017699115044,0.990984222389181,0.68125,153,12,0.6285714285714286,0.8789893617021277,0.9685534591194969,0.9924924924924925,0.6285714285714286,91,5
2660,consecutive_count,"{""min_consecutive"": 3, ""min_count"": 3, ""threshold"": 0.35}",0.68125,0.8960597826086957,0.9646017699115044,0.990984222389181,0.68125,153,12,0.6285714285714286,0.8789893617021277,0.9685534591194969,0.9924924924924925,0.6285714285714286,91,5
2661,consecutive_ratio,"{""min_consecutive"": 3, ""min_ratio"": 0.03, ""threshold"": 0.35}",0.68125,0.8960597826086957,0.9646017699115044,0.990984222389181,0.68125,153,12,0.6285714285714286,0.8789893617021277,0.9685534591194969,0.9924924924924925,0.6285714285714286,91,5
2662,consecutive_ratio,"{""min_consecutive"": 3, ""min_ratio"": 0.05, ""threshold"": 0.35}",0.68125,0.8960597826086957,0.9646017699115044,0.990984222389181,0.68125,153,12,0.6285714285714286,0.8789893617021277,0.9685534591194969,0.9924924924924925,0.6285714285714286,91,5
2663,consecutive_ratio,"{""min_consecutive"": 3, ""min_ratio"": 0.07, ""threshold"": 0.35}",0.68125,0.8960597826086957,0.9646017699115044,0.990984222389181,0.68125,153,12,0.6285714285714286,0.8789893617021277,0.9685534591194969,0.9924924924924925,0.6285714285714286,91,5
2664,hysteresis,"{""high"": 0.8, ""low"": 0.65, ""min_consecutive"": 6}",0.6811594202898551,0.9910793933987511,0.6811594202898551,0.8347107438016529,0.9791666666666666,10,220,0.7232142857142857,0.9965217391304347,0.7232142857142857,0.8603603603603603,0.9918367346938776,2,93
2665,hysteresis,"{""high"": 0.75, ""low"": 0.7, ""min_consecutive"": 7}",0.6810966810966811,0.9928443649373881,0.6810966810966811,0.8339594290007513,0.9833333333333333,8,221,0.7172619047619048,0.9930434782608696,0.7172619047619048,0.8573573573573574,0.9836734693877551,4,95
2666,hysteresis,"{""high"": 0.8, ""low"": 0.75, ""min_consecutive"": 4}",0.6806966618287373,0.9901960784313726,0.6806966618287373,0.8347107438016529,0.9770833333333333,11,220,0.7189349112426036,0.9965095986038395,0.7189349112426036,0.8573573573573574,0.9918367346938776,2,95
2667,consecutive,"{""min_consecutive"": 8, ""threshold"": 0.675}",0.680635838150289,0.9919571045576407,0.680635838150289,0.8339594290007513,0.98125,9,221,0.7109144542772862,0.993006993006993,0.7109144542772862,0.8528528528528528,0.9836734693877551,4,98
2668,hysteresis,"{""high"": 0.8, ""low"": 0.6, ""min_consecutive"": 6}",0.6802919708029197,0.9875666074600356,0.6802919708029197,0.8354620586025545,0.9708333333333333,14,219,0.7275449101796407,0.9965337954939342,0.7275449101796407,0.8633633633633634,0.9918367346938776,2,91
2669,hysteresis,"{""high"": 0.825, ""low"": 0.625, ""min_consecutive"": 5}",0.6802325581395349,0.9893143365983972,0.6802325581395349,0.8347107438016529,0.975,12,220,0.7218934911242604,0.9982547993019197,0.7218934911242604,0.8588588588588588,0.9959183673469387,1,94
2670,hysteresis,"{""high"": 0.7, ""low"": 0.65, ""min_consecutive"": 9}",0.6801152737752162,0.9928379588182632,0.6801152737752162,0.8332081141998497,0.9833333333333333,8,222,0.7151335311572701,0.9930313588850174,0.7151335311572701,0.8558558558558559,0.9836734693877551,4,96
2671,hysteresis,"{""high"": 0.775, ""low"": 0.625, ""min_consecutive"": 8}",0.6791907514450867,0.9910634495084897,0.6791907514450867,0.8332081141998497,0.9791666666666666,10,222,0.7181008902077152,0.9947735191637631,0.7181008902077152,0.8573573573573574,0.9877551020408163,3,95
2672,hysteresis,"{""high"": 0.725, ""low"": 0.675, ""min_consecutive"": 8}",0.6786743515850144,0.9919427036705462,0.6786743515850144,0.8324567993989481,0.98125,9,223,0.7109144542772862,0.993006993006993,0.7109144542772862,0.8528528528528528,0.9836734693877551,4,98
2673,hysteresis,"{""high"": 0.775, ""low"": 0.575, ""min_consecutive"": 9}",0.6786743515850144,0.9919427036705462,0.6786743515850144,0.8324567993989481,0.98125,9,223,0.7202380952380952,0.9947826086956522,0.7202380952380952,0.8588588588588588,0.9877551020408163,3,94
2674,hysteresis,"{""high"": 0.85, ""low"": 0.75, ""min_consecutive"": 2}",0.6768115942028986,0.9884032114183765,0.6768115942028986,0.8324567993989481,0.9729166666666667,13,223,0.7113702623906706,0.9982394366197183,0.7113702623906706,0.8513513513513513,0.9959183673469387,1,99
2675,hysteresis,"{""high"": 0.85, ""low"": 0.7, ""min_consecutive"": 2}",0.6768115942028986,0.9884032114183765,0.6768115942028986,0.8324567993989481,0.9729166666666667,13,223,0.7113702623906706,0.9982394366197183,0.7113702623906706,0.8513513513513513,0.9959183673469387,1,99
2676,hysteresis,"{""high"": 0.85, ""low"": 0.65, ""min_consecutive"": 2}",0.6768115942028986,0.9884032114183765,0.6768115942028986,0.8324567993989481,0.9729166666666667,13,223,0.7113702623906706,0.9982394366197183,0.7113702623906706,0.8513513513513513,0.9959183673469387,1,99
2677,hysteresis,"{""high"": 0.775, ""low"": 0.725, ""min_consecutive"": 6}",0.6767241379310345,0.9919282511210762,0.6767241379310345,0.830954169797145,0.98125,9,225,0.7181008902077152,0.9947735191637631,0.7181008902077152,0.8573573573573574,0.9877551020408163,3,95
2678,hysteresis,"{""high"": 0.825, ""low"": 0.725, ""min_consecutive"": 4}",0.6763005780346821,0.9892761394101877,0.6763005780346821,0.8317054845980466,0.975,12,224,0.7197640117994101,0.9982517482517482,0.7197640117994101,0.8573573573573574,0.9959183673469387,1,95
2679,hysteresis,"{""high"": 0.8, ""low"": 0.6, ""min_consecutive"": 7}",0.6762589928057554,0.9910394265232975,0.6762589928057554,0.830954169797145,0.9791666666666666,10,225,0.7210682492581603,0.9965156794425087,0.7210682492581603,0.8588588588588588,0.9918367346938776,2,94
2680,consecutive_count,"{""min_consecutive"": 1, ""min_count"": 8, ""threshold"": 0.7}",0.6762177650429799,0.9928122192273136,0.6762177650429799,0.8302028549962435,0.9833333333333333,8,226,0.7096774193548387,0.9947368421052631,0.7096774193548387,0.8513513513513513,0.9877551020408163,3,99
2681,consecutive_count,"{""min_consecutive"": 2, ""min_count"": 8, ""threshold"": 0.7}",0.6762177650429799,0.9928122192273136,0.6762177650429799,0.8302028549962435,0.9833333333333333,8,226,0.7096774193548387,0.9947368421052631,0.7096774193548387,0.8513513513513513,0.9877551020408163,3,99
2682,consecutive_count,"{""min_consecutive"": 3, ""min_count"": 8, ""threshold"": 0.7}",0.6762177650429799,0.9928122192273136,0.6762177650429799,0.8302028549962435,0.9833333333333333,8,226,0.7096774193548387,0.9947368421052631,0.7096774193548387,0.8513513513513513,0.9877551020408163,3,99
2683,consecutive_count,"{""min_consecutive"": 4, ""min_count"": 8, ""threshold"": 0.7}",0.6762177650429799,0.9928122192273136,0.6762177650429799,0.8302028549962435,0.9833333333333333,8,226,0.7096774193548387,0.9947368421052631,0.7096774193548387,0.8513513513513513,0.9877551020408163,3,99
2684,consecutive_count,"{""min_consecutive"": 1, ""min_count"": 7, ""threshold"": 0.725}",0.6762177650429799,0.9928122192273136,0.6762177650429799,0.8302028549962435,0.9833333333333333,8,226,0.7159763313609467,0.9947643979057592,0.7159763313609467,0.8558558558558559,0.9877551020408163,3,96
2685,consecutive_ratio,"{""min_consecutive"": 1, ""min_ratio"": 0.15, ""threshold"": 0.725}",0.6762177650429799,0.9928122192273136,0.6762177650429799,0.8302028549962435,0.9833333333333333,8,226,0.7159763313609467,0.9947643979057592,0.7159763313609467,0.8558558558558559,0.9877551020408163,3,96
2686,consecutive_count,"{""min_consecutive"": 2, ""min_count"": 7, ""threshold"": 0.725}",0.6762177650429799,0.9928122192273136,0.6762177650429799,0.8302028549962435,0.9833333333333333,8,226,0.7159763313609467,0.9947643979057592,0.7159763313609467,0.8558558558558559,0.9877551020408163,3,96
2687,consecutive_ratio,"{""min_consecutive"": 2, ""min_ratio"": 0.15, ""threshold"": 0.725}",0.6762177650429799,0.9928122192273136,0.6762177650429799,0.8302028549962435,0.9833333333333333,8,226,0.7159763313609467,0.9947643979057592,0.7159763313609467,0.8558558558558559,0.9877551020408163,3,96
2688,consecutive_count,"{""min_consecutive"": 3, ""min_count"": 7, ""threshold"": 0.725}",0.6762177650429799,0.9928122192273136,0.6762177650429799,0.8302028549962435,0.9833333333333333,8,226,0.7159763313609467,0.9947643979057592,0.7159763313609467,0.8558558558558559,0.9877551020408163,3,96
2689,consecutive_ratio,"{""min_consecutive"": 3, ""min_ratio"": 0.15, ""threshold"": 0.725}",0.6762177650429799,0.9928122192273136,0.6762177650429799,0.8302028549962435,0.9833333333333333,8,226,0.7159763313609467,0.9947643979057592,0.7159763313609467,0.8558558558558559,0.9877551020408163,3,96
2690,consecutive_count,"{""min_consecutive"": 4, ""min_count"": 7, ""threshold"": 0.725}",0.6762177650429799,0.9928122192273136,0.6762177650429799,0.8302028549962435,0.9833333333333333,8,226,0.7159763313609467,0.9947643979057592,0.7159763313609467,0.8558558558558559,0.9877551020408163,3,96
2691,consecutive_ratio,"{""min_consecutive"": 4, ""min_ratio"": 0.15, ""threshold"": 0.725}",0.6762177650429799,0.9928122192273136,0.6762177650429799,0.8302028549962435,0.9833333333333333,8,226,0.7159763313609467,0.9947643979057592,0.7159763313609467,0.8558558558558559,0.9877551020408163,3,96
2692,hysteresis,"{""high"": 0.85, ""low"": 0.8, ""min_consecutive"": 2}",0.6758321273516642,0.9883928571428572,0.6758321273516642,0.8317054845980466,0.9729166666666667,13,224,0.7093023255813954,0.9982363315696648,0.7093023255813954,0.8498498498498499,0.9959183673469387,1,100
2693,hysteresis,"{""high"": 0.85, ""low"": 0.65, ""min_consecutive"": 3}",0.6758321273516642,0.9883928571428572,0.6758321273516642,0.8317054845980466,0.9729166666666667,13,224,0.7093023255813954,0.9982363315696648,0.7093023255813954,0.8498498498498499,0.9959183673469387,1,100
2694,consecutive_count,"{""min_consecutive"": 5, ""min_count"": 8, ""threshold"": 0.7}",0.6752503576537912,0.9928057553956835,0.6752503576537912,0.8294515401953418,0.9833333333333333,8,227,0.7096774193548387,0.9947368421052631,0.7096774193548387,0.8513513513513513,0.9877551020408163,3,99
2695,consecutive_count,"{""min_consecutive"": 1, ""min_count"": 6, ""threshold"": 0.75}",0.6747851002865329,0.9919137466307277,0.6747851002865329,0.8294515401953418,0.98125,9,227,0.7181008902077152,0.9947735191637631,0.7181008902077152,0.8573573573573574,0.9877551020408163,3,95
2696,consecutive_ratio,"{""min_consecutive"": 1, ""min_ratio"": 0.13, ""threshold"": 0.75}",0.6747851002865329,0.9919137466307277,0.6747851002865329,0.8294515401953418,0.98125,9,227,0.7181008902077152,0.9947735191637631,0.7181008902077152,0.8573573573573574,0.9877551020408163,3,95
2697,consecutive_count,"{""min_consecutive"": 2, ""min_count"": 6, ""threshold"": 0.75}",0.6747851002865329,0.9919137466307277,0.6747851002865329,0.8294515401953418,0.98125,9,227,0.7181008902077152,0.9947735191637631,0.7181008902077152,0.8573573573573574,0.9877551020408163,3,95
2698,consecutive_ratio,"{""min_consecutive"": 2, ""min_ratio"": 0.13, ""threshold"": 0.75}",0.6747851002865329,0.9919137466307277,0.6747851002865329,0.8294515401953418,0.98125,9,227,0.7181008902077152,0.9947735191637631,0.7181008902077152,0.8573573573573574,0.9877551020408163,3,95
2699,consecutive_count,"{""min_consecutive"": 3, ""min_count"": 6, ""threshold"": 0.75}",0.6747851002865329,0.9919137466307277,0.6747851002865329,0.8294515401953418,0.98125,9,227,0.7181008902077152,0.9947735191637631,0.7181008902077152,0.8573573573573574,0.9877551020408163,3,95
2700,consecutive_ratio,"{""min_consecutive"": 3, ""min_ratio"": 0.13, ""threshold"": 0.75}",0.6747851002865329,0.9919137466307277,0.6747851002865329,0.8294515401953418,0.98125,9,227,0.7181008902077152,0.9947735191637631,0.7181008902077152,0.8573573573573574,0.9877551020408163,3,95
2701,hysteresis,"{""high"": 0.8, ""low"": 0.7, ""min_consecutive"": 6}",0.6747851002865329,0.9919137466307277,0.6747851002865329,0.8294515401953418,0.98125,9,227,0.7189349112426036,0.9965095986038395,0.7189349112426036,0.8573573573573574,0.9918367346938776,2,95
2702,hysteresis,"{""high"": 0.8, ""low"": 0.65, ""min_consecutive"": 7}",0.6742857142857143,0.9927992799279928,0.6742857142857143,0.8287002253944402,0.9833333333333333,8,228,0.7126099706744868,0.9964912280701754,0.7126099706744868,0.8528528528528528,0.9918367346938776,2,98
2703,hysteresis,"{""high"": 0.85, ""low"": 0.7, ""min_consecutive"": 3}",0.6738816738816739,0.9883720930232558,0.6738816738816739,0.8302028549962435,0.9729166666666667,13,226,0.7093023255813954,0.9982363315696648,0.7093023255813954,0.8498498498498499,0.9959183673469387,1,100
2704,consecutive_count,"{""min_consecutive"": 4, ""min_count"": 6, ""threshold"": 0.75}",0.6738197424892703,0.9919064748201439,0.6738197424892703,0.8287002253944402,0.98125,9,228,0.7159763313609467,0.9947643979057592,0.7159763313609467,0.8558558558558559,0.9877551020408163,3,96
2705,consecutive_ratio,"{""min_consecutive"": 4, ""min_ratio"": 0.13, ""threshold"": 0.75}",0.6738197424892703,0.9919064748201439,0.6738197424892703,0.8287002253944402,0.98125,9,228,0.7159763313609467,0.9947643979057592,0.7159763313609467,0.8558558558558559,0.9877551020408163,3,96
2706,consecutive_count,"{""min_consecutive"": 1, ""min_count"": 10, ""threshold"": 0.65}",0.6737891737891738,0.9936880072137061,0.6737891737891738,0.8279489105935387,0.9854166666666667,7,229,0.7130177514792899,0.9930191972076788,0.7130177514792899,0.8543543543543544,0.9836734693877551,4,97
2707,consecutive_count,"{""min_consecutive"": 2, ""min_count"": 10, ""threshold"": 0.65}",0.6737891737891738,0.9936880072137061,0.6737891737891738,0.8279489105935387,0.9854166666666667,7,229,0.7130177514792899,0.9930191972076788,0.7130177514792899,0.8543543543543544,0.9836734693877551,4,97
2708,consecutive_count,"{""min_consecutive"": 3, ""min_count"": 10, ""threshold"": 0.65}",0.6737891737891738,0.9936880072137061,0.6737891737891738,0.8279489105935387,0.9854166666666667,7,229,0.7130177514792899,0.9930191972076788,0.7130177514792899,0.8543543543543544,0.9836734693877551,4,97
2709,consecutive_count,"{""min_consecutive"": 4, ""min_count"": 10, ""threshold"": 0.65}",0.6737891737891738,0.9936880072137061,0.6737891737891738,0.8279489105935387,0.9854166666666667,7,229,0.7130177514792899,0.9930191972076788,0.7130177514792899,0.8543543543543544,0.9836734693877551,4,97
2710,consecutive_count,"{""min_consecutive"": 5, ""min_count"": 10, ""threshold"": 0.65}",0.6737891737891738,0.9936880072137061,0.6737891737891738,0.8279489105935387,0.9854166666666667,7,229,0.7130177514792899,0.9930191972076788,0.7130177514792899,0.8543543543543544,0.9836734693877551,4,97
2711,consecutive_count,"{""min_consecutive"": 1, ""min_count"": 9, ""threshold"": 0.675}",0.6737891737891738,0.9936880072137061,0.6737891737891738,0.8279489105935387,0.9854166666666667,7,229,0.7138643067846607,0.9947552447552448,0.7138643067846607,0.8543543543543544,0.9877551020408163,3,97
2712,consecutive_ratio,"{""min_consecutive"": 1, ""min_ratio"": 0.2, ""threshold"": 0.675}",0.6737891737891738,0.9936880072137061,0.6737891737891738,0.8279489105935387,0.9854166666666667,7,229,0.7138643067846607,0.9947552447552448,0.7138643067846607,0.8543543543543544,0.9877551020408163,3,97
2713,consecutive_count,"{""min_consecutive"": 2, ""min_count"": 9, ""threshold"": 0.675}",0.6737891737891738,0.9936880072137061,0.6737891737891738,0.8279489105935387,0.9854166666666667,7,229,0.7138643067846607,0.9947552447552448,0.7138643067846607,0.8543543543543544,0.9877551020408163,3,97
2714,consecutive_ratio,"{""min_consecutive"": 2, ""min_ratio"": 0.2, ""threshold"": 0.675}",0.6737891737891738,0.9936880072137061,0.6737891737891738,0.8279489105935387,0.9854166666666667,7,229,0.7138643067846607,0.9947552447552448,0.7138643067846607,0.8543543543543544,0.9877551020408163,3,97
2715,consecutive_count,"{""min_consecutive"": 3, ""min_count"": 9, ""threshold"": 0.675}",0.6737891737891738,0.9936880072137061,0.6737891737891738,0.8279489105935387,0.9854166666666667,7,229,0.7138643067846607,0.9947552447552448,0.7138643067846607,0.8543543543543544,0.9877551020408163,3,97
2716,consecutive_ratio,"{""min_consecutive"": 3, ""min_ratio"": 0.2, ""threshold"": 0.675}",0.6737891737891738,0.9936880072137061,0.6737891737891738,0.8279489105935387,0.9854166666666667,7,229,0.7138643067846607,0.9947552447552448,0.7138643067846607,0.8543543543543544,0.9877551020408163,3,97
2717,consecutive_count,"{""min_consecutive"": 4, ""min_count"": 9, ""threshold"": 0.675}",0.6737891737891738,0.9936880072137061,0.6737891737891738,0.8279489105935387,0.9854166666666667,7,229,0.7138643067846607,0.9947552447552448,0.7138643067846607,0.8543543543543544,0.9877551020408163,3,97
2718,consecutive_ratio,"{""min_consecutive"": 4, ""min_ratio"": 0.2, ""threshold"": 0.675}",0.6737891737891738,0.9936880072137061,0.6737891737891738,0.8279489105935387,0.9854166666666667,7,229,0.7138643067846607,0.9947552447552448,0.7138643067846607,0.8543543543543544,0.9877551020408163,3,97
2719,consecutive_count,"{""min_consecutive"": 5, ""min_count"": 7, ""threshold"": 0.725}",0.6733238231098431,0.9927927927927928,0.6733238231098431,0.8279489105935387,0.9833333333333333,8,229,0.7159763313609467,0.9947643979057592,0.7159763313609467,0.8558558558558559,0.9877551020408163,3,96
2720,consecutive_ratio,"{""min_consecutive"": 5, ""min_ratio"": 0.15, ""threshold"": 0.725}",0.6733238231098431,0.9927927927927928,0.6733238231098431,0.8279489105935387,0.9833333333333333,8,229,0.7159763313609467,0.9947643979057592,0.7159763313609467,0.8558558558558559,0.9877551020408163,3,96
2721,hysteresis,"{""high"": 0.825, ""low"": 0.675, ""min_consecutive"": 5}",0.672883787661406,0.9901256732495511,0.672883787661406,0.8287002253944402,0.9770833333333333,11,228,0.7176470588235294,0.9982486865148862,0.7176470588235294,0.8558558558558559,0.9959183673469387,1,96
2722,hysteresis,"{""high"": 0.8, ""low"": 0.75, ""min_consecutive"": 5}",0.6728571428571428,0.991899189918992,0.6728571428571428,0.8279489105935387,0.98125,9,229,0.7126099706744868,0.9964912280701754,0.7126099706744868,0.8528528528528528,0.9918367346938776,2,98
2723,consecutive_count,"{""min_consecutive"": 6, ""min_count"": 10, ""threshold"": 0.65}",0.6728307254623044,0.9936823104693141,0.6728307254623044,0.8271975957926371,0.9854166666666667,7,230,0.7109144542772862,0.993006993006993,0.7109144542772862,0.8528528528528528,0.9836734693877551,4,98
2724,consecutive_count,"{""min_consecutive"": 7, ""min_count"": 10, ""threshold"": 0.65}",0.6728307254623044,0.9936823104693141,0.6728307254623044,0.8271975957926371,0.9854166666666667,7,230,0.7088235294117647,0.9929947460595446,0.7088235294117647,0.8513513513513513,0.9836734693877551,4,99
2725,consecutive_count,"{""min_consecutive"": 5, ""min_count"": 9, ""threshold"": 0.675}",0.6728307254623044,0.9936823104693141,0.6728307254623044,0.8271975957926371,0.9854166666666667,7,230,0.7138643067846607,0.9947552447552448,0.7138643067846607,0.8543543543543544,0.9877551020408163,3,97
2726,consecutive_ratio,"{""min_consecutive"": 5, ""min_ratio"": 0.2, ""threshold"": 0.675}",0.6728307254623044,0.9936823104693141,0.6728307254623044,0.8271975957926371,0.9854166666666667,7,230,0.7138643067846607,0.9947552447552448,0.7138643067846607,0.8543543543543544,0.9877551020408163,3,97
2727,hysteresis,"{""high"": 0.75, ""low"": 0.65, ""min_consecutive"": 9}",0.6728307254623044,0.9936823104693141,0.6728307254623044,0.8271975957926371,0.9854166666666667,7,230,0.7109144542772862,0.993006993006993,0.7109144542772862,0.8528528528528528,0.9836734693877551,4,98
2728,consecutive_count,"{""min_consecutive"": 6, ""min_count"": 8, ""threshold"": 0.7}",0.6723646723646723,0.9927862939585211,0.6723646723646723,0.8271975957926371,0.9833333333333333,8,230,0.7096774193548387,0.9947368421052631,0.7096774193548387,0.8513513513513513,0.9877551020408163,3,99
2729,hysteresis,"{""high"": 0.8, ""low"": 0.6, ""min_consecutive"": 8}",0.6718972895863052,0.9918918918918919,0.6718972895863052,0.8271975957926371,0.98125,9,230,0.7168141592920354,0.9965034965034965,0.7168141592920354,0.8558558558558559,0.9918367346938776,2,96
2730,consecutive_count,"{""min_consecutive"": 6, ""min_count"": 9, ""threshold"": 0.675}",0.671875,0.993676603432701,0.671875,0.8264462809917356,0.9854166666666667,7,231,0.7096774193548387,0.9947368421052631,0.7096774193548387,0.8513513513513513,0.9877551020408163,3,99
2731,consecutive_ratio,"{""min_consecutive"": 6, ""min_ratio"": 0.2, ""threshold"": 0.675}",0.671875,0.993676603432701,0.671875,0.8264462809917356,0.9854166666666667,7,231,0.7096774193548387,0.9947368421052631,0.7096774193548387,0.8513513513513513,0.9877551020408163,3,99
2732,consecutive_count,"{""min_consecutive"": 7, ""min_count"": 9, ""threshold"": 0.675}",0.671875,0.993676603432701,0.671875,0.8264462809917356,0.9854166666666667,7,231,0.7076023391812866,0.9947275922671354,0.7076023391812866,0.8498498498498499,0.9877551020408163,3,100
2733,consecutive_ratio,"{""min_consecutive"": 7, ""min_ratio"": 0.2, ""threshold"": 0.675}",0.671875,0.993676603432701,0.671875,0.8264462809917356,0.9854166666666667,7,231,0.7076023391812866,0.9947275922671354,0.7076023391812866,0.8498498498498499,0.9877551020408163,3,100
2734,hysteresis,"{""high"": 0.85, ""low"": 0.75, ""min_consecutive"": 3}",0.6714490674318508,0.9892280071813285,0.6714490674318508,0.8279489105935387,0.975,12,229,0.7093023255813954,0.9982363315696648,0.7093023255813954,0.8498498498498499,0.9959183673469387,1,100
2735,consecutive_count,"{""min_consecutive"": 6, ""min_count"": 7, ""threshold"": 0.725}",0.6714082503556188,0.9927797833935018,0.6714082503556188,0.8264462809917356,0.9833333333333333,8,231,0.7138643067846607,0.9947552447552448,0.7138643067846607,0.8543543543543544,0.9877551020408163,3,97
2736,consecutive_ratio,"{""min_consecutive"": 6, ""min_ratio"": 0.15, ""threshold"": 0.725}",0.6714082503556188,0.9927797833935018,0.6714082503556188,0.8264462809917356,0.9833333333333333,8,231,0.7138643067846607,0.9947552447552448,0.7138643067846607,0.8543543543543544,0.9877551020408163,3,97
2737,consecutive_count,"{""min_consecutive"": 5, ""min_count"": 6, ""threshold"": 0.75}",0.6709401709401709,0.9918845807033363,0.6709401709401709,0.8264462809917356,0.98125,9,231,0.7159763313609467,0.9947643979057592,0.7159763313609467,0.8558558558558559,0.9877551020408163,3,96
2738,consecutive_ratio,"{""min_consecutive"": 5, ""min_ratio"": 0.13, ""threshold"": 0.75}",0.6709401709401709,0.9918845807033363,0.6709401709401709,0.8264462809917356,0.98125,9,231,0.7159763313609467,0.9947643979057592,0.7159763313609467,0.8558558558558559,0.9877551020408163,3,96
2739,consecutive,"{""min_consecutive"": 2, ""threshold"": 0.375}",0.6708333333333333,0.8931710615280595,0.9698795180722891,0.9924868519909842,0.6708333333333333,158,10,0.6530612244897959,0.8862115127175368,0.975609756097561,0.993993993993994,0.6530612244897959,85,4
2740,consecutive_count,"{""min_consecutive"": 2, ""min_count"": 2, ""threshold"": 0.375}",0.6708333333333333,0.8931710615280595,0.9698795180722891,0.9924868519909842,0.6708333333333333,158,10,0.6530612244897959,0.8862115127175368,0.975609756097561,0.993993993993994,0.6530612244897959,85,4
2741,consecutive_ratio,"{""min_consecutive"": 2, ""min_ratio"": 0.03, ""threshold"": 0.375}",0.6708333333333333,0.8931710615280595,0.9698795180722891,0.9924868519909842,0.6708333333333333,158,10,0.6530612244897959,0.8862115127175368,0.975609756097561,0.993993993993994,0.6530612244897959,85,4
2742,consecutive_count,"{""min_consecutive"": 7, ""min_count"": 8, ""threshold"": 0.7}",0.6704545454545454,0.992773261065944,0.6704545454545454,0.8256949661908339,0.9833333333333333,8,232,0.7076023391812866,0.9947275922671354,0.7076023391812866,0.8498498498498499,0.9877551020408163,3,100
2743,hysteresis,"{""high"": 0.775, ""low"": 0.675, ""min_consecutive"": 8}",0.6704545454545454,0.992773261065944,0.6704545454545454,0.8256949661908339,0.9833333333333333,8,232,0.7096774193548387,0.9947368421052631,0.7096774193548387,0.8513513513513513,0.9877551020408163,3,99
2744,hysteresis,"{""high"": 0.85, ""low"": 0.65, ""min_consecutive"": 4}",0.67,0.9900990099009901,0.67,0.8264462809917356,0.9770833333333333,11,231,0.7052023121387283,0.9982300884955753,0.7052023121387283,0.8468468468468469,0.9959183673469387,1,102
2745,hysteresis,"{""high"": 0.825, ""low"": 0.725, ""min_consecutive"": 5}",0.6695156695156695,0.9909828674481514,0.6695156695156695,0.8256949661908339,0.9791666666666666,10,232,0.7113702623906706,0.9982394366197183,0.7113702623906706,0.8513513513513513,0.9959183673469387,1,99
2746,hysteresis,"{""high"": 0.775, ""low"": 0.625, ""min_consecutive"": 9}",0.6695035460992907,0.9927667269439421,0.6695035460992907,0.8249436513899324,0.9833333333333333,8,233,0.7076023391812866,0.9947275922671354,0.7076023391812866,0.8498498498498499,0.9877551020408163,3,100
2747,consecutive,"{""min_consecutive"": 6, ""threshold"": 0.75}",0.6690340909090909,0.991869918699187,0.6690340909090909,0.8249436513899324,0.98125,9,233,0.7055393586005831,0.9947183098591549,0.7055393586005831,0.8483483483483484,0.9877551020408163,3,101
2748,consecutive_count,"{""min_consecutive"": 6, ""min_count"": 2, ""threshold"": 0.75}",0.6690340909090909,0.991869918699187,0.6690340909090909,0.8249436513899324,0.98125,9,233,0.7055393586005831,0.9947183098591549,0.7055393586005831,0.8483483483483484,0.9877551020408163,3,101
2749,consecutive_count,"{""min_consecutive"": 6, ""min_count"": 3, ""threshold"": 0.75}",0.6690340909090909,0.991869918699187,0.6690340909090909,0.8249436513899324,0.98125,9,233,0.7055393586005831,0.9947183098591549,0.7055393586005831,0.8483483483483484,0.9877551020408163,3,101
2750,consecutive_count,"{""min_consecutive"": 6, ""min_count"": 4, ""threshold"": 0.75}",0.6690340909090909,0.991869918699187,0.6690340909090909,0.8249436513899324,0.98125,9,233,0.7055393586005831,0.9947183098591549,0.7055393586005831,0.8483483483483484,0.9877551020408163,3,101
2751,consecutive_count,"{""min_consecutive"": 6, ""min_count"": 5, ""threshold"": 0.75}",0.6690340909090909,0.991869918699187,0.6690340909090909,0.8249436513899324,0.98125,9,233,0.7055393586005831,0.9947183098591549,0.7055393586005831,0.8483483483483484,0.9877551020408163,3,101
2752,consecutive_count,"{""min_consecutive"": 6, ""min_count"": 6, ""threshold"": 0.75}",0.6690340909090909,0.991869918699187,0.6690340909090909,0.8249436513899324,0.98125,9,233,0.7055393586005831,0.9947183098591549,0.7055393586005831,0.8483483483483484,0.9877551020408163,3,101
2753,consecutive_ratio,"{""min_consecutive"": 6, ""min_ratio"": 0.03, ""threshold"": 0.75}",0.6690340909090909,0.991869918699187,0.6690340909090909,0.8249436513899324,0.98125,9,233,0.7055393586005831,0.9947183098591549,0.7055393586005831,0.8483483483483484,0.9877551020408163,3,101
2754,consecutive_ratio,"{""min_consecutive"": 6, ""min_ratio"": 0.05, ""threshold"": 0.75}",0.6690340909090909,0.991869918699187,0.6690340909090909,0.8249436513899324,0.98125,9,233,0.7055393586005831,0.9947183098591549,0.7055393586005831,0.8483483483483484,0.9877551020408163,3,101
2755,consecutive_ratio,"{""min_consecutive"": 6, ""min_ratio"": 0.07, ""threshold"": 0.75}",0.6690340909090909,0.991869918699187,0.6690340909090909,0.8249436513899324,0.98125,9,233,0.7055393586005831,0.9947183098591549,0.7055393586005831,0.8483483483483484,0.9877551020408163,3,101
2756,consecutive_ratio,"{""min_consecutive"": 6, ""min_ratio"": 0.09, ""threshold"": 0.75}",0.6690340909090909,0.991869918699187,0.6690340909090909,0.8249436513899324,0.98125,9,233,0.7055393586005831,0.9947183098591549,0.7055393586005831,0.8483483483483484,0.9877551020408163,3,101
2757,consecutive_ratio,"{""min_consecutive"": 6, ""min_ratio"": 0.11, ""threshold"": 0.75}",0.6690340909090909,0.991869918699187,0.6690340909090909,0.8249436513899324,0.98125,9,233,0.7055393586005831,0.9947183098591549,0.7055393586005831,0.8483483483483484,0.9877551020408163,3,101
2758,consecutive_ratio,"{""min_consecutive"": 6, ""min_ratio"": 0.13, ""threshold"": 0.75}",0.6690340909090909,0.991869918699187,0.6690340909090909,0.8249436513899324,0.98125,9,233,0.7055393586005831,0.9947183098591549,0.7055393586005831,0.8483483483483484,0.9877551020408163,3,101
2759,consecutive,"{""min_consecutive"": 8, ""threshold"": 0.7}",0.6685552407932012,0.9927601809954751,0.6685552407932012,0.8241923365890308,0.9833333333333333,8,234,0.7055393586005831,0.9947183098591549,0.7055393586005831,0.8483483483483484,0.9877551020408163,3,101
2760,consecutive,"{""min_consecutive"": 7, ""threshold"": 0.725}",0.6685552407932012,0.9927601809954751,0.6685552407932012,0.8241923365890308,0.9833333333333333,8,234,0.7105263157894737,0.9964850615114236,0.7105263157894737,0.8513513513513513,0.9918367346938776,2,99
2761,consecutive_count,"{""min_consecutive"": 7, ""min_count"": 2, ""threshold"": 0.725}",0.6685552407932012,0.9927601809954751,0.6685552407932012,0.8241923365890308,0.9833333333333333,8,234,0.7105263157894737,0.9964850615114236,0.7105263157894737,0.8513513513513513,0.9918367346938776,2,99
2762,consecutive_count,"{""min_consecutive"": 7, ""min_count"": 3, ""threshold"": 0.725}",0.6685552407932012,0.9927601809954751,0.6685552407932012,0.8241923365890308,0.9833333333333333,8,234,0.7105263157894737,0.9964850615114236,0.7105263157894737,0.8513513513513513,0.9918367346938776,2,99
2763,consecutive_count,"{""min_consecutive"": 7, ""min_count"": 4, ""threshold"": 0.725}",0.6685552407932012,0.9927601809954751,0.6685552407932012,0.8241923365890308,0.9833333333333333,8,234,0.7105263157894737,0.9964850615114236,0.7105263157894737,0.8513513513513513,0.9918367346938776,2,99
2764,consecutive_count,"{""min_consecutive"": 7, ""min_count"": 5, ""threshold"": 0.725}",0.6685552407932012,0.9927601809954751,0.6685552407932012,0.8241923365890308,0.9833333333333333,8,234,0.7105263157894737,0.9964850615114236,0.7105263157894737,0.8513513513513513,0.9918367346938776,2,99
2765,consecutive_count,"{""min_consecutive"": 7, ""min_count"": 6, ""threshold"": 0.725}",0.6685552407932012,0.9927601809954751,0.6685552407932012,0.8241923365890308,0.9833333333333333,8,234,0.7105263157894737,0.9964850615114236,0.7105263157894737,0.8513513513513513,0.9918367346938776,2,99
2766,consecutive_count,"{""min_consecutive"": 7, ""min_count"": 7, ""threshold"": 0.725}",0.6685552407932012,0.9927601809954751,0.6685552407932012,0.8241923365890308,0.9833333333333333,8,234,0.7105263157894737,0.9964850615114236,0.7105263157894737,0.8513513513513513,0.9918367346938776,2,99
2767,consecutive_ratio,"{""min_consecutive"": 7, ""min_ratio"": 0.03, ""threshold"": 0.725}",0.6685552407932012,0.9927601809954751,0.6685552407932012,0.8241923365890308,0.9833333333333333,8,234,0.7105263157894737,0.9964850615114236,0.7105263157894737,0.8513513513513513,0.9918367346938776,2,99
2768,consecutive_ratio,"{""min_consecutive"": 7, ""min_ratio"": 0.05, ""threshold"": 0.725}",0.6685552407932012,0.9927601809954751,0.6685552407932012,0.8241923365890308,0.9833333333333333,8,234,0.7105263157894737,0.9964850615114236,0.7105263157894737,0.8513513513513513,0.9918367346938776,2,99
2769,consecutive_ratio,"{""min_consecutive"": 7, ""min_ratio"": 0.07, ""threshold"": 0.725}",0.6685552407932012,0.9927601809954751,0.6685552407932012,0.8241923365890308,0.9833333333333333,8,234,0.7105263157894737,0.9964850615114236,0.7105263157894737,0.8513513513513513,0.9918367346938776,2,99
2770,consecutive_ratio,"{""min_consecutive"": 7, ""min_ratio"": 0.09, ""threshold"": 0.725}",0.6685552407932012,0.9927601809954751,0.6685552407932012,0.8241923365890308,0.9833333333333333,8,234,0.7105263157894737,0.9964850615114236,0.7105263157894737,0.8513513513513513,0.9918367346938776,2,99
2771,consecutive_ratio,"{""min_consecutive"": 7, ""min_ratio"": 0.11, ""threshold"": 0.725}",0.6685552407932012,0.9927601809954751,0.6685552407932012,0.8241923365890308,0.9833333333333333,8,234,0.7105263157894737,0.9964850615114236,0.7105263157894737,0.8513513513513513,0.9918367346938776,2,99
2772,consecutive_ratio,"{""min_consecutive"": 7, ""min_ratio"": 0.13, ""threshold"": 0.725}",0.6685552407932012,0.9927601809954751,0.6685552407932012,0.8241923365890308,0.9833333333333333,8,234,0.7105263157894737,0.9964850615114236,0.7105263157894737,0.8513513513513513,0.9918367346938776,2,99
2773,consecutive_ratio,"{""min_consecutive"": 7, ""min_ratio"": 0.15, ""threshold"": 0.725}",0.6685552407932012,0.9927601809954751,0.6685552407932012,0.8241923365890308,0.9833333333333333,8,234,0.7105263157894737,0.9964850615114236,0.7105263157894737,0.8513513513513513,0.9918367346938776,2,99
2774,hysteresis,"{""high"": 0.85, ""low"": 0.7, ""min_consecutive"": 4}",0.6680911680911681,0.9900811541929666,0.6680911680911681,0.8249436513899324,0.9770833333333333,11,233,0.7031700288184438,0.99822695035461,0.7031700288184438,0.8453453453453453,0.9959183673469387,1,103
2775,hysteresis,"{""high"": 0.825, ""low"": 0.775, ""min_consecutive"": 4}",0.6680851063829787,0.9918625678119349,0.6680851063829787,0.8241923365890308,0.98125,9,234,0.7134502923976608,0.9982425307557118,0.7134502923976608,0.8528528528528528,0.9959183673469387,1,98
2776,hysteresis,"{""high"": 0.85, ""low"": 0.8, ""min_consecutive"": 3}",0.6680851063829787,0.9918625678119349,0.6680851063829787,0.8241923365890308,0.98125,9,234,0.7052023121387283,0.9982300884955753,0.7052023121387283,0.8468468468468469,0.9959183673469387,1,102
2777,consecutive,"{""min_consecutive"": 9, ""threshold"": 0.675}",0.6680790960451978,0.9936536718041704,0.6680790960451978,0.8234410217881293,0.9854166666666667,7,235,0.7055393586005831,0.9947183098591549,0.7055393586005831,0.8483483483483484,0.9877551020408163,3,101
2778,hysteresis,"{""high"": 0.825, ""low"": 0.625, ""min_consecutive"": 6}",0.6676136363636364,0.99096657633243,0.6676136363636364,0.8241923365890308,0.9791666666666666,10,234,0.7155425219941349,0.9982456140350877,0.7155425219941349,0.8543543543543544,0.9959183673469387,1,97
2779,hysteresis,"{""high"": 0.75, ""low"": 0.7, ""min_consecutive"": 8}",0.6676096181046676,0.9927536231884058,0.6676096181046676,0.8234410217881293,0.9833333333333333,8,235,0.7055393586005831,0.9947183098591549,0.7055393586005831,0.8483483483483484,0.9877551020408163,3,101
2780,hysteresis,"{""high"": 0.825, ""low"": 0.675, ""min_consecutive"": 6}",0.6671388101983002,0.9918552036199095,0.6671388101983002,0.8234410217881293,0.98125,9,235,0.7155425219941349,0.9982456140350877,0.7155425219941349,0.8543543543543544,0.9959183673469387,1,97
2781,consecutive_count,"{""min_consecutive"": 1, ""min_count"": 12, ""threshold"": 0.6}",0.6666666666666666,0.9927470534904805,0.6666666666666666,0.8226897069872277,0.9833333333333333,8,236,0.7005813953488372,0.9929453262786596,0.7005813953488372,0.8453453453453453,0.9836734693877551,4,103
2782,consecutive_count,"{""min_consecutive"": 2, ""min_count"": 12, ""threshold"": 0.6}",0.6666666666666666,0.9927470534904805,0.6666666666666666,0.8226897069872277,0.9833333333333333,8,236,0.7005813953488372,0.9929453262786596,0.7005813953488372,0.8453453453453453,0.9836734693877551,4,103
2783,consecutive_count,"{""min_consecutive"": 3, ""min_count"": 12, ""threshold"": 0.6}",0.6666666666666666,0.9927470534904805,0.6666666666666666,0.8226897069872277,0.9833333333333333,8,236,0.7005813953488372,0.9929453262786596,0.7005813953488372,0.8453453453453453,0.9836734693877551,4,103
2784,consecutive_count,"{""min_consecutive"": 4, ""min_count"": 12, ""threshold"": 0.6}",0.6666666666666666,0.9927470534904805,0.6666666666666666,0.8226897069872277,0.9833333333333333,8,236,0.7005813953488372,0.9929453262786596,0.7005813953488372,0.8453453453453453,0.9836734693877551,4,103
2785,consecutive_count,"{""min_consecutive"": 5, ""min_count"": 12, ""threshold"": 0.6}",0.6666666666666666,0.9927470534904805,0.6666666666666666,0.8226897069872277,0.9833333333333333,8,236,0.7005813953488372,0.9929453262786596,0.7005813953488372,0.8453453453453453,0.9836734693877551,4,103
2786,consecutive_count,"{""min_consecutive"": 6, ""min_count"": 12, ""threshold"": 0.6}",0.6666666666666666,0.9927470534904805,0.6666666666666666,0.8226897069872277,0.9833333333333333,8,236,0.7005813953488372,0.9929453262786596,0.7005813953488372,0.8453453453453453,0.9836734693877551,4,103
2787,hysteresis,"{""high"": 0.8, ""low"": 0.65, ""min_consecutive"": 8}",0.6666666666666666,0.9927470534904805,0.6666666666666666,0.8226897069872277,0.9833333333333333,8,236,0.7043478260869566,0.9964664310954063,0.7043478260869566,0.8468468468468469,0.9918367346938776,2,102
2788,hysteresis,"{""high"": 0.725, ""low"": 0.675, ""min_consecutive"": 9}",0.6661971830985915,0.9936421435059037,0.6661971830985915,0.821938392186326,0.9854166666666667,7,237,0.7055393586005831,0.9947183098591549,0.7055393586005831,0.8483483483483484,0.9877551020408163,3,101
2789,consecutive_count,"{""min_consecutive"": 7, ""min_count"": 12, ""threshold"": 0.6}",0.6657263751763046,0.9927404718693285,0.6657263751763046,0.821938392186326,0.9833333333333333,8,237,0.7005813953488372,0.9929453262786596,0.7005813953488372,0.8453453453453453,0.9836734693877551,4,103
2790,consecutive_count,"{""min_consecutive"": 1, ""min_count"": 11, ""threshold"": 0.625}",0.6657263751763046,0.9927404718693285,0.6657263751763046,0.821938392186326,0.9833333333333333,8,237,0.7138643067846607,0.9947552447552448,0.7138643067846607,0.8543543543543544,0.9877551020408163,3,97
2791,consecutive_count,"{""min_consecutive"": 2, ""min_count"": 11, ""threshold"": 0.625}",0.6657263751763046,0.9927404718693285,0.6657263751763046,0.821938392186326,0.9833333333333333,8,237,0.7138643067846607,0.9947552447552448,0.7138643067846607,0.8543543543543544,0.9877551020408163,3,97
2792,consecutive_count,"{""min_consecutive"": 3, ""min_count"": 11, ""threshold"": 0.625}",0.6657263751763046,0.9927404718693285,0.6657263751763046,0.821938392186326,0.9833333333333333,8,237,0.7138643067846607,0.9947552447552448,0.7138643067846607,0.8543543543543544,0.9877551020408163,3,97
2793,consecutive_count,"{""min_consecutive"": 4, ""min_count"": 11, ""threshold"": 0.625}",0.6657263751763046,0.9927404718693285,0.6657263751763046,0.821938392186326,0.9833333333333333,8,237,0.7138643067846607,0.9947552447552448,0.7138643067846607,0.8543543543543544,0.9877551020408163,3,97
2794,consecutive_count,"{""min_consecutive"": 5, ""min_count"": 11, ""threshold"": 0.625}",0.6657263751763046,0.9927404718693285,0.6657263751763046,0.821938392186326,0.9833333333333333,8,237,0.7138643067846607,0.9947552447552448,0.7138643067846607,0.8543543543543544,0.9877551020408163,3,97
2795,consecutive_count,"{""min_consecutive"": 1, ""min_count"": 7, ""threshold"": 0.75}",0.6657263751763046,0.9927404718693285,0.6657263751763046,0.821938392186326,0.9833333333333333,8,237,0.7034883720930233,0.9947089947089947,0.7034883720930233,0.8468468468468469,0.9877551020408163,3,102
2796,consecutive_ratio,"{""min_consecutive"": 1, ""min_ratio"": 0.15, ""threshold"": 0.75}",0.6657263751763046,0.9927404718693285,0.6657263751763046,0.821938392186326,0.9833333333333333,8,237,0.7034883720930233,0.9947089947089947,0.7034883720930233,0.8468468468468469,0.9877551020408163,3,102
2797,consecutive_count,"{""min_consecutive"": 2, ""min_count"": 7, ""threshold"": 0.75}",0.6657263751763046,0.9927404718693285,0.6657263751763046,0.821938392186326,0.9833333333333333,8,237,0.7034883720930233,0.9947089947089947,0.7034883720930233,0.8468468468468469,0.9877551020408163,3,102
2798,consecutive_ratio,"{""min_consecutive"": 2, ""min_ratio"": 0.15, ""threshold"": 0.75}",0.6657263751763046,0.9927404718693285,0.6657263751763046,0.821938392186326,0.9833333333333333,8,237,0.7034883720930233,0.9947089947089947,0.7034883720930233,0.8468468468468469,0.9877551020408163,3,102
2799,consecutive_count,"{""min_consecutive"": 3, ""min_count"": 7, ""threshold"": 0.75}",0.6657263751763046,0.9927404718693285,0.6657263751763046,0.821938392186326,0.9833333333333333,8,237,0.7034883720930233,0.9947089947089947,0.7034883720930233,0.8468468468468469,0.9877551020408163,3,102
2800,consecutive_ratio,"{""min_consecutive"": 3, ""min_ratio"": 0.15, ""threshold"": 0.75}",0.6657263751763046,0.9927404718693285,0.6657263751763046,0.821938392186326,0.9833333333333333,8,237,0.7034883720930233,0.9947089947089947,0.7034883720930233,0.8468468468468469,0.9877551020408163,3,102
2801,hysteresis,"{""high"": 0.775, ""low"": 0.725, ""min_consecutive"": 7}",0.6657263751763046,0.9927404718693285,0.6657263751763046,0.821938392186326,0.9833333333333333,8,237,0.7084548104956269,0.9964788732394366,0.7084548104956269,0.8498498498498499,0.9918367346938776,2,100
2802,hysteresis,"{""high"": 0.8, ""low"": 0.7, ""min_consecutive"": 7}",0.6657263751763046,0.9927404718693285,0.6657263751763046,0.821938392186326,0.9833333333333333,8,237,0.7084548104956269,0.9964788732394366,0.7084548104956269,0.8498498498498499,0.9918367346938776,2,100
2803,consecutive_count,"{""min_consecutive"": 6, ""min_count"": 11, ""threshold"": 0.625}",0.6647887323943662,0.9927338782924614,0.6647887323943662,0.8211870773854245,0.9833333333333333,8,238,0.7138643067846607,0.9947552447552448,0.7138643067846607,0.8543543543543544,0.9877551020408163,3,97
2804,consecutive_count,"{""min_consecutive"": 4, ""min_count"": 7, ""threshold"": 0.75}",0.6647887323943662,0.9927338782924614,0.6647887323943662,0.8211870773854245,0.9833333333333333,8,238,0.7034883720930233,0.9947089947089947,0.7034883720930233,0.8468468468468469,0.9877551020408163,3,102
2805,consecutive_ratio,"{""min_consecutive"": 4, ""min_ratio"": 0.15, ""threshold"": 0.75}",0.6647887323943662,0.9927338782924614,0.6647887323943662,0.8211870773854245,0.9833333333333333,8,238,0.7034883720930233,0.9947089947089947,0.7034883720930233,0.8468468468468469,0.9877551020408163,3,102
2806,hysteresis,"{""high"": 0.8, ""low"": 0.6, ""min_consecutive"": 9}",0.6643258426966292,0.9936305732484076,0.6643258426966292,0.8204357625845229,0.9854166666666667,7,239,0.7043478260869566,0.9964664310954063,0.7043478260869566,0.8468468468468469,0.9918367346938776,2,102
2807,consecutive_count,"{""min_consecutive"": 7, ""min_count"": 11, ""threshold"": 0.625}",0.6638537271448663,0.9927272727272727,0.6638537271448663,0.8204357625845229,0.9833333333333333,8,239,0.711764705882353,0.9947460595446584,0.711764705882353,0.8528528528528528,0.9877551020408163,3,98
2808,hysteresis,"{""high"": 0.85, ""low"": 0.65, ""min_consecutive"": 5}",0.6638418079096046,0.9909338168631007,0.6638418079096046,0.8211870773854245,0.9791666666666666,10,238,0.7031700288184438,0.99822695035461,0.7031700288184438,0.8453453453453453,0.9959183673469387,1,103
2809,consecutive_count,"{""min_consecutive"": 5, ""min_count"": 7, ""threshold"": 0.75}",0.6629213483146067,0.9927206551410374,0.6629213483146067,0.8196844477836214,0.9833333333333333,8,240,0.7034883720930233,0.9947089947089947,0.7034883720930233,0.8468468468468469,0.9877551020408163,3,102
2810,consecutive_ratio,"{""min_consecutive"": 5, ""min_ratio"": 0.15, ""threshold"": 0.75}",0.6629213483146067,0.9927206551410374,0.6629213483146067,0.8196844477836214,0.9833333333333333,8,240,0.7034883720930233,0.9947089947089947,0.7034883720930233,0.8468468468468469,0.9877551020408163,3,102
2811,consecutive_count,"{""min_consecutive"": 1, ""min_count"": 9, ""threshold"": 0.7}",0.6624649859943977,0.9936189608021878,0.6624649859943977,0.8189331329827197,0.9854166666666667,7,241,0.7076023391812866,0.9947275922671354,0.7076023391812866,0.8498498498498499,0.9877551020408163,3,100
2812,consecutive_ratio,"{""min_consecutive"": 1, ""min_ratio"": 0.2, ""threshold"": 0.7}",0.6624649859943977,0.9936189608021878,0.6624649859943977,0.8189331329827197,0.9854166666666667,7,241,0.7076023391812866,0.9947275922671354,0.7076023391812866,0.8498498498498499,0.9877551020408163,3,100
2813,consecutive_count,"{""min_consecutive"": 2, ""min_count"": 9, ""threshold"": 0.7}",0.6624649859943977,0.9936189608021878,0.6624649859943977,0.8189331329827197,0.9854166666666667,7,241,0.7076023391812866,0.9947275922671354,0.7076023391812866,0.8498498498498499,0.9877551020408163,3,100
2814,consecutive_ratio,"{""min_consecutive"": 2, ""min_ratio"": 0.2, ""threshold"": 0.7}",0.6624649859943977,0.9936189608021878,0.6624649859943977,0.8189331329827197,0.9854166666666667,7,241,0.7076023391812866,0.9947275922671354,0.7076023391812866,0.8498498498498499,0.9877551020408163,3,100
2815,consecutive_count,"{""min_consecutive"": 3, ""min_count"": 9, ""threshold"": 0.7}",0.6624649859943977,0.9936189608021878,0.6624649859943977,0.8189331329827197,0.9854166666666667,7,241,0.7076023391812866,0.9947275922671354,0.7076023391812866,0.8498498498498499,0.9877551020408163,3,100
2816,consecutive_ratio,"{""min_consecutive"": 3, ""min_ratio"": 0.2, ""threshold"": 0.7}",0.6624649859943977,0.9936189608021878,0.6624649859943977,0.8189331329827197,0.9854166666666667,7,241,0.7076023391812866,0.9947275922671354,0.7076023391812866,0.8498498498498499,0.9877551020408163,3,100
2817,consecutive_count,"{""min_consecutive"": 4, ""min_count"": 9, ""threshold"": 0.7}",0.6624649859943977,0.9936189608021878,0.6624649859943977,0.8189331329827197,0.9854166666666667,7,241,0.7076023391812866,0.9947275922671354,0.7076023391812866,0.8498498498498499,0.9877551020408163,3,100
2818,consecutive_ratio,"{""min_consecutive"": 4, ""min_ratio"": 0.2, ""threshold"": 0.7}",0.6624649859943977,0.9936189608021878,0.6624649859943977,0.8189331329827197,0.9854166666666667,7,241,0.7076023391812866,0.9947275922671354,0.7076023391812866,0.8498498498498499,0.9877551020408163,3,100
2819,consecutive_count,"{""min_consecutive"": 1, ""min_count"": 8, ""threshold"": 0.725}",0.6619915848527349,0.9927140255009107,0.6619915848527349,0.8189331329827197,0.9833333333333333,8,241,0.7055393586005831,0.9947183098591549,0.7055393586005831,0.8483483483483484,0.9877551020408163,3,101
2820,consecutive_count,"{""min_consecutive"": 2, ""min_count"": 8, ""threshold"": 0.725}",0.6619915848527349,0.9927140255009107,0.6619915848527349,0.8189331329827197,0.9833333333333333,8,241,0.7055393586005831,0.9947183098591549,0.7055393586005831,0.8483483483483484,0.9877551020408163,3,101
2821,consecutive_count,"{""min_consecutive"": 3, ""min_count"": 8, ""threshold"": 0.725}",0.6619915848527349,0.9927140255009107,0.6619915848527349,0.8189331329827197,0.9833333333333333,8,241,0.7055393586005831,0.9947183098591549,0.7055393586005831,0.8483483483483484,0.9877551020408163,3,101
2822,consecutive_count,"{""min_consecutive"": 4, ""min_count"": 8, ""threshold"": 0.725}",0.6619915848527349,0.9927140255009107,0.6619915848527349,0.8189331329827197,0.9833333333333333,8,241,0.7055393586005831,0.9947183098591549,0.7055393586005831,0.8483483483483484,0.9877551020408163,3,101
2823,consecutive_count,"{""min_consecutive"": 5, ""min_count"": 9, ""threshold"": 0.7}",0.6615384615384615,0.9936131386861314,0.6615384615384615,0.8181818181818182,0.9854166666666667,7,242,0.7076023391812866,0.9947275922671354,0.7076023391812866,0.8498498498498499,0.9877551020408163,3,100
2824,consecutive_ratio,"{""min_consecutive"": 5, ""min_ratio"": 0.2, ""threshold"": 0.7}",0.6615384615384615,0.9936131386861314,0.6615384615384615,0.8181818181818182,0.9854166666666667,7,242,0.7076023391812866,0.9947275922671354,0.7076023391812866,0.8498498498498499,0.9877551020408163,3,100
2825,hysteresis,"{""high"": 0.8, ""low"": 0.75, ""min_consecutive"": 6}",0.6615168539325843,0.991810737033667,0.6615168539325843,0.8189331329827197,0.98125,9,241,0.7023121387283237,0.9964601769911504,0.7023121387283237,0.8453453453453453,0.9918367346938776,2,103
2826,hysteresis,"{""high"": 0.825, ""low"": 0.625, ""min_consecutive"": 7}",0.6615168539325843,0.991810737033667,0.6615168539325843,0.8189331329827197,0.98125,9,241,0.7093023255813954,0.9982363315696648,0.7093023255813954,0.8498498498498499,0.9959183673469387,1,100
2827,hysteresis,"{""high"": 0.85, ""low"": 0.7, ""min_consecutive"": 5}",0.6615168539325843,0.991810737033667,0.6615168539325843,0.8189331329827197,0.98125,9,241,0.6991404011461319,0.998220640569395,0.6991404011461319,0.8423423423423423,0.9959183673469387,1,105
2828,consecutive_count,"{""min_consecutive"": 6, ""min_count"": 7, ""threshold"": 0.75}",0.6610644257703081,0.9927073837739289,0.6610644257703081,0.8181818181818182,0.9833333333333333,8,242,0.6974063400576369,0.9946808510638298,0.6974063400576369,0.8423423423423423,0.9877551020408163,3,105
2829,consecutive_ratio,"{""min_consecutive"": 6, ""min_ratio"": 0.15, ""threshold"": 0.75}",0.6610644257703081,0.9927073837739289,0.6610644257703081,0.8181818181818182,0.9833333333333333,8,242,0.6974063400576369,0.9946808510638298,0.6974063400576369,0.8423423423423423,0.9877551020408163,3,105
2830,hysteresis,"{""high"": 0.85, ""low"": 0.75, ""min_consecutive"": 4}",0.6610407876230661,0.990909090909091,0.6610407876230661,0.8189331329827197,0.9791666666666666,10,241,0.7031700288184438,0.99822695035461,0.7031700288184438,0.8453453453453453,0.9959183673469387,1,103
2831,hysteresis,"{""high"": 0.775, ""low"": 0.675, ""min_consecutive"": 9}",0.6606145251396648,0.993607305936073,0.6606145251396648,0.8174305033809166,0.9854166666666667,7,243,0.7034883720930233,0.9947089947089947,0.7034883720930233,0.8468468468468469,0.9877551020408163,3,102
2832,topk_mean,"{""threshold"": 0.35, ""top_k"": 5}",0.6604166666666667,0.8901617250673854,0.9694189602446484,0.9924868519909842,0.6604166666666667,163,10,0.6326530612244898,0.8801597869507324,0.96875,0.9924924924924925,0.6326530612244898,90,5
2833,consecutive_count,"{""min_consecutive"": 1, ""min_count"": 2, ""threshold"": 0.375}",0.6604166666666667,0.8901617250673854,0.9694189602446484,0.9924868519909842,0.6604166666666667,163,10,0.6489795918367347,0.8850267379679144,0.9754601226993865,0.993993993993994,0.6489795918367347,86,4
2834,consecutive_ratio,"{""min_consecutive"": 1, ""min_ratio"": 0.03, ""threshold"": 0.375}",0.6604166666666667,0.8901617250673854,0.9694189602446484,0.9924868519909842,0.6604166666666667,163,10,0.6489795918367347,0.8850267379679144,0.9754601226993865,0.993993993993994,0.6489795918367347,86,4
2835,topk_mean,"{""threshold"": 0.375, ""top_k"": 3}",0.6604166666666667,0.8901617250673854,0.9694189602446484,0.9924868519909842,0.6604166666666667,163,10,0.6448979591836734,0.8838451268357811,0.9753086419753086,0.993993993993994,0.6448979591836734,87,4
2836,consecutive_count,"{""min_consecutive"": 5, ""min_count"": 8, ""threshold"": 0.725}",0.6601398601398601,0.9927007299270073,0.6601398601398601,0.8174305033809166,0.9833333333333333,8,243,0.7055393586005831,0.9947183098591549,0.7055393586005831,0.8483483483483484,0.9877551020408163,3,101
2837,hysteresis,"{""high"": 0.825, ""low"": 0.675, ""min_consecutive"": 7}",0.6601398601398601,0.9927007299270073,0.6601398601398601,0.8174305033809166,0.9833333333333333,8,243,0.7072463768115942,0.9982332155477032,0.7072463768115942,0.8483483483483484,0.9959183673469387,1,101
2838,consecutive_count,"{""min_consecutive"": 6, ""min_count"": 9, ""threshold"": 0.7}",0.6596931659693166,0.993601462522852,0.6596931659693166,0.816679188580015,0.9854166666666667,7,244,0.7076023391812866,0.9947275922671354,0.7076023391812866,0.8498498498498499,0.9877551020408163,3,100
2839,consecutive_ratio,"{""min_consecutive"": 6, ""min_ratio"": 0.2, ""threshold"": 0.7}",0.6596931659693166,0.993601462522852,0.6596931659693166,0.816679188580015,0.9854166666666667,7,244,0.7076023391812866,0.9947275922671354,0.7076023391812866,0.8498498498498499,0.9877551020408163,3,100
2840,hysteresis,"{""high"": 0.825, ""low"": 0.775, ""min_consecutive"": 5}",0.659217877094972,0.9926940639269406,0.659217877094972,0.816679188580015,0.9833333333333333,8,244,0.7052023121387283,0.9982300884955753,0.7052023121387283,0.8468468468468469,0.9959183673469387,1,102
2841,hysteresis,"{""high"": 0.825, ""low"": 0.625, ""min_consecutive"": 8}",0.659217877094972,0.9926940639269406,0.659217877094972,0.816679188580015,0.9833333333333333,8,244,0.7031700288184438,0.99822695035461,0.7031700288184438,0.8453453453453453,0.9959183673469387,1,103
2842,consecutive_count,"{""min_consecutive"": 7, ""min_count"": 9, ""threshold"": 0.7}",0.658774373259053,0.9935956084172004,0.658774373259053,0.8159278737791135,0.9854166666666667,7,245,0.7055393586005831,0.9947183098591549,0.7055393586005831,0.8483483483483484,0.9877551020408163,3,101
2843,consecutive_ratio,"{""min_consecutive"": 7, ""min_ratio"": 0.2, ""threshold"": 0.7}",0.658774373259053,0.9935956084172004,0.658774373259053,0.8159278737791135,0.9854166666666667,7,245,0.7055393586005831,0.9947183098591549,0.7055393586005831,0.8483483483483484,0.9877551020408163,3,101
2844,hysteresis,"{""high"": 0.825, ""low"": 0.725, ""min_consecutive"": 6}",0.6587412587412588,0.9917883211678832,0.6587412587412588,0.816679188580015,0.98125,9,244,0.7072463768115942,0.9982332155477032,0.7072463768115942,0.8483483483483484,0.9959183673469387,1,101
2845,consecutive_count,"{""min_consecutive"": 1, ""min_count"": 3, ""threshold"": 0.35}",0.6583333333333333,0.889487870619946,0.9663608562691132,0.9917355371900827,0.6583333333333333,164,11,0.6163265306122448,0.8754966887417218,0.967948717948718,0.9924924924924925,0.6163265306122448,94,5
2846,consecutive_ratio,"{""min_consecutive"": 1, ""min_ratio"": 0.05, ""threshold"": 0.35}",0.6583333333333333,0.889487870619946,0.9663608562691132,0.9917355371900827,0.6583333333333333,164,11,0.6163265306122448,0.8754966887417218,0.967948717948718,0.9924924924924925,0.6163265306122448,94,5
2847,consecutive_ratio,"{""min_consecutive"": 1, ""min_ratio"": 0.07, ""threshold"": 0.35}",0.6583333333333333,0.889487870619946,0.9663608562691132,0.9917355371900827,0.6583333333333333,164,11,0.6163265306122448,0.8754966887417218,0.967948717948718,0.9924924924924925,0.6163265306122448,94,5
2848,consecutive_count,"{""min_consecutive"": 2, ""min_count"": 3, ""threshold"": 0.35}",0.6583333333333333,0.8894133513149022,0.9634146341463414,0.990984222389181,0.6583333333333333,164,12,0.6163265306122448,0.8754966887417218,0.967948717948718,0.9924924924924925,0.6163265306122448,94,5
2849,consecutive_ratio,"{""min_consecutive"": 2, ""min_ratio"": 0.05, ""threshold"": 0.35}",0.6583333333333333,0.8894133513149022,0.9634146341463414,0.990984222389181,0.6583333333333333,164,12,0.6163265306122448,0.8754966887417218,0.967948717948718,0.9924924924924925,0.6163265306122448,94,5
2850,consecutive_ratio,"{""min_consecutive"": 2, ""min_ratio"": 0.07, ""threshold"": 0.35}",0.6583333333333333,0.8894133513149022,0.9634146341463414,0.990984222389181,0.6583333333333333,164,12,0.6163265306122448,0.8754966887417218,0.967948717948718,0.9924924924924925,0.6163265306122448,94,5
2851,consecutive_count,"{""min_consecutive"": 1, ""min_count"": 10, ""threshold"": 0.675}",0.6583333333333333,0.9945004582951421,0.6583333333333333,0.8151765589782118,0.9875,6,246,0.7023121387283237,0.9964601769911504,0.7023121387283237,0.8453453453453453,0.9918367346938776,2,103
2852,consecutive_count,"{""min_consecutive"": 2, ""min_count"": 10, ""threshold"": 0.675}",0.6583333333333333,0.9945004582951421,0.6583333333333333,0.8151765589782118,0.9875,6,246,0.7023121387283237,0.9964601769911504,0.7023121387283237,0.8453453453453453,0.9918367346938776,2,103
2853,consecutive_count,"{""min_consecutive"": 3, ""min_count"": 10, ""threshold"": 0.675}",0.6583333333333333,0.9945004582951421,0.6583333333333333,0.8151765589782118,0.9875,6,246,0.7023121387283237,0.9964601769911504,0.7023121387283237,0.8453453453453453,0.9918367346938776,2,103
2854,consecutive_count,"{""min_consecutive"": 4, ""min_count"": 10, ""threshold"": 0.675}",0.6583333333333333,0.9945004582951421,0.6583333333333333,0.8151765589782118,0.9875,6,246,0.7023121387283237,0.9964601769911504,0.7023121387283237,0.8453453453453453,0.9918367346938776,2,103
2855,consecutive_count,"{""min_consecutive"": 6, ""min_count"": 8, ""threshold"": 0.725}",0.6582984658298466,0.9926873857404022,0.6582984658298466,0.8159278737791135,0.9833333333333333,8,245,0.7034883720930233,0.9947089947089947,0.7034883720930233,0.8468468468468469,0.9877551020408163,3,102
2856,consecutive,"{""min_consecutive"": 7, ""threshold"": 0.75}",0.6578581363004172,0.9935897435897436,0.6578581363004172,0.8151765589782118,0.9854166666666667,7,246,0.6962750716332379,0.99644128113879,0.6962750716332379,0.8408408408408409,0.9918367346938776,2,106
2857,consecutive_count,"{""min_consecutive"": 7, ""min_count"": 2, ""threshold"": 0.75}",0.6578581363004172,0.9935897435897436,0.6578581363004172,0.8151765589782118,0.9854166666666667,7,246,0.6962750716332379,0.99644128113879,0.6962750716332379,0.8408408408408409,0.9918367346938776,2,106
2858,consecutive_count,"{""min_consecutive"": 7, ""min_count"": 3, ""threshold"": 0.75}",0.6578581363004172,0.9935897435897436,0.6578581363004172,0.8151765589782118,0.9854166666666667,7,246,0.6962750716332379,0.99644128113879,0.6962750716332379,0.8408408408408409,0.9918367346938776,2,106
2859,consecutive_count,"{""min_consecutive"": 7, ""min_count"": 4, ""threshold"": 0.75}",0.6578581363004172,0.9935897435897436,0.6578581363004172,0.8151765589782118,0.9854166666666667,7,246,0.6962750716332379,0.99644128113879,0.6962750716332379,0.8408408408408409,0.9918367346938776,2,106
2860,consecutive_count,"{""min_consecutive"": 7, ""min_count"": 5, ""threshold"": 0.75}",0.6578581363004172,0.9935897435897436,0.6578581363004172,0.8151765589782118,0.9854166666666667,7,246,0.6962750716332379,0.99644128113879,0.6962750716332379,0.8408408408408409,0.9918367346938776,2,106
2861,consecutive_count,"{""min_consecutive"": 7, ""min_count"": 6, ""threshold"": 0.75}",0.6578581363004172,0.9935897435897436,0.6578581363004172,0.8151765589782118,0.9854166666666667,7,246,0.6962750716332379,0.99644128113879,0.6962750716332379,0.8408408408408409,0.9918367346938776,2,106
2862,consecutive_count,"{""min_consecutive"": 7, ""min_count"": 7, ""threshold"": 0.75}",0.6578581363004172,0.9935897435897436,0.6578581363004172,0.8151765589782118,0.9854166666666667,7,246,0.6962750716332379,0.99644128113879,0.6962750716332379,0.8408408408408409,0.9918367346938776,2,106
2863,consecutive_ratio,"{""min_consecutive"": 7, ""min_ratio"": 0.03, ""threshold"": 0.75}",0.6578581363004172,0.9935897435897436,0.6578581363004172,0.8151765589782118,0.9854166666666667,7,246,0.6962750716332379,0.99644128113879,0.6962750716332379,0.8408408408408409,0.9918367346938776,2,106
2864,consecutive_ratio,"{""min_consecutive"": 7, ""min_ratio"": 0.05, ""threshold"": 0.75}",0.6578581363004172,0.9935897435897436,0.6578581363004172,0.8151765589782118,0.9854166666666667,7,246,0.6962750716332379,0.99644128113879,0.6962750716332379,0.8408408408408409,0.9918367346938776,2,106
2865,consecutive_ratio,"{""min_consecutive"": 7, ""min_ratio"": 0.07, ""threshold"": 0.75}",0.6578581363004172,0.9935897435897436,0.6578581363004172,0.8151765589782118,0.9854166666666667,7,246,0.6962750716332379,0.99644128113879,0.6962750716332379,0.8408408408408409,0.9918367346938776,2,106
2866,consecutive_ratio,"{""min_consecutive"": 7, ""min_ratio"": 0.09, ""threshold"": 0.75}",0.6578581363004172,0.9935897435897436,0.6578581363004172,0.8151765589782118,0.9854166666666667,7,246,0.6962750716332379,0.99644128113879,0.6962750716332379,0.8408408408408409,0.9918367346938776,2,106
2867,consecutive_ratio,"{""min_consecutive"": 7, ""min_ratio"": 0.11, ""threshold"": 0.75}",0.6578581363004172,0.9935897435897436,0.6578581363004172,0.8151765589782118,0.9854166666666667,7,246,0.6962750716332379,0.99644128113879,0.6962750716332379,0.8408408408408409,0.9918367346938776,2,106
2868,consecutive_ratio,"{""min_consecutive"": 7, ""min_ratio"": 0.13, ""threshold"": 0.75}",0.6578581363004172,0.9935897435897436,0.6578581363004172,0.8151765589782118,0.9854166666666667,7,246,0.6962750716332379,0.99644128113879,0.6962750716332379,0.8408408408408409,0.9918367346938776,2,106
2869,consecutive_ratio,"{""min_consecutive"": 7, ""min_ratio"": 0.15, ""threshold"": 0.75}",0.6578581363004172,0.9935897435897436,0.6578581363004172,0.8151765589782118,0.9854166666666667,7,246,0.6962750716332379,0.99644128113879,0.6962750716332379,0.8408408408408409,0.9918367346938776,2,106
2870,consecutive_count,"{""min_consecutive"": 5, ""min_count"": 10, ""threshold"": 0.675}",0.6574202496532594,0.9944954128440368,0.6574202496532594,0.8144252441773103,0.9875,6,247,0.7023121387283237,0.9964601769911504,0.7023121387283237,0.8453453453453453,0.9918367346938776,2,103
2871,hysteresis,"{""high"": 0.85, ""low"": 0.8, ""min_consecutive"": 4}",0.6569037656903766,0.9917733089579525,0.6569037656903766,0.8151765589782118,0.98125,9,246,0.6912181303116147,0.9982078853046595,0.6912181303116147,0.8363363363363363,0.9959183673469387,1,109
2872,consecutive_count,"{""min_consecutive"": 6, ""min_count"": 10, ""threshold"": 0.675}",0.6565096952908587,0.9944903581267218,0.6565096952908587,0.8136739293764087,0.9875,6,248,0.7002881844380403,0.9964539007092199,0.7002881844380403,0.8438438438438438,0.9918367346938776,2,104
2873,consecutive_count,"{""min_consecutive"": 7, ""min_count"": 10, ""threshold"": 0.675}",0.6565096952908587,0.9944903581267218,0.6565096952908587,0.8136739293764087,0.9875,6,248,0.6982758620689655,0.9964476021314387,0.6982758620689655,0.8423423423423423,0.9918367346938776,2,105
2874,consecutive_count,"{""min_consecutive"": 7, ""min_count"": 8, ""threshold"": 0.725}",0.6564673157162726,0.9926739926739927,0.6564673157162726,0.8144252441773103,0.9833333333333333,8,247,0.7002881844380403,0.9964539007092199,0.7002881844380403,0.8438438438438438,0.9918367346938776,2,104
2875,hysteresis,"{""high"": 0.8, ""low"": 0.65, ""min_consecutive"": 9}",0.6560332871012483,0.9935779816513761,0.6560332871012483,0.8136739293764087,0.9854166666666667,7,248,0.6982758620689655,0.9964476021314387,0.6982758620689655,0.8423423423423423,0.9918367346938776,2,105
2876,hysteresis,"{""high"": 0.85, ""low"": 0.65, ""min_consecutive"": 6}",0.6559888579387186,0.9917657822506862,0.6559888579387186,0.8144252441773103,0.98125,9,247,0.6991404011461319,0.998220640569395,0.6991404011461319,0.8423423423423423,0.9959183673469387,1,105
2877,hysteresis,"{""high"": 0.8, ""low"": 0.7, ""min_consecutive"": 8}",0.6555555555555556,0.9926672777268561,0.6555555555555556,0.8136739293764087,0.9833333333333333,8,248,0.6962750716332379,0.99644128113879,0.6962750716332379,0.8408408408408409,0.9918367346938776,2,106
2878,hysteresis,"{""high"": 0.85, ""low"": 0.75, ""min_consecutive"": 5}",0.655076495132128,0.9917582417582418,0.655076495132128,0.8136739293764087,0.98125,9,248,0.6971428571428572,0.9982174688057041,0.6971428571428572,0.8408408408408409,0.9959183673469387,1,106
2879,consecutive,"{""min_consecutive"": 8, ""threshold"": 0.725}",0.6537396121883656,0.992653810835629,0.6537396121883656,0.8121712997746056,0.9833333333333333,8,250,0.7002881844380403,0.9964539007092199,0.7002881844380403,0.8438438438438438,0.9918367346938776,2,104
2880,hysteresis,"{""high"": 0.825, ""low"": 0.675, ""min_consecutive"": 8}",0.6537396121883656,0.992653810835629,0.6537396121883656,0.8121712997746056,0.9833333333333333,8,250,0.6971428571428572,0.9982174688057041,0.6971428571428572,0.8408408408408409,0.9959183673469387,1,106
2881,consecutive_count,"{""min_consecutive"": 1, ""min_count"": 11, ""threshold"": 0.65}",0.6533149171270718,0.9935602575896965,0.6533149171270718,0.8114199849737039,0.9854166666666667,7,251,0.7002881844380403,0.9964539007092199,0.7002881844380403,0.8438438438438438,0.9918367346938776,2,104
2882,consecutive_count,"{""min_consecutive"": 2, ""min_count"": 11, ""threshold"": 0.65}",0.6533149171270718,0.9935602575896965,0.6533149171270718,0.8114199849737039,0.9854166666666667,7,251,0.7002881844380403,0.9964539007092199,0.7002881844380403,0.8438438438438438,0.9918367346938776,2,104
2883,consecutive_count,"{""min_consecutive"": 3, ""min_count"": 11, ""threshold"": 0.65}",0.6533149171270718,0.9935602575896965,0.6533149171270718,0.8114199849737039,0.9854166666666667,7,251,0.7002881844380403,0.9964539007092199,0.7002881844380403,0.8438438438438438,0.9918367346938776,2,104
2884,consecutive_count,"{""min_consecutive"": 4, ""min_count"": 11, ""threshold"": 0.65}",0.6533149171270718,0.9935602575896965,0.6533149171270718,0.8114199849737039,0.9854166666666667,7,251,0.7002881844380403,0.9964539007092199,0.7002881844380403,0.8438438438438438,0.9918367346938776,2,104
2885,consecutive_count,"{""min_consecutive"": 5, ""min_count"": 11, ""threshold"": 0.65}",0.6533149171270718,0.9935602575896965,0.6533149171270718,0.8114199849737039,0.9854166666666667,7,251,0.7002881844380403,0.9964539007092199,0.7002881844380403,0.8438438438438438,0.9918367346938776,2,104
2886,hysteresis,"{""high"": 0.85, ""low"": 0.7, ""min_consecutive"": 6}",0.6532593619972261,0.9917431192660551,0.6532593619972261,0.8121712997746056,0.98125,9,250,0.6971428571428572,0.9982174688057041,0.6971428571428572,0.8408408408408409,0.9959183673469387,1,106
2887,consecutive_count,"{""min_consecutive"": 1, ""min_count"": 8, ""threshold"": 0.75}",0.6528925619834711,0.9944700460829493,0.6528925619834711,0.8106686701728024,0.9875,6,252,0.6954022988505747,0.9946714031971581,0.6954022988505747,0.8408408408408409,0.9877551020408163,3,106
2888,consecutive_count,"{""min_consecutive"": 2, ""min_count"": 8, ""threshold"": 0.75}",0.6528925619834711,0.9944700460829493,0.6528925619834711,0.8106686701728024,0.9875,6,252,0.6954022988505747,0.9946714031971581,0.6954022988505747,0.8408408408408409,0.9877551020408163,3,106
2889,consecutive_count,"{""min_consecutive"": 3, ""min_count"": 8, ""threshold"": 0.75}",0.6528925619834711,0.9944700460829493,0.6528925619834711,0.8106686701728024,0.9875,6,252,0.6954022988505747,0.9946714031971581,0.6954022988505747,0.8408408408408409,0.9877551020408163,3,106
2890,consecutive_count,"{""min_consecutive"": 6, ""min_count"": 11, ""threshold"": 0.65}",0.6524137931034483,0.9935543278084714,0.6524137931034483,0.8106686701728024,0.9854166666666667,7,252,0.6982758620689655,0.9964476021314387,0.6982758620689655,0.8423423423423423,0.9918367346938776,2,105
2891,consecutive_count,"{""min_consecutive"": 7, ""min_count"": 11, ""threshold"": 0.65}",0.6524137931034483,0.9935543278084714,0.6524137931034483,0.8106686701728024,0.9854166666666667,7,252,0.6962750716332379,0.99644128113879,0.6962750716332379,0.8408408408408409,0.9918367346938776,2,106
2892,consecutive,"{""min_consecutive"": 9, ""threshold"": 0.7}",0.6524137931034483,0.9935543278084714,0.6524137931034483,0.8106686701728024,0.9854166666666667,7,252,0.7034883720930233,0.9947089947089947,0.7034883720930233,0.8468468468468469,0.9877551020408163,3,102
2893,hysteresis,"{""high"": 0.75, ""low"": 0.7, ""min_consecutive"": 9}",0.6524137931034483,0.9935543278084714,0.6524137931034483,0.8106686701728024,0.9854166666666667,7,252,0.7034883720930233,0.9947089947089947,0.7034883720930233,0.8468468468468469,0.9877551020408163,3,102
2894,consecutive_count,"{""min_consecutive"": 1, ""min_count"": 9, ""threshold"": 0.725}",0.6519944979367263,0.9944649446494465,0.6519944979367263,0.8099173553719008,0.9875,6,253,0.7023121387283237,0.9964601769911504,0.7023121387283237,0.8453453453453453,0.9918367346938776,2,103
2895,consecutive_ratio,"{""min_consecutive"": 1, ""min_ratio"": 0.2, ""threshold"": 0.725}",0.6519944979367263,0.9944649446494465,0.6519944979367263,0.8099173553719008,0.9875,6,253,0.7023121387283237,0.9964601769911504,0.7023121387283237,0.8453453453453453,0.9918367346938776,2,103
2896,consecutive_count,"{""min_consecutive"": 2, ""min_count"": 9, ""threshold"": 0.725}",0.6519944979367263,0.9944649446494465,0.6519944979367263,0.8099173553719008,0.9875,6,253,0.7023121387283237,0.9964601769911504,0.7023121387283237,0.8453453453453453,0.9918367346938776,2,103
2897,consecutive_ratio,"{""min_consecutive"": 2, ""min_ratio"": 0.2, ""threshold"": 0.725}",0.6519944979367263,0.9944649446494465,0.6519944979367263,0.8099173553719008,0.9875,6,253,0.7023121387283237,0.9964601769911504,0.7023121387283237,0.8453453453453453,0.9918367346938776,2,103
2898,consecutive_count,"{""min_consecutive"": 3, ""min_count"": 9, ""threshold"": 0.725}",0.6519944979367263,0.9944649446494465,0.6519944979367263,0.8099173553719008,0.9875,6,253,0.7023121387283237,0.9964601769911504,0.7023121387283237,0.8453453453453453,0.9918367346938776,2,103
2899,consecutive_ratio,"{""min_consecutive"": 3, ""min_ratio"": 0.2, ""threshold"": 0.725}",0.6519944979367263,0.9944649446494465,0.6519944979367263,0.8099173553719008,0.9875,6,253,0.7023121387283237,0.9964601769911504,0.7023121387283237,0.8453453453453453,0.9918367346938776,2,103
2900,consecutive_count,"{""min_consecutive"": 4, ""min_count"": 9, ""threshold"": 0.725}",0.6519944979367263,0.9944649446494465,0.6519944979367263,0.8099173553719008,0.9875,6,253,0.7023121387283237,0.9964601769911504,0.7023121387283237,0.8453453453453453,0.9918367346938776,2,103
2901,consecutive_ratio,"{""min_consecutive"": 4, ""min_ratio"": 0.2, ""threshold"": 0.725}",0.6519944979367263,0.9944649446494465,0.6519944979367263,0.8099173553719008,0.9875,6,253,0.7023121387283237,0.9964601769911504,0.7023121387283237,0.8453453453453453,0.9918367346938776,2,103
2902,consecutive_count,"{""min_consecutive"": 4, ""min_count"": 8, ""threshold"": 0.75}",0.6519944979367263,0.9944649446494465,0.6519944979367263,0.8099173553719008,0.9875,6,253,0.6954022988505747,0.9946714031971581,0.6954022988505747,0.8408408408408409,0.9877551020408163,3,106
2903,hysteresis,"{""high"": 0.775, ""low"": 0.725, ""min_consecutive"": 8}",0.6519337016574586,0.9926402943882244,0.6519337016574586,0.8106686701728024,0.9833333333333333,8,252,0.6982758620689655,0.9964476021314387,0.6982758620689655,0.8423423423423423,0.9918367346938776,2,105
2904,hysteresis,"{""high"": 0.8, ""low"": 0.75, ""min_consecutive"": 7}",0.6515151515151515,0.9935483870967742,0.6515151515151515,0.8099173553719008,0.9854166666666667,7,253,0.6931818181818182,0.998211091234347,0.6931818181818182,0.8378378378378378,0.9959183673469387,1,108
2905,consecutive_count,"{""min_consecutive"": 5, ""min_count"": 8, ""threshold"": 0.75}",0.6510989010989011,0.9944598337950139,0.6510989010989011,0.8091660405709993,0.9875,6,254,0.6954022988505747,0.9946714031971581,0.6954022988505747,0.8408408408408409,0.9877551020408163,3,106
2906,hysteresis,"{""high"": 0.825, ""low"": 0.725, ""min_consecutive"": 7}",0.6510344827586206,0.992633517495396,0.6510344827586206,0.8099173553719008,0.9833333333333333,8,253,0.6971428571428572,0.9982174688057041,0.6971428571428572,0.8408408408408409,0.9959183673469387,1,106
2907,hysteresis,"{""high"": 0.825, ""low"": 0.625, ""min_consecutive"": 9}",0.6506189821182944,0.9935424354243543,0.6506189821182944,0.8091660405709993,0.9854166666666667,7,254,0.6951566951566952,0.9982142857142857,0.6951566951566952,0.8393393393393394,0.9959183673469387,1,107
2908,consecutive_count,"{""min_consecutive"": 5, ""min_count"": 9, ""threshold"": 0.725}",0.6502057613168725,0.9944547134935305,0.6502057613168725,0.8084147257700977,0.9875,6,255,0.7023121387283237,0.9964601769911504,0.7023121387283237,0.8453453453453453,0.9918367346938776,2,103
2909,consecutive_ratio,"{""min_consecutive"": 5, ""min_ratio"": 0.2, ""threshold"": 0.725}",0.6502057613168725,0.9944547134935305,0.6502057613168725,0.8084147257700977,0.9875,6,255,0.7023121387283237,0.9964601769911504,0.7023121387283237,0.8453453453453453,0.9918367346938776,2,103
2910,consecutive_count,"{""min_consecutive"": 6, ""min_count"": 9, ""threshold"": 0.725}",0.6502057613168725,0.9944547134935305,0.6502057613168725,0.8084147257700977,0.9875,6,255,0.7023121387283237,0.9964601769911504,0.7023121387283237,0.8453453453453453,0.9918367346938776,2,103
2911,consecutive_ratio,"{""min_consecutive"": 6, ""min_ratio"": 0.2, ""threshold"": 0.725}",0.6502057613168725,0.9944547134935305,0.6502057613168725,0.8084147257700977,0.9875,6,255,0.7023121387283237,0.9964601769911504,0.7023121387283237,0.8453453453453453,0.9918367346938776,2,103
2912,consecutive_count,"{""min_consecutive"": 6, ""min_count"": 8, ""threshold"": 0.75}",0.6502057613168725,0.9944547134935305,0.6502057613168725,0.8084147257700977,0.9875,6,255,0.6914285714285714,0.9946524064171123,0.6914285714285714,0.8378378378378378,0.9877551020408163,3,108
2913,hysteresis,"{""high"": 0.85, ""low"": 0.65, ""min_consecutive"": 7}",0.6492434662998624,0.992619926199262,0.6492434662998624,0.8084147257700977,0.9833333333333333,8,255,0.6931818181818182,0.998211091234347,0.6931818181818182,0.8378378378378378,0.9959183673469387,1,108
2914,consecutive_count,"{""min_consecutive"": 1, ""min_count"": 12, ""threshold"": 0.625}",0.6488340192043895,0.9935304990757856,0.6488340192043895,0.8076634109691961,0.9854166666666667,7,256,0.6903409090909091,0.9964221824686941,0.6903409090909091,0.8363363363363363,0.9918367346938776,2,109
2915,consecutive_count,"{""min_consecutive"": 2, ""min_count"": 12, ""threshold"": 0.625}",0.6488340192043895,0.9935304990757856,0.6488340192043895,0.8076634109691961,0.9854166666666667,7,256,0.6903409090909091,0.9964221824686941,0.6903409090909091,0.8363363363363363,0.9918367346938776,2,109
2916,consecutive_count,"{""min_consecutive"": 3, ""min_count"": 12, ""threshold"": 0.625}",0.6488340192043895,0.9935304990757856,0.6488340192043895,0.8076634109691961,0.9854166666666667,7,256,0.6903409090909091,0.9964221824686941,0.6903409090909091,0.8363363363363363,0.9918367346938776,2,109
2917,consecutive_count,"{""min_consecutive"": 4, ""min_count"": 12, ""threshold"": 0.625}",0.6488340192043895,0.9935304990757856,0.6488340192043895,0.8076634109691961,0.9854166666666667,7,256,0.6903409090909091,0.9964221824686941,0.6903409090909091,0.8363363363363363,0.9918367346938776,2,109
2918,consecutive_count,"{""min_consecutive"": 5, ""min_count"": 12, ""threshold"": 0.625}",0.6488340192043895,0.9935304990757856,0.6488340192043895,0.8076634109691961,0.9854166666666667,7,256,0.6903409090909091,0.9964221824686941,0.6903409090909091,0.8363363363363363,0.9918367346938776,2,109
2919,consecutive_count,"{""min_consecutive"": 7, ""min_count"": 9, ""threshold"": 0.725}",0.6484268125854993,0.9944444444444445,0.6484268125854993,0.8069120961682945,0.9875,6,257,0.6982758620689655,0.9964476021314387,0.6982758620689655,0.8423423423423423,0.9918367346938776,2,105
2920,consecutive_ratio,"{""min_consecutive"": 7, ""min_ratio"": 0.2, ""threshold"": 0.725}",0.6484268125854993,0.9944444444444445,0.6484268125854993,0.8069120961682945,0.9875,6,257,0.6982758620689655,0.9964476021314387,0.6982758620689655,0.8423423423423423,0.9918367346938776,2,105
2921,hysteresis,"{""high"": 0.85, ""low"": 0.8, ""min_consecutive"": 5}",0.6483516483516484,0.9926131117266851,0.6483516483516484,0.8076634109691961,0.9833333333333333,8,256,0.6912181303116147,0.9982078853046595,0.6912181303116147,0.8363363363363363,0.9959183673469387,1,109
2922,consecutive_count,"{""min_consecutive"": 6, ""min_count"": 12, ""threshold"": 0.625}",0.647945205479452,0.9935245143385754,0.647945205479452,0.8069120961682945,0.9854166666666667,7,257,0.6903409090909091,0.9964221824686941,0.6903409090909091,0.8363363363363363,0.9918367346938776,2,109
2923,consecutive_count,"{""min_consecutive"": 7, ""min_count"": 12, ""threshold"": 0.625}",0.647945205479452,0.9935245143385754,0.647945205479452,0.8069120961682945,0.9854166666666667,7,257,0.6903409090909091,0.9964221824686941,0.6903409090909091,0.8363363363363363,0.9918367346938776,2,109
2924,hysteresis,"{""high"": 0.825, ""low"": 0.775, ""min_consecutive"": 6}",0.6474622770919067,0.9926062846580407,0.6474622770919067,0.8069120961682945,0.9833333333333333,8,257,0.6971428571428572,0.9982174688057041,0.6971428571428572,0.8408408408408409,0.9959183673469387,1,106
2925,consecutive,"{""min_consecutive"": 9, ""threshold"": 0.725}",0.6466575716234653,0.9944341372912802,0.6466575716234653,0.8054094665664914,0.9875,6,259,0.6962750716332379,0.99644128113879,0.6962750716332379,0.8408408408408409,0.9918367346938776,2,106
2926,consecutive_count,"{""min_consecutive"": 7, ""min_count"": 8, ""threshold"": 0.75}",0.6466575716234653,0.9944341372912802,0.6466575716234653,0.8054094665664914,0.9875,6,259,0.6903409090909091,0.9964221824686941,0.6903409090909091,0.8363363363363363,0.9918367346938776,2,109
2927,consecutive_count,"{""min_consecutive"": 1, ""min_count"": 11, ""threshold"": 0.675}",0.6457765667574932,0.9944289693593314,0.6457765667574932,0.8046581517655897,0.9875,6,260,0.6845070422535211,0.9964028776978417,0.6845070422535211,0.8318318318318318,0.9918367346938776,2,112
2928,consecutive_count,"{""min_consecutive"": 2, ""min_count"": 11, ""threshold"": 0.675}",0.6457765667574932,0.9944289693593314,0.6457765667574932,0.8046581517655897,0.9875,6,260,0.6845070422535211,0.9964028776978417,0.6845070422535211,0.8318318318318318,0.9918367346938776,2,112
2929,consecutive_count,"{""min_consecutive"": 3, ""min_count"": 11, ""threshold"": 0.675}",0.6457765667574932,0.9944289693593314,0.6457765667574932,0.8046581517655897,0.9875,6,260,0.6845070422535211,0.9964028776978417,0.6845070422535211,0.8318318318318318,0.9918367346938776,2,112
2930,consecutive_count,"{""min_consecutive"": 4, ""min_count"": 11, ""threshold"": 0.675}",0.6457765667574932,0.9944289693593314,0.6457765667574932,0.8046581517655897,0.9875,6,260,0.6845070422535211,0.9964028776978417,0.6845070422535211,0.8318318318318318,0.9918367346938776,2,112
2931,consecutive_count,"{""min_consecutive"": 5, ""min_count"": 11, ""threshold"": 0.675}",0.6457765667574932,0.9944289693593314,0.6457765667574932,0.8046581517655897,0.9875,6,260,0.6845070422535211,0.9964028776978417,0.6845070422535211,0.8318318318318318,0.9918367346938776,2,112
2932,hysteresis,"{""high"": 0.85, ""low"": 0.7, ""min_consecutive"": 7}",0.6456908344733242,0.9925925925925926,0.6456908344733242,0.8054094665664914,0.9833333333333333,8,259,0.6892655367231638,0.9982046678635548,0.6892655367231638,0.8348348348348348,0.9959183673469387,1,110
2933,consecutive_count,"{""min_consecutive"": 6, ""min_count"": 11, ""threshold"": 0.675}",0.6448979591836734,0.9944237918215614,0.6448979591836734,0.8039068369646882,0.9875,6,261,0.6845070422535211,0.9964028776978417,0.6845070422535211,0.8318318318318318,0.9918367346938776,2,112
2934,consecutive_count,"{""min_consecutive"": 7, ""min_count"": 11, ""threshold"": 0.675}",0.6448979591836734,0.9944237918215614,0.6448979591836734,0.8039068369646882,0.9875,6,261,0.6845070422535211,0.9964028776978417,0.6845070422535211,0.8318318318318318,0.9918367346938776,2,112
2935,consecutive_count,"{""min_consecutive"": 1, ""min_count"": 10, ""threshold"": 0.7}",0.6448979591836734,0.9944237918215614,0.6448979591836734,0.8039068369646882,0.9875,6,261,0.6982758620689655,0.9964476021314387,0.6982758620689655,0.8423423423423423,0.9918367346938776,2,105
2936,consecutive_count,"{""min_consecutive"": 2, ""min_count"": 10, ""threshold"": 0.7}",0.6448979591836734,0.9944237918215614,0.6448979591836734,0.8039068369646882,0.9875,6,261,0.6982758620689655,0.9964476021314387,0.6982758620689655,0.8423423423423423,0.9918367346938776,2,105
2937,consecutive_count,"{""min_consecutive"": 3, ""min_count"": 10, ""threshold"": 0.7}",0.6448979591836734,0.9944237918215614,0.6448979591836734,0.8039068369646882,0.9875,6,261,0.6982758620689655,0.9964476021314387,0.6982758620689655,0.8423423423423423,0.9918367346938776,2,105
2938,consecutive_count,"{""min_consecutive"": 4, ""min_count"": 10, ""threshold"": 0.7}",0.6448979591836734,0.9944237918215614,0.6448979591836734,0.8039068369646882,0.9875,6,261,0.6982758620689655,0.9964476021314387,0.6982758620689655,0.8423423423423423,0.9918367346938776,2,105
2939,hysteresis,"{""high"": 0.775, ""low"": 0.725, ""min_consecutive"": 9}",0.6448979591836734,0.9944237918215614,0.6448979591836734,0.8039068369646882,0.9875,6,261,0.6942857142857143,0.9964349376114082,0.6942857142857143,0.8393393393393394,0.9918367346938776,2,107
2940,hysteresis,"{""high"": 0.825, ""low"": 0.675, ""min_consecutive"": 9}",0.6444141689373297,0.9935004642525533,0.6444141689373297,0.8039068369646882,0.9854166666666667,7,261,0.6931818181818182,0.998211091234347,0.6931818181818182,0.8378378378378378,0.9959183673469387,1,108
2941,hysteresis,"{""high"": 0.85, ""low"": 0.75, ""min_consecutive"": 6}",0.6443228454172366,0.9916666666666667,0.6443228454172366,0.8046581517655897,0.98125,9,260,0.6892655367231638,0.9982046678635548,0.6892655367231638,0.8348348348348348,0.9959183673469387,1,110
2942,consecutive_count,"{""min_consecutive"": 5, ""min_count"": 10, ""threshold"": 0.7}",0.6440217391304348,0.9944186046511628,0.6440217391304348,0.8031555221637866,0.9875,6,262,0.6982758620689655,0.9964476021314387,0.6982758620689655,0.8423423423423423,0.9918367346938776,2,105
2943,hysteresis,"{""high"": 0.85, ""low"": 0.65, ""min_consecutive"": 8}",0.6439290586630286,0.9925788497217068,0.6439290586630286,0.8039068369646882,0.9833333333333333,8,261,0.6853932584269663,0.9981981981981982,0.6853932584269663,0.8318318318318318,0.9959183673469387,1,112
2944,hysteresis,"{""high"": 0.8, ""low"": 0.7, ""min_consecutive"": 9}",0.6435374149659864,0.9934944237918215,0.6435374149659864,0.8031555221637866,0.9854166666666667,7,262,0.6942857142857143,0.9964349376114082,0.6942857142857143,0.8393393393393394,0.9918367346938776,2,107
2945,consecutive,"{""min_consecutive"": 8, ""threshold"": 0.75}",0.6431478968792401,0.994413407821229,0.6431478968792401,0.8024042073628851,0.9875,6,263,0.6903409090909091,0.9964221824686941,0.6903409090909091,0.8363363363363363,0.9918367346938776,2,109
2946,consecutive_count,"{""min_consecutive"": 6, ""min_count"": 10, ""threshold"": 0.7}",0.6422764227642277,0.994408201304753,0.6422764227642277,0.8016528925619835,0.9875,6,264,0.6982758620689655,0.9964476021314387,0.6982758620689655,0.8423423423423423,0.9918367346938776,2,105
2947,topk_mean,"{""threshold"": 0.375, ""top_k"": 2}",0.6416666666666667,0.8850267379679144,0.9777777777777777,0.994740796393689,0.6416666666666667,172,7,0.6,0.8710526315789474,0.9735099337748344,0.993993993993994,0.6,98,4
2948,consecutive_count,"{""min_consecutive"": 1, ""min_count"": 12, ""threshold"": 0.65}",0.6414073071718539,0.9944029850746269,0.6414073071718539,0.8009015777610818,0.9875,6,265,0.6796657381615598,0.9981884057971014,0.6796657381615598,0.8273273273273273,0.9959183673469387,1,115
2949,consecutive_count,"{""min_consecutive"": 2, ""min_count"": 12, ""threshold"": 0.65}",0.6414073071718539,0.9944029850746269,0.6414073071718539,0.8009015777610818,0.9875,6,265,0.6796657381615598,0.9981884057971014,0.6796657381615598,0.8273273273273273,0.9959183673469387,1,115
2950,consecutive_count,"{""min_consecutive"": 3, ""min_count"": 12, ""threshold"": 0.65}",0.6414073071718539,0.9944029850746269,0.6414073071718539,0.8009015777610818,0.9875,6,265,0.6796657381615598,0.9981884057971014,0.6796657381615598,0.8273273273273273,0.9959183673469387,1,115
2951,consecutive_count,"{""min_consecutive"": 4, ""min_count"": 12, ""threshold"": 0.65}",0.6414073071718539,0.9944029850746269,0.6414073071718539,0.8009015777610818,0.9875,6,265,0.6796657381615598,0.9981884057971014,0.6796657381615598,0.8273273273273273,0.9959183673469387,1,115
2952,consecutive_count,"{""min_consecutive"": 5, ""min_count"": 12, ""threshold"": 0.65}",0.6414073071718539,0.9944029850746269,0.6414073071718539,0.8009015777610818,0.9875,6,265,0.6796657381615598,0.9981884057971014,0.6796657381615598,0.8273273273273273,0.9959183673469387,1,115
2953,consecutive_count,"{""min_consecutive"": 7, ""min_count"": 10, ""threshold"": 0.7}",0.6414073071718539,0.9944029850746269,0.6414073071718539,0.8009015777610818,0.9875,6,265,0.6962750716332379,0.99644128113879,0.6962750716332379,0.8408408408408409,0.9918367346938776,2,106
2954,consecutive_count,"{""min_consecutive"": 6, ""min_count"": 12, ""threshold"": 0.65}",0.6405405405405405,0.9943977591036415,0.6405405405405405,0.8001502629601803,0.9875,6,266,0.6796657381615598,0.9981884057971014,0.6796657381615598,0.8273273273273273,0.9959183673469387,1,115
2955,consecutive_count,"{""min_consecutive"": 7, ""min_count"": 12, ""threshold"": 0.65}",0.6405405405405405,0.9943977591036415,0.6405405405405405,0.8001502629601803,0.9875,6,266,0.6796657381615598,0.9981884057971014,0.6796657381615598,0.8273273273273273,0.9959183673469387,1,115
2956,hysteresis,"{""high"": 0.825, ""low"": 0.725, ""min_consecutive"": 8}",0.6404341926729986,0.9925512104283054,0.6404341926729986,0.8009015777610818,0.9833333333333333,8,265,0.6873239436619718,0.9982014388489209,0.6873239436619718,0.8333333333333334,0.9959183673469387,1,111
2957,consecutive_count,"{""min_consecutive"": 1, ""min_count"": 9, ""threshold"": 0.75}",0.6396761133603239,0.994392523364486,0.6396761133603239,0.7993989481592787,0.9875,6,267,0.6825842696629213,0.9963963963963964,0.6825842696629213,0.8303303303303303,0.9918367346938776,2,113
2958,consecutive_ratio,"{""min_consecutive"": 1, ""min_ratio"": 0.2, ""threshold"": 0.75}",0.6396761133603239,0.994392523364486,0.6396761133603239,0.7993989481592787,0.9875,6,267,0.6825842696629213,0.9963963963963964,0.6825842696629213,0.8303303303303303,0.9918367346938776,2,113
2959,consecutive_count,"{""min_consecutive"": 2, ""min_count"": 9, ""threshold"": 0.75}",0.6396761133603239,0.994392523364486,0.6396761133603239,0.7993989481592787,0.9875,6,267,0.6825842696629213,0.9963963963963964,0.6825842696629213,0.8303303303303303,0.9918367346938776,2,113
2960,consecutive_ratio,"{""min_consecutive"": 2, ""min_ratio"": 0.2, ""threshold"": 0.75}",0.6396761133603239,0.994392523364486,0.6396761133603239,0.7993989481592787,0.9875,6,267,0.6825842696629213,0.9963963963963964,0.6825842696629213,0.8303303303303303,0.9918367346938776,2,113
2961,consecutive_count,"{""min_consecutive"": 3, ""min_count"": 9, ""threshold"": 0.75}",0.6396761133603239,0.994392523364486,0.6396761133603239,0.7993989481592787,0.9875,6,267,0.6825842696629213,0.9963963963963964,0.6825842696629213,0.8303303303303303,0.9918367346938776,2,113
2962,consecutive_ratio,"{""min_consecutive"": 3, ""min_ratio"": 0.2, ""threshold"": 0.75}",0.6396761133603239,0.994392523364486,0.6396761133603239,0.7993989481592787,0.9875,6,267,0.6825842696629213,0.9963963963963964,0.6825842696629213,0.8303303303303303,0.9918367346938776,2,113
2963,consecutive_count,"{""min_consecutive"": 4, ""min_count"": 9, ""threshold"": 0.75}",0.6388140161725068,0.9943872778297475,0.6388140161725068,0.7986476333583772,0.9875,6,268,0.6825842696629213,0.9963963963963964,0.6825842696629213,0.8303303303303303,0.9918367346938776,2,113
2964,consecutive_ratio,"{""min_consecutive"": 4, ""min_ratio"": 0.2, ""threshold"": 0.75}",0.6388140161725068,0.9943872778297475,0.6388140161725068,0.7986476333583772,0.9875,6,268,0.6825842696629213,0.9963963963963964,0.6825842696629213,0.8303303303303303,0.9918367346938776,2,113
2965,hysteresis,"{""high"": 0.8, ""low"": 0.75, ""min_consecutive"": 8}",0.6388140161725068,0.9943872778297475,0.6388140161725068,0.7986476333583772,0.9875,6,268,0.6873239436619718,0.9982014388489209,0.6873239436619718,0.8333333333333334,0.9959183673469387,1,111
2966,hysteresis,"{""high"": 0.85, ""low"": 0.8, ""min_consecutive"": 6}",0.6384408602150538,0.9953139643861293,0.6384408602150538,0.7978963185574756,0.9895833333333334,5,269,0.6777777777777778,0.9981851179673321,0.6777777777777778,0.8258258258258259,0.9959183673469387,1,116
2967,hysteresis,"{""high"": 0.85, ""low"": 0.75, ""min_consecutive"": 7}",0.6383265856950068,0.9934579439252337,0.6383265856950068,0.7986476333583772,0.9854166666666667,7,268,0.6815642458100558,0.9981916817359855,0.6815642458100558,0.8288288288288288,0.9959183673469387,1,114
2968,hysteresis,"{""high"": 0.85, ""low"": 0.65, ""min_consecutive"": 9}",0.6383265856950068,0.9934579439252337,0.6383265856950068,0.7986476333583772,0.9854166666666667,7,268,0.6815642458100558,0.9981916817359855,0.6815642458100558,0.8288288288288288,0.9959183673469387,1,114
2969,consecutive_count,"{""min_consecutive"": 5, ""min_count"": 9, ""threshold"": 0.75}",0.6379542395693136,0.9943820224719101,0.6379542395693136,0.7978963185574756,0.9875,6,269,0.6825842696629213,0.9963963963963964,0.6825842696629213,0.8303303303303303,0.9918367346938776,2,113
2970,consecutive_ratio,"{""min_consecutive"": 5, ""min_ratio"": 0.2, ""threshold"": 0.75}",0.6379542395693136,0.9943820224719101,0.6379542395693136,0.7978963185574756,0.9875,6,269,0.6825842696629213,0.9963963963963964,0.6825842696629213,0.8303303303303303,0.9918367346938776,2,113
2971,hysteresis,"{""high"": 0.85, ""low"": 0.7, ""min_consecutive"": 8}",0.6378378378378379,0.992530345471522,0.6378378378378379,0.7986476333583772,0.9833333333333333,8,268,0.6796657381615598,0.9981884057971014,0.6796657381615598,0.8273273273273273,0.9959183673469387,1,115
2972,consecutive_count,"{""min_consecutive"": 6, ""min_count"": 9, ""threshold"": 0.75}",0.6370967741935484,0.9943767572633552,0.6370967741935484,0.797145003756574,0.9875,6,270,0.680672268907563,0.9963898916967509,0.680672268907563,0.8288288288288288,0.9918367346938776,2,114
2973,consecutive_ratio,"{""min_consecutive"": 6, ""min_ratio"": 0.2, ""threshold"": 0.75}",0.6370967741935484,0.9943767572633552,0.6370967741935484,0.797145003756574,0.9875,6,270,0.680672268907563,0.9963898916967509,0.680672268907563,0.8288288288288288,0.9918367346938776,2,114
2974,consecutive_count,"{""min_consecutive"": 1, ""min_count"": 10, ""threshold"": 0.725}",0.636241610738255,0.9943714821763602,0.636241610738255,0.7963936889556724,0.9875,6,271,0.6864406779661016,0.9964093357271095,0.6864406779661016,0.8333333333333334,0.9918367346938776,2,111
2975,consecutive_count,"{""min_consecutive"": 2, ""min_count"": 10, ""threshold"": 0.725}",0.636241610738255,0.9943714821763602,0.636241610738255,0.7963936889556724,0.9875,6,271,0.6864406779661016,0.9964093357271095,0.6864406779661016,0.8333333333333334,0.9918367346938776,2,111
2976,consecutive_count,"{""min_consecutive"": 3, ""min_count"": 10, ""threshold"": 0.725}",0.636241610738255,0.9943714821763602,0.636241610738255,0.7963936889556724,0.9875,6,271,0.6864406779661016,0.9964093357271095,0.6864406779661016,0.8333333333333334,0.9918367346938776,2,111
2977,consecutive_count,"{""min_consecutive"": 4, ""min_count"": 10, ""threshold"": 0.725}",0.636241610738255,0.9943714821763602,0.636241610738255,0.7963936889556724,0.9875,6,271,0.6864406779661016,0.9964093357271095,0.6864406779661016,0.8333333333333334,0.9918367346938776,2,111
2978,hysteresis,"{""high"": 0.825, ""low"": 0.775, ""min_consecutive"": 7}",0.636241610738255,0.9943714821763602,0.636241610738255,0.7963936889556724,0.9875,6,271,0.6912181303116147,0.9982078853046595,0.6912181303116147,0.8363363363363363,0.9959183673469387,1,109
2979,topk_mean,"{""threshold"": 0.35, ""top_k"": 4}",0.6354166666666666,0.883177570093458,0.9744408945686901,0.9939894815927873,0.6354166666666666,175,8,0.5959183673469388,0.8699080157687253,0.9733333333333334,0.993993993993994,0.5959183673469388,99,4
2980,consecutive_count,"{""min_consecutive"": 5, ""min_count"": 10, ""threshold"": 0.725}",0.6345381526104418,0.9943609022556391,0.6345381526104418,0.7948910593538693,0.9875,6,273,0.6864406779661016,0.9964093357271095,0.6864406779661016,0.8333333333333334,0.9918367346938776,2,111
2981,consecutive_count,"{""min_consecutive"": 6, ""min_count"": 10, ""threshold"": 0.725}",0.6345381526104418,0.9943609022556391,0.6345381526104418,0.7948910593538693,0.9875,6,273,0.6864406779661016,0.9964093357271095,0.6864406779661016,0.8333333333333334,0.9918367346938776,2,111
2982,hysteresis,"{""high"": 0.825, ""low"": 0.725, ""min_consecutive"": 9}",0.6345381526104418,0.9943609022556391,0.6345381526104418,0.7948910593538693,0.9875,6,273,0.6834733893557423,0.9981949458483754,0.6834733893557423,0.8303303303303303,0.9959183673469387,1,113
2983,consecutive_count,"{""min_consecutive"": 7, ""min_count"": 9, ""threshold"": 0.75}",0.6336898395721925,0.9943555973659455,0.6336898395721925,0.7941397445529677,0.9875,6,274,0.680672268907563,0.9963898916967509,0.680672268907563,0.8288288288288288,0.9918367346938776,2,114
2984,consecutive_ratio,"{""min_consecutive"": 7, ""min_ratio"": 0.2, ""threshold"": 0.75}",0.6336898395721925,0.9943555973659455,0.6336898395721925,0.7941397445529677,0.9875,6,274,0.680672268907563,0.9963898916967509,0.680672268907563,0.8288288288288288,0.9918367346938776,2,114
2985,consecutive_count,"{""min_consecutive"": 7, ""min_count"": 10, ""threshold"": 0.725}",0.6328437917222964,0.9943502824858758,0.6328437917222964,0.7933884297520661,0.9875,6,275,0.6845070422535211,0.9964028776978417,0.6845070422535211,0.8318318318318318,0.9918367346938776,2,112
2986,hysteresis,"{""high"": 0.85, ""low"": 0.8, ""min_consecutive"": 7}",0.6308100929614874,0.995274102079395,0.6308100929614874,0.7911344853493614,0.9895833333333334,5,278,0.6721763085399449,0.9981751824817519,0.6721763085399449,0.8213213213213213,0.9959183673469387,1,119
2987,hysteresis,"{""high"": 0.85, ""low"": 0.7, ""min_consecutive"": 9}",0.6306666666666667,0.9934024505183789,0.6306666666666667,0.791885800150263,0.9854166666666667,7,277,0.6777777777777778,0.9981851179673321,0.6777777777777778,0.8258258258258259,0.9959183673469387,1,116
2988,consecutive_count,"{""min_consecutive"": 1, ""min_count"": 11, ""threshold"": 0.7}",0.6303191489361702,0.9943342776203966,0.6303191489361702,0.7911344853493614,0.9875,6,278,0.6787709497206704,0.9963833634719711,0.6787709497206704,0.8273273273273273,0.9918367346938776,2,115
2989,consecutive_count,"{""min_consecutive"": 2, ""min_count"": 11, ""threshold"": 0.7}",0.6303191489361702,0.9943342776203966,0.6303191489361702,0.7911344853493614,0.9875,6,278,0.6787709497206704,0.9963833634719711,0.6787709497206704,0.8273273273273273,0.9918367346938776,2,115
2990,consecutive_count,"{""min_consecutive"": 3, ""min_count"": 11, ""threshold"": 0.7}",0.6303191489361702,0.9943342776203966,0.6303191489361702,0.7911344853493614,0.9875,6,278,0.6787709497206704,0.9963833634719711,0.6787709497206704,0.8273273273273273,0.9918367346938776,2,115
2991,consecutive_count,"{""min_consecutive"": 4, ""min_count"": 11, ""threshold"": 0.7}",0.6303191489361702,0.9943342776203966,0.6303191489361702,0.7911344853493614,0.9875,6,278,0.6787709497206704,0.9963833634719711,0.6787709497206704,0.8273273273273273,0.9918367346938776,2,115
2992,consecutive_count,"{""min_consecutive"": 5, ""min_count"": 11, ""threshold"": 0.7}",0.6303191489361702,0.9943342776203966,0.6303191489361702,0.7911344853493614,0.9875,6,278,0.6787709497206704,0.9963833634719711,0.6787709497206704,0.8273273273273273,0.9918367346938776,2,115
2993,consecutive,"{""min_consecutive"": 9, ""threshold"": 0.75}",0.6303191489361702,0.9943342776203966,0.6303191489361702,0.7911344853493614,0.9875,6,278,0.6768802228412256,0.9963768115942029,0.6768802228412256,0.8258258258258259,0.9918367346938776,2,116
2994,hysteresis,"{""high"": 0.85, ""low"": 0.75, ""min_consecutive"": 8}",0.6303191489361702,0.9943342776203966,0.6303191489361702,0.7911344853493614,0.9875,6,278,0.6759002770083102,0.9981818181818182,0.6759002770083102,0.8243243243243243,0.9959183673469387,1,117
2995,hysteresis,"{""high"": 0.825, ""low"": 0.775, ""min_consecutive"": 8}",0.6294820717131474,0.994328922495274,0.6294820717131474,0.7903831705484599,0.9875,6,279,0.6759002770083102,0.9981818181818182,0.6759002770083102,0.8243243243243243,0.9959183673469387,1,117
2996,consecutive_count,"{""min_consecutive"": 1, ""min_count"": 12, ""threshold"": 0.675}",0.6286472148541115,0.9943235572374646,0.6286472148541115,0.7896318557475582,0.9875,6,280,0.6759002770083102,0.9981818181818182,0.6759002770083102,0.8243243243243243,0.9959183673469387,1,117
2997,consecutive_count,"{""min_consecutive"": 2, ""min_count"": 12, ""threshold"": 0.675}",0.6286472148541115,0.9943235572374646,0.6286472148541115,0.7896318557475582,0.9875,6,280,0.6759002770083102,0.9981818181818182,0.6759002770083102,0.8243243243243243,0.9959183673469387,1,117
2998,consecutive_count,"{""min_consecutive"": 3, ""min_count"": 12, ""threshold"": 0.675}",0.6286472148541115,0.9943235572374646,0.6286472148541115,0.7896318557475582,0.9875,6,280,0.6759002770083102,0.9981818181818182,0.6759002770083102,0.8243243243243243,0.9959183673469387,1,117
2999,consecutive_count,"{""min_consecutive"": 4, ""min_count"": 12, ""threshold"": 0.675}",0.6286472148541115,0.9943235572374646,0.6286472148541115,0.7896318557475582,0.9875,6,280,0.6759002770083102,0.9981818181818182,0.6759002770083102,0.8243243243243243,0.9959183673469387,1,117
3000,consecutive_count,"{""min_consecutive"": 5, ""min_count"": 12, ""threshold"": 0.675}",0.6286472148541115,0.9943235572374646,0.6286472148541115,0.7896318557475582,0.9875,6,280,0.6759002770083102,0.9981818181818182,0.6759002770083102,0.8243243243243243,0.9959183673469387,1,117
3001,consecutive_count,"{""min_consecutive"": 6, ""min_count"": 12, ""threshold"": 0.675}",0.6286472148541115,0.9943235572374646,0.6286472148541115,0.7896318557475582,0.9875,6,280,0.6759002770083102,0.9981818181818182,0.6759002770083102,0.8243243243243243,0.9959183673469387,1,117
3002,consecutive_count,"{""min_consecutive"": 7, ""min_count"": 12, ""threshold"": 0.675}",0.6286472148541115,0.9943235572374646,0.6286472148541115,0.7896318557475582,0.9875,6,280,0.6759002770083102,0.9981818181818182,0.6759002770083102,0.8243243243243243,0.9959183673469387,1,117
3003,consecutive_count,"{""min_consecutive"": 6, ""min_count"": 11, ""threshold"": 0.7}",0.6286472148541115,0.9943235572374646,0.6286472148541115,0.7896318557475582,0.9875,6,280,0.6787709497206704,0.9963833634719711,0.6787709497206704,0.8273273273273273,0.9918367346938776,2,115
3004,hysteresis,"{""high"": 0.8, ""low"": 0.75, ""min_consecutive"": 9}",0.6286472148541115,0.9943235572374646,0.6286472148541115,0.7896318557475582,0.9875,6,280,0.6740331491712708,0.9981785063752276,0.6740331491712708,0.8228228228228228,0.9959183673469387,1,118
3005,consecutive_count,"{""min_consecutive"": 7, ""min_count"": 11, ""threshold"": 0.7}",0.6278145695364239,0.9943181818181818,0.6278145695364239,0.7888805409466566,0.9875,6,281,0.6787709497206704,0.9963833634719711,0.6787709497206704,0.8273273273273273,0.9918367346938776,2,115
3006,consecutive_count,"{""min_consecutive"": 1, ""min_count"": 10, ""threshold"": 0.75}",0.6236842105263158,0.994291151284491,0.6236842105263158,0.7851239669421488,0.9875,6,286,0.6712707182320442,0.9963570127504554,0.6712707182320442,0.8213213213213213,0.9918367346938776,2,119
3007,consecutive_count,"{""min_consecutive"": 2, ""min_count"": 10, ""threshold"": 0.75}",0.6236842105263158,0.994291151284491,0.6236842105263158,0.7851239669421488,0.9875,6,286,0.6712707182320442,0.9963570127504554,0.6712707182320442,0.8213213213213213,0.9918367346938776,2,119
3008,consecutive_count,"{""min_consecutive"": 3, ""min_count"": 10, ""threshold"": 0.75}",0.6236842105263158,0.994291151284491,0.6236842105263158,0.7851239669421488,0.9875,6,286,0.6712707182320442,0.9963570127504554,0.6712707182320442,0.8213213213213213,0.9918367346938776,2,119
3009,consecutive_count,"{""min_consecutive"": 4, ""min_count"": 10, ""threshold"": 0.75}",0.6236842105263158,0.994291151284491,0.6236842105263158,0.7851239669421488,0.9875,6,286,0.6712707182320442,0.9963570127504554,0.6712707182320442,0.8213213213213213,0.9918367346938776,2,119
3010,consecutive_count,"{""min_consecutive"": 5, ""min_count"": 10, ""threshold"": 0.75}",0.6236842105263158,0.994291151284491,0.6236842105263158,0.7851239669421488,0.9875,6,286,0.6712707182320442,0.9963570127504554,0.6712707182320442,0.8213213213213213,0.9918367346938776,2,119
3011,consecutive_count,"{""min_consecutive"": 6, ""min_count"": 10, ""threshold"": 0.75}",0.6228646517739816,0.9942857142857143,0.6228646517739816,0.7843726521412472,0.9875,6,287,0.6694214876033058,0.9963503649635036,0.6694214876033058,0.8198198198198198,0.9918367346938776,2,120
3012,consecutive_count,"{""min_consecutive"": 1, ""min_count"": 11, ""threshold"": 0.725}",0.6220472440944882,0.994280266920877,0.6220472440944882,0.7836213373403456,0.9875,6,288,0.6657534246575343,0.9963369963369964,0.6657534246575343,0.8168168168168168,0.9918367346938776,2,122
3013,consecutive_count,"{""min_consecutive"": 2, ""min_count"": 11, ""threshold"": 0.725}",0.6220472440944882,0.994280266920877,0.6220472440944882,0.7836213373403456,0.9875,6,288,0.6657534246575343,0.9963369963369964,0.6657534246575343,0.8168168168168168,0.9918367346938776,2,122
3014,consecutive_count,"{""min_consecutive"": 3, ""min_count"": 11, ""threshold"": 0.725}",0.6220472440944882,0.994280266920877,0.6220472440944882,0.7836213373403456,0.9875,6,288,0.6657534246575343,0.9963369963369964,0.6657534246575343,0.8168168168168168,0.9918367346938776,2,122
3015,consecutive_count,"{""min_consecutive"": 4, ""min_count"": 11, ""threshold"": 0.725}",0.6220472440944882,0.994280266920877,0.6220472440944882,0.7836213373403456,0.9875,6,288,0.6657534246575343,0.9963369963369964,0.6657534246575343,0.8168168168168168,0.9918367346938776,2,122
3016,hysteresis,"{""high"": 0.85, ""low"": 0.8, ""min_consecutive"": 8}",0.6217277486910995,0.9952244508118434,0.6217277486910995,0.782870022539444,0.9895833333333334,5,289,0.6594594594594595,0.9981515711645101,0.6594594594594595,0.8108108108108109,0.9959183673469387,1,126
3017,consecutive_count,"{""min_consecutive"": 5, ""min_count"": 11, ""threshold"": 0.725}",0.6212319790301442,0.9942748091603053,0.6212319790301442,0.782870022539444,0.9875,6,289,0.6657534246575343,0.9963369963369964,0.6657534246575343,0.8168168168168168,0.9918367346938776,2,122
3018,consecutive_count,"{""min_consecutive"": 6, ""min_count"": 11, ""threshold"": 0.725}",0.6212319790301442,0.9942748091603053,0.6212319790301442,0.782870022539444,0.9875,6,289,0.6657534246575343,0.9963369963369964,0.6657534246575343,0.8168168168168168,0.9918367346938776,2,122
3019,consecutive_count,"{""min_consecutive"": 7, ""min_count"": 10, ""threshold"": 0.75}",0.6212319790301442,0.9942748091603053,0.6212319790301442,0.782870022539444,0.9875,6,289,0.6694214876033058,0.9963503649635036,0.6694214876033058,0.8198198198198198,0.9918367346938776,2,120
3020,hysteresis,"{""high"": 0.85, ""low"": 0.75, ""min_consecutive"": 9}",0.6212319790301442,0.9942748091603053,0.6212319790301442,0.782870022539444,0.9875,6,289,0.6684931506849315,0.9981684981684982,0.6684931506849315,0.8183183183183184,0.9959183673469387,1,121
3021,consecutive_count,"{""min_consecutive"": 7, ""min_count"": 11, ""threshold"": 0.725}",0.6204188481675392,0.994269340974212,0.6204188481675392,0.7821187077385424,0.9875,6,290,0.6639344262295082,0.9963302752293578,0.6639344262295082,0.8153153153153153,0.9918367346938776,2,123
3022,consecutive,"{""min_consecutive"": 2, ""threshold"": 0.35}",0.61875,0.8784860557768924,0.9737704918032787,0.9939894815927873,0.61875,183,8,0.5795918367346938,0.865359477124183,0.9726027397260274,0.993993993993994,0.5795918367346938,103,4
3023,consecutive_count,"{""min_consecutive"": 2, ""min_count"": 2, ""threshold"": 0.35}",0.61875,0.8784860557768924,0.9737704918032787,0.9939894815927873,0.61875,183,8,0.5795918367346938,0.865359477124183,0.9726027397260274,0.993993993993994,0.5795918367346938,103,4
3024,consecutive_ratio,"{""min_consecutive"": 2, ""min_ratio"": 0.03, ""threshold"": 0.35}",0.61875,0.8784860557768924,0.9737704918032787,0.9939894815927873,0.61875,183,8,0.5795918367346938,0.865359477124183,0.9726027397260274,0.993993993993994,0.5795918367346938,103,4
3025,consecutive_count,"{""min_consecutive"": 1, ""min_count"": 12, ""threshold"": 0.7}",0.6179921773142112,0.9942528735632183,0.6179921773142112,0.7798647633358378,0.9875,6,293,0.6684931506849315,0.9981684981684982,0.6684931506849315,0.8183183183183184,0.9959183673469387,1,121
3026,consecutive_count,"{""min_consecutive"": 2, ""min_count"": 12, ""threshold"": 0.7}",0.6179921773142112,0.9942528735632183,0.6179921773142112,0.7798647633358378,0.9875,6,293,0.6684931506849315,0.9981684981684982,0.6684931506849315,0.8183183183183184,0.9959183673469387,1,121
3027,consecutive_count,"{""min_consecutive"": 3, ""min_count"": 12, ""threshold"": 0.7}",0.6179921773142112,0.9942528735632183,0.6179921773142112,0.7798647633358378,0.9875,6,293,0.6684931506849315,0.9981684981684982,0.6684931506849315,0.8183183183183184,0.9959183673469387,1,121
3028,consecutive_count,"{""min_consecutive"": 4, ""min_count"": 12, ""threshold"": 0.7}",0.6179921773142112,0.9942528735632183,0.6179921773142112,0.7798647633358378,0.9875,6,293,0.6684931506849315,0.9981684981684982,0.6684931506849315,0.8183183183183184,0.9959183673469387,1,121
3029,consecutive_count,"{""min_consecutive"": 5, ""min_count"": 12, ""threshold"": 0.7}",0.6179921773142112,0.9942528735632183,0.6179921773142112,0.7798647633358378,0.9875,6,293,0.6684931506849315,0.9981684981684982,0.6684931506849315,0.8183183183183184,0.9959183673469387,1,121
3030,consecutive_count,"{""min_consecutive"": 6, ""min_count"": 12, ""threshold"": 0.7}",0.6171875,0.9942473633748802,0.6171875,0.7791134485349361,0.9875,6,294,0.6684931506849315,0.9981684981684982,0.6684931506849315,0.8183183183183184,0.9959183673469387,1,121
3031,consecutive_count,"{""min_consecutive"": 7, ""min_count"": 12, ""threshold"": 0.7}",0.6171875,0.9942473633748802,0.6171875,0.7791134485349361,0.9875,6,294,0.6684931506849315,0.9981684981684982,0.6684931506849315,0.8183183183183184,0.9959183673469387,1,121
3032,hysteresis,"{""high"": 0.825, ""low"": 0.775, ""min_consecutive"": 9}",0.6171875,0.9942473633748802,0.6171875,0.7791134485349361,0.9875,6,294,0.6684931506849315,0.9981684981684982,0.6684931506849315,0.8183183183183184,0.9959183673469387,1,121
3033,consecutive_count,"{""min_consecutive"": 1, ""min_count"": 2, ""threshold"": 0.35}",0.6125,0.8768211920529801,0.9767441860465116,0.994740796393689,0.6125,186,7,0.5755102040816327,0.864406779661017,0.9791666666666666,0.9954954954954955,0.5755102040816327,104,3
3034,consecutive_ratio,"{""min_consecutive"": 1, ""min_ratio"": 0.03, ""threshold"": 0.35}",0.6125,0.8768211920529801,0.9767441860465116,0.994740796393689,0.6125,186,7,0.5755102040816327,0.864406779661017,0.9791666666666666,0.9954954954954955,0.5755102040816327,104,3
3035,consecutive,"{""min_consecutive"": 1, ""threshold"": 0.375}",0.6125,0.8768211920529801,0.9767441860465116,0.994740796393689,0.6125,186,7,0.5795918367346938,0.8655352480417755,0.9793103448275862,0.9954954954954955,0.5795918367346938,103,3
3036,topk_mean,"{""threshold"": 0.35, ""top_k"": 3}",0.6104166666666667,0.876158940397351,0.973421926910299,0.9939894815927873,0.6104166666666667,187,8,0.5714285714285714,0.86328125,0.9790209790209791,0.9954954954954955,0.5714285714285714,105,3
3037,consecutive_count,"{""min_consecutive"": 1, ""min_count"": 11, ""threshold"": 0.75}",0.609254498714653,0.9941916747337851,0.609254498714653,0.7716003005259203,0.9875,6,304,0.6541554959785523,0.9981412639405205,0.6541554959785523,0.8063063063063063,0.9959183673469387,1,129
3038,consecutive_count,"{""min_consecutive"": 2, ""min_count"": 11, ""threshold"": 0.75}",0.609254498714653,0.9941916747337851,0.609254498714653,0.7716003005259203,0.9875,6,304,0.6541554959785523,0.9981412639405205,0.6541554959785523,0.8063063063063063,0.9959183673469387,1,129
3039,consecutive_count,"{""min_consecutive"": 3, ""min_count"": 11, ""threshold"": 0.75}",0.609254498714653,0.9941916747337851,0.609254498714653,0.7716003005259203,0.9875,6,304,0.6541554959785523,0.9981412639405205,0.6541554959785523,0.8063063063063063,0.9959183673469387,1,129
3040,consecutive_count,"{""min_consecutive"": 4, ""min_count"": 11, ""threshold"": 0.75}",0.609254498714653,0.9941916747337851,0.609254498714653,0.7716003005259203,0.9875,6,304,0.6541554959785523,0.9981412639405205,0.6541554959785523,0.8063063063063063,0.9959183673469387,1,129
3041,consecutive_count,"{""min_consecutive"": 5, ""min_count"": 11, ""threshold"": 0.75}",0.609254498714653,0.9941916747337851,0.609254498714653,0.7716003005259203,0.9875,6,304,0.6541554959785523,0.9981412639405205,0.6541554959785523,0.8063063063063063,0.9959183673469387,1,129
3042,consecutive_count,"{""min_consecutive"": 6, ""min_count"": 11, ""threshold"": 0.75}",0.6084724005134788,0.9941860465116279,0.6084724005134788,0.7708489857250188,0.9875,6,305,0.6541554959785523,0.9981412639405205,0.6541554959785523,0.8063063063063063,0.9959183673469387,1,129
3043,consecutive_count,"{""min_consecutive"": 7, ""min_count"": 11, ""threshold"": 0.75}",0.6069142125480154,0.9941747572815534,0.6069142125480154,0.7693463561232157,0.9875,6,307,0.6541554959785523,0.9981412639405205,0.6541554959785523,0.8063063063063063,0.9959183673469387,1,129
3044,consecutive_count,"{""min_consecutive"": 1, ""min_count"": 12, ""threshold"": 0.725}",0.6061381074168798,0.9941690962099126,0.6061381074168798,0.768595041322314,0.9875,6,308,0.6524064171122995,0.9981378026070763,0.6524064171122995,0.8048048048048048,0.9959183673469387,1,130
3045,consecutive_count,"{""min_consecutive"": 2, ""min_count"": 12, ""threshold"": 0.725}",0.6061381074168798,0.9941690962099126,0.6061381074168798,0.768595041322314,0.9875,6,308,0.6524064171122995,0.9981378026070763,0.6524064171122995,0.8048048048048048,0.9959183673469387,1,130
3046,consecutive_count,"{""min_consecutive"": 3, ""min_count"": 12, ""threshold"": 0.725}",0.6061381074168798,0.9941690962099126,0.6061381074168798,0.768595041322314,0.9875,6,308,0.6524064171122995,0.9981378026070763,0.6524064171122995,0.8048048048048048,0.9959183673469387,1,130
3047,consecutive_count,"{""min_consecutive"": 4, ""min_count"": 12, ""threshold"": 0.725}",0.6061381074168798,0.9941690962099126,0.6061381074168798,0.768595041322314,0.9875,6,308,0.6524064171122995,0.9981378026070763,0.6524064171122995,0.8048048048048048,0.9959183673469387,1,130
3048,consecutive_count,"{""min_consecutive"": 5, ""min_count"": 12, ""threshold"": 0.725}",0.6061381074168798,0.9941690962099126,0.6061381074168798,0.768595041322314,0.9875,6,308,0.6524064171122995,0.9981378026070763,0.6524064171122995,0.8048048048048048,0.9959183673469387,1,130
3049,consecutive_count,"{""min_consecutive"": 6, ""min_count"": 12, ""threshold"": 0.725}",0.6061381074168798,0.9941690962099126,0.6061381074168798,0.768595041322314,0.9875,6,308,0.6524064171122995,0.9981378026070763,0.6524064171122995,0.8048048048048048,0.9959183673469387,1,130
3050,consecutive_count,"{""min_consecutive"": 7, ""min_count"": 12, ""threshold"": 0.725}",0.6053639846743295,0.9941634241245136,0.6053639846743295,0.7678437265214124,0.9875,6,309,0.6506666666666666,0.9981343283582089,0.6506666666666666,0.8033033033033034,0.9959183673469387,1,131
3051,hysteresis,"{""high"": 0.85, ""low"": 0.8, ""min_consecutive"": 9}",0.6020278833967047,0.9951076320939335,0.6020278833967047,0.7640871525169046,0.9895833333333334,5,314,0.6472148541114059,0.99812734082397,0.6472148541114059,0.8003003003003003,0.9959183673469387,1,133
3052,consecutive_count,"{""min_consecutive"": 1, ""min_count"": 12, ""threshold"": 0.75}",0.5977301387137453,0.9941060903732809,0.5977301387137453,0.7603305785123967,0.9875,6,319,0.6455026455026455,0.99812382739212,0.6455026455026455,0.7987987987987988,0.9959183673469387,1,134
3053,consecutive_count,"{""min_consecutive"": 2, ""min_count"": 12, ""threshold"": 0.75}",0.5977301387137453,0.9941060903732809,0.5977301387137453,0.7603305785123967,0.9875,6,319,0.6455026455026455,0.99812382739212,0.6455026455026455,0.7987987987987988,0.9959183673469387,1,134
3054,consecutive_count,"{""min_consecutive"": 3, ""min_count"": 12, ""threshold"": 0.75}",0.5977301387137453,0.9941060903732809,0.5977301387137453,0.7603305785123967,0.9875,6,319,0.6455026455026455,0.99812382739212,0.6455026455026455,0.7987987987987988,0.9959183673469387,1,134
3055,consecutive_count,"{""min_consecutive"": 4, ""min_count"": 12, ""threshold"": 0.75}",0.5977301387137453,0.9941060903732809,0.5977301387137453,0.7603305785123967,0.9875,6,319,0.6455026455026455,0.99812382739212,0.6455026455026455,0.7987987987987988,0.9959183673469387,1,134
3056,consecutive_count,"{""min_consecutive"": 5, ""min_count"": 12, ""threshold"": 0.75}",0.5977301387137453,0.9941060903732809,0.5977301387137453,0.7603305785123967,0.9875,6,319,0.6455026455026455,0.99812382739212,0.6455026455026455,0.7987987987987988,0.9959183673469387,1,134
3057,consecutive_count,"{""min_consecutive"": 6, ""min_count"": 12, ""threshold"": 0.75}",0.5977301387137453,0.9941060903732809,0.5977301387137453,0.7603305785123967,0.9875,6,319,0.6455026455026455,0.99812382739212,0.6455026455026455,0.7987987987987988,0.9959183673469387,1,134
3058,consecutive_count,"{""min_consecutive"": 7, ""min_count"": 12, ""threshold"": 0.75}",0.5969773299748111,0.9941002949852508,0.5969773299748111,0.7595792637114951,0.9875,6,320,0.6455026455026455,0.99812382739212,0.6455026455026455,0.7987987987987988,0.9959183673469387,1,134
3059,topk_mean,"{""threshold"": 0.35, ""top_k"": 2}",0.5854166666666667,0.8694225721784777,0.9790940766550522,0.9954921111945906,0.5854166666666667,199,6,0.5551020408163265,0.8588082901554405,0.9784172661870504,0.9954954954954955,0.5551020408163265,109,3
3060,consecutive,"{""min_consecutive"": 1, ""threshold"": 0.35}",0.5458333333333333,0.8588996763754045,0.9849624060150376,0.9969947407963937,0.5458333333333333,218,4,0.5510204081632653,0.8576972833117723,0.9782608695652174,0.9954954954954955,0.5510204081632653,110,3
