[2026-05-15 10:23:53] === Part A: TFLite INT8 재수출 ===
[2026-05-15 10:23:53] REEXPORT P5-v02 (results/gru_phase5_compact)
WARNING: All log messages before absl::InitializeLog() is called are written to STDERR
I0000 00:00:1778808234.120389 3278967 cpu_feature_guard.cc:227] This TensorFlow binary is optimized to use available CPU instructions in performance-critical operations.
To enable the following instructions: AVX2 FMA, in other operations, rebuild TensorFlow with the appropriate compiler flags.

[P5-v02]
  Loading model.keras ...
E0000 00:00:1778808236.027337 3278967 cuda_platform.cc:52] failed call to cuInit: INTERNAL: CUDA error: Failed call to cuInit: CUDA_ERROR_NO_DEVICE: no CUDA-capable device is detected
I0000 00:00:1778808236.027359 3278967 cuda_diagnostics.cc:160] env: CUDA_VISIBLE_DEVICES=""
I0000 00:00:1778808236.027366 3278967 cuda_diagnostics.cc:163] CUDA_VISIBLE_DEVICES is set to an empty string - this hides all GPUs from CUDA
I0000 00:00:1778808236.027375 3278967 cuda_diagnostics.cc:171] verbose logging is disabled. Rerun with verbose logging (usually --v=1 or --vmodule=cuda_diagnostics=1) to get more diagnostic output from this module
I0000 00:00:1778808236.027377 3278967 cuda_diagnostics.cc:176] retrieving CUDA diagnostic information for host: min-B550M-Phantom-Gaming-4
I0000 00:00:1778808236.027379 3278967 cuda_diagnostics.cc:183] hostname: min-B550M-Phantom-Gaming-4
I0000 00:00:1778808236.027446 3278967 cuda_diagnostics.cc:190] libcuda reported version is: 580.142.0
I0000 00:00:1778808236.027460 3278967 cuda_diagnostics.cc:194] kernel reported version is: 580.142.0
I0000 00:00:1778808236.027462 3278967 cuda_diagnostics.cc:284] kernel version seems to match DSO: 580.142.0
Traceback (most recent call last):
  File "/home/min/Workspace/Graduate-Project/Falling-Model-Development/scripts/util/reexport_tflite.py", line 159, in <module>
    main()
    ~~~~^^
  File "/home/min/Workspace/Graduate-Project/Falling-Model-Development/scripts/util/reexport_tflite.py", line 153, in main
    reexport(exp_dir, args.representative_samples)
    ~~~~~~~~^^^^^^^^^^^^^^^^^^^^^^^^^^^^^^^^^^^^^^
  File "/home/min/Workspace/Graduate-Project/Falling-Model-Development/scripts/util/reexport_tflite.py", line 43, in reexport
    model = tf.keras.models.load_model(str(keras_path))
  File "/home/min/Workspace/Graduate-Project/Falling-Model-Development/.venv/lib/python3.13/site-packages/keras/src/saving/saving_api.py", line 189, in load_model
    return saving_lib.load_model(
           ~~~~~~~~~~~~~~~~~~~~~^
        filepath,
        ^^^^^^^^^
    ...<2 lines>...
        safe_mode=safe_mode,
        ^^^^^^^^^^^^^^^^^^^^
    )
    ^
  File "/home/min/Workspace/Graduate-Project/Falling-Model-Development/.venv/lib/python3.13/site-packages/keras/src/saving/saving_lib.py", line 365, in load_model
    return _load_model_from_fileobj(
        f, custom_objects, compile, safe_mode
    )
  File "/home/min/Workspace/Graduate-Project/Falling-Model-Development/.venv/lib/python3.13/site-packages/keras/src/saving/saving_lib.py", line 442, in _load_model_from_fileobj
    model = _model_from_config(
        config_json, custom_objects, compile, safe_mode
    )
  File "/home/min/Workspace/Graduate-Project/Falling-Model-Development/.venv/lib/python3.13/site-packages/keras/src/saving/saving_lib.py", line 431, in _model_from_config
    model = deserialize_keras_object(
        config_dict, custom_objects, safe_mode=safe_mode
    )
  File "/home/min/Workspace/Graduate-Project/Falling-Model-Development/.venv/lib/python3.13/site-packages/keras/src/saving/serialization_lib.py", line 749, in deserialize_keras_object
    instance.compile_from_config(compile_config)
    ~~~~~~~~~~~~~~~~~~~~~~~~~~~~^^^^^^^^^^^^^^^^
  File "/home/min/Workspace/Graduate-Project/Falling-Model-Development/.venv/lib/python3.13/site-packages/keras/src/trainers/trainer.py", line 980, in compile_from_config
    config = serialization_lib.deserialize_keras_object(config)
  File "/home/min/Workspace/Graduate-Project/Falling-Model-Development/.venv/lib/python3.13/site-packages/keras/src/saving/serialization_lib.py", line 610, in deserialize_keras_object
    key: deserialize_keras_object(
         ~~~~~~~~~~~~~~~~~~~~~~~~^
        value, custom_objects=custom_objects, safe_mode=safe_mode
        ^^^^^^^^^^^^^^^^^^^^^^^^^^^^^^^^^^^^^^^^^^^^^^^^^^^^^^^^^
    )
    ^
  File "/home/min/Workspace/Graduate-Project/Falling-Model-Development/.venv/lib/python3.13/site-packages/keras/src/saving/serialization_lib.py", line 709, in deserialize_keras_object
    cls = _retrieve_class_or_fn(
        class_name,
    ...<4 lines>...
        custom_objects=custom_objects,
    )
  File "/home/min/Workspace/Graduate-Project/Falling-Model-Development/.venv/lib/python3.13/site-packages/keras/src/saving/serialization_lib.py", line 834, in _retrieve_class_or_fn
    raise TypeError(
    ...<5 lines>...
    )
TypeError: Could not locate class 'SparseFocalLoss'. Make sure custom classes and functions are decorated with `@keras.saving.register_keras_serializable()`. If they are already decorated, make sure they are all imported so that the decorator is run before trying to load them. Full object config: {'module': None, 'class_name': 'SparseFocalLoss', 'config': {'name': 'sparse_focal_loss', 'reduction': 'sum_over_batch_size', 'alpha': 0.25, 'gamma': 2.0}, 'registered_name': 'SparseFocalLoss'}
[2026-05-15 10:23:56] FAIL  P5-v02 — model_int8.tflite not produced
[2026-05-15 10:23:56] REEXPORT P5-v01 (results/gru_phase5_compact)
WARNING: All log messages before absl::InitializeLog() is called are written to STDERR
I0000 00:00:1778808237.036219 3279045 cpu_feature_guard.cc:227] This TensorFlow binary is optimized to use available CPU instructions in performance-critical operations.
To enable the following instructions: AVX2 FMA, in other operations, rebuild TensorFlow with the appropriate compiler flags.

[P5-v01]
  Loading model.keras ...
E0000 00:00:1778808238.994492 3279045 cuda_platform.cc:52] failed call to cuInit: INTERNAL: CUDA error: Failed call to cuInit: CUDA_ERROR_NO_DEVICE: no CUDA-capable device is detected
I0000 00:00:1778808238.994510 3279045 cuda_diagnostics.cc:160] env: CUDA_VISIBLE_DEVICES=""
I0000 00:00:1778808238.994518 3279045 cuda_diagnostics.cc:163] CUDA_VISIBLE_DEVICES is set to an empty string - this hides all GPUs from CUDA
I0000 00:00:1778808238.994528 3279045 cuda_diagnostics.cc:171] verbose logging is disabled. Rerun with verbose logging (usually --v=1 or --vmodule=cuda_diagnostics=1) to get more diagnostic output from this module
I0000 00:00:1778808238.994530 3279045 cuda_diagnostics.cc:176] retrieving CUDA diagnostic information for host: min-B550M-Phantom-Gaming-4
I0000 00:00:1778808238.994533 3279045 cuda_diagnostics.cc:183] hostname: min-B550M-Phantom-Gaming-4
I0000 00:00:1778808238.994600 3279045 cuda_diagnostics.cc:190] libcuda reported version is: 580.142.0
I0000 00:00:1778808238.994614 3279045 cuda_diagnostics.cc:194] kernel reported version is: 580.142.0
I0000 00:00:1778808238.994617 3279045 cuda_diagnostics.cc:284] kernel version seems to match DSO: 580.142.0
Saved artifact at '/tmp/tmpnqld4pa5'. The following endpoints are available:

* Endpoint 'serve'
  args_0 (POSITIONAL_ONLY): TensorSpec(shape=(None, 40, 27), dtype=tf.float32, name='pose_sequence')
Output Type:
  TensorSpec(shape=(None, 2), dtype=tf.float32, name=None)
Captures:
  133222233176208: TensorSpec(shape=(), dtype=tf.resource, name=None)
  133222231859344: TensorSpec(shape=(), dtype=tf.resource, name=None)
  133222231859152: TensorSpec(shape=(), dtype=tf.resource, name=None)
  133222231859536: TensorSpec(shape=(), dtype=tf.resource, name=None)
  133222231858384: TensorSpec(shape=(), dtype=tf.resource, name=None)
  133222231859728: TensorSpec(shape=(), dtype=tf.resource, name=None)
  133222231860496: TensorSpec(shape=(), dtype=tf.resource, name=None)
  133222231860304: TensorSpec(shape=(), dtype=tf.resource, name=None)
  133222231860688: TensorSpec(shape=(), dtype=tf.resource, name=None)
  133222231858960: TensorSpec(shape=(), dtype=tf.resource, name=None)
  133222231859920: TensorSpec(shape=(), dtype=tf.resource, name=None)
  133222231862032: TensorSpec(shape=(), dtype=tf.resource, name=None)
  133222231861072: TensorSpec(shape=(), dtype=tf.resource, name=None)
  133222231861456: TensorSpec(shape=(), dtype=tf.resource, name=None)
  133222231860880: TensorSpec(shape=(), dtype=tf.resource, name=None)
  133222231862416: TensorSpec(shape=(), dtype=tf.resource, name=None)
  133222231862224: TensorSpec(shape=(), dtype=tf.resource, name=None)
  133222231863184: TensorSpec(shape=(), dtype=tf.resource, name=None)
  133222231858768: TensorSpec(shape=(), dtype=tf.resource, name=None)
  133222231862608: TensorSpec(shape=(), dtype=tf.resource, name=None)
  133222231863568: TensorSpec(shape=(), dtype=tf.resource, name=None)
  133222231863760: TensorSpec(shape=(), dtype=tf.resource, name=None)
  133222231861840: TensorSpec(shape=(), dtype=tf.resource, name=None)
  133222231864336: TensorSpec(shape=(), dtype=tf.resource, name=None)
W0000 00:00:1778808241.801898 3279045 tf_tfl_flatbuffer_helpers.cc:364] Ignored output_format.
W0000 00:00:1778808241.801912 3279045 tf_tfl_flatbuffer_helpers.cc:367] Ignored drop_control_dependency.
I0000 00:00:1778808241.802173 3279045 reader.cc:83] Reading SavedModel from: /tmp/tmpnqld4pa5
I0000 00:00:1778808241.804590 3279045 reader.cc:52] Reading meta graph with tags { serve }
I0000 00:00:1778808241.804597 3279045 reader.cc:147] Reading SavedModel debug info (if present) from: /tmp/tmpnqld4pa5
I0000 00:00:1778808241.856272 3279045 mlir_graph_optimization_pass.cc:437] MLIR V1 optimization pass is not enabled
I0000 00:00:1778808241.862119 3279045 loader.cc:236] Restoring SavedModel bundle.
I0000 00:00:1778808241.990092 3279045 loader.cc:220] Running initialization op on SavedModel bundle at path: /tmp/tmpnqld4pa5
I0000 00:00:1778808242.080535 3279045 loader.cc:471] SavedModel load for tags { serve }; Status: success: OK. Took 278371 microseconds.
I0000 00:00:1778808242.234802 3279045 dump_mlir_util.cc:269] disabling MLIR crash reproducer, set env var `MLIR_CRASH_REPRODUCER_DIRECTORY` to enable.
    fp32 OK (805 KB)
Saved artifact at '/tmp/tmpyp951ilv'. The following endpoints are available:

* Endpoint 'serve'
  args_0 (POSITIONAL_ONLY): TensorSpec(shape=(None, 40, 27), dtype=tf.float32, name='pose_sequence')
Output Type:
  TensorSpec(shape=(None, 2), dtype=tf.float32, name=None)
Captures:
  133222233176208: TensorSpec(shape=(), dtype=tf.resource, name=None)
  133222231859344: TensorSpec(shape=(), dtype=tf.resource, name=None)
  133222231859152: TensorSpec(shape=(), dtype=tf.resource, name=None)
  133222231859536: TensorSpec(shape=(), dtype=tf.resource, name=None)
  133222231858384: TensorSpec(shape=(), dtype=tf.resource, name=None)
  133222231859728: TensorSpec(shape=(), dtype=tf.resource, name=None)
  133222231860496: TensorSpec(shape=(), dtype=tf.resource, name=None)
  133222231860304: TensorSpec(shape=(), dtype=tf.resource, name=None)
  133222231860688: TensorSpec(shape=(), dtype=tf.resource, name=None)
  133222231858960: TensorSpec(shape=(), dtype=tf.resource, name=None)
  133222231859920: TensorSpec(shape=(), dtype=tf.resource, name=None)
  133222231862032: TensorSpec(shape=(), dtype=tf.resource, name=None)
  133222231861072: TensorSpec(shape=(), dtype=tf.resource, name=None)
  133222231861456: TensorSpec(shape=(), dtype=tf.resource, name=None)
  133222231860880: TensorSpec(shape=(), dtype=tf.resource, name=None)
  133222231862416: TensorSpec(shape=(), dtype=tf.resource, name=None)
  133222231862224: TensorSpec(shape=(), dtype=tf.resource, name=None)
  133222231863184: TensorSpec(shape=(), dtype=tf.resource, name=None)
  133222231858768: TensorSpec(shape=(), dtype=tf.resource, name=None)
  133222231862608: TensorSpec(shape=(), dtype=tf.resource, name=None)
  133222231863568: TensorSpec(shape=(), dtype=tf.resource, name=None)
  133222231863760: TensorSpec(shape=(), dtype=tf.resource, name=None)
  133222231861840: TensorSpec(shape=(), dtype=tf.resource, name=None)
  133222231864336: TensorSpec(shape=(), dtype=tf.resource, name=None)
/home/min/Workspace/Graduate-Project/Falling-Model-Development/.venv/lib/python3.13/site-packages/tensorflow/lite/python/convert.py:846: UserWarning: Statistics for quantized inputs were expected, but not specified; continuing anyway.
  warnings.warn(
W0000 00:00:1778808246.053178 3279045 tf_tfl_flatbuffer_helpers.cc:364] Ignored output_format.
W0000 00:00:1778808246.053189 3279045 tf_tfl_flatbuffer_helpers.cc:367] Ignored drop_control_dependency.
I0000 00:00:1778808246.053297 3279045 reader.cc:83] Reading SavedModel from: /tmp/tmpyp951ilv
I0000 00:00:1778808246.056038 3279045 reader.cc:52] Reading meta graph with tags { serve }
I0000 00:00:1778808246.056048 3279045 reader.cc:147] Reading SavedModel debug info (if present) from: /tmp/tmpyp951ilv
I0000 00:00:1778808246.100068 3279045 loader.cc:236] Restoring SavedModel bundle.
I0000 00:00:1778808246.203089 3279045 loader.cc:220] Running initialization op on SavedModel bundle at path: /tmp/tmpyp951ilv
I0000 00:00:1778808246.276870 3279045 loader.cc:471] SavedModel load for tags { serve }; Status: success: OK. Took 223581 microseconds.
fully_quantize: 0, inference_type: 6, input_inference_type: INT8, output_inference_type: INT8
W0000 00:00:1778808248.590949 3279045 flatbuffer_export.cc:3851] Skipping runtime version metadata in the model. This will be generated by the exporter.
    int8 OK (1219 KB)
    metrics.json updated

Done.
[2026-05-15 10:24:09] OK    P5-v01 → 1220 KB INT8
[2026-05-15 10:24:09] REEXPORT P4-v05 (results/gru_phase4_uni_kp)
WARNING: All log messages before absl::InitializeLog() is called are written to STDERR
I0000 00:00:1778808250.116363 3279363 cpu_feature_guard.cc:227] This TensorFlow binary is optimized to use available CPU instructions in performance-critical operations.
To enable the following instructions: AVX2 FMA, in other operations, rebuild TensorFlow with the appropriate compiler flags.

[P4-v05]
  Loading model.keras ...
E0000 00:00:1778808252.007595 3279363 cuda_platform.cc:52] failed call to cuInit: INTERNAL: CUDA error: Failed call to cuInit: CUDA_ERROR_NO_DEVICE: no CUDA-capable device is detected
I0000 00:00:1778808252.007614 3279363 cuda_diagnostics.cc:160] env: CUDA_VISIBLE_DEVICES=""
I0000 00:00:1778808252.007620 3279363 cuda_diagnostics.cc:163] CUDA_VISIBLE_DEVICES is set to an empty string - this hides all GPUs from CUDA
I0000 00:00:1778808252.007628 3279363 cuda_diagnostics.cc:171] verbose logging is disabled. Rerun with verbose logging (usually --v=1 or --vmodule=cuda_diagnostics=1) to get more diagnostic output from this module
I0000 00:00:1778808252.007630 3279363 cuda_diagnostics.cc:176] retrieving CUDA diagnostic information for host: min-B550M-Phantom-Gaming-4
I0000 00:00:1778808252.007632 3279363 cuda_diagnostics.cc:183] hostname: min-B550M-Phantom-Gaming-4
I0000 00:00:1778808252.007703 3279363 cuda_diagnostics.cc:190] libcuda reported version is: 580.142.0
I0000 00:00:1778808252.007717 3279363 cuda_diagnostics.cc:194] kernel reported version is: 580.142.0
I0000 00:00:1778808252.007719 3279363 cuda_diagnostics.cc:284] kernel version seems to match DSO: 580.142.0
Saved artifact at '/tmp/tmpbhsuk_ut'. The following endpoints are available:

* Endpoint 'serve'
  args_0 (POSITIONAL_ONLY): TensorSpec(shape=(None, 40, 21), dtype=tf.float32, name='pose_sequence')
Output Type:
  TensorSpec(shape=(None, 2), dtype=tf.float32, name=None)
Captures:
  136088213560912: TensorSpec(shape=(), dtype=tf.resource, name=None)
  136088213562064: TensorSpec(shape=(), dtype=tf.resource, name=None)
  136088213561872: TensorSpec(shape=(), dtype=tf.resource, name=None)
  136088213562256: TensorSpec(shape=(), dtype=tf.resource, name=None)
  136088213561104: TensorSpec(shape=(), dtype=tf.resource, name=None)
  136088213562448: TensorSpec(shape=(), dtype=tf.resource, name=None)
  136088213563216: TensorSpec(shape=(), dtype=tf.resource, name=None)
  136088213563024: TensorSpec(shape=(), dtype=tf.resource, name=None)
  136088213563408: TensorSpec(shape=(), dtype=tf.resource, name=None)
  136088213561680: TensorSpec(shape=(), dtype=tf.resource, name=None)
  136088213562640: TensorSpec(shape=(), dtype=tf.resource, name=None)
  136088213564752: TensorSpec(shape=(), dtype=tf.resource, name=None)
  136088213563792: TensorSpec(shape=(), dtype=tf.resource, name=None)
  136088213564176: TensorSpec(shape=(), dtype=tf.resource, name=None)
  136088213563600: TensorSpec(shape=(), dtype=tf.resource, name=None)
  136088213565136: TensorSpec(shape=(), dtype=tf.resource, name=None)
  136088213564944: TensorSpec(shape=(), dtype=tf.resource, name=None)
  136088213565904: TensorSpec(shape=(), dtype=tf.resource, name=None)
  136088213561488: TensorSpec(shape=(), dtype=tf.resource, name=None)
  136088213565328: TensorSpec(shape=(), dtype=tf.resource, name=None)
  136088213566288: TensorSpec(shape=(), dtype=tf.resource, name=None)
  136088213566480: TensorSpec(shape=(), dtype=tf.resource, name=None)
  136088213564560: TensorSpec(shape=(), dtype=tf.resource, name=None)
  136088213567056: TensorSpec(shape=(), dtype=tf.resource, name=None)
W0000 00:00:1778808254.614048 3279363 tf_tfl_flatbuffer_helpers.cc:364] Ignored output_format.
W0000 00:00:1778808254.614061 3279363 tf_tfl_flatbuffer_helpers.cc:367] Ignored drop_control_dependency.
I0000 00:00:1778808254.614407 3279363 reader.cc:83] Reading SavedModel from: /tmp/tmpbhsuk_ut
I0000 00:00:1778808254.616721 3279363 reader.cc:52] Reading meta graph with tags { serve }
I0000 00:00:1778808254.616728 3279363 reader.cc:147] Reading SavedModel debug info (if present) from: /tmp/tmpbhsuk_ut
I0000 00:00:1778808254.657463 3279363 mlir_graph_optimization_pass.cc:437] MLIR V1 optimization pass is not enabled
I0000 00:00:1778808254.661584 3279363 loader.cc:236] Restoring SavedModel bundle.
I0000 00:00:1778808254.766266 3279363 loader.cc:220] Running initialization op on SavedModel bundle at path: /tmp/tmpbhsuk_ut
I0000 00:00:1778808254.844584 3279363 loader.cc:471] SavedModel load for tags { serve }; Status: success: OK. Took 230184 microseconds.
I0000 00:00:1778808254.949168 3279363 dump_mlir_util.cc:269] disabling MLIR crash reproducer, set env var `MLIR_CRASH_REPRODUCER_DIRECTORY` to enable.
    fp32 OK (1956 KB)
Saved artifact at '/tmp/tmp35pfovn2'. The following endpoints are available:

* Endpoint 'serve'
  args_0 (POSITIONAL_ONLY): TensorSpec(shape=(None, 40, 21), dtype=tf.float32, name='pose_sequence')
Output Type:
  TensorSpec(shape=(None, 2), dtype=tf.float32, name=None)
Captures:
  136088213560912: TensorSpec(shape=(), dtype=tf.resource, name=None)
  136088213562064: TensorSpec(shape=(), dtype=tf.resource, name=None)
  136088213561872: TensorSpec(shape=(), dtype=tf.resource, name=None)
  136088213562256: TensorSpec(shape=(), dtype=tf.resource, name=None)
  136088213561104: TensorSpec(shape=(), dtype=tf.resource, name=None)
  136088213562448: TensorSpec(shape=(), dtype=tf.resource, name=None)
  136088213563216: TensorSpec(shape=(), dtype=tf.resource, name=None)
  136088213563024: TensorSpec(shape=(), dtype=tf.resource, name=None)
  136088213563408: TensorSpec(shape=(), dtype=tf.resource, name=None)
  136088213561680: TensorSpec(shape=(), dtype=tf.resource, name=None)
  136088213562640: TensorSpec(shape=(), dtype=tf.resource, name=None)
  136088213564752: TensorSpec(shape=(), dtype=tf.resource, name=None)
  136088213563792: TensorSpec(shape=(), dtype=tf.resource, name=None)
  136088213564176: TensorSpec(shape=(), dtype=tf.resource, name=None)
  136088213563600: TensorSpec(shape=(), dtype=tf.resource, name=None)
  136088213565136: TensorSpec(shape=(), dtype=tf.resource, name=None)
  136088213564944: TensorSpec(shape=(), dtype=tf.resource, name=None)
  136088213565904: TensorSpec(shape=(), dtype=tf.resource, name=None)
  136088213561488: TensorSpec(shape=(), dtype=tf.resource, name=None)
  136088213565328: TensorSpec(shape=(), dtype=tf.resource, name=None)
  136088213566288: TensorSpec(shape=(), dtype=tf.resource, name=None)
  136088213566480: TensorSpec(shape=(), dtype=tf.resource, name=None)
  136088213564560: TensorSpec(shape=(), dtype=tf.resource, name=None)
  136088213567056: TensorSpec(shape=(), dtype=tf.resource, name=None)
/home/min/Workspace/Graduate-Project/Falling-Model-Development/.venv/lib/python3.13/site-packages/tensorflow/lite/python/convert.py:846: UserWarning: Statistics for quantized inputs were expected, but not specified; continuing anyway.
  warnings.warn(
W0000 00:00:1778808258.479850 3279363 tf_tfl_flatbuffer_helpers.cc:364] Ignored output_format.
W0000 00:00:1778808258.479860 3279363 tf_tfl_flatbuffer_helpers.cc:367] Ignored drop_control_dependency.
I0000 00:00:1778808258.479955 3279363 reader.cc:83] Reading SavedModel from: /tmp/tmp35pfovn2
I0000 00:00:1778808258.482447 3279363 reader.cc:52] Reading meta graph with tags { serve }
I0000 00:00:1778808258.482455 3279363 reader.cc:147] Reading SavedModel debug info (if present) from: /tmp/tmp35pfovn2
I0000 00:00:1778808258.520736 3279363 loader.cc:236] Restoring SavedModel bundle.
I0000 00:00:1778808258.622638 3279363 loader.cc:220] Running initialization op on SavedModel bundle at path: /tmp/tmp35pfovn2
I0000 00:00:1778808258.698450 3279363 loader.cc:471] SavedModel load for tags { serve }; Status: success: OK. Took 218504 microseconds.
fully_quantize: 0, inference_type: 6, input_inference_type: INT8, output_inference_type: INT8
W0000 00:00:1778808261.929090 3279363 flatbuffer_export.cc:3851] Skipping runtime version metadata in the model. This will be generated by the exporter.
    int8 OK (2254 KB)
    metrics.json updated

Done.
[2026-05-15 10:24:23] OK    P4-v05 → 2256 KB INT8
[2026-05-15 10:24:23] REEXPORT P4-v02 (results/gru_phase4_uni_kp)
WARNING: All log messages before absl::InitializeLog() is called are written to STDERR
I0000 00:00:1778808263.421514 3279564 cpu_feature_guard.cc:227] This TensorFlow binary is optimized to use available CPU instructions in performance-critical operations.
To enable the following instructions: AVX2 FMA, in other operations, rebuild TensorFlow with the appropriate compiler flags.

[P4-v02]
  Loading model.keras ...
E0000 00:00:1778808265.215806 3279564 cuda_platform.cc:52] failed call to cuInit: INTERNAL: CUDA error: Failed call to cuInit: CUDA_ERROR_NO_DEVICE: no CUDA-capable device is detected
I0000 00:00:1778808265.215824 3279564 cuda_diagnostics.cc:160] env: CUDA_VISIBLE_DEVICES=""
I0000 00:00:1778808265.215830 3279564 cuda_diagnostics.cc:163] CUDA_VISIBLE_DEVICES is set to an empty string - this hides all GPUs from CUDA
I0000 00:00:1778808265.215839 3279564 cuda_diagnostics.cc:171] verbose logging is disabled. Rerun with verbose logging (usually --v=1 or --vmodule=cuda_diagnostics=1) to get more diagnostic output from this module
I0000 00:00:1778808265.215840 3279564 cuda_diagnostics.cc:176] retrieving CUDA diagnostic information for host: min-B550M-Phantom-Gaming-4
I0000 00:00:1778808265.215843 3279564 cuda_diagnostics.cc:183] hostname: min-B550M-Phantom-Gaming-4
I0000 00:00:1778808265.215902 3279564 cuda_diagnostics.cc:190] libcuda reported version is: 580.142.0
I0000 00:00:1778808265.215917 3279564 cuda_diagnostics.cc:194] kernel reported version is: 580.142.0
I0000 00:00:1778808265.215919 3279564 cuda_diagnostics.cc:284] kernel version seems to match DSO: 580.142.0
Traceback (most recent call last):
  File "/home/min/Workspace/Graduate-Project/Falling-Model-Development/scripts/util/reexport_tflite.py", line 159, in <module>
    main()
    ~~~~^^
  File "/home/min/Workspace/Graduate-Project/Falling-Model-Development/scripts/util/reexport_tflite.py", line 153, in main
    reexport(exp_dir, args.representative_samples)
    ~~~~~~~~^^^^^^^^^^^^^^^^^^^^^^^^^^^^^^^^^^^^^^
  File "/home/min/Workspace/Graduate-Project/Falling-Model-Development/scripts/util/reexport_tflite.py", line 43, in reexport
    model = tf.keras.models.load_model(str(keras_path))
  File "/home/min/Workspace/Graduate-Project/Falling-Model-Development/.venv/lib/python3.13/site-packages/keras/src/saving/saving_api.py", line 189, in load_model
    return saving_lib.load_model(
           ~~~~~~~~~~~~~~~~~~~~~^
        filepath,
        ^^^^^^^^^
    ...<2 lines>...
        safe_mode=safe_mode,
        ^^^^^^^^^^^^^^^^^^^^
    )
    ^
  File "/home/min/Workspace/Graduate-Project/Falling-Model-Development/.venv/lib/python3.13/site-packages/keras/src/saving/saving_lib.py", line 365, in load_model
    return _load_model_from_fileobj(
        f, custom_objects, compile, safe_mode
    )
  File "/home/min/Workspace/Graduate-Project/Falling-Model-Development/.venv/lib/python3.13/site-packages/keras/src/saving/saving_lib.py", line 442, in _load_model_from_fileobj
    model = _model_from_config(
        config_json, custom_objects, compile, safe_mode
    )
  File "/home/min/Workspace/Graduate-Project/Falling-Model-Development/.venv/lib/python3.13/site-packages/keras/src/saving/saving_lib.py", line 431, in _model_from_config
    model = deserialize_keras_object(
        config_dict, custom_objects, safe_mode=safe_mode
    )
  File "/home/min/Workspace/Graduate-Project/Falling-Model-Development/.venv/lib/python3.13/site-packages/keras/src/saving/serialization_lib.py", line 749, in deserialize_keras_object
    instance.compile_from_config(compile_config)
    ~~~~~~~~~~~~~~~~~~~~~~~~~~~~^^^^^^^^^^^^^^^^
  File "/home/min/Workspace/Graduate-Project/Falling-Model-Development/.venv/lib/python3.13/site-packages/keras/src/trainers/trainer.py", line 980, in compile_from_config
    config = serialization_lib.deserialize_keras_object(config)
  File "/home/min/Workspace/Graduate-Project/Falling-Model-Development/.venv/lib/python3.13/site-packages/keras/src/saving/serialization_lib.py", line 610, in deserialize_keras_object
    key: deserialize_keras_object(
         ~~~~~~~~~~~~~~~~~~~~~~~~^
        value, custom_objects=custom_objects, safe_mode=safe_mode
        ^^^^^^^^^^^^^^^^^^^^^^^^^^^^^^^^^^^^^^^^^^^^^^^^^^^^^^^^^
    )
    ^
  File "/home/min/Workspace/Graduate-Project/Falling-Model-Development/.venv/lib/python3.13/site-packages/keras/src/saving/serialization_lib.py", line 709, in deserialize_keras_object
    cls = _retrieve_class_or_fn(
        class_name,
    ...<4 lines>...
        custom_objects=custom_objects,
    )
  File "/home/min/Workspace/Graduate-Project/Falling-Model-Development/.venv/lib/python3.13/site-packages/keras/src/saving/serialization_lib.py", line 834, in _retrieve_class_or_fn
    raise TypeError(
    ...<5 lines>...
    )
TypeError: Could not locate class 'SparseFocalLoss'. Make sure custom classes and functions are decorated with `@keras.saving.register_keras_serializable()`. If they are already decorated, make sure they are all imported so that the decorator is run before trying to load them. Full object config: {'module': None, 'class_name': 'SparseFocalLoss', 'config': {'name': 'sparse_focal_loss', 'reduction': 'sum_over_batch_size', 'alpha': 0.25, 'gamma': 2.0}, 'registered_name': 'SparseFocalLoss'}
[2026-05-15 10:24:25] FAIL  P4-v02 — model_int8.tflite not produced
[2026-05-15 10:24:25] REEXPORT P4-v03 (results/gru_phase4_uni_kp)
WARNING: All log messages before absl::InitializeLog() is called are written to STDERR
I0000 00:00:1778808266.086201 3279674 cpu_feature_guard.cc:227] This TensorFlow binary is optimized to use available CPU instructions in performance-critical operations.
To enable the following instructions: AVX2 FMA, in other operations, rebuild TensorFlow with the appropriate compiler flags.

[P4-v03]
  Loading model.keras ...
E0000 00:00:1778808267.974599 3279674 cuda_platform.cc:52] failed call to cuInit: INTERNAL: CUDA error: Failed call to cuInit: CUDA_ERROR_NO_DEVICE: no CUDA-capable device is detected
I0000 00:00:1778808267.974618 3279674 cuda_diagnostics.cc:160] env: CUDA_VISIBLE_DEVICES=""
I0000 00:00:1778808267.974625 3279674 cuda_diagnostics.cc:163] CUDA_VISIBLE_DEVICES is set to an empty string - this hides all GPUs from CUDA
I0000 00:00:1778808267.974633 3279674 cuda_diagnostics.cc:171] verbose logging is disabled. Rerun with verbose logging (usually --v=1 or --vmodule=cuda_diagnostics=1) to get more diagnostic output from this module
I0000 00:00:1778808267.974635 3279674 cuda_diagnostics.cc:176] retrieving CUDA diagnostic information for host: min-B550M-Phantom-Gaming-4
I0000 00:00:1778808267.974637 3279674 cuda_diagnostics.cc:183] hostname: min-B550M-Phantom-Gaming-4
I0000 00:00:1778808267.974703 3279674 cuda_diagnostics.cc:190] libcuda reported version is: 580.142.0
I0000 00:00:1778808267.974718 3279674 cuda_diagnostics.cc:194] kernel reported version is: 580.142.0
I0000 00:00:1778808267.974719 3279674 cuda_diagnostics.cc:284] kernel version seems to match DSO: 580.142.0
Saved artifact at '/tmp/tmpvu2f64si'. The following endpoints are available:

* Endpoint 'serve'
  args_0 (POSITIONAL_ONLY): TensorSpec(shape=(None, 40, 27), dtype=tf.float32, name='pose_sequence')
Output Type:
  TensorSpec(shape=(None, 2), dtype=tf.float32, name=None)
Captures:
  128493260470416: TensorSpec(shape=(), dtype=tf.resource, name=None)
  128494063132816: TensorSpec(shape=(), dtype=tf.resource, name=None)
  128494063132624: TensorSpec(shape=(), dtype=tf.resource, name=None)
  128494063133008: TensorSpec(shape=(), dtype=tf.resource, name=None)
  128494063131856: TensorSpec(shape=(), dtype=tf.resource, name=None)
  128494063133200: TensorSpec(shape=(), dtype=tf.resource, name=None)
  128494063133968: TensorSpec(shape=(), dtype=tf.resource, name=None)
  128494063133776: TensorSpec(shape=(), dtype=tf.resource, name=None)
  128494063134160: TensorSpec(shape=(), dtype=tf.resource, name=None)
  128494063132432: TensorSpec(shape=(), dtype=tf.resource, name=None)
  128494063133392: TensorSpec(shape=(), dtype=tf.resource, name=None)
  128494063135504: TensorSpec(shape=(), dtype=tf.resource, name=None)
  128494063134544: TensorSpec(shape=(), dtype=tf.resource, name=None)
  128494063134928: TensorSpec(shape=(), dtype=tf.resource, name=None)
  128494063134352: TensorSpec(shape=(), dtype=tf.resource, name=None)
  128494063135888: TensorSpec(shape=(), dtype=tf.resource, name=None)
  128494063135696: TensorSpec(shape=(), dtype=tf.resource, name=None)
  128494063136656: TensorSpec(shape=(), dtype=tf.resource, name=None)
  128494063132240: TensorSpec(shape=(), dtype=tf.resource, name=None)
  128494063136080: TensorSpec(shape=(), dtype=tf.resource, name=None)
  128494063137040: TensorSpec(shape=(), dtype=tf.resource, name=None)
  128494063137232: TensorSpec(shape=(), dtype=tf.resource, name=None)
  128494063135312: TensorSpec(shape=(), dtype=tf.resource, name=None)
  128494063137808: TensorSpec(shape=(), dtype=tf.resource, name=None)
W0000 00:00:1778808270.499956 3279674 tf_tfl_flatbuffer_helpers.cc:364] Ignored output_format.
W0000 00:00:1778808270.499968 3279674 tf_tfl_flatbuffer_helpers.cc:367] Ignored drop_control_dependency.
I0000 00:00:1778808270.500200 3279674 reader.cc:83] Reading SavedModel from: /tmp/tmpvu2f64si
I0000 00:00:1778808270.502499 3279674 reader.cc:52] Reading meta graph with tags { serve }
I0000 00:00:1778808270.502505 3279674 reader.cc:147] Reading SavedModel debug info (if present) from: /tmp/tmpvu2f64si
I0000 00:00:1778808270.543997 3279674 mlir_graph_optimization_pass.cc:437] MLIR V1 optimization pass is not enabled
I0000 00:00:1778808270.547778 3279674 loader.cc:236] Restoring SavedModel bundle.
I0000 00:00:1778808270.649031 3279674 loader.cc:220] Running initialization op on SavedModel bundle at path: /tmp/tmpvu2f64si
I0000 00:00:1778808270.721616 3279674 loader.cc:471] SavedModel load for tags { serve }; Status: success: OK. Took 221424 microseconds.
I0000 00:00:1778808270.821618 3279674 dump_mlir_util.cc:269] disabling MLIR crash reproducer, set env var `MLIR_CRASH_REPRODUCER_DIRECTORY` to enable.
    fp32 OK (1964 KB)
Saved artifact at '/tmp/tmpc_9ikggh'. The following endpoints are available:

* Endpoint 'serve'
  args_0 (POSITIONAL_ONLY): TensorSpec(shape=(None, 40, 27), dtype=tf.float32, name='pose_sequence')
Output Type:
  TensorSpec(shape=(None, 2), dtype=tf.float32, name=None)
Captures:
  128493260470416: TensorSpec(shape=(), dtype=tf.resource, name=None)
  128494063132816: TensorSpec(shape=(), dtype=tf.resource, name=None)
  128494063132624: TensorSpec(shape=(), dtype=tf.resource, name=None)
  128494063133008: TensorSpec(shape=(), dtype=tf.resource, name=None)
  128494063131856: TensorSpec(shape=(), dtype=tf.resource, name=None)
  128494063133200: TensorSpec(shape=(), dtype=tf.resource, name=None)
  128494063133968: TensorSpec(shape=(), dtype=tf.resource, name=None)
  128494063133776: TensorSpec(shape=(), dtype=tf.resource, name=None)
  128494063134160: TensorSpec(shape=(), dtype=tf.resource, name=None)
  128494063132432: TensorSpec(shape=(), dtype=tf.resource, name=None)
  128494063133392: TensorSpec(shape=(), dtype=tf.resource, name=None)
  128494063135504: TensorSpec(shape=(), dtype=tf.resource, name=None)
  128494063134544: TensorSpec(shape=(), dtype=tf.resource, name=None)
  128494063134928: TensorSpec(shape=(), dtype=tf.resource, name=None)
  128494063134352: TensorSpec(shape=(), dtype=tf.resource, name=None)
  128494063135888: TensorSpec(shape=(), dtype=tf.resource, name=None)
  128494063135696: TensorSpec(shape=(), dtype=tf.resource, name=None)
  128494063136656: TensorSpec(shape=(), dtype=tf.resource, name=None)
  128494063132240: TensorSpec(shape=(), dtype=tf.resource, name=None)
  128494063136080: TensorSpec(shape=(), dtype=tf.resource, name=None)
  128494063137040: TensorSpec(shape=(), dtype=tf.resource, name=None)
  128494063137232: TensorSpec(shape=(), dtype=tf.resource, name=None)
  128494063135312: TensorSpec(shape=(), dtype=tf.resource, name=None)
  128494063137808: TensorSpec(shape=(), dtype=tf.resource, name=None)
/home/min/Workspace/Graduate-Project/Falling-Model-Development/.venv/lib/python3.13/site-packages/tensorflow/lite/python/convert.py:846: UserWarning: Statistics for quantized inputs were expected, but not specified; continuing anyway.
  warnings.warn(
W0000 00:00:1778808274.402618 3279674 tf_tfl_flatbuffer_helpers.cc:364] Ignored output_format.
W0000 00:00:1778808274.402631 3279674 tf_tfl_flatbuffer_helpers.cc:367] Ignored drop_control_dependency.
I0000 00:00:1778808274.402746 3279674 reader.cc:83] Reading SavedModel from: /tmp/tmpc_9ikggh
I0000 00:00:1778808274.405135 3279674 reader.cc:52] Reading meta graph with tags { serve }
I0000 00:00:1778808274.405140 3279674 reader.cc:147] Reading SavedModel debug info (if present) from: /tmp/tmpc_9ikggh
I0000 00:00:1778808274.452907 3279674 loader.cc:236] Restoring SavedModel bundle.
I0000 00:00:1778808274.561773 3279674 loader.cc:220] Running initialization op on SavedModel bundle at path: /tmp/tmpc_9ikggh
I0000 00:00:1778808274.642953 3279674 loader.cc:471] SavedModel load for tags { serve }; Status: success: OK. Took 240217 microseconds.
fully_quantize: 0, inference_type: 6, input_inference_type: INT8, output_inference_type: INT8
W0000 00:00:1778808277.851788 3279674 flatbuffer_export.cc:3851] Skipping runtime version metadata in the model. This will be generated by the exporter.
    int8 OK (2255 KB)
    metrics.json updated

Done.
[2026-05-15 10:24:39] OK    P4-v03 → 2256 KB INT8
[2026-05-15 10:24:39] REEXPORT P4-v04 (results/gru_phase4_uni_kp)
WARNING: All log messages before absl::InitializeLog() is called are written to STDERR
I0000 00:00:1778808279.384942 3279901 cpu_feature_guard.cc:227] This TensorFlow binary is optimized to use available CPU instructions in performance-critical operations.
To enable the following instructions: AVX2 FMA, in other operations, rebuild TensorFlow with the appropriate compiler flags.

[P4-v04]
  Loading model.keras ...
E0000 00:00:1778808281.276105 3279901 cuda_platform.cc:52] failed call to cuInit: INTERNAL: CUDA error: Failed call to cuInit: CUDA_ERROR_NO_DEVICE: no CUDA-capable device is detected
I0000 00:00:1778808281.276127 3279901 cuda_diagnostics.cc:160] env: CUDA_VISIBLE_DEVICES=""
I0000 00:00:1778808281.276134 3279901 cuda_diagnostics.cc:163] CUDA_VISIBLE_DEVICES is set to an empty string - this hides all GPUs from CUDA
I0000 00:00:1778808281.276143 3279901 cuda_diagnostics.cc:171] verbose logging is disabled. Rerun with verbose logging (usually --v=1 or --vmodule=cuda_diagnostics=1) to get more diagnostic output from this module
I0000 00:00:1778808281.276145 3279901 cuda_diagnostics.cc:176] retrieving CUDA diagnostic information for host: min-B550M-Phantom-Gaming-4
I0000 00:00:1778808281.276148 3279901 cuda_diagnostics.cc:183] hostname: min-B550M-Phantom-Gaming-4
I0000 00:00:1778808281.276222 3279901 cuda_diagnostics.cc:190] libcuda reported version is: 580.142.0
I0000 00:00:1778808281.276239 3279901 cuda_diagnostics.cc:194] kernel reported version is: 580.142.0
I0000 00:00:1778808281.276241 3279901 cuda_diagnostics.cc:284] kernel version seems to match DSO: 580.142.0
Traceback (most recent call last):
  File "/home/min/Workspace/Graduate-Project/Falling-Model-Development/scripts/util/reexport_tflite.py", line 159, in <module>
    main()
    ~~~~^^
  File "/home/min/Workspace/Graduate-Project/Falling-Model-Development/scripts/util/reexport_tflite.py", line 153, in main
    reexport(exp_dir, args.representative_samples)
    ~~~~~~~~^^^^^^^^^^^^^^^^^^^^^^^^^^^^^^^^^^^^^^
  File "/home/min/Workspace/Graduate-Project/Falling-Model-Development/scripts/util/reexport_tflite.py", line 43, in reexport
    model = tf.keras.models.load_model(str(keras_path))
  File "/home/min/Workspace/Graduate-Project/Falling-Model-Development/.venv/lib/python3.13/site-packages/keras/src/saving/saving_api.py", line 189, in load_model
    return saving_lib.load_model(
           ~~~~~~~~~~~~~~~~~~~~~^
        filepath,
        ^^^^^^^^^
    ...<2 lines>...
        safe_mode=safe_mode,
        ^^^^^^^^^^^^^^^^^^^^
    )
    ^
  File "/home/min/Workspace/Graduate-Project/Falling-Model-Development/.venv/lib/python3.13/site-packages/keras/src/saving/saving_lib.py", line 365, in load_model
    return _load_model_from_fileobj(
        f, custom_objects, compile, safe_mode
    )
  File "/home/min/Workspace/Graduate-Project/Falling-Model-Development/.venv/lib/python3.13/site-packages/keras/src/saving/saving_lib.py", line 442, in _load_model_from_fileobj
    model = _model_from_config(
        config_json, custom_objects, compile, safe_mode
    )
  File "/home/min/Workspace/Graduate-Project/Falling-Model-Development/.venv/lib/python3.13/site-packages/keras/src/saving/saving_lib.py", line 431, in _model_from_config
    model = deserialize_keras_object(
        config_dict, custom_objects, safe_mode=safe_mode
    )
  File "/home/min/Workspace/Graduate-Project/Falling-Model-Development/.venv/lib/python3.13/site-packages/keras/src/saving/serialization_lib.py", line 749, in deserialize_keras_object
    instance.compile_from_config(compile_config)
    ~~~~~~~~~~~~~~~~~~~~~~~~~~~~^^^^^^^^^^^^^^^^
  File "/home/min/Workspace/Graduate-Project/Falling-Model-Development/.venv/lib/python3.13/site-packages/keras/src/trainers/trainer.py", line 980, in compile_from_config
    config = serialization_lib.deserialize_keras_object(config)
  File "/home/min/Workspace/Graduate-Project/Falling-Model-Development/.venv/lib/python3.13/site-packages/keras/src/saving/serialization_lib.py", line 610, in deserialize_keras_object
    key: deserialize_keras_object(
         ~~~~~~~~~~~~~~~~~~~~~~~~^
        value, custom_objects=custom_objects, safe_mode=safe_mode
        ^^^^^^^^^^^^^^^^^^^^^^^^^^^^^^^^^^^^^^^^^^^^^^^^^^^^^^^^^
    )
    ^
  File "/home/min/Workspace/Graduate-Project/Falling-Model-Development/.venv/lib/python3.13/site-packages/keras/src/saving/serialization_lib.py", line 709, in deserialize_keras_object
    cls = _retrieve_class_or_fn(
        class_name,
    ...<4 lines>...
        custom_objects=custom_objects,
    )
  File "/home/min/Workspace/Graduate-Project/Falling-Model-Development/.venv/lib/python3.13/site-packages/keras/src/saving/serialization_lib.py", line 834, in _retrieve_class_or_fn
    raise TypeError(
    ...<5 lines>...
    )
TypeError: Could not locate class 'SparseFocalLoss'. Make sure custom classes and functions are decorated with `@keras.saving.register_keras_serializable()`. If they are already decorated, make sure they are all imported so that the decorator is run before trying to load them. Full object config: {'module': None, 'class_name': 'SparseFocalLoss', 'config': {'name': 'sparse_focal_loss', 'reduction': 'sum_over_batch_size', 'alpha': 0.25, 'gamma': 2.0}, 'registered_name': 'SparseFocalLoss'}
[2026-05-15 10:24:41] FAIL  P4-v04 — model_int8.tflite not produced
[2026-05-15 10:24:41] REEXPORT P3-v07 (results/gru_phase3_2s)
WARNING: All log messages before absl::InitializeLog() is called are written to STDERR
I0000 00:00:1778808282.267804 3279988 cpu_feature_guard.cc:227] This TensorFlow binary is optimized to use available CPU instructions in performance-critical operations.
To enable the following instructions: AVX2 FMA, in other operations, rebuild TensorFlow with the appropriate compiler flags.

[P3-v07]
  Loading model.keras ...
E0000 00:00:1778808284.207785 3279988 cuda_platform.cc:52] failed call to cuInit: INTERNAL: CUDA error: Failed call to cuInit: CUDA_ERROR_NO_DEVICE: no CUDA-capable device is detected
I0000 00:00:1778808284.207806 3279988 cuda_diagnostics.cc:160] env: CUDA_VISIBLE_DEVICES=""
I0000 00:00:1778808284.207814 3279988 cuda_diagnostics.cc:163] CUDA_VISIBLE_DEVICES is set to an empty string - this hides all GPUs from CUDA
I0000 00:00:1778808284.207825 3279988 cuda_diagnostics.cc:171] verbose logging is disabled. Rerun with verbose logging (usually --v=1 or --vmodule=cuda_diagnostics=1) to get more diagnostic output from this module
I0000 00:00:1778808284.207827 3279988 cuda_diagnostics.cc:176] retrieving CUDA diagnostic information for host: min-B550M-Phantom-Gaming-4
I0000 00:00:1778808284.207830 3279988 cuda_diagnostics.cc:183] hostname: min-B550M-Phantom-Gaming-4
I0000 00:00:1778808284.207914 3279988 cuda_diagnostics.cc:190] libcuda reported version is: 580.142.0
I0000 00:00:1778808284.207931 3279988 cuda_diagnostics.cc:194] kernel reported version is: 580.142.0
I0000 00:00:1778808284.207934 3279988 cuda_diagnostics.cc:284] kernel version seems to match DSO: 580.142.0
Traceback (most recent call last):
  File "/home/min/Workspace/Graduate-Project/Falling-Model-Development/scripts/util/reexport_tflite.py", line 159, in <module>
    main()
    ~~~~^^
  File "/home/min/Workspace/Graduate-Project/Falling-Model-Development/scripts/util/reexport_tflite.py", line 153, in main
    reexport(exp_dir, args.representative_samples)
    ~~~~~~~~^^^^^^^^^^^^^^^^^^^^^^^^^^^^^^^^^^^^^^
  File "/home/min/Workspace/Graduate-Project/Falling-Model-Development/scripts/util/reexport_tflite.py", line 43, in reexport
    model = tf.keras.models.load_model(str(keras_path))
  File "/home/min/Workspace/Graduate-Project/Falling-Model-Development/.venv/lib/python3.13/site-packages/keras/src/saving/saving_api.py", line 189, in load_model
    return saving_lib.load_model(
           ~~~~~~~~~~~~~~~~~~~~~^
        filepath,
        ^^^^^^^^^
    ...<2 lines>...
        safe_mode=safe_mode,
        ^^^^^^^^^^^^^^^^^^^^
    )
    ^
  File "/home/min/Workspace/Graduate-Project/Falling-Model-Development/.venv/lib/python3.13/site-packages/keras/src/saving/saving_lib.py", line 365, in load_model
    return _load_model_from_fileobj(
        f, custom_objects, compile, safe_mode
    )
  File "/home/min/Workspace/Graduate-Project/Falling-Model-Development/.venv/lib/python3.13/site-packages/keras/src/saving/saving_lib.py", line 442, in _load_model_from_fileobj
    model = _model_from_config(
        config_json, custom_objects, compile, safe_mode
    )
  File "/home/min/Workspace/Graduate-Project/Falling-Model-Development/.venv/lib/python3.13/site-packages/keras/src/saving/saving_lib.py", line 431, in _model_from_config
    model = deserialize_keras_object(
        config_dict, custom_objects, safe_mode=safe_mode
    )
  File "/home/min/Workspace/Graduate-Project/Falling-Model-Development/.venv/lib/python3.13/site-packages/keras/src/saving/serialization_lib.py", line 749, in deserialize_keras_object
    instance.compile_from_config(compile_config)
    ~~~~~~~~~~~~~~~~~~~~~~~~~~~~^^^^^^^^^^^^^^^^
  File "/home/min/Workspace/Graduate-Project/Falling-Model-Development/.venv/lib/python3.13/site-packages/keras/src/trainers/trainer.py", line 980, in compile_from_config
    config = serialization_lib.deserialize_keras_object(config)
  File "/home/min/Workspace/Graduate-Project/Falling-Model-Development/.venv/lib/python3.13/site-packages/keras/src/saving/serialization_lib.py", line 610, in deserialize_keras_object
    key: deserialize_keras_object(
         ~~~~~~~~~~~~~~~~~~~~~~~~^
        value, custom_objects=custom_objects, safe_mode=safe_mode
        ^^^^^^^^^^^^^^^^^^^^^^^^^^^^^^^^^^^^^^^^^^^^^^^^^^^^^^^^^
    )
    ^
  File "/home/min/Workspace/Graduate-Project/Falling-Model-Development/.venv/lib/python3.13/site-packages/keras/src/saving/serialization_lib.py", line 709, in deserialize_keras_object
    cls = _retrieve_class_or_fn(
        class_name,
    ...<4 lines>...
        custom_objects=custom_objects,
    )
  File "/home/min/Workspace/Graduate-Project/Falling-Model-Development/.venv/lib/python3.13/site-packages/keras/src/saving/serialization_lib.py", line 834, in _retrieve_class_or_fn
    raise TypeError(
    ...<5 lines>...
    )
TypeError: Could not locate class 'SparseFocalLoss'. Make sure custom classes and functions are decorated with `@keras.saving.register_keras_serializable()`. If they are already decorated, make sure they are all imported so that the decorator is run before trying to load them. Full object config: {'module': None, 'class_name': 'SparseFocalLoss', 'config': {'name': 'sparse_focal_loss', 'reduction': 'sum_over_batch_size', 'alpha': 0.25, 'gamma': 2.0}, 'registered_name': 'SparseFocalLoss'}
[2026-05-15 10:24:44] FAIL  P3-v07 — model_int8.tflite not produced
[2026-05-15 10:24:44] === Part A complete ===

[2026-05-15 10:24:44] --- Part A Size/MinP summary ---
ID       Units      FS       W    MinP    INT8_KB   Deploy?
------------------------------------------------------------
P5-v02   [128, 64]  kp7      40   0.9495     0.0 KB  MISSING  int8_MinP=  -   
P5-v01   [128, 64]  kp7      40   0.9353  1219.6 KB  OVER  int8_MinP=  -   
P4-v05   [256, 128] minimal  40   0.9513  2254.0 KB  OVER  int8_MinP=  -   
P4-v02   [256, 128] kp12     40   0.9469     0.0 KB  MISSING  int8_MinP=  -   
P4-v03   [256, 128] kp7      40   0.9468  2255.9 KB  OVER  int8_MinP=  -   
P4-v04   [256, 128] kp7      40   0.9459     0.0 KB  MISSING  int8_MinP=  -   
P3-v07   [256, 128] kp12     30   0.9404     0.0 KB  MISSING  int8_MinP=  -   

[2026-05-15 10:24:44] === Part B: 신규 학습 ===
[2026-05-15 10:24:44] START Q7-v01
WARNING: All log messages before absl::InitializeLog() is called are written to STDERR
I0000 00:00:1778808285.456616 3280077 cpu_feature_guard.cc:227] This TensorFlow binary is optimized to use available CPU instructions in performance-critical operations.
To enable the following instructions: AVX2 FMA, in other operations, rebuild TensorFlow with the appropriate compiler flags.
[2026-05-15 10:24:46] loading train split=/home/min/Workspace/Graduate-Project/Falling-Model-Development/dataset/splits_v2_filtered/train.csv
[2026-05-15 10:25:01] train rows=1,274,014 videos=6,344 features=45 data_scope=all
[2026-05-15 10:25:01] loading val split=/home/min/Workspace/Graduate-Project/Falling-Model-Development/dataset/splits_v2_filtered/val.csv
[2026-05-15 10:25:05] val rows=363,918 videos=1,811 features=45 data_scope=all
[2026-05-15 10:25:05] loading test split=/home/min/Workspace/Graduate-Project/Falling-Model-Development/dataset/splits_v2_filtered/test.csv
[2026-05-15 10:25:07] test rows=182,782 videos=911 features=45 data_scope=all
[2026-05-15 10:25:25] train windows=370,921 positive=224,347 videos=6,344
[2026-05-15 10:25:31] val windows=147,859 positive=64,446 videos=1,811
[2026-05-15 10:25:34] test windows=74,372 positive=32,532 videos=911
I0000 00:00:1778808345.966901 3280077 gpu_device.cc:2043] Created device /job:localhost/replica:0/task:0/device:GPU:0 with 710 MB memory:  -> device: 0, name: NVIDIA GeForce RTX 2060 SUPER, pci bus id: 0000:05:00.0, compute capability: 7.5
W0000 00:00:1778808348.122722 3280077 cpu_allocator_impl.cc:82] Allocation of 2670631200 exceeds 10% of free system memory.
W0000 00:00:1778808360.158285 3280077 bfc_allocator.cc:502] Allocator (GPU_0_bfc) ran out of memory trying to allocate 2.49GiB (rounded to 2670631424)requested by op _EagerConst
If the cause is memory fragmentation maybe the environment variable 'TF_GPU_ALLOCATOR=cuda_malloc_async' will improve the situation. 
Current allocation summary follows.
Current allocation summary follows.
I0000 00:00:1778808360.158553 3280077 bfc_allocator.cc:1049] BFCAllocator dump for GPU_0_bfc
I0000 00:00:1778808360.158558 3280077 bfc_allocator.cc:1056] Bin (256): 	Total Chunks: 38, Chunks in use: 38. 9.5KiB allocated for chunks. 9.5KiB in use in bin. 2.4KiB client-requested in use in bin.
I0000 00:00:1778808360.158564 3280077 bfc_allocator.cc:1056] Bin (512): 	Total Chunks: 3, Chunks in use: 3. 1.5KiB allocated for chunks. 1.5KiB in use in bin. 1.5KiB client-requested in use in bin.
I0000 00:00:1778808360.158567 3280077 bfc_allocator.cc:1056] Bin (1024): 	Total Chunks: 2, Chunks in use: 2. 2.8KiB allocated for chunks. 2.8KiB in use in bin. 2.5KiB client-requested in use in bin.
I0000 00:00:1778808360.158571 3280077 bfc_allocator.cc:1056] Bin (2048): 	Total Chunks: 1, Chunks in use: 1. 3.0KiB allocated for chunks. 3.0KiB in use in bin. 3.0KiB client-requested in use in bin.
I0000 00:00:1778808360.158574 3280077 bfc_allocator.cc:1056] Bin (4096): 	Total Chunks: 0, Chunks in use: 0. 0B allocated for chunks. 0B in use in bin. 0B client-requested in use in bin.
I0000 00:00:1778808360.158577 3280077 bfc_allocator.cc:1056] Bin (8192): 	Total Chunks: 1, Chunks in use: 0. 10.8KiB allocated for chunks. 0B in use in bin. 0B client-requested in use in bin.
I0000 00:00:1778808360.158580 3280077 bfc_allocator.cc:1056] Bin (16384): 	Total Chunks: 1, Chunks in use: 1. 16.0KiB allocated for chunks. 16.0KiB in use in bin. 16.0KiB client-requested in use in bin.
I0000 00:00:1778808360.158584 3280077 bfc_allocator.cc:1056] Bin (32768): 	Total Chunks: 4, Chunks in use: 2. 184.2KiB allocated for chunks. 104.2KiB in use in bin. 104.2KiB client-requested in use in bin.
I0000 00:00:1778808360.158587 3280077 bfc_allocator.cc:1056] Bin (65536): 	Total Chunks: 4, Chunks in use: 3. 376.2KiB allocated for chunks. 266.8KiB in use in bin. 240.0KiB client-requested in use in bin.
I0000 00:00:1778808360.158590 3280077 bfc_allocator.cc:1056] Bin (131072): 	Total Chunks: 1, Chunks in use: 1. 192.0KiB allocated for chunks. 192.0KiB in use in bin. 192.0KiB client-requested in use in bin.
I0000 00:00:1778808360.158593 3280077 bfc_allocator.cc:1056] Bin (262144): 	Total Chunks: 0, Chunks in use: 0. 0B allocated for chunks. 0B in use in bin. 0B client-requested in use in bin.
I0000 00:00:1778808360.158596 3280077 bfc_allocator.cc:1056] Bin (524288): 	Total Chunks: 0, Chunks in use: 0. 0B allocated for chunks. 0B in use in bin. 0B client-requested in use in bin.
I0000 00:00:1778808360.158599 3280077 bfc_allocator.cc:1056] Bin (1048576): 	Total Chunks: 0, Chunks in use: 0. 0B allocated for chunks. 0B in use in bin. 0B client-requested in use in bin.
I0000 00:00:1778808360.158602 3280077 bfc_allocator.cc:1056] Bin (2097152): 	Total Chunks: 0, Chunks in use: 0. 0B allocated for chunks. 0B in use in bin. 0B client-requested in use in bin.
I0000 00:00:1778808360.158605 3280077 bfc_allocator.cc:1056] Bin (4194304): 	Total Chunks: 0, Chunks in use: 0. 0B allocated for chunks. 0B in use in bin. 0B client-requested in use in bin.
I0000 00:00:1778808360.158608 3280077 bfc_allocator.cc:1056] Bin (8388608): 	Total Chunks: 0, Chunks in use: 0. 0B allocated for chunks. 0B in use in bin. 0B client-requested in use in bin.
I0000 00:00:1778808360.158610 3280077 bfc_allocator.cc:1056] Bin (16777216): 	Total Chunks: 0, Chunks in use: 0. 0B allocated for chunks. 0B in use in bin. 0B client-requested in use in bin.
I0000 00:00:1778808360.158613 3280077 bfc_allocator.cc:1056] Bin (33554432): 	Total Chunks: 0, Chunks in use: 0. 0B allocated for chunks. 0B in use in bin. 0B client-requested in use in bin.
I0000 00:00:1778808360.158616 3280077 bfc_allocator.cc:1056] Bin (67108864): 	Total Chunks: 0, Chunks in use: 0. 0B allocated for chunks. 0B in use in bin. 0B client-requested in use in bin.
I0000 00:00:1778808360.158619 3280077 bfc_allocator.cc:1056] Bin (134217728): 	Total Chunks: 0, Chunks in use: 0. 0B allocated for chunks. 0B in use in bin. 0B client-requested in use in bin.
I0000 00:00:1778808360.158622 3280077 bfc_allocator.cc:1056] Bin (268435456): 	Total Chunks: 1, Chunks in use: 0. 709.97MiB allocated for chunks. 0B in use in bin. 0B client-requested in use in bin.
I0000 00:00:1778808360.158625 3280077 bfc_allocator.cc:1072] Bin for 2.49GiB was 256.00MiB, Chunk State: 
I0000 00:00:1778808360.158629 3280077 bfc_allocator.cc:1078]   Size: 709.97MiB | Requested Size: 192.0KiB | in_use: 0 | bin_num: 20, prev:   Size: 192.0KiB | Requested Size: 192.0KiB | in_use: 1 | bin_num: -1
I0000 00:00:1778808360.158634 3280077 bfc_allocator.cc:1085] Next region of size 745275392
I0000 00:00:1778808360.158638 3280077 bfc_allocator.cc:1105] InUse at 7ccb64000000 of size 1280 next 1
I0000 00:00:1778808360.158640 3280077 bfc_allocator.cc:1105] InUse at 7ccb64000500 of size 256 next 2
I0000 00:00:1778808360.158642 3280077 bfc_allocator.cc:1105] InUse at 7ccb64000600 of size 256 next 3
I0000 00:00:1778808360.158644 3280077 bfc_allocator.cc:1105] InUse at 7ccb64000700 of size 256 next 4
I0000 00:00:1778808360.158646 3280077 bfc_allocator.cc:1105] InUse at 7ccb64000800 of size 256 next 5
I0000 00:00:1778808360.158648 3280077 bfc_allocator.cc:1105] InUse at 7ccb64000900 of size 256 next 7
I0000 00:00:1778808360.158650 3280077 bfc_allocator.cc:1105] InUse at 7ccb64000a00 of size 256 next 8
I0000 00:00:1778808360.158652 3280077 bfc_allocator.cc:1105] InUse at 7ccb64000b00 of size 256 next 6
I0000 00:00:1778808360.158654 3280077 bfc_allocator.cc:1105] InUse at 7ccb64000c00 of size 256 next 9
I0000 00:00:1778808360.158667 3280077 bfc_allocator.cc:1105] InUse at 7ccb64000d00 of size 256 next 12
I0000 00:00:1778808360.158669 3280077 bfc_allocator.cc:1105] InUse at 7ccb64000e00 of size 256 next 13
I0000 00:00:1778808360.158671 3280077 bfc_allocator.cc:1105] InUse at 7ccb64000f00 of size 256 next 14
I0000 00:00:1778808360.158673 3280077 bfc_allocator.cc:1105] InUse at 7ccb64001000 of size 256 next 15
I0000 00:00:1778808360.158675 3280077 bfc_allocator.cc:1105] InUse at 7ccb64001100 of size 256 next 17
I0000 00:00:1778808360.158677 3280077 bfc_allocator.cc:1105] InUse at 7ccb64001200 of size 256 next 18
I0000 00:00:1778808360.158679 3280077 bfc_allocator.cc:1105] InUse at 7ccb64001300 of size 256 next 16
I0000 00:00:1778808360.158681 3280077 bfc_allocator.cc:1105] InUse at 7ccb64001400 of size 256 next 19
I0000 00:00:1778808360.158683 3280077 bfc_allocator.cc:1105] InUse at 7ccb64001500 of size 256 next 21
I0000 00:00:1778808360.158685 3280077 bfc_allocator.cc:1105] InUse at 7ccb64001600 of size 256 next 22
I0000 00:00:1778808360.158687 3280077 bfc_allocator.cc:1105] InUse at 7ccb64001700 of size 256 next 23
I0000 00:00:1778808360.158690 3280077 bfc_allocator.cc:1105] Free  at 7ccb64001800 of size 112128 next 10
I0000 00:00:1778808360.158692 3280077 bfc_allocator.cc:1105] InUse at 7ccb6401ce00 of size 57600 next 11
I0000 00:00:1778808360.158695 3280077 bfc_allocator.cc:1105] InUse at 7ccb6402af00 of size 49152 next 20
I0000 00:00:1778808360.158697 3280077 bfc_allocator.cc:1105] InUse at 7ccb64036f00 of size 256 next 24
I0000 00:00:1778808360.158699 3280077 bfc_allocator.cc:1105] InUse at 7ccb64037000 of size 256 next 26
I0000 00:00:1778808360.158702 3280077 bfc_allocator.cc:1105] InUse at 7ccb64037100 of size 3072 next 31
I0000 00:00:1778808360.158704 3280077 bfc_allocator.cc:1105] InUse at 7ccb64037d00 of size 512 next 33
I0000 00:00:1778808360.158706 3280077 bfc_allocator.cc:1105] InUse at 7ccb64037f00 of size 512 next 27
I0000 00:00:1778808360.158708 3280077 bfc_allocator.cc:1105] InUse at 7ccb64038100 of size 256 next 30
I0000 00:00:1778808360.158710 3280077 bfc_allocator.cc:1105] InUse at 7ccb64038200 of size 256 next 34
I0000 00:00:1778808360.158712 3280077 bfc_allocator.cc:1105] InUse at 7ccb64038300 of size 256 next 35
I0000 00:00:1778808360.158714 3280077 bfc_allocator.cc:1105] InUse at 7ccb64038400 of size 1536 next 37
I0000 00:00:1778808360.158717 3280077 bfc_allocator.cc:1105] InUse at 7ccb64038a00 of size 256 next 39
I0000 00:00:1778808360.158719 3280077 bfc_allocator.cc:1105] InUse at 7ccb64038b00 of size 256 next 36
I0000 00:00:1778808360.158721 3280077 bfc_allocator.cc:1105] InUse at 7ccb64038c00 of size 256 next 41
I0000 00:00:1778808360.158723 3280077 bfc_allocator.cc:1105] InUse at 7ccb64038d00 of size 256 next 44
I0000 00:00:1778808360.158725 3280077 bfc_allocator.cc:1105] InUse at 7ccb64038e00 of size 256 next 42
I0000 00:00:1778808360.158727 3280077 bfc_allocator.cc:1105] InUse at 7ccb64038f00 of size 256 next 43
I0000 00:00:1778808360.158729 3280077 bfc_allocator.cc:1105] InUse at 7ccb64039000 of size 256 next 47
I0000 00:00:1778808360.158730 3280077 bfc_allocator.cc:1105] InUse at 7ccb64039100 of size 256 next 49
I0000 00:00:1778808360.158733 3280077 bfc_allocator.cc:1105] InUse at 7ccb64039200 of size 256 next 50
I0000 00:00:1778808360.158735 3280077 bfc_allocator.cc:1105] InUse at 7ccb64039300 of size 256 next 48
I0000 00:00:1778808360.158737 3280077 bfc_allocator.cc:1105] InUse at 7ccb64039400 of size 256 next 51
I0000 00:00:1778808360.158739 3280077 bfc_allocator.cc:1105] InUse at 7ccb64039500 of size 256 next 54
I0000 00:00:1778808360.158741 3280077 bfc_allocator.cc:1105] InUse at 7ccb64039600 of size 256 next 55
I0000 00:00:1778808360.158743 3280077 bfc_allocator.cc:1105] InUse at 7ccb64039700 of size 256 next 52
I0000 00:00:1778808360.158745 3280077 bfc_allocator.cc:1105] InUse at 7ccb64039800 of size 512 next 53
I0000 00:00:1778808360.158747 3280077 bfc_allocator.cc:1105] Free  at 7ccb64039a00 of size 11008 next 38
I0000 00:00:1778808360.158749 3280077 bfc_allocator.cc:1105] InUse at 7ccb6403c500 of size 76544 next 28
I0000 00:00:1778808360.158751 3280077 bfc_allocator.cc:1105] InUse at 7ccb6404f000 of size 98304 next 29
I0000 00:00:1778808360.158753 3280077 bfc_allocator.cc:1105] Free  at 7ccb64067000 of size 32768 next 46
I0000 00:00:1778808360.158756 3280077 bfc_allocator.cc:1105] InUse at 7ccb6406f000 of size 16384 next 45
I0000 00:00:1778808360.158758 3280077 bfc_allocator.cc:1105] Free  at 7ccb64073000 of size 49152 next 40
I0000 00:00:1778808360.158760 3280077 bfc_allocator.cc:1105] InUse at 7ccb6407f000 of size 98304 next 25
I0000 00:00:1778808360.158763 3280077 bfc_allocator.cc:1105] InUse at 7ccb64097000 of size 196608 next 32
I0000 00:00:1778808360.158765 3280077 bfc_allocator.cc:1105] Free  at 7ccb640c7000 of size 744460288 next 18446744073709551615
I0000 00:00:1778808360.158767 3280077 bfc_allocator.cc:1110]      Summary of in-use Chunks by size: 
I0000 00:00:1778808360.158769 3280077 bfc_allocator.cc:1113] 38 Chunks of size 256 totalling 9.5KiB
I0000 00:00:1778808360.158774 3280077 bfc_allocator.cc:1113] 3 Chunks of size 512 totalling 1.5KiB
I0000 00:00:1778808360.158776 3280077 bfc_allocator.cc:1113] 1 Chunks of size 1280 totalling 1.2KiB
I0000 00:00:1778808360.158779 3280077 bfc_allocator.cc:1113] 1 Chunks of size 1536 totalling 1.5KiB
I0000 00:00:1778808360.158782 3280077 bfc_allocator.cc:1113] 1 Chunks of size 3072 totalling 3.0KiB
I0000 00:00:1778808360.158785 3280077 bfc_allocator.cc:1113] 1 Chunks of size 16384 totalling 16.0KiB
I0000 00:00:1778808360.158787 3280077 bfc_allocator.cc:1113] 1 Chunks of size 49152 totalling 48.0KiB
I0000 00:00:1778808360.158790 3280077 bfc_allocator.cc:1113] 1 Chunks of size 57600 totalling 56.2KiB
I0000 00:00:1778808360.158792 3280077 bfc_allocator.cc:1113] 1 Chunks of size 76544 totalling 74.8KiB
I0000 00:00:1778808360.158798 3280077 bfc_allocator.cc:1113] 2 Chunks of size 98304 totalling 192.0KiB
I0000 00:00:1778808360.158801 3280077 bfc_allocator.cc:1113] 1 Chunks of size 196608 totalling 192.0KiB
I0000 00:00:1778808360.158803 3280077 bfc_allocator.cc:1117] Sum Total of in-use chunks: 595.8KiB
I0000 00:00:1778808360.158805 3280077 bfc_allocator.cc:1119] Total size in pool: 710.75MiB memory_limit_: 710.75MiB available size: 0B curr_region_allocation_bytes_: 1.39GiB
I0000 00:00:1778808360.158809 3280077 bfc_allocator.cc:1128] Stats: 
Limit:                       710.75MiB
InUse:                        595.8KiB
MaxInUse:                     879.5KiB
NumAllocs:                         139
MaxAllocSize:                 192.0KiB
Reserved:                           0B
PeakReserved:                       0B
LargestFreeBlock:                   0B

W0000 00:00:1778808360.158815 3280077 bfc_allocator.cc:513] *___________________________________________________________________________________________________
Traceback (most recent call last):
  File "/home/min/Workspace/Graduate-Project/Falling-Model-Development/scripts/train_baseline.py", line 1301, in <module>
    main()
    ~~~~^^
  File "/home/min/Workspace/Graduate-Project/Falling-Model-Development/scripts/train_baseline.py", line 1190, in main
    history = train_model(model, x, y, config)
  File "/home/min/Workspace/Graduate-Project/Falling-Model-Development/scripts/train_baseline.py", line 718, in train_model
    make_tf_dataset(x["train"], y["train"], config.batch_size, True, config.noise_std),
    ~~~~~~~~~~~~~~~^^^^^^^^^^^^^^^^^^^^^^^^^^^^^^^^^^^^^^^^^^^^^^^^^^^^^^^^^^^^^^^^^^^
  File "/home/min/Workspace/Graduate-Project/Falling-Model-Development/scripts/train_baseline.py", line 557, in make_tf_dataset
    ds = tf.data.Dataset.from_tensor_slices((x, y))
  File "/home/min/Workspace/Graduate-Project/Falling-Model-Development/.venv/lib/python3.13/site-packages/tensorflow/python/data/ops/dataset_ops.py", line 827, in from_tensor_slices
    return from_tensor_slices_op._from_tensor_slices(tensors, name)
           ~~~~~~~~~~~~~~~~~~~~~~~~~~~~~~~~~~~~~~~~~^^^^^^^^^^^^^^^
  File "/home/min/Workspace/Graduate-Project/Falling-Model-Development/.venv/lib/python3.13/site-packages/tensorflow/python/data/ops/from_tensor_slices_op.py", line 25, in _from_tensor_slices
    return _TensorSliceDataset(tensors, name=name)
  File "/home/min/Workspace/Graduate-Project/Falling-Model-Development/.venv/lib/python3.13/site-packages/tensorflow/python/data/ops/from_tensor_slices_op.py", line 33, in __init__
    element = structure.normalize_element(element)
  File "/home/min/Workspace/Graduate-Project/Falling-Model-Development/.venv/lib/python3.13/site-packages/tensorflow/python/data/util/structure.py", line 134, in normalize_element
    ops.convert_to_tensor(t, name="component_%d" % i, dtype=dtype))
    ~~~~~~~~~~~~~~~~~~~~~^^^^^^^^^^^^^^^^^^^^^^^^^^^^^^^^^^^^^^^^^
  File "/home/min/Workspace/Graduate-Project/Falling-Model-Development/.venv/lib/python3.13/site-packages/tensorflow/python/profiler/trace.py", line 183, in wrapped
    return func(*args, **kwargs)
  File "/home/min/Workspace/Graduate-Project/Falling-Model-Development/.venv/lib/python3.13/site-packages/tensorflow/python/framework/ops.py", line 757, in convert_to_tensor
    return tensor_conversion_registry.convert(
           ~~~~~~~~~~~~~~~~~~~~~~~~~~~~~~~~~~^
        value, dtype, name, as_ref, preferred_dtype, accepted_result_types
        ^^^^^^^^^^^^^^^^^^^^^^^^^^^^^^^^^^^^^^^^^^^^^^^^^^^^^^^^^^^^^^^^^^
    )
    ^
  File "/home/min/Workspace/Graduate-Project/Falling-Model-Development/.venv/lib/python3.13/site-packages/tensorflow/python/framework/tensor_conversion_registry.py", line 234, in convert
    ret = conversion_func(value, dtype=dtype, name=name, as_ref=as_ref)
  File "/home/min/Workspace/Graduate-Project/Falling-Model-Development/.venv/lib/python3.13/site-packages/tensorflow/python/framework/constant_tensor_conversion.py", line 29, in _constant_tensor_conversion_function
    return constant_op.constant(v, dtype=dtype, name=name)
           ~~~~~~~~~~~~~~~~~~~~^^^^^^^^^^^^^^^^^^^^^^^^^^^
  File "/home/min/Workspace/Graduate-Project/Falling-Model-Development/.venv/lib/python3.13/site-packages/tensorflow/python/ops/weak_tensor_ops.py", line 142, in wrapper
    return op(*args, **kwargs)
  File "/home/min/Workspace/Graduate-Project/Falling-Model-Development/.venv/lib/python3.13/site-packages/tensorflow/python/framework/constant_op.py", line 276, in constant
    return _constant_impl(value, dtype, shape, name, verify_shape=False,
                          allow_broadcast=True)
  File "/home/min/Workspace/Graduate-Project/Falling-Model-Development/.venv/lib/python3.13/site-packages/tensorflow/python/framework/constant_op.py", line 288, in _constant_impl
    return _constant_eager_impl(ctx, value, dtype, shape, verify_shape)
  File "/home/min/Workspace/Graduate-Project/Falling-Model-Development/.venv/lib/python3.13/site-packages/tensorflow/python/framework/constant_op.py", line 301, in _constant_eager_impl
    t = convert_to_eager_tensor(value, ctx, dtype)
  File "/home/min/Workspace/Graduate-Project/Falling-Model-Development/.venv/lib/python3.13/site-packages/tensorflow/python/framework/constant_op.py", line 108, in convert_to_eager_tensor
    return ops.EagerTensor(value, ctx.device_name, dtype)
           ~~~~~~~~~~~~~~~^^^^^^^^^^^^^^^^^^^^^^^^^^^^^^^
tensorflow.python.framework.errors_impl.InternalError: Failed copying input tensor from /job:localhost/replica:0/task:0/device:CPU:0 to /job:localhost/replica:0/task:0/device:GPU:0 in order to run _EagerConst: Dst tensor is not initialized.
[2026-05-15 10:26:01] FAIL  Q7-v01
[2026-05-15 10:26:01] START Q7-v02
WARNING: All log messages before absl::InitializeLog() is called are written to STDERR
I0000 00:00:1778808362.884350 3280964 cpu_feature_guard.cc:227] This TensorFlow binary is optimized to use available CPU instructions in performance-critical operations.
To enable the following instructions: AVX2 FMA, in other operations, rebuild TensorFlow with the appropriate compiler flags.
[2026-05-15 10:26:05] loading train split=/home/min/Workspace/Graduate-Project/Falling-Model-Development/dataset/splits_v2_filtered/train.csv
[2026-05-15 10:26:20] train rows=1,274,014 videos=6,344 features=27 data_scope=all
[2026-05-15 10:26:20] loading val split=/home/min/Workspace/Graduate-Project/Falling-Model-Development/dataset/splits_v2_filtered/val.csv
[2026-05-15 10:26:24] val rows=363,918 videos=1,811 features=27 data_scope=all
[2026-05-15 10:26:24] loading test split=/home/min/Workspace/Graduate-Project/Falling-Model-Development/dataset/splits_v2_filtered/test.csv
[2026-05-15 10:26:26] test rows=182,782 videos=911 features=27 data_scope=all
[2026-05-15 10:26:42] train windows=397,522 positive=211,942 videos=6,344
[2026-05-15 10:26:49] val windows=165,969 positive=60,838 videos=1,811
[2026-05-15 10:26:52] test windows=83,482 positive=30,712 videos=911
I0000 00:00:1778808418.497012 3280964 gpu_device.cc:2043] Created device /job:localhost/replica:0/task:0/device:GPU:0 with 710 MB memory:  -> device: 0, name: NVIDIA GeForce RTX 2060 SUPER, pci bus id: 0000:05:00.0, compute capability: 7.5
W0000 00:00:1778808419.866602 3280964 cpu_allocator_impl.cc:82] Allocation of 1287971280 exceeds 10% of free system memory.
W0000 00:00:1778808430.853843 3280964 bfc_allocator.cc:502] Allocator (GPU_0_bfc) ran out of memory trying to allocate 1.20GiB (rounded to 1287971328)requested by op _EagerConst
If the cause is memory fragmentation maybe the environment variable 'TF_GPU_ALLOCATOR=cuda_malloc_async' will improve the situation. 
Current allocation summary follows.
Current allocation summary follows.
I0000 00:00:1778808430.853882 3280964 bfc_allocator.cc:1049] BFCAllocator dump for GPU_0_bfc
I0000 00:00:1778808430.853884 3280964 bfc_allocator.cc:1056] Bin (256): 	Total Chunks: 38, Chunks in use: 38. 9.5KiB allocated for chunks. 9.5KiB in use in bin. 2.4KiB client-requested in use in bin.
I0000 00:00:1778808430.853888 3280964 bfc_allocator.cc:1056] Bin (512): 	Total Chunks: 3, Chunks in use: 3. 1.5KiB allocated for chunks. 1.5KiB in use in bin. 1.5KiB client-requested in use in bin.
I0000 00:00:1778808430.853891 3280964 bfc_allocator.cc:1056] Bin (1024): 	Total Chunks: 2, Chunks in use: 2. 2.8KiB allocated for chunks. 2.8KiB in use in bin. 2.5KiB client-requested in use in bin.
I0000 00:00:1778808430.853894 3280964 bfc_allocator.cc:1056] Bin (2048): 	Total Chunks: 1, Chunks in use: 1. 3.0KiB allocated for chunks. 3.0KiB in use in bin. 3.0KiB client-requested in use in bin.
I0000 00:00:1778808430.853896 3280964 bfc_allocator.cc:1056] Bin (4096): 	Total Chunks: 0, Chunks in use: 0. 0B allocated for chunks. 0B in use in bin. 0B client-requested in use in bin.
I0000 00:00:1778808430.853898 3280964 bfc_allocator.cc:1056] Bin (8192): 	Total Chunks: 0, Chunks in use: 0. 0B allocated for chunks. 0B in use in bin. 0B client-requested in use in bin.
I0000 00:00:1778808430.853900 3280964 bfc_allocator.cc:1056] Bin (16384): 	Total Chunks: 1, Chunks in use: 1. 16.0KiB allocated for chunks. 16.0KiB in use in bin. 16.0KiB client-requested in use in bin.
I0000 00:00:1778808430.853903 3280964 bfc_allocator.cc:1056] Bin (32768): 	Total Chunks: 3, Chunks in use: 2. 117.2KiB allocated for chunks. 81.8KiB in use in bin. 81.8KiB client-requested in use in bin.
I0000 00:00:1778808430.853905 3280964 bfc_allocator.cc:1056] Bin (65536): 	Total Chunks: 3, Chunks in use: 3. 258.5KiB allocated for chunks. 258.5KiB in use in bin. 240.0KiB client-requested in use in bin.
I0000 00:00:1778808430.853907 3280964 bfc_allocator.cc:1056] Bin (131072): 	Total Chunks: 2, Chunks in use: 1. 368.0KiB allocated for chunks. 192.0KiB in use in bin. 192.0KiB client-requested in use in bin.
I0000 00:00:1778808430.853910 3280964 bfc_allocator.cc:1056] Bin (262144): 	Total Chunks: 0, Chunks in use: 0. 0B allocated for chunks. 0B in use in bin. 0B client-requested in use in bin.
I0000 00:00:1778808430.853912 3280964 bfc_allocator.cc:1056] Bin (524288): 	Total Chunks: 0, Chunks in use: 0. 0B allocated for chunks. 0B in use in bin. 0B client-requested in use in bin.
I0000 00:00:1778808430.853914 3280964 bfc_allocator.cc:1056] Bin (1048576): 	Total Chunks: 0, Chunks in use: 0. 0B allocated for chunks. 0B in use in bin. 0B client-requested in use in bin.
I0000 00:00:1778808430.853916 3280964 bfc_allocator.cc:1056] Bin (2097152): 	Total Chunks: 0, Chunks in use: 0. 0B allocated for chunks. 0B in use in bin. 0B client-requested in use in bin.
I0000 00:00:1778808430.853918 3280964 bfc_allocator.cc:1056] Bin (4194304): 	Total Chunks: 0, Chunks in use: 0. 0B allocated for chunks. 0B in use in bin. 0B client-requested in use in bin.
I0000 00:00:1778808430.853920 3280964 bfc_allocator.cc:1056] Bin (8388608): 	Total Chunks: 0, Chunks in use: 0. 0B allocated for chunks. 0B in use in bin. 0B client-requested in use in bin.
I0000 00:00:1778808430.853922 3280964 bfc_allocator.cc:1056] Bin (16777216): 	Total Chunks: 0, Chunks in use: 0. 0B allocated for chunks. 0B in use in bin. 0B client-requested in use in bin.
I0000 00:00:1778808430.853924 3280964 bfc_allocator.cc:1056] Bin (33554432): 	Total Chunks: 0, Chunks in use: 0. 0B allocated for chunks. 0B in use in bin. 0B client-requested in use in bin.
I0000 00:00:1778808430.853926 3280964 bfc_allocator.cc:1056] Bin (67108864): 	Total Chunks: 0, Chunks in use: 0. 0B allocated for chunks. 0B in use in bin. 0B client-requested in use in bin.
I0000 00:00:1778808430.853928 3280964 bfc_allocator.cc:1056] Bin (134217728): 	Total Chunks: 0, Chunks in use: 0. 0B allocated for chunks. 0B in use in bin. 0B client-requested in use in bin.
I0000 00:00:1778808430.853930 3280964 bfc_allocator.cc:1056] Bin (268435456): 	Total Chunks: 1, Chunks in use: 0. 709.68MiB allocated for chunks. 0B in use in bin. 0B client-requested in use in bin.
I0000 00:00:1778808430.853932 3280964 bfc_allocator.cc:1072] Bin for 1.20GiB was 256.00MiB, Chunk State: 
I0000 00:00:1778808430.853934 3280964 bfc_allocator.cc:1078]   Size: 709.68MiB | Requested Size: 0B | in_use: 0 | bin_num: 20, prev:   Size: 96.0KiB | Requested Size: 96.0KiB | in_use: 1 | bin_num: -1
I0000 00:00:1778808430.853938 3280964 bfc_allocator.cc:1085] Next region of size 744947712
I0000 00:00:1778808430.853941 3280964 bfc_allocator.cc:1105] InUse at 74183a000000 of size 1280 next 1
I0000 00:00:1778808430.853943 3280964 bfc_allocator.cc:1105] InUse at 74183a000500 of size 256 next 2
I0000 00:00:1778808430.853945 3280964 bfc_allocator.cc:1105] InUse at 74183a000600 of size 256 next 3
I0000 00:00:1778808430.853946 3280964 bfc_allocator.cc:1105] InUse at 74183a000700 of size 256 next 4
I0000 00:00:1778808430.853948 3280964 bfc_allocator.cc:1105] InUse at 74183a000800 of size 256 next 5
I0000 00:00:1778808430.853949 3280964 bfc_allocator.cc:1105] InUse at 74183a000900 of size 256 next 7
I0000 00:00:1778808430.853950 3280964 bfc_allocator.cc:1105] InUse at 74183a000a00 of size 256 next 8
I0000 00:00:1778808430.853952 3280964 bfc_allocator.cc:1105] InUse at 74183a000b00 of size 256 next 6
I0000 00:00:1778808430.853953 3280964 bfc_allocator.cc:1105] InUse at 74183a000c00 of size 256 next 9
I0000 00:00:1778808430.853955 3280964 bfc_allocator.cc:1105] InUse at 74183a000d00 of size 256 next 12
I0000 00:00:1778808430.853956 3280964 bfc_allocator.cc:1105] InUse at 74183a000e00 of size 256 next 13
I0000 00:00:1778808430.853958 3280964 bfc_allocator.cc:1105] InUse at 74183a000f00 of size 256 next 14
I0000 00:00:1778808430.853960 3280964 bfc_allocator.cc:1105] InUse at 74183a001000 of size 68096 next 10
I0000 00:00:1778808430.853961 3280964 bfc_allocator.cc:1105] InUse at 74183a011a00 of size 34560 next 11
I0000 00:00:1778808430.853963 3280964 bfc_allocator.cc:1105] InUse at 74183a01a100 of size 256 next 15
I0000 00:00:1778808430.853965 3280964 bfc_allocator.cc:1105] InUse at 74183a01a200 of size 256 next 17
I0000 00:00:1778808430.853966 3280964 bfc_allocator.cc:1105] InUse at 74183a01a300 of size 256 next 16
I0000 00:00:1778808430.853968 3280964 bfc_allocator.cc:1105] InUse at 74183a01a400 of size 256 next 18
I0000 00:00:1778808430.853969 3280964 bfc_allocator.cc:1105] InUse at 74183a01a500 of size 256 next 21
I0000 00:00:1778808430.853970 3280964 bfc_allocator.cc:1105] InUse at 74183a01a600 of size 256 next 22
I0000 00:00:1778808430.853972 3280964 bfc_allocator.cc:1105] InUse at 74183a01a700 of size 256 next 23
I0000 00:00:1778808430.853973 3280964 bfc_allocator.cc:1105] InUse at 74183a01a800 of size 256 next 24
I0000 00:00:1778808430.853975 3280964 bfc_allocator.cc:1105] InUse at 74183a01a900 of size 256 next 25
I0000 00:00:1778808430.853976 3280964 bfc_allocator.cc:1105] InUse at 74183a01aa00 of size 256 next 28
I0000 00:00:1778808430.853978 3280964 bfc_allocator.cc:1105] InUse at 74183a01ab00 of size 3072 next 26
I0000 00:00:1778808430.853980 3280964 bfc_allocator.cc:1105] InUse at 74183a01b700 of size 512 next 33
I0000 00:00:1778808430.853982 3280964 bfc_allocator.cc:1105] InUse at 74183a01b900 of size 512 next 27
I0000 00:00:1778808430.853983 3280964 bfc_allocator.cc:1105] InUse at 74183a01bb00 of size 256 next 31
I0000 00:00:1778808430.853984 3280964 bfc_allocator.cc:1105] InUse at 74183a01bc00 of size 256 next 34
I0000 00:00:1778808430.853986 3280964 bfc_allocator.cc:1105] InUse at 74183a01bd00 of size 256 next 35
I0000 00:00:1778808430.853987 3280964 bfc_allocator.cc:1105] InUse at 74183a01be00 of size 1536 next 39
I0000 00:00:1778808430.853989 3280964 bfc_allocator.cc:1105] InUse at 74183a01c400 of size 256 next 37
I0000 00:00:1778808430.853990 3280964 bfc_allocator.cc:1105] InUse at 74183a01c500 of size 256 next 38
I0000 00:00:1778808430.853992 3280964 bfc_allocator.cc:1105] InUse at 74183a01c600 of size 256 next 41
I0000 00:00:1778808430.853993 3280964 bfc_allocator.cc:1105] InUse at 74183a01c700 of size 256 next 42
I0000 00:00:1778808430.853995 3280964 bfc_allocator.cc:1105] InUse at 74183a01c800 of size 256 next 43
I0000 00:00:1778808430.853996 3280964 bfc_allocator.cc:1105] InUse at 74183a01c900 of size 256 next 36
I0000 00:00:1778808430.853997 3280964 bfc_allocator.cc:1105] InUse at 74183a01ca00 of size 256 next 44
I0000 00:00:1778808430.853999 3280964 bfc_allocator.cc:1105] InUse at 74183a01cb00 of size 256 next 47
I0000 00:00:1778808430.854000 3280964 bfc_allocator.cc:1105] InUse at 74183a01cc00 of size 256 next 48
I0000 00:00:1778808430.854002 3280964 bfc_allocator.cc:1105] InUse at 74183a01cd00 of size 256 next 46
I0000 00:00:1778808430.854003 3280964 bfc_allocator.cc:1105] InUse at 74183a01ce00 of size 256 next 49
I0000 00:00:1778808430.854005 3280964 bfc_allocator.cc:1105] InUse at 74183a01cf00 of size 256 next 52
I0000 00:00:1778808430.854006 3280964 bfc_allocator.cc:1105] InUse at 74183a01d000 of size 256 next 53
I0000 00:00:1778808430.854007 3280964 bfc_allocator.cc:1105] InUse at 74183a01d100 of size 256 next 50
I0000 00:00:1778808430.854009 3280964 bfc_allocator.cc:1105] InUse at 74183a01d200 of size 512 next 51
I0000 00:00:1778808430.854010 3280964 bfc_allocator.cc:1105] Free  at 74183a01d400 of size 36352 next 19
I0000 00:00:1778808430.854012 3280964 bfc_allocator.cc:1105] InUse at 74183a026200 of size 49152 next 20
I0000 00:00:1778808430.854013 3280964 bfc_allocator.cc:1105] InUse at 74183a032200 of size 16384 next 45
I0000 00:00:1778808430.854015 3280964 bfc_allocator.cc:1105] Free  at 74183a036200 of size 180224 next 30
I0000 00:00:1778808430.854016 3280964 bfc_allocator.cc:1105] InUse at 74183a062200 of size 98304 next 29
I0000 00:00:1778808430.854018 3280964 bfc_allocator.cc:1105] InUse at 74183a07a200 of size 196608 next 32
I0000 00:00:1778808430.854020 3280964 bfc_allocator.cc:1105] InUse at 74183a0aa200 of size 98304 next 40
I0000 00:00:1778808430.854021 3280964 bfc_allocator.cc:1105] Free  at 74183a0c2200 of size 744152576 next 18446744073709551615
I0000 00:00:1778808430.854023 3280964 bfc_allocator.cc:1110]      Summary of in-use Chunks by size: 
I0000 00:00:1778808430.854024 3280964 bfc_allocator.cc:1113] 38 Chunks of size 256 totalling 9.5KiB
I0000 00:00:1778808430.854027 3280964 bfc_allocator.cc:1113] 3 Chunks of size 512 totalling 1.5KiB
I0000 00:00:1778808430.854029 3280964 bfc_allocator.cc:1113] 1 Chunks of size 1280 totalling 1.2KiB
I0000 00:00:1778808430.854031 3280964 bfc_allocator.cc:1113] 1 Chunks of size 1536 totalling 1.5KiB
I0000 00:00:1778808430.854033 3280964 bfc_allocator.cc:1113] 1 Chunks of size 3072 totalling 3.0KiB
I0000 00:00:1778808430.854035 3280964 bfc_allocator.cc:1113] 1 Chunks of size 16384 totalling 16.0KiB
I0000 00:00:1778808430.854036 3280964 bfc_allocator.cc:1113] 1 Chunks of size 34560 totalling 33.8KiB
I0000 00:00:1778808430.854038 3280964 bfc_allocator.cc:1113] 1 Chunks of size 49152 totalling 48.0KiB
I0000 00:00:1778808430.854040 3280964 bfc_allocator.cc:1113] 1 Chunks of size 68096 totalling 66.5KiB
I0000 00:00:1778808430.854042 3280964 bfc_allocator.cc:1113] 2 Chunks of size 98304 totalling 192.0KiB
I0000 00:00:1778808430.854044 3280964 bfc_allocator.cc:1113] 1 Chunks of size 196608 totalling 192.0KiB
I0000 00:00:1778808430.854045 3280964 bfc_allocator.cc:1117] Sum Total of in-use chunks: 565.0KiB
I0000 00:00:1778808430.854047 3280964 bfc_allocator.cc:1119] Total size in pool: 710.44MiB memory_limit_: 710.44MiB available size: 0B curr_region_allocation_bytes_: 1.39GiB
I0000 00:00:1778808430.854050 3280964 bfc_allocator.cc:1128] Stats: 
Limit:                       710.44MiB
InUse:                        565.0KiB
MaxInUse:                     827.8KiB
NumAllocs:                         139
MaxAllocSize:                 192.0KiB
Reserved:                           0B
PeakReserved:                       0B
LargestFreeBlock:                   0B

W0000 00:00:1778808430.854058 3280964 bfc_allocator.cc:513] *___________________________________________________________________________________________________
Traceback (most recent call last):
  File "/home/min/Workspace/Graduate-Project/Falling-Model-Development/scripts/train_baseline.py", line 1301, in <module>
    main()
    ~~~~^^
  File "/home/min/Workspace/Graduate-Project/Falling-Model-Development/scripts/train_baseline.py", line 1190, in main
    history = train_model(model, x, y, config)
  File "/home/min/Workspace/Graduate-Project/Falling-Model-Development/scripts/train_baseline.py", line 718, in train_model
    make_tf_dataset(x["train"], y["train"], config.batch_size, True, config.noise_std),
    ~~~~~~~~~~~~~~~^^^^^^^^^^^^^^^^^^^^^^^^^^^^^^^^^^^^^^^^^^^^^^^^^^^^^^^^^^^^^^^^^^^
  File "/home/min/Workspace/Graduate-Project/Falling-Model-Development/scripts/train_baseline.py", line 557, in make_tf_dataset
    ds = tf.data.Dataset.from_tensor_slices((x, y))
  File "/home/min/Workspace/Graduate-Project/Falling-Model-Development/.venv/lib/python3.13/site-packages/tensorflow/python/data/ops/dataset_ops.py", line 827, in from_tensor_slices
    return from_tensor_slices_op._from_tensor_slices(tensors, name)
           ~~~~~~~~~~~~~~~~~~~~~~~~~~~~~~~~~~~~~~~~~^^^^^^^^^^^^^^^
  File "/home/min/Workspace/Graduate-Project/Falling-Model-Development/.venv/lib/python3.13/site-packages/tensorflow/python/data/ops/from_tensor_slices_op.py", line 25, in _from_tensor_slices
    return _TensorSliceDataset(tensors, name=name)
  File "/home/min/Workspace/Graduate-Project/Falling-Model-Development/.venv/lib/python3.13/site-packages/tensorflow/python/data/ops/from_tensor_slices_op.py", line 33, in __init__
    element = structure.normalize_element(element)
  File "/home/min/Workspace/Graduate-Project/Falling-Model-Development/.venv/lib/python3.13/site-packages/tensorflow/python/data/util/structure.py", line 134, in normalize_element
    ops.convert_to_tensor(t, name="component_%d" % i, dtype=dtype))
    ~~~~~~~~~~~~~~~~~~~~~^^^^^^^^^^^^^^^^^^^^^^^^^^^^^^^^^^^^^^^^^
  File "/home/min/Workspace/Graduate-Project/Falling-Model-Development/.venv/lib/python3.13/site-packages/tensorflow/python/profiler/trace.py", line 183, in wrapped
    return func(*args, **kwargs)
  File "/home/min/Workspace/Graduate-Project/Falling-Model-Development/.venv/lib/python3.13/site-packages/tensorflow/python/framework/ops.py", line 757, in convert_to_tensor
    return tensor_conversion_registry.convert(
           ~~~~~~~~~~~~~~~~~~~~~~~~~~~~~~~~~~^
        value, dtype, name, as_ref, preferred_dtype, accepted_result_types
        ^^^^^^^^^^^^^^^^^^^^^^^^^^^^^^^^^^^^^^^^^^^^^^^^^^^^^^^^^^^^^^^^^^
    )
    ^
  File "/home/min/Workspace/Graduate-Project/Falling-Model-Development/.venv/lib/python3.13/site-packages/tensorflow/python/framework/tensor_conversion_registry.py", line 234, in convert
    ret = conversion_func(value, dtype=dtype, name=name, as_ref=as_ref)
  File "/home/min/Workspace/Graduate-Project/Falling-Model-Development/.venv/lib/python3.13/site-packages/tensorflow/python/framework/constant_tensor_conversion.py", line 29, in _constant_tensor_conversion_function
    return constant_op.constant(v, dtype=dtype, name=name)
           ~~~~~~~~~~~~~~~~~~~~^^^^^^^^^^^^^^^^^^^^^^^^^^^
  File "/home/min/Workspace/Graduate-Project/Falling-Model-Development/.venv/lib/python3.13/site-packages/tensorflow/python/ops/weak_tensor_ops.py", line 142, in wrapper
    return op(*args, **kwargs)
  File "/home/min/Workspace/Graduate-Project/Falling-Model-Development/.venv/lib/python3.13/site-packages/tensorflow/python/framework/constant_op.py", line 276, in constant
    return _constant_impl(value, dtype, shape, name, verify_shape=False,
                          allow_broadcast=True)
  File "/home/min/Workspace/Graduate-Project/Falling-Model-Development/.venv/lib/python3.13/site-packages/tensorflow/python/framework/constant_op.py", line 288, in _constant_impl
    return _constant_eager_impl(ctx, value, dtype, shape, verify_shape)
  File "/home/min/Workspace/Graduate-Project/Falling-Model-Development/.venv/lib/python3.13/site-packages/tensorflow/python/framework/constant_op.py", line 301, in _constant_eager_impl
    t = convert_to_eager_tensor(value, ctx, dtype)
  File "/home/min/Workspace/Graduate-Project/Falling-Model-Development/.venv/lib/python3.13/site-packages/tensorflow/python/framework/constant_op.py", line 108, in convert_to_eager_tensor
    return ops.EagerTensor(value, ctx.device_name, dtype)
           ~~~~~~~~~~~~~~~^^^^^^^^^^^^^^^^^^^^^^^^^^^^^^^
tensorflow.python.framework.errors_impl.InternalError: Failed copying input tensor from /job:localhost/replica:0/task:0/device:CPU:0 to /job:localhost/replica:0/task:0/device:GPU:0 in order to run _EagerConst: Dst tensor is not initialized.
[2026-05-15 10:27:12] FAIL  Q7-v02
[2026-05-15 10:27:12] START Q7-v03
WARNING: All log messages before absl::InitializeLog() is called are written to STDERR
I0000 00:00:1778808432.977279 3281912 cpu_feature_guard.cc:227] This TensorFlow binary is optimized to use available CPU instructions in performance-critical operations.
To enable the following instructions: AVX2 FMA, in other operations, rebuild TensorFlow with the appropriate compiler flags.
[2026-05-15 10:27:14] loading train split=/home/min/Workspace/Graduate-Project/Falling-Model-Development/dataset/splits_v2_filtered/train.csv
[2026-05-15 10:27:28] train rows=1,274,014 videos=6,344 features=45 data_scope=all
[2026-05-15 10:27:28] loading val split=/home/min/Workspace/Graduate-Project/Falling-Model-Development/dataset/splits_v2_filtered/val.csv
[2026-05-15 10:27:32] val rows=363,918 videos=1,811 features=45 data_scope=all
[2026-05-15 10:27:32] loading test split=/home/min/Workspace/Graduate-Project/Falling-Model-Development/dataset/splits_v2_filtered/test.csv
[2026-05-15 10:27:34] test rows=182,782 videos=911 features=45 data_scope=all
[2026-05-15 10:27:53] train windows=397,522 positive=211,942 videos=6,344
[2026-05-15 10:27:59] val windows=165,969 positive=60,838 videos=1,811
[2026-05-15 10:28:03] test windows=83,482 positive=30,712 videos=911
I0000 00:00:1778808492.472987 3281912 gpu_device.cc:2043] Created device /job:localhost/replica:0/task:0/device:GPU:0 with 710 MB memory:  -> device: 0, name: NVIDIA GeForce RTX 2060 SUPER, pci bus id: 0000:05:00.0, compute capability: 7.5
W0000 00:00:1778808494.394004 3281912 cpu_allocator_impl.cc:82] Allocation of 2146618800 exceeds 10% of free system memory.
W0000 00:00:1778808506.131127 3281912 bfc_allocator.cc:502] Allocator (GPU_0_bfc) ran out of memory trying to allocate 2.00GiB (rounded to 2146618880)requested by op _EagerConst
If the cause is memory fragmentation maybe the environment variable 'TF_GPU_ALLOCATOR=cuda_malloc_async' will improve the situation. 
Current allocation summary follows.
Current allocation summary follows.
I0000 00:00:1778808506.131162 3281912 bfc_allocator.cc:1049] BFCAllocator dump for GPU_0_bfc
I0000 00:00:1778808506.131164 3281912 bfc_allocator.cc:1056] Bin (256): 	Total Chunks: 38, Chunks in use: 38. 9.5KiB allocated for chunks. 9.5KiB in use in bin. 2.4KiB client-requested in use in bin.
I0000 00:00:1778808506.131168 3281912 bfc_allocator.cc:1056] Bin (512): 	Total Chunks: 3, Chunks in use: 3. 1.5KiB allocated for chunks. 1.5KiB in use in bin. 1.5KiB client-requested in use in bin.
I0000 00:00:1778808506.131171 3281912 bfc_allocator.cc:1056] Bin (1024): 	Total Chunks: 2, Chunks in use: 2. 2.8KiB allocated for chunks. 2.8KiB in use in bin. 2.5KiB client-requested in use in bin.
I0000 00:00:1778808506.131173 3281912 bfc_allocator.cc:1056] Bin (2048): 	Total Chunks: 1, Chunks in use: 1. 3.0KiB allocated for chunks. 3.0KiB in use in bin. 3.0KiB client-requested in use in bin.
I0000 00:00:1778808506.131176 3281912 bfc_allocator.cc:1056] Bin (4096): 	Total Chunks: 0, Chunks in use: 0. 0B allocated for chunks. 0B in use in bin. 0B client-requested in use in bin.
I0000 00:00:1778808506.131178 3281912 bfc_allocator.cc:1056] Bin (8192): 	Total Chunks: 1, Chunks in use: 0. 10.8KiB allocated for chunks. 0B in use in bin. 0B client-requested in use in bin.
I0000 00:00:1778808506.131180 3281912 bfc_allocator.cc:1056] Bin (16384): 	Total Chunks: 1, Chunks in use: 1. 16.0KiB allocated for chunks. 16.0KiB in use in bin. 16.0KiB client-requested in use in bin.
I0000 00:00:1778808506.131183 3281912 bfc_allocator.cc:1056] Bin (32768): 	Total Chunks: 4, Chunks in use: 2. 184.2KiB allocated for chunks. 104.2KiB in use in bin. 104.2KiB client-requested in use in bin.
I0000 00:00:1778808506.131185 3281912 bfc_allocator.cc:1056] Bin (65536): 	Total Chunks: 4, Chunks in use: 3. 376.2KiB allocated for chunks. 266.8KiB in use in bin. 240.0KiB client-requested in use in bin.
I0000 00:00:1778808506.131187 3281912 bfc_allocator.cc:1056] Bin (131072): 	Total Chunks: 1, Chunks in use: 1. 192.0KiB allocated for chunks. 192.0KiB in use in bin. 192.0KiB client-requested in use in bin.
I0000 00:00:1778808506.131190 3281912 bfc_allocator.cc:1056] Bin (262144): 	Total Chunks: 0, Chunks in use: 0. 0B allocated for chunks. 0B in use in bin. 0B client-requested in use in bin.
I0000 00:00:1778808506.131192 3281912 bfc_allocator.cc:1056] Bin (524288): 	Total Chunks: 0, Chunks in use: 0. 0B allocated for chunks. 0B in use in bin. 0B client-requested in use in bin.
I0000 00:00:1778808506.131194 3281912 bfc_allocator.cc:1056] Bin (1048576): 	Total Chunks: 0, Chunks in use: 0. 0B allocated for chunks. 0B in use in bin. 0B client-requested in use in bin.
I0000 00:00:1778808506.131196 3281912 bfc_allocator.cc:1056] Bin (2097152): 	Total Chunks: 0, Chunks in use: 0. 0B allocated for chunks. 0B in use in bin. 0B client-requested in use in bin.
I0000 00:00:1778808506.131198 3281912 bfc_allocator.cc:1056] Bin (4194304): 	Total Chunks: 0, Chunks in use: 0. 0B allocated for chunks. 0B in use in bin. 0B client-requested in use in bin.
I0000 00:00:1778808506.131200 3281912 bfc_allocator.cc:1056] Bin (8388608): 	Total Chunks: 0, Chunks in use: 0. 0B allocated for chunks. 0B in use in bin. 0B client-requested in use in bin.
I0000 00:00:1778808506.131202 3281912 bfc_allocator.cc:1056] Bin (16777216): 	Total Chunks: 0, Chunks in use: 0. 0B allocated for chunks. 0B in use in bin. 0B client-requested in use in bin.
I0000 00:00:1778808506.131204 3281912 bfc_allocator.cc:1056] Bin (33554432): 	Total Chunks: 0, Chunks in use: 0. 0B allocated for chunks. 0B in use in bin. 0B client-requested in use in bin.
I0000 00:00:1778808506.131206 3281912 bfc_allocator.cc:1056] Bin (67108864): 	Total Chunks: 0, Chunks in use: 0. 0B allocated for chunks. 0B in use in bin. 0B client-requested in use in bin.
I0000 00:00:1778808506.131208 3281912 bfc_allocator.cc:1056] Bin (134217728): 	Total Chunks: 0, Chunks in use: 0. 0B allocated for chunks. 0B in use in bin. 0B client-requested in use in bin.
I0000 00:00:1778808506.131210 3281912 bfc_allocator.cc:1056] Bin (268435456): 	Total Chunks: 1, Chunks in use: 0. 709.47MiB allocated for chunks. 0B in use in bin. 0B client-requested in use in bin.
I0000 00:00:1778808506.131212 3281912 bfc_allocator.cc:1072] Bin for 2.00GiB was 256.00MiB, Chunk State: 
I0000 00:00:1778808506.131214 3281912 bfc_allocator.cc:1078]   Size: 709.47MiB | Requested Size: 192.0KiB | in_use: 0 | bin_num: 20, prev:   Size: 192.0KiB | Requested Size: 192.0KiB | in_use: 1 | bin_num: -1
I0000 00:00:1778808506.131218 3281912 bfc_allocator.cc:1085] Next region of size 744751104
I0000 00:00:1778808506.131221 3281912 bfc_allocator.cc:1105] InUse at 799812000000 of size 1280 next 1
I0000 00:00:1778808506.131223 3281912 bfc_allocator.cc:1105] InUse at 799812000500 of size 256 next 2
I0000 00:00:1778808506.131225 3281912 bfc_allocator.cc:1105] InUse at 799812000600 of size 256 next 3
I0000 00:00:1778808506.131226 3281912 bfc_allocator.cc:1105] InUse at 799812000700 of size 256 next 4
I0000 00:00:1778808506.131228 3281912 bfc_allocator.cc:1105] InUse at 799812000800 of size 256 next 5
I0000 00:00:1778808506.131229 3281912 bfc_allocator.cc:1105] InUse at 799812000900 of size 256 next 7
I0000 00:00:1778808506.131231 3281912 bfc_allocator.cc:1105] InUse at 799812000a00 of size 256 next 8
I0000 00:00:1778808506.131232 3281912 bfc_allocator.cc:1105] InUse at 799812000b00 of size 256 next 6
I0000 00:00:1778808506.131234 3281912 bfc_allocator.cc:1105] InUse at 799812000c00 of size 256 next 9
I0000 00:00:1778808506.131235 3281912 bfc_allocator.cc:1105] InUse at 799812000d00 of size 256 next 12
I0000 00:00:1778808506.131237 3281912 bfc_allocator.cc:1105] InUse at 799812000e00 of size 256 next 13
I0000 00:00:1778808506.131238 3281912 bfc_allocator.cc:1105] InUse at 799812000f00 of size 256 next 14
I0000 00:00:1778808506.131240 3281912 bfc_allocator.cc:1105] InUse at 799812001000 of size 256 next 15
I0000 00:00:1778808506.131241 3281912 bfc_allocator.cc:1105] InUse at 799812001100 of size 256 next 17
I0000 00:00:1778808506.131242 3281912 bfc_allocator.cc:1105] InUse at 799812001200 of size 256 next 18
I0000 00:00:1778808506.131244 3281912 bfc_allocator.cc:1105] InUse at 799812001300 of size 256 next 16
I0000 00:00:1778808506.131245 3281912 bfc_allocator.cc:1105] InUse at 799812001400 of size 256 next 19
I0000 00:00:1778808506.131247 3281912 bfc_allocator.cc:1105] InUse at 799812001500 of size 256 next 21
I0000 00:00:1778808506.131248 3281912 bfc_allocator.cc:1105] InUse at 799812001600 of size 256 next 22
I0000 00:00:1778808506.131250 3281912 bfc_allocator.cc:1105] InUse at 799812001700 of size 256 next 23
I0000 00:00:1778808506.131252 3281912 bfc_allocator.cc:1105] Free  at 799812001800 of size 112128 next 10
I0000 00:00:1778808506.131253 3281912 bfc_allocator.cc:1105] InUse at 79981201ce00 of size 57600 next 11
I0000 00:00:1778808506.131255 3281912 bfc_allocator.cc:1105] InUse at 79981202af00 of size 49152 next 20
I0000 00:00:1778808506.131256 3281912 bfc_allocator.cc:1105] InUse at 799812036f00 of size 256 next 24
I0000 00:00:1778808506.131258 3281912 bfc_allocator.cc:1105] InUse at 799812037000 of size 256 next 26
I0000 00:00:1778808506.131260 3281912 bfc_allocator.cc:1105] InUse at 799812037100 of size 3072 next 31
I0000 00:00:1778808506.131262 3281912 bfc_allocator.cc:1105] InUse at 799812037d00 of size 512 next 33
I0000 00:00:1778808506.131263 3281912 bfc_allocator.cc:1105] InUse at 799812037f00 of size 512 next 27
I0000 00:00:1778808506.131265 3281912 bfc_allocator.cc:1105] InUse at 799812038100 of size 256 next 30
I0000 00:00:1778808506.131266 3281912 bfc_allocator.cc:1105] InUse at 799812038200 of size 256 next 34
I0000 00:00:1778808506.131268 3281912 bfc_allocator.cc:1105] InUse at 799812038300 of size 256 next 35
I0000 00:00:1778808506.131269 3281912 bfc_allocator.cc:1105] InUse at 799812038400 of size 1536 next 37
I0000 00:00:1778808506.131271 3281912 bfc_allocator.cc:1105] InUse at 799812038a00 of size 256 next 39
I0000 00:00:1778808506.131272 3281912 bfc_allocator.cc:1105] InUse at 799812038b00 of size 256 next 36
I0000 00:00:1778808506.131274 3281912 bfc_allocator.cc:1105] InUse at 799812038c00 of size 256 next 41
I0000 00:00:1778808506.131275 3281912 bfc_allocator.cc:1105] InUse at 799812038d00 of size 256 next 44
I0000 00:00:1778808506.131277 3281912 bfc_allocator.cc:1105] InUse at 799812038e00 of size 256 next 42
I0000 00:00:1778808506.131278 3281912 bfc_allocator.cc:1105] InUse at 799812038f00 of size 256 next 43
I0000 00:00:1778808506.131279 3281912 bfc_allocator.cc:1105] InUse at 799812039000 of size 256 next 47
I0000 00:00:1778808506.131281 3281912 bfc_allocator.cc:1105] InUse at 799812039100 of size 256 next 49
I0000 00:00:1778808506.131282 3281912 bfc_allocator.cc:1105] InUse at 799812039200 of size 256 next 50
I0000 00:00:1778808506.131284 3281912 bfc_allocator.cc:1105] InUse at 799812039300 of size 256 next 48
I0000 00:00:1778808506.131285 3281912 bfc_allocator.cc:1105] InUse at 799812039400 of size 256 next 51
I0000 00:00:1778808506.131287 3281912 bfc_allocator.cc:1105] InUse at 799812039500 of size 256 next 54
I0000 00:00:1778808506.131288 3281912 bfc_allocator.cc:1105] InUse at 799812039600 of size 256 next 55
I0000 00:00:1778808506.131290 3281912 bfc_allocator.cc:1105] InUse at 799812039700 of size 256 next 52
I0000 00:00:1778808506.131291 3281912 bfc_allocator.cc:1105] InUse at 799812039800 of size 512 next 53
I0000 00:00:1778808506.131292 3281912 bfc_allocator.cc:1105] Free  at 799812039a00 of size 11008 next 38
I0000 00:00:1778808506.131294 3281912 bfc_allocator.cc:1105] InUse at 79981203c500 of size 76544 next 28
I0000 00:00:1778808506.131296 3281912 bfc_allocator.cc:1105] InUse at 79981204f000 of size 98304 next 29
I0000 00:00:1778808506.131297 3281912 bfc_allocator.cc:1105] Free  at 799812067000 of size 32768 next 46
I0000 00:00:1778808506.131298 3281912 bfc_allocator.cc:1105] InUse at 79981206f000 of size 16384 next 45
I0000 00:00:1778808506.131300 3281912 bfc_allocator.cc:1105] Free  at 799812073000 of size 49152 next 40
I0000 00:00:1778808506.131301 3281912 bfc_allocator.cc:1105] InUse at 79981207f000 of size 98304 next 25
I0000 00:00:1778808506.131303 3281912 bfc_allocator.cc:1105] InUse at 799812097000 of size 196608 next 32
I0000 00:00:1778808506.131305 3281912 bfc_allocator.cc:1105] Free  at 7998120c7000 of size 743936000 next 18446744073709551615
I0000 00:00:1778808506.131306 3281912 bfc_allocator.cc:1110]      Summary of in-use Chunks by size: 
I0000 00:00:1778808506.131308 3281912 bfc_allocator.cc:1113] 38 Chunks of size 256 totalling 9.5KiB
I0000 00:00:1778808506.131311 3281912 bfc_allocator.cc:1113] 3 Chunks of size 512 totalling 1.5KiB
I0000 00:00:1778808506.131313 3281912 bfc_allocator.cc:1113] 1 Chunks of size 1280 totalling 1.2KiB
I0000 00:00:1778808506.131315 3281912 bfc_allocator.cc:1113] 1 Chunks of size 1536 totalling 1.5KiB
I0000 00:00:1778808506.131317 3281912 bfc_allocator.cc:1113] 1 Chunks of size 3072 totalling 3.0KiB
I0000 00:00:1778808506.131318 3281912 bfc_allocator.cc:1113] 1 Chunks of size 16384 totalling 16.0KiB
I0000 00:00:1778808506.131320 3281912 bfc_allocator.cc:1113] 1 Chunks of size 49152 totalling 48.0KiB
I0000 00:00:1778808506.131322 3281912 bfc_allocator.cc:1113] 1 Chunks of size 57600 totalling 56.2KiB
I0000 00:00:1778808506.131324 3281912 bfc_allocator.cc:1113] 1 Chunks of size 76544 totalling 74.8KiB
I0000 00:00:1778808506.131326 3281912 bfc_allocator.cc:1113] 2 Chunks of size 98304 totalling 192.0KiB
I0000 00:00:1778808506.131327 3281912 bfc_allocator.cc:1113] 1 Chunks of size 196608 totalling 192.0KiB
I0000 00:00:1778808506.131329 3281912 bfc_allocator.cc:1117] Sum Total of in-use chunks: 595.8KiB
I0000 00:00:1778808506.131331 3281912 bfc_allocator.cc:1119] Total size in pool: 710.25MiB memory_limit_: 710.25MiB available size: 0B curr_region_allocation_bytes_: 1.39GiB
I0000 00:00:1778808506.131333 3281912 bfc_allocator.cc:1128] Stats: 
Limit:                       710.25MiB
InUse:                        595.8KiB
MaxInUse:                     879.5KiB
NumAllocs:                         139
MaxAllocSize:                 192.0KiB
Reserved:                           0B
PeakReserved:                       0B
LargestFreeBlock:                   0B

W0000 00:00:1778808506.131337 3281912 bfc_allocator.cc:513] *___________________________________________________________________________________________________
Traceback (most recent call last):
  File "/home/min/Workspace/Graduate-Project/Falling-Model-Development/scripts/train_baseline.py", line 1301, in <module>
    main()
    ~~~~^^
  File "/home/min/Workspace/Graduate-Project/Falling-Model-Development/scripts/train_baseline.py", line 1190, in main
    history = train_model(model, x, y, config)
  File "/home/min/Workspace/Graduate-Project/Falling-Model-Development/scripts/train_baseline.py", line 718, in train_model
    make_tf_dataset(x["train"], y["train"], config.batch_size, True, config.noise_std),
    ~~~~~~~~~~~~~~~^^^^^^^^^^^^^^^^^^^^^^^^^^^^^^^^^^^^^^^^^^^^^^^^^^^^^^^^^^^^^^^^^^^
  File "/home/min/Workspace/Graduate-Project/Falling-Model-Development/scripts/train_baseline.py", line 557, in make_tf_dataset
    ds = tf.data.Dataset.from_tensor_slices((x, y))
  File "/home/min/Workspace/Graduate-Project/Falling-Model-Development/.venv/lib/python3.13/site-packages/tensorflow/python/data/ops/dataset_ops.py", line 827, in from_tensor_slices
    return from_tensor_slices_op._from_tensor_slices(tensors, name)
           ~~~~~~~~~~~~~~~~~~~~~~~~~~~~~~~~~~~~~~~~~^^^^^^^^^^^^^^^
  File "/home/min/Workspace/Graduate-Project/Falling-Model-Development/.venv/lib/python3.13/site-packages/tensorflow/python/data/ops/from_tensor_slices_op.py", line 25, in _from_tensor_slices
    return _TensorSliceDataset(tensors, name=name)
  File "/home/min/Workspace/Graduate-Project/Falling-Model-Development/.venv/lib/python3.13/site-packages/tensorflow/python/data/ops/from_tensor_slices_op.py", line 33, in __init__
    element = structure.normalize_element(element)
  File "/home/min/Workspace/Graduate-Project/Falling-Model-Development/.venv/lib/python3.13/site-packages/tensorflow/python/data/util/structure.py", line 134, in normalize_element
    ops.convert_to_tensor(t, name="component_%d" % i, dtype=dtype))
    ~~~~~~~~~~~~~~~~~~~~~^^^^^^^^^^^^^^^^^^^^^^^^^^^^^^^^^^^^^^^^^
  File "/home/min/Workspace/Graduate-Project/Falling-Model-Development/.venv/lib/python3.13/site-packages/tensorflow/python/profiler/trace.py", line 183, in wrapped
    return func(*args, **kwargs)
  File "/home/min/Workspace/Graduate-Project/Falling-Model-Development/.venv/lib/python3.13/site-packages/tensorflow/python/framework/ops.py", line 757, in convert_to_tensor
    return tensor_conversion_registry.convert(
           ~~~~~~~~~~~~~~~~~~~~~~~~~~~~~~~~~~^
        value, dtype, name, as_ref, preferred_dtype, accepted_result_types
        ^^^^^^^^^^^^^^^^^^^^^^^^^^^^^^^^^^^^^^^^^^^^^^^^^^^^^^^^^^^^^^^^^^
    )
    ^
  File "/home/min/Workspace/Graduate-Project/Falling-Model-Development/.venv/lib/python3.13/site-packages/tensorflow/python/framework/tensor_conversion_registry.py", line 234, in convert
    ret = conversion_func(value, dtype=dtype, name=name, as_ref=as_ref)
  File "/home/min/Workspace/Graduate-Project/Falling-Model-Development/.venv/lib/python3.13/site-packages/tensorflow/python/framework/constant_tensor_conversion.py", line 29, in _constant_tensor_conversion_function
    return constant_op.constant(v, dtype=dtype, name=name)
           ~~~~~~~~~~~~~~~~~~~~^^^^^^^^^^^^^^^^^^^^^^^^^^^
  File "/home/min/Workspace/Graduate-Project/Falling-Model-Development/.venv/lib/python3.13/site-packages/tensorflow/python/ops/weak_tensor_ops.py", line 142, in wrapper
    return op(*args, **kwargs)
  File "/home/min/Workspace/Graduate-Project/Falling-Model-Development/.venv/lib/python3.13/site-packages/tensorflow/python/framework/constant_op.py", line 276, in constant
    return _constant_impl(value, dtype, shape, name, verify_shape=False,
                          allow_broadcast=True)
  File "/home/min/Workspace/Graduate-Project/Falling-Model-Development/.venv/lib/python3.13/site-packages/tensorflow/python/framework/constant_op.py", line 288, in _constant_impl
    return _constant_eager_impl(ctx, value, dtype, shape, verify_shape)
  File "/home/min/Workspace/Graduate-Project/Falling-Model-Development/.venv/lib/python3.13/site-packages/tensorflow/python/framework/constant_op.py", line 301, in _constant_eager_impl
    t = convert_to_eager_tensor(value, ctx, dtype)
  File "/home/min/Workspace/Graduate-Project/Falling-Model-Development/.venv/lib/python3.13/site-packages/tensorflow/python/framework/constant_op.py", line 108, in convert_to_eager_tensor
    return ops.EagerTensor(value, ctx.device_name, dtype)
           ~~~~~~~~~~~~~~~^^^^^^^^^^^^^^^^^^^^^^^^^^^^^^^
tensorflow.python.framework.errors_impl.InternalError: Failed copying input tensor from /job:localhost/replica:0/task:0/device:CPU:0 to /job:localhost/replica:0/task:0/device:GPU:0 in order to run _EagerConst: Dst tensor is not initialized.
[2026-05-15 10:28:27] FAIL  Q7-v03
[2026-05-15 10:28:27] === Part B complete ===
[2026-05-15 10:28:27] === Phase 7 Final Summary ===

[Part A — Existing models reexported]
ID       Units      FS       W    Float_MinP  INT8_MinP  INT8_KB   Deploy?
----------------------------------------------------------------------
P5-v02   128,64     kp7      40   0.9495         -           0.0 KB  ? MISS
P5-v01   128,64     kp7      40   0.9353         -        1219.6 KB  ✗ OVER
P4-v05   256,128    minimal  40   0.9513         -        2254.0 KB  ✗ OVER
P4-v02   256,128    kp12     40   0.9469         -           0.0 KB  ? MISS
P4-v03   256,128    kp7      40   0.9468         -        2255.9 KB  ✗ OVER
P4-v04   256,128    kp7      40   0.9459         -           0.0 KB  ? MISS
P3-v07   256,128    kp12     30   0.9404         -           0.0 KB  ? MISS

[Part B — New experiments]
Q7-v01   128,64     kp12     40   0.0000         -           0.0 KB  ? MISS
Q7-v02   128,64     kp7      30   0.0000         -           0.0 KB  ? MISS
Q7-v03   128,64     kp12     30   0.0000         -           0.0 KB  ? MISS
[2026-05-15 10:28:27] Done. See results/gru_phase7_quant/summary.log
[2026-05-15 10:42:39] === Part A: TFLite INT8 재수출 ===
[2026-05-15 10:42:39] REEXPORT P5-v02 (results/gru_phase5_compact)
WARNING: All log messages before absl::InitializeLog() is called are written to STDERR
I0000 00:00:1778809359.529556 3291571 cpu_feature_guard.cc:227] This TensorFlow binary is optimized to use available CPU instructions in performance-critical operations.
To enable the following instructions: AVX2 FMA, in other operations, rebuild TensorFlow with the appropriate compiler flags.

[P5-v02]
  Loading model.keras ...
E0000 00:00:1778809361.210612 3291571 cuda_platform.cc:52] failed call to cuInit: INTERNAL: CUDA error: Failed call to cuInit: CUDA_ERROR_NO_DEVICE: no CUDA-capable device is detected
I0000 00:00:1778809361.210631 3291571 cuda_diagnostics.cc:160] env: CUDA_VISIBLE_DEVICES=""
I0000 00:00:1778809361.210638 3291571 cuda_diagnostics.cc:163] CUDA_VISIBLE_DEVICES is set to an empty string - this hides all GPUs from CUDA
I0000 00:00:1778809361.210647 3291571 cuda_diagnostics.cc:171] verbose logging is disabled. Rerun with verbose logging (usually --v=1 or --vmodule=cuda_diagnostics=1) to get more diagnostic output from this module
I0000 00:00:1778809361.210649 3291571 cuda_diagnostics.cc:176] retrieving CUDA diagnostic information for host: min-B550M-Phantom-Gaming-4
I0000 00:00:1778809361.210651 3291571 cuda_diagnostics.cc:183] hostname: min-B550M-Phantom-Gaming-4
I0000 00:00:1778809361.210726 3291571 cuda_diagnostics.cc:190] libcuda reported version is: 580.142.0
I0000 00:00:1778809361.210742 3291571 cuda_diagnostics.cc:194] kernel reported version is: 580.142.0
I0000 00:00:1778809361.210743 3291571 cuda_diagnostics.cc:284] kernel version seems to match DSO: 580.142.0
    unidirectional → converting without unroll (compact graph)
Saved artifact at '/tmp/tmplhsuslk5'. The following endpoints are available:

* Endpoint 'serve'
  args_0 (POSITIONAL_ONLY): TensorSpec(shape=(None, 40, 27), dtype=tf.float32, name='pose_sequence')
Output Type:
  TensorSpec(shape=(None, 2), dtype=tf.float32, name=None)
Captures:
  139268159135504: TensorSpec(shape=(), dtype=tf.resource, name=None)
  139268159136080: TensorSpec(shape=(), dtype=tf.resource, name=None)
  139268159135888: TensorSpec(shape=(), dtype=tf.resource, name=None)
  139268159136464: TensorSpec(shape=(), dtype=tf.resource, name=None)
  139268159135312: TensorSpec(shape=(), dtype=tf.resource, name=None)
  139268159135696: TensorSpec(shape=(), dtype=tf.resource, name=None)
  139268159137232: TensorSpec(shape=(), dtype=tf.resource, name=None)
  139268159137040: TensorSpec(shape=(), dtype=tf.resource, name=None)
  139268159136272: TensorSpec(shape=(), dtype=tf.resource, name=None)
  139268159134160: TensorSpec(shape=(), dtype=tf.resource, name=None)
  139268159137808: TensorSpec(shape=(), dtype=tf.resource, name=None)
  139268159139344: TensorSpec(shape=(), dtype=tf.resource, name=None)
  139268159138384: TensorSpec(shape=(), dtype=tf.resource, name=None)
  139268159138768: TensorSpec(shape=(), dtype=tf.resource, name=None)
  139268159137616: TensorSpec(shape=(), dtype=tf.resource, name=None)
  139268159139536: TensorSpec(shape=(), dtype=tf.resource, name=None)
  139268159138192: TensorSpec(shape=(), dtype=tf.resource, name=None)
  139268159140304: TensorSpec(shape=(), dtype=tf.resource, name=None)
  139268159138960: TensorSpec(shape=(), dtype=tf.resource, name=None)
  139268159138576: TensorSpec(shape=(), dtype=tf.resource, name=None)
  139268159140688: TensorSpec(shape=(), dtype=tf.resource, name=None)
  139268159140880: TensorSpec(shape=(), dtype=tf.resource, name=None)
  139268159140112: TensorSpec(shape=(), dtype=tf.resource, name=None)
  139268159141840: TensorSpec(shape=(), dtype=tf.resource, name=None)
W0000 00:00:1778809361.867497 3291571 tf_tfl_flatbuffer_helpers.cc:364] Ignored output_format.
W0000 00:00:1778809361.867507 3291571 tf_tfl_flatbuffer_helpers.cc:367] Ignored drop_control_dependency.
I0000 00:00:1778809361.867733 3291571 reader.cc:83] Reading SavedModel from: /tmp/tmplhsuslk5
I0000 00:00:1778809361.868592 3291571 reader.cc:52] Reading meta graph with tags { serve }
I0000 00:00:1778809361.868596 3291571 reader.cc:147] Reading SavedModel debug info (if present) from: /tmp/tmplhsuslk5
I0000 00:00:1778809361.878401 3291571 mlir_graph_optimization_pass.cc:437] MLIR V1 optimization pass is not enabled
I0000 00:00:1778809361.880104 3291571 loader.cc:236] Restoring SavedModel bundle.
I0000 00:00:1778809361.924426 3291571 loader.cc:220] Running initialization op on SavedModel bundle at path: /tmp/tmplhsuslk5
I0000 00:00:1778809361.941404 3291571 loader.cc:471] SavedModel load for tags { serve }; Status: success: OK. Took 73674 microseconds.
I0000 00:00:1778809361.962182 3291571 dump_mlir_util.cc:269] disabling MLIR crash reproducer, set env var `MLIR_CRASH_REPRODUCER_DIRECTORY` to enable.
loc(callsite(fused["TensorListReserve:", "P5-v02_gru_1/gru_1_1/TensorArrayV2_1@__inference_function_1268"] at callsite(fused["StatefulPartitionedCall:", "StatefulPartitionedCall@__inference_signature_wrapper_1375"] at fused["StatefulPartitionedCall:", "StatefulPartitionedCall_1"]))): error: 'tf.TensorListReserve' op requires element_shape to be static during TF Lite transformation pass
loc(callsite(fused["TensorListReserve:", "P5-v02_gru_1/gru_1_1/TensorArrayV2_1@__inference_function_1268"] at callsite(fused["StatefulPartitionedCall:", "StatefulPartitionedCall@__inference_signature_wrapper_1375"] at fused["StatefulPartitionedCall:", "StatefulPartitionedCall_1"]))): error: failed to legalize operation 'tf.TensorListReserve' that was explicitly marked illegal
error: Lowering tensor list ops is failed. Please consider using Select TF ops and disabling `_experimental_lower_tensor_list_ops` flag in the TFLite converter object. For example, converter.target_spec.supported_ops = [tf.lite.OpsSet.TFLITE_BUILTINS, tf.lite.OpsSet.SELECT_TF_OPS]\n converter._experimental_lower_tensor_list_ops = False
    fp32 FAIL: <unknown>:0: error: loc(callsite(fused["TensorListReserve:", "P5-v02_gru_1/gru_1_1/TensorArrayV2_1@__inference_function_1268"] at callsite(fused["StatefulPartitionedCall:", "StatefulPartitionedCall@__inference_signature_wrapper_1375"] at fused["StatefulPartitionedCall:", "StatefulPartitionedCall_1"]))): 'tf.TensorListReserve' op requires element_shape to be static during TF Lite transformation pass
<unknown>:0: note: loc(callsite(fused["StatefulPartitionedCall:", "StatefulPartitionedCall@__inference_signature_wrapper_1375"] at fused["StatefulPartitionedCall:", "StatefulPartitionedCall_1"])): called from
<unknown>:0: note: loc(fused["StatefulPartitionedCall:", "StatefulPartitionedCall_1"]): called from
<unknown>:0: error: loc(callsite(fused["TensorListReserve:", "P5-v02_gru_1/gru_1_1/TensorArrayV2_1@__inference_function_1268"] at callsite(fused["StatefulPartitionedCall:", "StatefulPartitionedCall@__inference_signature_wrapper_1375"] at fused["StatefulPartitionedCall:", "StatefulPartitionedCall_1"]))): failed to legalize operation 'tf.TensorListReserve' that was explicitly marked illegal
<unknown>:0: note: loc(callsite(fused["StatefulPartitionedCall:", "StatefulPartitionedCall@__inference_signature_wrapper_1375"] at fused["StatefulPartitionedCall:", "StatefulPartitionedCall_1"])): called from
<unknown>:0: note: loc(fused["StatefulPartitionedCall:", "StatefulPartitionedCall_1"]): called from
<unknown>:0: error: Lowering tensor list ops is failed. Please consider using Select TF ops and disabling `_experimental_lower_tensor_list_ops` flag in the TFLite converter object. For example, converter.target_spec.supported_ops = [tf.lite.OpsSet.TFLITE_BUILTINS, tf.lite.OpsSet.SELECT_TF_OPS]\n converter._experimental_lower_tensor_list_ops = False

Saved artifact at '/tmp/tmpmfn104yi'. The following endpoints are available:

* Endpoint 'serve'
  args_0 (POSITIONAL_ONLY): TensorSpec(shape=(None, 40, 27), dtype=tf.float32, name='pose_sequence')
Output Type:
  TensorSpec(shape=(None, 2), dtype=tf.float32, name=None)
Captures:
  139268159135504: TensorSpec(shape=(), dtype=tf.resource, name=None)
  139268159136080: TensorSpec(shape=(), dtype=tf.resource, name=None)
  139268159135888: TensorSpec(shape=(), dtype=tf.resource, name=None)
  139268159136464: TensorSpec(shape=(), dtype=tf.resource, name=None)
  139268159135312: TensorSpec(shape=(), dtype=tf.resource, name=None)
  139268159135696: TensorSpec(shape=(), dtype=tf.resource, name=None)
  139268159137232: TensorSpec(shape=(), dtype=tf.resource, name=None)
  139268159137040: TensorSpec(shape=(), dtype=tf.resource, name=None)
  139268159136272: TensorSpec(shape=(), dtype=tf.resource, name=None)
  139268159134160: TensorSpec(shape=(), dtype=tf.resource, name=None)
  139268159137808: TensorSpec(shape=(), dtype=tf.resource, name=None)
  139268159139344: TensorSpec(shape=(), dtype=tf.resource, name=None)
  139268159138384: TensorSpec(shape=(), dtype=tf.resource, name=None)
  139268159138768: TensorSpec(shape=(), dtype=tf.resource, name=None)
  139268159137616: TensorSpec(shape=(), dtype=tf.resource, name=None)
  139268159139536: TensorSpec(shape=(), dtype=tf.resource, name=None)
  139268159138192: TensorSpec(shape=(), dtype=tf.resource, name=None)
  139268159140304: TensorSpec(shape=(), dtype=tf.resource, name=None)
  139268159138960: TensorSpec(shape=(), dtype=tf.resource, name=None)
  139268159138576: TensorSpec(shape=(), dtype=tf.resource, name=None)
  139268159140688: TensorSpec(shape=(), dtype=tf.resource, name=None)
  139268159140880: TensorSpec(shape=(), dtype=tf.resource, name=None)
  139268159140112: TensorSpec(shape=(), dtype=tf.resource, name=None)
  139268159141840: TensorSpec(shape=(), dtype=tf.resource, name=None)
/home/min/Workspace/Graduate-Project/Falling-Model-Development/.venv/lib/python3.13/site-packages/tensorflow/lite/python/convert.py:846: UserWarning: Statistics for quantized inputs were expected, but not specified; continuing anyway.
  warnings.warn(
W0000 00:00:1778809362.532515 3291571 tf_tfl_flatbuffer_helpers.cc:364] Ignored output_format.
W0000 00:00:1778809362.532524 3291571 tf_tfl_flatbuffer_helpers.cc:367] Ignored drop_control_dependency.
I0000 00:00:1778809362.532616 3291571 reader.cc:83] Reading SavedModel from: /tmp/tmpmfn104yi
I0000 00:00:1778809362.533512 3291571 reader.cc:52] Reading meta graph with tags { serve }
I0000 00:00:1778809362.533521 3291571 reader.cc:147] Reading SavedModel debug info (if present) from: /tmp/tmpmfn104yi
I0000 00:00:1778809362.545489 3291571 loader.cc:236] Restoring SavedModel bundle.
I0000 00:00:1778809362.589314 3291571 loader.cc:220] Running initialization op on SavedModel bundle at path: /tmp/tmpmfn104yi
I0000 00:00:1778809362.607497 3291571 loader.cc:471] SavedModel load for tags { serve }; Status: success: OK. Took 74885 microseconds.
loc(callsite(fused["TensorListReserve:", "P5-v02_gru_1/gru_1_1/TensorArrayV2_1@__inference_function_4602"] at callsite(fused["StatefulPartitionedCall:", "StatefulPartitionedCall@__inference_signature_wrapper_4709"] at fused["StatefulPartitionedCall:", "StatefulPartitionedCall_1"]))): error: 'tf.TensorListReserve' op requires element_shape to be static during TF Lite transformation pass
loc(callsite(fused["TensorListReserve:", "P5-v02_gru_1/gru_1_1/TensorArrayV2_1@__inference_function_4602"] at callsite(fused["StatefulPartitionedCall:", "StatefulPartitionedCall@__inference_signature_wrapper_4709"] at fused["StatefulPartitionedCall:", "StatefulPartitionedCall_1"]))): error: failed to legalize operation 'tf.TensorListReserve' that was explicitly marked illegal
error: Lowering tensor list ops is failed. Please consider using Select TF ops and disabling `_experimental_lower_tensor_list_ops` flag in the TFLite converter object. For example, converter.target_spec.supported_ops = [tf.lite.OpsSet.TFLITE_BUILTINS, tf.lite.OpsSet.SELECT_TF_OPS]\n converter._experimental_lower_tensor_list_ops = False
    int8 FAIL: <unknown>:0: error: loc(callsite(fused["TensorListReserve:", "P5-v02_gru_1/gru_1_1/TensorArrayV2_1@__inference_function_4602"] at callsite(fused["StatefulPartitionedCall:", "StatefulPartitionedCall@__inference_signature_wrapper_4709"] at fused["StatefulPartitionedCall:", "StatefulPartitionedCall_1"]))): 'tf.TensorListReserve' op requires element_shape to be static during TF Lite transformation pass
<unknown>:0: note: loc(callsite(fused["StatefulPartitionedCall:", "StatefulPartitionedCall@__inference_signature_wrapper_4709"] at fused["StatefulPartitionedCall:", "StatefulPartitionedCall_1"])): called from
<unknown>:0: note: loc(fused["StatefulPartitionedCall:", "StatefulPartitionedCall_1"]): called from
<unknown>:0: error: loc(callsite(fused["TensorListReserve:", "P5-v02_gru_1/gru_1_1/TensorArrayV2_1@__inference_function_4602"] at callsite(fused["StatefulPartitionedCall:", "StatefulPartitionedCall@__inference_signature_wrapper_4709"] at fused["StatefulPartitionedCall:", "StatefulPartitionedCall_1"]))): failed to legalize operation 'tf.TensorListReserve' that was explicitly marked illegal
<unknown>:0: note: loc(callsite(fused["StatefulPartitionedCall:", "StatefulPartitionedCall@__inference_signature_wrapper_4709"] at fused["StatefulPartitionedCall:", "StatefulPartitionedCall_1"])): called from
<unknown>:0: note: loc(fused["StatefulPartitionedCall:", "StatefulPartitionedCall_1"]): called from
<unknown>:0: error: Lowering tensor list ops is failed. Please consider using Select TF ops and disabling `_experimental_lower_tensor_list_ops` flag in the TFLite converter object. For example, converter.target_spec.supported_ops = [tf.lite.OpsSet.TFLITE_BUILTINS, tf.lite.OpsSet.SELECT_TF_OPS]\n converter._experimental_lower_tensor_list_ops = False

    metrics.json updated

Done.
[2026-05-15 10:42:43] FAIL  P5-v02 — model_int8.tflite not produced
[2026-05-15 10:42:43] REEXPORT P5-v01 (results/gru_phase5_compact)
WARNING: All log messages before absl::InitializeLog() is called are written to STDERR
I0000 00:00:1778809363.433334 3291708 cpu_feature_guard.cc:227] This TensorFlow binary is optimized to use available CPU instructions in performance-critical operations.
To enable the following instructions: AVX2 FMA, in other operations, rebuild TensorFlow with the appropriate compiler flags.

[P5-v01]
  Loading model.keras ...
E0000 00:00:1778809365.205784 3291708 cuda_platform.cc:52] failed call to cuInit: INTERNAL: CUDA error: Failed call to cuInit: CUDA_ERROR_NO_DEVICE: no CUDA-capable device is detected
I0000 00:00:1778809365.205803 3291708 cuda_diagnostics.cc:160] env: CUDA_VISIBLE_DEVICES=""
I0000 00:00:1778809365.205810 3291708 cuda_diagnostics.cc:163] CUDA_VISIBLE_DEVICES is set to an empty string - this hides all GPUs from CUDA
I0000 00:00:1778809365.205821 3291708 cuda_diagnostics.cc:171] verbose logging is disabled. Rerun with verbose logging (usually --v=1 or --vmodule=cuda_diagnostics=1) to get more diagnostic output from this module
I0000 00:00:1778809365.205823 3291708 cuda_diagnostics.cc:176] retrieving CUDA diagnostic information for host: min-B550M-Phantom-Gaming-4
I0000 00:00:1778809365.205825 3291708 cuda_diagnostics.cc:183] hostname: min-B550M-Phantom-Gaming-4
I0000 00:00:1778809365.205884 3291708 cuda_diagnostics.cc:190] libcuda reported version is: 580.142.0
I0000 00:00:1778809365.205898 3291708 cuda_diagnostics.cc:194] kernel reported version is: 580.142.0
I0000 00:00:1778809365.205900 3291708 cuda_diagnostics.cc:284] kernel version seems to match DSO: 580.142.0
    unidirectional → converting without unroll (compact graph)
Saved artifact at '/tmp/tmpdt81cirw'. The following endpoints are available:

* Endpoint 'serve'
  args_0 (POSITIONAL_ONLY): TensorSpec(shape=(None, 40, 27), dtype=tf.float32, name='pose_sequence')
Output Type:
  TensorSpec(shape=(None, 2), dtype=tf.float32, name=None)
Captures:
  124183244398352: TensorSpec(shape=(), dtype=tf.resource, name=None)
  124183244398928: TensorSpec(shape=(), dtype=tf.resource, name=None)
  124183244398736: TensorSpec(shape=(), dtype=tf.resource, name=None)
  124183244399312: TensorSpec(shape=(), dtype=tf.resource, name=None)
  124183244398160: TensorSpec(shape=(), dtype=tf.resource, name=None)
  124183244398544: TensorSpec(shape=(), dtype=tf.resource, name=None)
  124183244400080: TensorSpec(shape=(), dtype=tf.resource, name=None)
  124183244399888: TensorSpec(shape=(), dtype=tf.resource, name=None)
  124183244399120: TensorSpec(shape=(), dtype=tf.resource, name=None)
  124183244397008: TensorSpec(shape=(), dtype=tf.resource, name=None)
  124183244400656: TensorSpec(shape=(), dtype=tf.resource, name=None)
  124183244402192: TensorSpec(shape=(), dtype=tf.resource, name=None)
  124183244401232: TensorSpec(shape=(), dtype=tf.resource, name=None)
  124183244401616: TensorSpec(shape=(), dtype=tf.resource, name=None)
  124183244400464: TensorSpec(shape=(), dtype=tf.resource, name=None)
  124183244402384: TensorSpec(shape=(), dtype=tf.resource, name=None)
  124183244401040: TensorSpec(shape=(), dtype=tf.resource, name=None)
  124183244403152: TensorSpec(shape=(), dtype=tf.resource, name=None)
  124183244401808: TensorSpec(shape=(), dtype=tf.resource, name=None)
  124183244401424: TensorSpec(shape=(), dtype=tf.resource, name=None)
  124183244403536: TensorSpec(shape=(), dtype=tf.resource, name=None)
  124183244403728: TensorSpec(shape=(), dtype=tf.resource, name=None)
  124183244402960: TensorSpec(shape=(), dtype=tf.resource, name=None)
  124183244404688: TensorSpec(shape=(), dtype=tf.resource, name=None)
W0000 00:00:1778809365.858511 3291708 tf_tfl_flatbuffer_helpers.cc:364] Ignored output_format.
W0000 00:00:1778809365.858521 3291708 tf_tfl_flatbuffer_helpers.cc:367] Ignored drop_control_dependency.
I0000 00:00:1778809365.858761 3291708 reader.cc:83] Reading SavedModel from: /tmp/tmpdt81cirw
I0000 00:00:1778809365.859654 3291708 reader.cc:52] Reading meta graph with tags { serve }
I0000 00:00:1778809365.859664 3291708 reader.cc:147] Reading SavedModel debug info (if present) from: /tmp/tmpdt81cirw
I0000 00:00:1778809365.867989 3291708 mlir_graph_optimization_pass.cc:437] MLIR V1 optimization pass is not enabled
I0000 00:00:1778809365.869487 3291708 loader.cc:236] Restoring SavedModel bundle.
I0000 00:00:1778809365.913788 3291708 loader.cc:220] Running initialization op on SavedModel bundle at path: /tmp/tmpdt81cirw
I0000 00:00:1778809365.931665 3291708 loader.cc:471] SavedModel load for tags { serve }; Status: success: OK. Took 72910 microseconds.
I0000 00:00:1778809365.953988 3291708 dump_mlir_util.cc:269] disabling MLIR crash reproducer, set env var `MLIR_CRASH_REPRODUCER_DIRECTORY` to enable.
loc(callsite(fused["TensorListReserve:", "P5-v01_gru_1/gru_1_1/TensorArrayV2_1@__inference_function_1268"] at callsite(fused["StatefulPartitionedCall:", "StatefulPartitionedCall@__inference_signature_wrapper_1375"] at fused["StatefulPartitionedCall:", "StatefulPartitionedCall_1"]))): error: 'tf.TensorListReserve' op requires element_shape to be static during TF Lite transformation pass
loc(callsite(fused["TensorListReserve:", "P5-v01_gru_1/gru_1_1/TensorArrayV2_1@__inference_function_1268"] at callsite(fused["StatefulPartitionedCall:", "StatefulPartitionedCall@__inference_signature_wrapper_1375"] at fused["StatefulPartitionedCall:", "StatefulPartitionedCall_1"]))): error: failed to legalize operation 'tf.TensorListReserve' that was explicitly marked illegal
error: Lowering tensor list ops is failed. Please consider using Select TF ops and disabling `_experimental_lower_tensor_list_ops` flag in the TFLite converter object. For example, converter.target_spec.supported_ops = [tf.lite.OpsSet.TFLITE_BUILTINS, tf.lite.OpsSet.SELECT_TF_OPS]\n converter._experimental_lower_tensor_list_ops = False
    fp32 FAIL: <unknown>:0: error: loc(callsite(fused["TensorListReserve:", "P5-v01_gru_1/gru_1_1/TensorArrayV2_1@__inference_function_1268"] at callsite(fused["StatefulPartitionedCall:", "StatefulPartitionedCall@__inference_signature_wrapper_1375"] at fused["StatefulPartitionedCall:", "StatefulPartitionedCall_1"]))): 'tf.TensorListReserve' op requires element_shape to be static during TF Lite transformation pass
<unknown>:0: note: loc(callsite(fused["StatefulPartitionedCall:", "StatefulPartitionedCall@__inference_signature_wrapper_1375"] at fused["StatefulPartitionedCall:", "StatefulPartitionedCall_1"])): called from
<unknown>:0: note: loc(fused["StatefulPartitionedCall:", "StatefulPartitionedCall_1"]): called from
<unknown>:0: error: loc(callsite(fused["TensorListReserve:", "P5-v01_gru_1/gru_1_1/TensorArrayV2_1@__inference_function_1268"] at callsite(fused["StatefulPartitionedCall:", "StatefulPartitionedCall@__inference_signature_wrapper_1375"] at fused["StatefulPartitionedCall:", "StatefulPartitionedCall_1"]))): failed to legalize operation 'tf.TensorListReserve' that was explicitly marked illegal
<unknown>:0: note: loc(callsite(fused["StatefulPartitionedCall:", "StatefulPartitionedCall@__inference_signature_wrapper_1375"] at fused["StatefulPartitionedCall:", "StatefulPartitionedCall_1"])): called from
<unknown>:0: note: loc(fused["StatefulPartitionedCall:", "StatefulPartitionedCall_1"]): called from
<unknown>:0: error: Lowering tensor list ops is failed. Please consider using Select TF ops and disabling `_experimental_lower_tensor_list_ops` flag in the TFLite converter object. For example, converter.target_spec.supported_ops = [tf.lite.OpsSet.TFLITE_BUILTINS, tf.lite.OpsSet.SELECT_TF_OPS]\n converter._experimental_lower_tensor_list_ops = False

Saved artifact at '/tmp/tmp990we18q'. The following endpoints are available:

* Endpoint 'serve'
  args_0 (POSITIONAL_ONLY): TensorSpec(shape=(None, 40, 27), dtype=tf.float32, name='pose_sequence')
Output Type:
  TensorSpec(shape=(None, 2), dtype=tf.float32, name=None)
Captures:
  124183244398352: TensorSpec(shape=(), dtype=tf.resource, name=None)
  124183244398928: TensorSpec(shape=(), dtype=tf.resource, name=None)
  124183244398736: TensorSpec(shape=(), dtype=tf.resource, name=None)
  124183244399312: TensorSpec(shape=(), dtype=tf.resource, name=None)
  124183244398160: TensorSpec(shape=(), dtype=tf.resource, name=None)
  124183244398544: TensorSpec(shape=(), dtype=tf.resource, name=None)
  124183244400080: TensorSpec(shape=(), dtype=tf.resource, name=None)
  124183244399888: TensorSpec(shape=(), dtype=tf.resource, name=None)
  124183244399120: TensorSpec(shape=(), dtype=tf.resource, name=None)
  124183244397008: TensorSpec(shape=(), dtype=tf.resource, name=None)
  124183244400656: TensorSpec(shape=(), dtype=tf.resource, name=None)
  124183244402192: TensorSpec(shape=(), dtype=tf.resource, name=None)
  124183244401232: TensorSpec(shape=(), dtype=tf.resource, name=None)
  124183244401616: TensorSpec(shape=(), dtype=tf.resource, name=None)
  124183244400464: TensorSpec(shape=(), dtype=tf.resource, name=None)
  124183244402384: TensorSpec(shape=(), dtype=tf.resource, name=None)
  124183244401040: TensorSpec(shape=(), dtype=tf.resource, name=None)
  124183244403152: TensorSpec(shape=(), dtype=tf.resource, name=None)
  124183244401808: TensorSpec(shape=(), dtype=tf.resource, name=None)
  124183244401424: TensorSpec(shape=(), dtype=tf.resource, name=None)
  124183244403536: TensorSpec(shape=(), dtype=tf.resource, name=None)
  124183244403728: TensorSpec(shape=(), dtype=tf.resource, name=None)
  124183244402960: TensorSpec(shape=(), dtype=tf.resource, name=None)
  124183244404688: TensorSpec(shape=(), dtype=tf.resource, name=None)
/home/min/Workspace/Graduate-Project/Falling-Model-Development/.venv/lib/python3.13/site-packages/tensorflow/lite/python/convert.py:846: UserWarning: Statistics for quantized inputs were expected, but not specified; continuing anyway.
  warnings.warn(
W0000 00:00:1778809366.532295 3291708 tf_tfl_flatbuffer_helpers.cc:364] Ignored output_format.
W0000 00:00:1778809366.532303 3291708 tf_tfl_flatbuffer_helpers.cc:367] Ignored drop_control_dependency.
I0000 00:00:1778809366.532397 3291708 reader.cc:83] Reading SavedModel from: /tmp/tmp990we18q
I0000 00:00:1778809366.533215 3291708 reader.cc:52] Reading meta graph with tags { serve }
I0000 00:00:1778809366.533221 3291708 reader.cc:147] Reading SavedModel debug info (if present) from: /tmp/tmp990we18q
I0000 00:00:1778809366.543718 3291708 loader.cc:236] Restoring SavedModel bundle.
I0000 00:00:1778809366.587686 3291708 loader.cc:220] Running initialization op on SavedModel bundle at path: /tmp/tmp990we18q
I0000 00:00:1778809366.604376 3291708 loader.cc:471] SavedModel load for tags { serve }; Status: success: OK. Took 71983 microseconds.
loc(callsite(fused["TensorListReserve:", "P5-v01_gru_1/gru_1_1/TensorArrayV2_1@__inference_function_4602"] at callsite(fused["StatefulPartitionedCall:", "StatefulPartitionedCall@__inference_signature_wrapper_4709"] at fused["StatefulPartitionedCall:", "StatefulPartitionedCall_1"]))): error: 'tf.TensorListReserve' op requires element_shape to be static during TF Lite transformation pass
loc(callsite(fused["TensorListReserve:", "P5-v01_gru_1/gru_1_1/TensorArrayV2_1@__inference_function_4602"] at callsite(fused["StatefulPartitionedCall:", "StatefulPartitionedCall@__inference_signature_wrapper_4709"] at fused["StatefulPartitionedCall:", "StatefulPartitionedCall_1"]))): error: failed to legalize operation 'tf.TensorListReserve' that was explicitly marked illegal
error: Lowering tensor list ops is failed. Please consider using Select TF ops and disabling `_experimental_lower_tensor_list_ops` flag in the TFLite converter object. For example, converter.target_spec.supported_ops = [tf.lite.OpsSet.TFLITE_BUILTINS, tf.lite.OpsSet.SELECT_TF_OPS]\n converter._experimental_lower_tensor_list_ops = False
    int8 FAIL: <unknown>:0: error: loc(callsite(fused["TensorListReserve:", "P5-v01_gru_1/gru_1_1/TensorArrayV2_1@__inference_function_4602"] at callsite(fused["StatefulPartitionedCall:", "StatefulPartitionedCall@__inference_signature_wrapper_4709"] at fused["StatefulPartitionedCall:", "StatefulPartitionedCall_1"]))): 'tf.TensorListReserve' op requires element_shape to be static during TF Lite transformation pass
<unknown>:0: note: loc(callsite(fused["StatefulPartitionedCall:", "StatefulPartitionedCall@__inference_signature_wrapper_4709"] at fused["StatefulPartitionedCall:", "StatefulPartitionedCall_1"])): called from
<unknown>:0: note: loc(fused["StatefulPartitionedCall:", "StatefulPartitionedCall_1"]): called from
<unknown>:0: error: loc(callsite(fused["TensorListReserve:", "P5-v01_gru_1/gru_1_1/TensorArrayV2_1@__inference_function_4602"] at callsite(fused["StatefulPartitionedCall:", "StatefulPartitionedCall@__inference_signature_wrapper_4709"] at fused["StatefulPartitionedCall:", "StatefulPartitionedCall_1"]))): failed to legalize operation 'tf.TensorListReserve' that was explicitly marked illegal
<unknown>:0: note: loc(callsite(fused["StatefulPartitionedCall:", "StatefulPartitionedCall@__inference_signature_wrapper_4709"] at fused["StatefulPartitionedCall:", "StatefulPartitionedCall_1"])): called from
<unknown>:0: note: loc(fused["StatefulPartitionedCall:", "StatefulPartitionedCall_1"]): called from
<unknown>:0: error: Lowering tensor list ops is failed. Please consider using Select TF ops and disabling `_experimental_lower_tensor_list_ops` flag in the TFLite converter object. For example, converter.target_spec.supported_ops = [tf.lite.OpsSet.TFLITE_BUILTINS, tf.lite.OpsSet.SELECT_TF_OPS]\n converter._experimental_lower_tensor_list_ops = False

    metrics.json updated

Done.
[2026-05-15 10:42:47] FAIL  P5-v01 — model_int8.tflite not produced
[2026-05-15 10:42:47] REEXPORT P4-v05 (results/gru_phase4_uni_kp)
WARNING: All log messages before absl::InitializeLog() is called are written to STDERR
I0000 00:00:1778809367.399709 3291843 cpu_feature_guard.cc:227] This TensorFlow binary is optimized to use available CPU instructions in performance-critical operations.
To enable the following instructions: AVX2 FMA, in other operations, rebuild TensorFlow with the appropriate compiler flags.

[P4-v05]
  Loading model.keras ...
E0000 00:00:1778809369.089841 3291843 cuda_platform.cc:52] failed call to cuInit: INTERNAL: CUDA error: Failed call to cuInit: CUDA_ERROR_NO_DEVICE: no CUDA-capable device is detected
I0000 00:00:1778809369.089860 3291843 cuda_diagnostics.cc:160] env: CUDA_VISIBLE_DEVICES=""
I0000 00:00:1778809369.089867 3291843 cuda_diagnostics.cc:163] CUDA_VISIBLE_DEVICES is set to an empty string - this hides all GPUs from CUDA
I0000 00:00:1778809369.089876 3291843 cuda_diagnostics.cc:171] verbose logging is disabled. Rerun with verbose logging (usually --v=1 or --vmodule=cuda_diagnostics=1) to get more diagnostic output from this module
I0000 00:00:1778809369.089877 3291843 cuda_diagnostics.cc:176] retrieving CUDA diagnostic information for host: min-B550M-Phantom-Gaming-4
I0000 00:00:1778809369.089880 3291843 cuda_diagnostics.cc:183] hostname: min-B550M-Phantom-Gaming-4
I0000 00:00:1778809369.089947 3291843 cuda_diagnostics.cc:190] libcuda reported version is: 580.142.0
I0000 00:00:1778809369.089961 3291843 cuda_diagnostics.cc:194] kernel reported version is: 580.142.0
I0000 00:00:1778809369.089963 3291843 cuda_diagnostics.cc:284] kernel version seems to match DSO: 580.142.0
    unidirectional → converting without unroll (compact graph)
Saved artifact at '/tmp/tmpspvj6hkm'. The following endpoints are available:

* Endpoint 'serve'
  args_0 (POSITIONAL_ONLY): TensorSpec(shape=(None, 40, 21), dtype=tf.float32, name='pose_sequence')
Output Type:
  TensorSpec(shape=(None, 2), dtype=tf.float32, name=None)
Captures:
  136250924523280: TensorSpec(shape=(), dtype=tf.resource, name=None)
  136250924523856: TensorSpec(shape=(), dtype=tf.resource, name=None)
  136250924523664: TensorSpec(shape=(), dtype=tf.resource, name=None)
  136250924524240: TensorSpec(shape=(), dtype=tf.resource, name=None)
  136250924523088: TensorSpec(shape=(), dtype=tf.resource, name=None)
  136250924523472: TensorSpec(shape=(), dtype=tf.resource, name=None)
  136250924525008: TensorSpec(shape=(), dtype=tf.resource, name=None)
  136250924524816: TensorSpec(shape=(), dtype=tf.resource, name=None)
  136250924524048: TensorSpec(shape=(), dtype=tf.resource, name=None)
  136250924521936: TensorSpec(shape=(), dtype=tf.resource, name=None)
  136250924525584: TensorSpec(shape=(), dtype=tf.resource, name=None)
  136250924527120: TensorSpec(shape=(), dtype=tf.resource, name=None)
  136250924526160: TensorSpec(shape=(), dtype=tf.resource, name=None)
  136250924526544: TensorSpec(shape=(), dtype=tf.resource, name=None)
  136250924525392: TensorSpec(shape=(), dtype=tf.resource, name=None)
  136250924527312: TensorSpec(shape=(), dtype=tf.resource, name=None)
  136250924525968: TensorSpec(shape=(), dtype=tf.resource, name=None)
  136250924528080: TensorSpec(shape=(), dtype=tf.resource, name=None)
  136250924526736: TensorSpec(shape=(), dtype=tf.resource, name=None)
  136250924526352: TensorSpec(shape=(), dtype=tf.resource, name=None)
  136250924528464: TensorSpec(shape=(), dtype=tf.resource, name=None)
  136250924528656: TensorSpec(shape=(), dtype=tf.resource, name=None)
  136250924527888: TensorSpec(shape=(), dtype=tf.resource, name=None)
  136250924529616: TensorSpec(shape=(), dtype=tf.resource, name=None)
W0000 00:00:1778809369.769007 3291843 tf_tfl_flatbuffer_helpers.cc:364] Ignored output_format.
W0000 00:00:1778809369.769016 3291843 tf_tfl_flatbuffer_helpers.cc:367] Ignored drop_control_dependency.
I0000 00:00:1778809369.769240 3291843 reader.cc:83] Reading SavedModel from: /tmp/tmpspvj6hkm
I0000 00:00:1778809369.770246 3291843 reader.cc:52] Reading meta graph with tags { serve }
I0000 00:00:1778809369.770252 3291843 reader.cc:147] Reading SavedModel debug info (if present) from: /tmp/tmpspvj6hkm
I0000 00:00:1778809369.778271 3291843 mlir_graph_optimization_pass.cc:437] MLIR V1 optimization pass is not enabled
I0000 00:00:1778809369.779707 3291843 loader.cc:236] Restoring SavedModel bundle.
I0000 00:00:1778809369.825576 3291843 loader.cc:220] Running initialization op on SavedModel bundle at path: /tmp/tmpspvj6hkm
I0000 00:00:1778809369.843502 3291843 loader.cc:471] SavedModel load for tags { serve }; Status: success: OK. Took 74268 microseconds.
I0000 00:00:1778809369.865667 3291843 dump_mlir_util.cc:269] disabling MLIR crash reproducer, set env var `MLIR_CRASH_REPRODUCER_DIRECTORY` to enable.
loc(callsite(fused["TensorListReserve:", "P4-v05_gru_1/gru_1_1/TensorArrayV2_1@__inference_function_1268"] at callsite(fused["StatefulPartitionedCall:", "StatefulPartitionedCall@__inference_signature_wrapper_1375"] at fused["StatefulPartitionedCall:", "StatefulPartitionedCall_1"]))): error: 'tf.TensorListReserve' op requires element_shape to be static during TF Lite transformation pass
loc(callsite(fused["TensorListReserve:", "P4-v05_gru_1/gru_1_1/TensorArrayV2_1@__inference_function_1268"] at callsite(fused["StatefulPartitionedCall:", "StatefulPartitionedCall@__inference_signature_wrapper_1375"] at fused["StatefulPartitionedCall:", "StatefulPartitionedCall_1"]))): error: failed to legalize operation 'tf.TensorListReserve' that was explicitly marked illegal
error: Lowering tensor list ops is failed. Please consider using Select TF ops and disabling `_experimental_lower_tensor_list_ops` flag in the TFLite converter object. For example, converter.target_spec.supported_ops = [tf.lite.OpsSet.TFLITE_BUILTINS, tf.lite.OpsSet.SELECT_TF_OPS]\n converter._experimental_lower_tensor_list_ops = False
    fp32 FAIL: <unknown>:0: error: loc(callsite(fused["TensorListReserve:", "P4-v05_gru_1/gru_1_1/TensorArrayV2_1@__inference_function_1268"] at callsite(fused["StatefulPartitionedCall:", "StatefulPartitionedCall@__inference_signature_wrapper_1375"] at fused["StatefulPartitionedCall:", "StatefulPartitionedCall_1"]))): 'tf.TensorListReserve' op requires element_shape to be static during TF Lite transformation pass
<unknown>:0: note: loc(callsite(fused["StatefulPartitionedCall:", "StatefulPartitionedCall@__inference_signature_wrapper_1375"] at fused["StatefulPartitionedCall:", "StatefulPartitionedCall_1"])): called from
<unknown>:0: note: loc(fused["StatefulPartitionedCall:", "StatefulPartitionedCall_1"]): called from
<unknown>:0: error: loc(callsite(fused["TensorListReserve:", "P4-v05_gru_1/gru_1_1/TensorArrayV2_1@__inference_function_1268"] at callsite(fused["StatefulPartitionedCall:", "StatefulPartitionedCall@__inference_signature_wrapper_1375"] at fused["StatefulPartitionedCall:", "StatefulPartitionedCall_1"]))): failed to legalize operation 'tf.TensorListReserve' that was explicitly marked illegal
<unknown>:0: note: loc(callsite(fused["StatefulPartitionedCall:", "StatefulPartitionedCall@__inference_signature_wrapper_1375"] at fused["StatefulPartitionedCall:", "StatefulPartitionedCall_1"])): called from
<unknown>:0: note: loc(fused["StatefulPartitionedCall:", "StatefulPartitionedCall_1"]): called from
<unknown>:0: error: Lowering tensor list ops is failed. Please consider using Select TF ops and disabling `_experimental_lower_tensor_list_ops` flag in the TFLite converter object. For example, converter.target_spec.supported_ops = [tf.lite.OpsSet.TFLITE_BUILTINS, tf.lite.OpsSet.SELECT_TF_OPS]\n converter._experimental_lower_tensor_list_ops = False

Saved artifact at '/tmp/tmpb8n37d8i'. The following endpoints are available:

* Endpoint 'serve'
  args_0 (POSITIONAL_ONLY): TensorSpec(shape=(None, 40, 21), dtype=tf.float32, name='pose_sequence')
Output Type:
  TensorSpec(shape=(None, 2), dtype=tf.float32, name=None)
Captures:
  136250924523280: TensorSpec(shape=(), dtype=tf.resource, name=None)
  136250924523856: TensorSpec(shape=(), dtype=tf.resource, name=None)
  136250924523664: TensorSpec(shape=(), dtype=tf.resource, name=None)
  136250924524240: TensorSpec(shape=(), dtype=tf.resource, name=None)
  136250924523088: TensorSpec(shape=(), dtype=tf.resource, name=None)
  136250924523472: TensorSpec(shape=(), dtype=tf.resource, name=None)
  136250924525008: TensorSpec(shape=(), dtype=tf.resource, name=None)
  136250924524816: TensorSpec(shape=(), dtype=tf.resource, name=None)
  136250924524048: TensorSpec(shape=(), dtype=tf.resource, name=None)
  136250924521936: TensorSpec(shape=(), dtype=tf.resource, name=None)
  136250924525584: TensorSpec(shape=(), dtype=tf.resource, name=None)
  136250924527120: TensorSpec(shape=(), dtype=tf.resource, name=None)
  136250924526160: TensorSpec(shape=(), dtype=tf.resource, name=None)
  136250924526544: TensorSpec(shape=(), dtype=tf.resource, name=None)
  136250924525392: TensorSpec(shape=(), dtype=tf.resource, name=None)
  136250924527312: TensorSpec(shape=(), dtype=tf.resource, name=None)
  136250924525968: TensorSpec(shape=(), dtype=tf.resource, name=None)
  136250924528080: TensorSpec(shape=(), dtype=tf.resource, name=None)
  136250924526736: TensorSpec(shape=(), dtype=tf.resource, name=None)
  136250924526352: TensorSpec(shape=(), dtype=tf.resource, name=None)
  136250924528464: TensorSpec(shape=(), dtype=tf.resource, name=None)
  136250924528656: TensorSpec(shape=(), dtype=tf.resource, name=None)
  136250924527888: TensorSpec(shape=(), dtype=tf.resource, name=None)
  136250924529616: TensorSpec(shape=(), dtype=tf.resource, name=None)
/home/min/Workspace/Graduate-Project/Falling-Model-Development/.venv/lib/python3.13/site-packages/tensorflow/lite/python/convert.py:846: UserWarning: Statistics for quantized inputs were expected, but not specified; continuing anyway.
  warnings.warn(
W0000 00:00:1778809370.439596 3291843 tf_tfl_flatbuffer_helpers.cc:364] Ignored output_format.
W0000 00:00:1778809370.439604 3291843 tf_tfl_flatbuffer_helpers.cc:367] Ignored drop_control_dependency.
I0000 00:00:1778809370.439701 3291843 reader.cc:83] Reading SavedModel from: /tmp/tmpb8n37d8i
I0000 00:00:1778809370.440496 3291843 reader.cc:52] Reading meta graph with tags { serve }
I0000 00:00:1778809370.440500 3291843 reader.cc:147] Reading SavedModel debug info (if present) from: /tmp/tmpb8n37d8i
I0000 00:00:1778809370.450874 3291843 loader.cc:236] Restoring SavedModel bundle.
I0000 00:00:1778809370.496806 3291843 loader.cc:220] Running initialization op on SavedModel bundle at path: /tmp/tmpb8n37d8i
I0000 00:00:1778809370.514122 3291843 loader.cc:471] SavedModel load for tags { serve }; Status: success: OK. Took 74426 microseconds.
loc(callsite(fused["TensorListReserve:", "P4-v05_gru_1/gru_1_1/TensorArrayV2_1@__inference_function_4602"] at callsite(fused["StatefulPartitionedCall:", "StatefulPartitionedCall@__inference_signature_wrapper_4709"] at fused["StatefulPartitionedCall:", "StatefulPartitionedCall_1"]))): error: 'tf.TensorListReserve' op requires element_shape to be static during TF Lite transformation pass
loc(callsite(fused["TensorListReserve:", "P4-v05_gru_1/gru_1_1/TensorArrayV2_1@__inference_function_4602"] at callsite(fused["StatefulPartitionedCall:", "StatefulPartitionedCall@__inference_signature_wrapper_4709"] at fused["StatefulPartitionedCall:", "StatefulPartitionedCall_1"]))): error: failed to legalize operation 'tf.TensorListReserve' that was explicitly marked illegal
error: Lowering tensor list ops is failed. Please consider using Select TF ops and disabling `_experimental_lower_tensor_list_ops` flag in the TFLite converter object. For example, converter.target_spec.supported_ops = [tf.lite.OpsSet.TFLITE_BUILTINS, tf.lite.OpsSet.SELECT_TF_OPS]\n converter._experimental_lower_tensor_list_ops = False
    int8 FAIL: <unknown>:0: error: loc(callsite(fused["TensorListReserve:", "P4-v05_gru_1/gru_1_1/TensorArrayV2_1@__inference_function_4602"] at callsite(fused["StatefulPartitionedCall:", "StatefulPartitionedCall@__inference_signature_wrapper_4709"] at fused["StatefulPartitionedCall:", "StatefulPartitionedCall_1"]))): 'tf.TensorListReserve' op requires element_shape to be static during TF Lite transformation pass
<unknown>:0: note: loc(callsite(fused["StatefulPartitionedCall:", "StatefulPartitionedCall@__inference_signature_wrapper_4709"] at fused["StatefulPartitionedCall:", "StatefulPartitionedCall_1"])): called from
<unknown>:0: note: loc(fused["StatefulPartitionedCall:", "StatefulPartitionedCall_1"]): called from
<unknown>:0: error: loc(callsite(fused["TensorListReserve:", "P4-v05_gru_1/gru_1_1/TensorArrayV2_1@__inference_function_4602"] at callsite(fused["StatefulPartitionedCall:", "StatefulPartitionedCall@__inference_signature_wrapper_4709"] at fused["StatefulPartitionedCall:", "StatefulPartitionedCall_1"]))): failed to legalize operation 'tf.TensorListReserve' that was explicitly marked illegal
<unknown>:0: note: loc(callsite(fused["StatefulPartitionedCall:", "StatefulPartitionedCall@__inference_signature_wrapper_4709"] at fused["StatefulPartitionedCall:", "StatefulPartitionedCall_1"])): called from
<unknown>:0: note: loc(fused["StatefulPartitionedCall:", "StatefulPartitionedCall_1"]): called from
<unknown>:0: error: Lowering tensor list ops is failed. Please consider using Select TF ops and disabling `_experimental_lower_tensor_list_ops` flag in the TFLite converter object. For example, converter.target_spec.supported_ops = [tf.lite.OpsSet.TFLITE_BUILTINS, tf.lite.OpsSet.SELECT_TF_OPS]\n converter._experimental_lower_tensor_list_ops = False

    metrics.json updated

Done.
[2026-05-15 10:42:51] FAIL  P4-v05 — model_int8.tflite not produced
[2026-05-15 10:42:51] REEXPORT P4-v02 (results/gru_phase4_uni_kp)
WARNING: All log messages before absl::InitializeLog() is called are written to STDERR
I0000 00:00:1778809371.367149 3291978 cpu_feature_guard.cc:227] This TensorFlow binary is optimized to use available CPU instructions in performance-critical operations.
To enable the following instructions: AVX2 FMA, in other operations, rebuild TensorFlow with the appropriate compiler flags.

[P4-v02]
  Loading model.keras ...
E0000 00:00:1778809373.106748 3291978 cuda_platform.cc:52] failed call to cuInit: INTERNAL: CUDA error: Failed call to cuInit: CUDA_ERROR_NO_DEVICE: no CUDA-capable device is detected
I0000 00:00:1778809373.106769 3291978 cuda_diagnostics.cc:160] env: CUDA_VISIBLE_DEVICES=""
I0000 00:00:1778809373.106776 3291978 cuda_diagnostics.cc:163] CUDA_VISIBLE_DEVICES is set to an empty string - this hides all GPUs from CUDA
I0000 00:00:1778809373.106786 3291978 cuda_diagnostics.cc:171] verbose logging is disabled. Rerun with verbose logging (usually --v=1 or --vmodule=cuda_diagnostics=1) to get more diagnostic output from this module
I0000 00:00:1778809373.106788 3291978 cuda_diagnostics.cc:176] retrieving CUDA diagnostic information for host: min-B550M-Phantom-Gaming-4
I0000 00:00:1778809373.106790 3291978 cuda_diagnostics.cc:183] hostname: min-B550M-Phantom-Gaming-4
I0000 00:00:1778809373.106847 3291978 cuda_diagnostics.cc:190] libcuda reported version is: 580.142.0
I0000 00:00:1778809373.106861 3291978 cuda_diagnostics.cc:194] kernel reported version is: 580.142.0
I0000 00:00:1778809373.106863 3291978 cuda_diagnostics.cc:284] kernel version seems to match DSO: 580.142.0
    unidirectional → converting without unroll (compact graph)
Saved artifact at '/tmp/tmpnd_vp39u'. The following endpoints are available:

* Endpoint 'serve'
  args_0 (POSITIONAL_ONLY): TensorSpec(shape=(None, 40, 45), dtype=tf.float32, name='pose_sequence')
Output Type:
  TensorSpec(shape=(None, 2), dtype=tf.float32, name=None)
Captures:
  128732231130896: TensorSpec(shape=(), dtype=tf.resource, name=None)
  128732231131472: TensorSpec(shape=(), dtype=tf.resource, name=None)
  128732231131280: TensorSpec(shape=(), dtype=tf.resource, name=None)
  128732231131856: TensorSpec(shape=(), dtype=tf.resource, name=None)
  128732231130704: TensorSpec(shape=(), dtype=tf.resource, name=None)
  128732231131088: TensorSpec(shape=(), dtype=tf.resource, name=None)
  128732231132624: TensorSpec(shape=(), dtype=tf.resource, name=None)
  128732231132432: TensorSpec(shape=(), dtype=tf.resource, name=None)
  128732231131664: TensorSpec(shape=(), dtype=tf.resource, name=None)
  128732231129552: TensorSpec(shape=(), dtype=tf.resource, name=None)
  128732231133200: TensorSpec(shape=(), dtype=tf.resource, name=None)
  128732231134736: TensorSpec(shape=(), dtype=tf.resource, name=None)
  128732231133776: TensorSpec(shape=(), dtype=tf.resource, name=None)
  128732231134160: TensorSpec(shape=(), dtype=tf.resource, name=None)
  128732231133008: TensorSpec(shape=(), dtype=tf.resource, name=None)
  128732231134928: TensorSpec(shape=(), dtype=tf.resource, name=None)
  128732231133584: TensorSpec(shape=(), dtype=tf.resource, name=None)
  128732231135696: TensorSpec(shape=(), dtype=tf.resource, name=None)
  128732231134352: TensorSpec(shape=(), dtype=tf.resource, name=None)
  128732231133968: TensorSpec(shape=(), dtype=tf.resource, name=None)
  128732231136080: TensorSpec(shape=(), dtype=tf.resource, name=None)
  128732231136272: TensorSpec(shape=(), dtype=tf.resource, name=None)
  128732231135504: TensorSpec(shape=(), dtype=tf.resource, name=None)
  128732231137232: TensorSpec(shape=(), dtype=tf.resource, name=None)
W0000 00:00:1778809373.784285 3291978 tf_tfl_flatbuffer_helpers.cc:364] Ignored output_format.
W0000 00:00:1778809373.784295 3291978 tf_tfl_flatbuffer_helpers.cc:367] Ignored drop_control_dependency.
I0000 00:00:1778809373.784523 3291978 reader.cc:83] Reading SavedModel from: /tmp/tmpnd_vp39u
I0000 00:00:1778809373.785423 3291978 reader.cc:52] Reading meta graph with tags { serve }
I0000 00:00:1778809373.785428 3291978 reader.cc:147] Reading SavedModel debug info (if present) from: /tmp/tmpnd_vp39u
I0000 00:00:1778809373.793724 3291978 mlir_graph_optimization_pass.cc:437] MLIR V1 optimization pass is not enabled
I0000 00:00:1778809373.795222 3291978 loader.cc:236] Restoring SavedModel bundle.
I0000 00:00:1778809373.841351 3291978 loader.cc:220] Running initialization op on SavedModel bundle at path: /tmp/tmpnd_vp39u
I0000 00:00:1778809373.858695 3291978 loader.cc:471] SavedModel load for tags { serve }; Status: success: OK. Took 74177 microseconds.
I0000 00:00:1778809373.880791 3291978 dump_mlir_util.cc:269] disabling MLIR crash reproducer, set env var `MLIR_CRASH_REPRODUCER_DIRECTORY` to enable.
loc(callsite(fused["TensorListReserve:", "P4-v02_gru_1/gru_1_1/TensorArrayV2_1@__inference_function_1268"] at callsite(fused["StatefulPartitionedCall:", "StatefulPartitionedCall@__inference_signature_wrapper_1375"] at fused["StatefulPartitionedCall:", "StatefulPartitionedCall_1"]))): error: 'tf.TensorListReserve' op requires element_shape to be static during TF Lite transformation pass
loc(callsite(fused["TensorListReserve:", "P4-v02_gru_1/gru_1_1/TensorArrayV2_1@__inference_function_1268"] at callsite(fused["StatefulPartitionedCall:", "StatefulPartitionedCall@__inference_signature_wrapper_1375"] at fused["StatefulPartitionedCall:", "StatefulPartitionedCall_1"]))): error: failed to legalize operation 'tf.TensorListReserve' that was explicitly marked illegal
error: Lowering tensor list ops is failed. Please consider using Select TF ops and disabling `_experimental_lower_tensor_list_ops` flag in the TFLite converter object. For example, converter.target_spec.supported_ops = [tf.lite.OpsSet.TFLITE_BUILTINS, tf.lite.OpsSet.SELECT_TF_OPS]\n converter._experimental_lower_tensor_list_ops = False
    fp32 FAIL: <unknown>:0: error: loc(callsite(fused["TensorListReserve:", "P4-v02_gru_1/gru_1_1/TensorArrayV2_1@__inference_function_1268"] at callsite(fused["StatefulPartitionedCall:", "StatefulPartitionedCall@__inference_signature_wrapper_1375"] at fused["StatefulPartitionedCall:", "StatefulPartitionedCall_1"]))): 'tf.TensorListReserve' op requires element_shape to be static during TF Lite transformation pass
<unknown>:0: note: loc(callsite(fused["StatefulPartitionedCall:", "StatefulPartitionedCall@__inference_signature_wrapper_1375"] at fused["StatefulPartitionedCall:", "StatefulPartitionedCall_1"])): called from
<unknown>:0: note: loc(fused["StatefulPartitionedCall:", "StatefulPartitionedCall_1"]): called from
<unknown>:0: error: loc(callsite(fused["TensorListReserve:", "P4-v02_gru_1/gru_1_1/TensorArrayV2_1@__inference_function_1268"] at callsite(fused["StatefulPartitionedCall:", "StatefulPartitionedCall@__inference_signature_wrapper_1375"] at fused["StatefulPartitionedCall:", "StatefulPartitionedCall_1"]))): failed to legalize operation 'tf.TensorListReserve' that was explicitly marked illegal
<unknown>:0: note: loc(callsite(fused["StatefulPartitionedCall:", "StatefulPartitionedCall@__inference_signature_wrapper_1375"] at fused["StatefulPartitionedCall:", "StatefulPartitionedCall_1"])): called from
<unknown>:0: note: loc(fused["StatefulPartitionedCall:", "StatefulPartitionedCall_1"]): called from
<unknown>:0: error: Lowering tensor list ops is failed. Please consider using Select TF ops and disabling `_experimental_lower_tensor_list_ops` flag in the TFLite converter object. For example, converter.target_spec.supported_ops = [tf.lite.OpsSet.TFLITE_BUILTINS, tf.lite.OpsSet.SELECT_TF_OPS]\n converter._experimental_lower_tensor_list_ops = False

Saved artifact at '/tmp/tmpvj_frx7g'. The following endpoints are available:

* Endpoint 'serve'
  args_0 (POSITIONAL_ONLY): TensorSpec(shape=(None, 40, 45), dtype=tf.float32, name='pose_sequence')
Output Type:
  TensorSpec(shape=(None, 2), dtype=tf.float32, name=None)
Captures:
  128732231130896: TensorSpec(shape=(), dtype=tf.resource, name=None)
  128732231131472: TensorSpec(shape=(), dtype=tf.resource, name=None)
  128732231131280: TensorSpec(shape=(), dtype=tf.resource, name=None)
  128732231131856: TensorSpec(shape=(), dtype=tf.resource, name=None)
  128732231130704: TensorSpec(shape=(), dtype=tf.resource, name=None)
  128732231131088: TensorSpec(shape=(), dtype=tf.resource, name=None)
  128732231132624: TensorSpec(shape=(), dtype=tf.resource, name=None)
  128732231132432: TensorSpec(shape=(), dtype=tf.resource, name=None)
  128732231131664: TensorSpec(shape=(), dtype=tf.resource, name=None)
  128732231129552: TensorSpec(shape=(), dtype=tf.resource, name=None)
  128732231133200: TensorSpec(shape=(), dtype=tf.resource, name=None)
  128732231134736: TensorSpec(shape=(), dtype=tf.resource, name=None)
  128732231133776: TensorSpec(shape=(), dtype=tf.resource, name=None)
  128732231134160: TensorSpec(shape=(), dtype=tf.resource, name=None)
  128732231133008: TensorSpec(shape=(), dtype=tf.resource, name=None)
  128732231134928: TensorSpec(shape=(), dtype=tf.resource, name=None)
  128732231133584: TensorSpec(shape=(), dtype=tf.resource, name=None)
  128732231135696: TensorSpec(shape=(), dtype=tf.resource, name=None)
  128732231134352: TensorSpec(shape=(), dtype=tf.resource, name=None)
  128732231133968: TensorSpec(shape=(), dtype=tf.resource, name=None)
  128732231136080: TensorSpec(shape=(), dtype=tf.resource, name=None)
  128732231136272: TensorSpec(shape=(), dtype=tf.resource, name=None)
  128732231135504: TensorSpec(shape=(), dtype=tf.resource, name=None)
  128732231137232: TensorSpec(shape=(), dtype=tf.resource, name=None)
/home/min/Workspace/Graduate-Project/Falling-Model-Development/.venv/lib/python3.13/site-packages/tensorflow/lite/python/convert.py:846: UserWarning: Statistics for quantized inputs were expected, but not specified; continuing anyway.
  warnings.warn(
W0000 00:00:1778809374.457044 3291978 tf_tfl_flatbuffer_helpers.cc:364] Ignored output_format.
W0000 00:00:1778809374.457053 3291978 tf_tfl_flatbuffer_helpers.cc:367] Ignored drop_control_dependency.
I0000 00:00:1778809374.457142 3291978 reader.cc:83] Reading SavedModel from: /tmp/tmpvj_frx7g
I0000 00:00:1778809374.457947 3291978 reader.cc:52] Reading meta graph with tags { serve }
I0000 00:00:1778809374.457952 3291978 reader.cc:147] Reading SavedModel debug info (if present) from: /tmp/tmpvj_frx7g
I0000 00:00:1778809374.468488 3291978 loader.cc:236] Restoring SavedModel bundle.
I0000 00:00:1778809374.513439 3291978 loader.cc:220] Running initialization op on SavedModel bundle at path: /tmp/tmpvj_frx7g
I0000 00:00:1778809374.530365 3291978 loader.cc:471] SavedModel load for tags { serve }; Status: success: OK. Took 73226 microseconds.
loc(callsite(fused["TensorListReserve:", "P4-v02_gru_1/gru_1_1/TensorArrayV2_1@__inference_function_4602"] at callsite(fused["StatefulPartitionedCall:", "StatefulPartitionedCall@__inference_signature_wrapper_4709"] at fused["StatefulPartitionedCall:", "StatefulPartitionedCall_1"]))): error: 'tf.TensorListReserve' op requires element_shape to be static during TF Lite transformation pass
loc(callsite(fused["TensorListReserve:", "P4-v02_gru_1/gru_1_1/TensorArrayV2_1@__inference_function_4602"] at callsite(fused["StatefulPartitionedCall:", "StatefulPartitionedCall@__inference_signature_wrapper_4709"] at fused["StatefulPartitionedCall:", "StatefulPartitionedCall_1"]))): error: failed to legalize operation 'tf.TensorListReserve' that was explicitly marked illegal
error: Lowering tensor list ops is failed. Please consider using Select TF ops and disabling `_experimental_lower_tensor_list_ops` flag in the TFLite converter object. For example, converter.target_spec.supported_ops = [tf.lite.OpsSet.TFLITE_BUILTINS, tf.lite.OpsSet.SELECT_TF_OPS]\n converter._experimental_lower_tensor_list_ops = False
    int8 FAIL: <unknown>:0: error: loc(callsite(fused["TensorListReserve:", "P4-v02_gru_1/gru_1_1/TensorArrayV2_1@__inference_function_4602"] at callsite(fused["StatefulPartitionedCall:", "StatefulPartitionedCall@__inference_signature_wrapper_4709"] at fused["StatefulPartitionedCall:", "StatefulPartitionedCall_1"]))): 'tf.TensorListReserve' op requires element_shape to be static during TF Lite transformation pass
<unknown>:0: note: loc(callsite(fused["StatefulPartitionedCall:", "StatefulPartitionedCall@__inference_signature_wrapper_4709"] at fused["StatefulPartitionedCall:", "StatefulPartitionedCall_1"])): called from
<unknown>:0: note: loc(fused["StatefulPartitionedCall:", "StatefulPartitionedCall_1"]): called from
<unknown>:0: error: loc(callsite(fused["TensorListReserve:", "P4-v02_gru_1/gru_1_1/TensorArrayV2_1@__inference_function_4602"] at callsite(fused["StatefulPartitionedCall:", "StatefulPartitionedCall@__inference_signature_wrapper_4709"] at fused["StatefulPartitionedCall:", "StatefulPartitionedCall_1"]))): failed to legalize operation 'tf.TensorListReserve' that was explicitly marked illegal
<unknown>:0: note: loc(callsite(fused["StatefulPartitionedCall:", "StatefulPartitionedCall@__inference_signature_wrapper_4709"] at fused["StatefulPartitionedCall:", "StatefulPartitionedCall_1"])): called from
<unknown>:0: note: loc(fused["StatefulPartitionedCall:", "StatefulPartitionedCall_1"]): called from
<unknown>:0: error: Lowering tensor list ops is failed. Please consider using Select TF ops and disabling `_experimental_lower_tensor_list_ops` flag in the TFLite converter object. For example, converter.target_spec.supported_ops = [tf.lite.OpsSet.TFLITE_BUILTINS, tf.lite.OpsSet.SELECT_TF_OPS]\n converter._experimental_lower_tensor_list_ops = False

    metrics.json updated

Done.
[2026-05-15 10:42:55] FAIL  P4-v02 — model_int8.tflite not produced
[2026-05-15 10:42:55] REEXPORT P4-v03 (results/gru_phase4_uni_kp)
WARNING: All log messages before absl::InitializeLog() is called are written to STDERR
I0000 00:00:1778809375.344092 3292112 cpu_feature_guard.cc:227] This TensorFlow binary is optimized to use available CPU instructions in performance-critical operations.
To enable the following instructions: AVX2 FMA, in other operations, rebuild TensorFlow with the appropriate compiler flags.

[P4-v03]
  Loading model.keras ...
E0000 00:00:1778809377.237414 3292112 cuda_platform.cc:52] failed call to cuInit: INTERNAL: CUDA error: Failed call to cuInit: CUDA_ERROR_NO_DEVICE: no CUDA-capable device is detected
I0000 00:00:1778809377.237437 3292112 cuda_diagnostics.cc:160] env: CUDA_VISIBLE_DEVICES=""
I0000 00:00:1778809377.237445 3292112 cuda_diagnostics.cc:163] CUDA_VISIBLE_DEVICES is set to an empty string - this hides all GPUs from CUDA
I0000 00:00:1778809377.237456 3292112 cuda_diagnostics.cc:171] verbose logging is disabled. Rerun with verbose logging (usually --v=1 or --vmodule=cuda_diagnostics=1) to get more diagnostic output from this module
I0000 00:00:1778809377.237457 3292112 cuda_diagnostics.cc:176] retrieving CUDA diagnostic information for host: min-B550M-Phantom-Gaming-4
I0000 00:00:1778809377.237460 3292112 cuda_diagnostics.cc:183] hostname: min-B550M-Phantom-Gaming-4
I0000 00:00:1778809377.237569 3292112 cuda_diagnostics.cc:190] libcuda reported version is: 580.142.0
I0000 00:00:1778809377.237584 3292112 cuda_diagnostics.cc:194] kernel reported version is: 580.142.0
I0000 00:00:1778809377.237586 3292112 cuda_diagnostics.cc:284] kernel version seems to match DSO: 580.142.0
    unidirectional → converting without unroll (compact graph)
Saved artifact at '/tmp/tmpt9c_uk2a'. The following endpoints are available:

* Endpoint 'serve'
  args_0 (POSITIONAL_ONLY): TensorSpec(shape=(None, 40, 27), dtype=tf.float32, name='pose_sequence')
Output Type:
  TensorSpec(shape=(None, 2), dtype=tf.float32, name=None)
Captures:
  131869066731280: TensorSpec(shape=(), dtype=tf.resource, name=None)
  131869066731856: TensorSpec(shape=(), dtype=tf.resource, name=None)
  131869066731664: TensorSpec(shape=(), dtype=tf.resource, name=None)
  131869066732240: TensorSpec(shape=(), dtype=tf.resource, name=None)
  131869066731088: TensorSpec(shape=(), dtype=tf.resource, name=None)
  131869066731472: TensorSpec(shape=(), dtype=tf.resource, name=None)
  131869066733008: TensorSpec(shape=(), dtype=tf.resource, name=None)
  131869066732816: TensorSpec(shape=(), dtype=tf.resource, name=None)
  131869066732048: TensorSpec(shape=(), dtype=tf.resource, name=None)
  131869066729936: TensorSpec(shape=(), dtype=tf.resource, name=None)
  131869066733584: TensorSpec(shape=(), dtype=tf.resource, name=None)
  131869066735120: TensorSpec(shape=(), dtype=tf.resource, name=None)
  131869066734160: TensorSpec(shape=(), dtype=tf.resource, name=None)
  131869066734544: TensorSpec(shape=(), dtype=tf.resource, name=None)
  131869066733392: TensorSpec(shape=(), dtype=tf.resource, name=None)
  131869066735312: TensorSpec(shape=(), dtype=tf.resource, name=None)
  131869066733968: TensorSpec(shape=(), dtype=tf.resource, name=None)
  131869066736080: TensorSpec(shape=(), dtype=tf.resource, name=None)
  131869066734736: TensorSpec(shape=(), dtype=tf.resource, name=None)
  131869066734352: TensorSpec(shape=(), dtype=tf.resource, name=None)
  131869066736464: TensorSpec(shape=(), dtype=tf.resource, name=None)
  131869066736656: TensorSpec(shape=(), dtype=tf.resource, name=None)
  131869066735888: TensorSpec(shape=(), dtype=tf.resource, name=None)
  131869066737616: TensorSpec(shape=(), dtype=tf.resource, name=None)
W0000 00:00:1778809377.976504 3292112 tf_tfl_flatbuffer_helpers.cc:364] Ignored output_format.
W0000 00:00:1778809377.976518 3292112 tf_tfl_flatbuffer_helpers.cc:367] Ignored drop_control_dependency.
I0000 00:00:1778809377.976764 3292112 reader.cc:83] Reading SavedModel from: /tmp/tmpt9c_uk2a
I0000 00:00:1778809377.977639 3292112 reader.cc:52] Reading meta graph with tags { serve }
I0000 00:00:1778809377.977644 3292112 reader.cc:147] Reading SavedModel debug info (if present) from: /tmp/tmpt9c_uk2a
I0000 00:00:1778809377.986868 3292112 mlir_graph_optimization_pass.cc:437] MLIR V1 optimization pass is not enabled
I0000 00:00:1778809377.988522 3292112 loader.cc:236] Restoring SavedModel bundle.
I0000 00:00:1778809378.037103 3292112 loader.cc:220] Running initialization op on SavedModel bundle at path: /tmp/tmpt9c_uk2a
I0000 00:00:1778809378.055618 3292112 loader.cc:471] SavedModel load for tags { serve }; Status: success: OK. Took 78862 microseconds.
I0000 00:00:1778809378.077420 3292112 dump_mlir_util.cc:269] disabling MLIR crash reproducer, set env var `MLIR_CRASH_REPRODUCER_DIRECTORY` to enable.
loc(callsite(fused["TensorListReserve:", "P4-v03_gru_1/gru_1_1/TensorArrayV2_1@__inference_function_1268"] at callsite(fused["StatefulPartitionedCall:", "StatefulPartitionedCall@__inference_signature_wrapper_1375"] at fused["StatefulPartitionedCall:", "StatefulPartitionedCall_1"]))): error: 'tf.TensorListReserve' op requires element_shape to be static during TF Lite transformation pass
loc(callsite(fused["TensorListReserve:", "P4-v03_gru_1/gru_1_1/TensorArrayV2_1@__inference_function_1268"] at callsite(fused["StatefulPartitionedCall:", "StatefulPartitionedCall@__inference_signature_wrapper_1375"] at fused["StatefulPartitionedCall:", "StatefulPartitionedCall_1"]))): error: failed to legalize operation 'tf.TensorListReserve' that was explicitly marked illegal
error: Lowering tensor list ops is failed. Please consider using Select TF ops and disabling `_experimental_lower_tensor_list_ops` flag in the TFLite converter object. For example, converter.target_spec.supported_ops = [tf.lite.OpsSet.TFLITE_BUILTINS, tf.lite.OpsSet.SELECT_TF_OPS]\n converter._experimental_lower_tensor_list_ops = False
    fp32 FAIL: <unknown>:0: error: loc(callsite(fused["TensorListReserve:", "P4-v03_gru_1/gru_1_1/TensorArrayV2_1@__inference_function_1268"] at callsite(fused["StatefulPartitionedCall:", "StatefulPartitionedCall@__inference_signature_wrapper_1375"] at fused["StatefulPartitionedCall:", "StatefulPartitionedCall_1"]))): 'tf.TensorListReserve' op requires element_shape to be static during TF Lite transformation pass
<unknown>:0: note: loc(callsite(fused["StatefulPartitionedCall:", "StatefulPartitionedCall@__inference_signature_wrapper_1375"] at fused["StatefulPartitionedCall:", "StatefulPartitionedCall_1"])): called from
<unknown>:0: note: loc(fused["StatefulPartitionedCall:", "StatefulPartitionedCall_1"]): called from
<unknown>:0: error: loc(callsite(fused["TensorListReserve:", "P4-v03_gru_1/gru_1_1/TensorArrayV2_1@__inference_function_1268"] at callsite(fused["StatefulPartitionedCall:", "StatefulPartitionedCall@__inference_signature_wrapper_1375"] at fused["StatefulPartitionedCall:", "StatefulPartitionedCall_1"]))): failed to legalize operation 'tf.TensorListReserve' that was explicitly marked illegal
<unknown>:0: note: loc(callsite(fused["StatefulPartitionedCall:", "StatefulPartitionedCall@__inference_signature_wrapper_1375"] at fused["StatefulPartitionedCall:", "StatefulPartitionedCall_1"])): called from
<unknown>:0: note: loc(fused["StatefulPartitionedCall:", "StatefulPartitionedCall_1"]): called from
<unknown>:0: error: Lowering tensor list ops is failed. Please consider using Select TF ops and disabling `_experimental_lower_tensor_list_ops` flag in the TFLite converter object. For example, converter.target_spec.supported_ops = [tf.lite.OpsSet.TFLITE_BUILTINS, tf.lite.OpsSet.SELECT_TF_OPS]\n converter._experimental_lower_tensor_list_ops = False

Saved artifact at '/tmp/tmpzo01ph6b'. The following endpoints are available:

* Endpoint 'serve'
  args_0 (POSITIONAL_ONLY): TensorSpec(shape=(None, 40, 27), dtype=tf.float32, name='pose_sequence')
Output Type:
  TensorSpec(shape=(None, 2), dtype=tf.float32, name=None)
Captures:
  131869066731280: TensorSpec(shape=(), dtype=tf.resource, name=None)
  131869066731856: TensorSpec(shape=(), dtype=tf.resource, name=None)
  131869066731664: TensorSpec(shape=(), dtype=tf.resource, name=None)
  131869066732240: TensorSpec(shape=(), dtype=tf.resource, name=None)
  131869066731088: TensorSpec(shape=(), dtype=tf.resource, name=None)
  131869066731472: TensorSpec(shape=(), dtype=tf.resource, name=None)
  131869066733008: TensorSpec(shape=(), dtype=tf.resource, name=None)
  131869066732816: TensorSpec(shape=(), dtype=tf.resource, name=None)
  131869066732048: TensorSpec(shape=(), dtype=tf.resource, name=None)
  131869066729936: TensorSpec(shape=(), dtype=tf.resource, name=None)
  131869066733584: TensorSpec(shape=(), dtype=tf.resource, name=None)
  131869066735120: TensorSpec(shape=(), dtype=tf.resource, name=None)
  131869066734160: TensorSpec(shape=(), dtype=tf.resource, name=None)
  131869066734544: TensorSpec(shape=(), dtype=tf.resource, name=None)
  131869066733392: TensorSpec(shape=(), dtype=tf.resource, name=None)
  131869066735312: TensorSpec(shape=(), dtype=tf.resource, name=None)
  131869066733968: TensorSpec(shape=(), dtype=tf.resource, name=None)
  131869066736080: TensorSpec(shape=(), dtype=tf.resource, name=None)
  131869066734736: TensorSpec(shape=(), dtype=tf.resource, name=None)
  131869066734352: TensorSpec(shape=(), dtype=tf.resource, name=None)
  131869066736464: TensorSpec(shape=(), dtype=tf.resource, name=None)
  131869066736656: TensorSpec(shape=(), dtype=tf.resource, name=None)
  131869066735888: TensorSpec(shape=(), dtype=tf.resource, name=None)
  131869066737616: TensorSpec(shape=(), dtype=tf.resource, name=None)
/home/min/Workspace/Graduate-Project/Falling-Model-Development/.venv/lib/python3.13/site-packages/tensorflow/lite/python/convert.py:846: UserWarning: Statistics for quantized inputs were expected, but not specified; continuing anyway.
  warnings.warn(
W0000 00:00:1778809378.676678 3292112 tf_tfl_flatbuffer_helpers.cc:364] Ignored output_format.
W0000 00:00:1778809378.676688 3292112 tf_tfl_flatbuffer_helpers.cc:367] Ignored drop_control_dependency.
I0000 00:00:1778809378.676784 3292112 reader.cc:83] Reading SavedModel from: /tmp/tmpzo01ph6b
I0000 00:00:1778809378.677709 3292112 reader.cc:52] Reading meta graph with tags { serve }
I0000 00:00:1778809378.677717 3292112 reader.cc:147] Reading SavedModel debug info (if present) from: /tmp/tmpzo01ph6b
I0000 00:00:1778809378.689270 3292112 loader.cc:236] Restoring SavedModel bundle.
I0000 00:00:1778809378.735881 3292112 loader.cc:220] Running initialization op on SavedModel bundle at path: /tmp/tmpzo01ph6b
I0000 00:00:1778809378.753569 3292112 loader.cc:471] SavedModel load for tags { serve }; Status: success: OK. Took 76793 microseconds.
loc(callsite(fused["TensorListReserve:", "P4-v03_gru_1/gru_1_1/TensorArrayV2_1@__inference_function_4602"] at callsite(fused["StatefulPartitionedCall:", "StatefulPartitionedCall@__inference_signature_wrapper_4709"] at fused["StatefulPartitionedCall:", "StatefulPartitionedCall_1"]))): error: 'tf.TensorListReserve' op requires element_shape to be static during TF Lite transformation pass
loc(callsite(fused["TensorListReserve:", "P4-v03_gru_1/gru_1_1/TensorArrayV2_1@__inference_function_4602"] at callsite(fused["StatefulPartitionedCall:", "StatefulPartitionedCall@__inference_signature_wrapper_4709"] at fused["StatefulPartitionedCall:", "StatefulPartitionedCall_1"]))): error: failed to legalize operation 'tf.TensorListReserve' that was explicitly marked illegal
error: Lowering tensor list ops is failed. Please consider using Select TF ops and disabling `_experimental_lower_tensor_list_ops` flag in the TFLite converter object. For example, converter.target_spec.supported_ops = [tf.lite.OpsSet.TFLITE_BUILTINS, tf.lite.OpsSet.SELECT_TF_OPS]\n converter._experimental_lower_tensor_list_ops = False
    int8 FAIL: <unknown>:0: error: loc(callsite(fused["TensorListReserve:", "P4-v03_gru_1/gru_1_1/TensorArrayV2_1@__inference_function_4602"] at callsite(fused["StatefulPartitionedCall:", "StatefulPartitionedCall@__inference_signature_wrapper_4709"] at fused["StatefulPartitionedCall:", "StatefulPartitionedCall_1"]))): 'tf.TensorListReserve' op requires element_shape to be static during TF Lite transformation pass
<unknown>:0: note: loc(callsite(fused["StatefulPartitionedCall:", "StatefulPartitionedCall@__inference_signature_wrapper_4709"] at fused["StatefulPartitionedCall:", "StatefulPartitionedCall_1"])): called from
<unknown>:0: note: loc(fused["StatefulPartitionedCall:", "StatefulPartitionedCall_1"]): called from
<unknown>:0: error: loc(callsite(fused["TensorListReserve:", "P4-v03_gru_1/gru_1_1/TensorArrayV2_1@__inference_function_4602"] at callsite(fused["StatefulPartitionedCall:", "StatefulPartitionedCall@__inference_signature_wrapper_4709"] at fused["StatefulPartitionedCall:", "StatefulPartitionedCall_1"]))): failed to legalize operation 'tf.TensorListReserve' that was explicitly marked illegal
<unknown>:0: note: loc(callsite(fused["StatefulPartitionedCall:", "StatefulPartitionedCall@__inference_signature_wrapper_4709"] at fused["StatefulPartitionedCall:", "StatefulPartitionedCall_1"])): called from
<unknown>:0: note: loc(fused["StatefulPartitionedCall:", "StatefulPartitionedCall_1"]): called from
<unknown>:0: error: Lowering tensor list ops is failed. Please consider using Select TF ops and disabling `_experimental_lower_tensor_list_ops` flag in the TFLite converter object. For example, converter.target_spec.supported_ops = [tf.lite.OpsSet.TFLITE_BUILTINS, tf.lite.OpsSet.SELECT_TF_OPS]\n converter._experimental_lower_tensor_list_ops = False

    metrics.json updated

Done.
[2026-05-15 10:42:59] FAIL  P4-v03 — model_int8.tflite not produced
[2026-05-15 10:42:59] REEXPORT P4-v04 (results/gru_phase4_uni_kp)
WARNING: All log messages before absl::InitializeLog() is called are written to STDERR
I0000 00:00:1778809379.715133 3292350 cpu_feature_guard.cc:227] This TensorFlow binary is optimized to use available CPU instructions in performance-critical operations.
To enable the following instructions: AVX2 FMA, in other operations, rebuild TensorFlow with the appropriate compiler flags.

[P4-v04]
  Loading model.keras ...
E0000 00:00:1778809381.404021 3292350 cuda_platform.cc:52] failed call to cuInit: INTERNAL: CUDA error: Failed call to cuInit: CUDA_ERROR_NO_DEVICE: no CUDA-capable device is detected
I0000 00:00:1778809381.404040 3292350 cuda_diagnostics.cc:160] env: CUDA_VISIBLE_DEVICES=""
I0000 00:00:1778809381.404046 3292350 cuda_diagnostics.cc:163] CUDA_VISIBLE_DEVICES is set to an empty string - this hides all GPUs from CUDA
I0000 00:00:1778809381.404055 3292350 cuda_diagnostics.cc:171] verbose logging is disabled. Rerun with verbose logging (usually --v=1 or --vmodule=cuda_diagnostics=1) to get more diagnostic output from this module
I0000 00:00:1778809381.404056 3292350 cuda_diagnostics.cc:176] retrieving CUDA diagnostic information for host: min-B550M-Phantom-Gaming-4
I0000 00:00:1778809381.404059 3292350 cuda_diagnostics.cc:183] hostname: min-B550M-Phantom-Gaming-4
I0000 00:00:1778809381.404118 3292350 cuda_diagnostics.cc:190] libcuda reported version is: 580.142.0
I0000 00:00:1778809381.404132 3292350 cuda_diagnostics.cc:194] kernel reported version is: 580.142.0
I0000 00:00:1778809381.404134 3292350 cuda_diagnostics.cc:284] kernel version seems to match DSO: 580.142.0
    unidirectional → converting without unroll (compact graph)
Saved artifact at '/tmp/tmp0rqsegb6'. The following endpoints are available:

* Endpoint 'serve'
  args_0 (POSITIONAL_ONLY): TensorSpec(shape=(None, 40, 27), dtype=tf.float32, name='pose_sequence')
Output Type:
  TensorSpec(shape=(None, 2), dtype=tf.float32, name=None)
Captures:
  132114514976528: TensorSpec(shape=(), dtype=tf.resource, name=None)
  132114514977104: TensorSpec(shape=(), dtype=tf.resource, name=None)
  132114514976912: TensorSpec(shape=(), dtype=tf.resource, name=None)
  132114514977488: TensorSpec(shape=(), dtype=tf.resource, name=None)
  132114514976336: TensorSpec(shape=(), dtype=tf.resource, name=None)
  132114514976720: TensorSpec(shape=(), dtype=tf.resource, name=None)
  132114514978256: TensorSpec(shape=(), dtype=tf.resource, name=None)
  132114514978064: TensorSpec(shape=(), dtype=tf.resource, name=None)
  132114514977296: TensorSpec(shape=(), dtype=tf.resource, name=None)
  132114514975184: TensorSpec(shape=(), dtype=tf.resource, name=None)
  132114514978832: TensorSpec(shape=(), dtype=tf.resource, name=None)
  132114514980368: TensorSpec(shape=(), dtype=tf.resource, name=None)
  132114514979408: TensorSpec(shape=(), dtype=tf.resource, name=None)
  132114514979792: TensorSpec(shape=(), dtype=tf.resource, name=None)
  132114514978640: TensorSpec(shape=(), dtype=tf.resource, name=None)
  132114514980560: TensorSpec(shape=(), dtype=tf.resource, name=None)
  132114514979216: TensorSpec(shape=(), dtype=tf.resource, name=None)
  132114514981328: TensorSpec(shape=(), dtype=tf.resource, name=None)
  132114514979984: TensorSpec(shape=(), dtype=tf.resource, name=None)
  132114514979600: TensorSpec(shape=(), dtype=tf.resource, name=None)
  132114514981712: TensorSpec(shape=(), dtype=tf.resource, name=None)
  132114514981904: TensorSpec(shape=(), dtype=tf.resource, name=None)
  132114514981136: TensorSpec(shape=(), dtype=tf.resource, name=None)
  132114514982864: TensorSpec(shape=(), dtype=tf.resource, name=None)
W0000 00:00:1778809382.068486 3292350 tf_tfl_flatbuffer_helpers.cc:364] Ignored output_format.
W0000 00:00:1778809382.068497 3292350 tf_tfl_flatbuffer_helpers.cc:367] Ignored drop_control_dependency.
I0000 00:00:1778809382.068725 3292350 reader.cc:83] Reading SavedModel from: /tmp/tmp0rqsegb6
I0000 00:00:1778809382.069632 3292350 reader.cc:52] Reading meta graph with tags { serve }
I0000 00:00:1778809382.069637 3292350 reader.cc:147] Reading SavedModel debug info (if present) from: /tmp/tmp0rqsegb6
I0000 00:00:1778809382.079028 3292350 mlir_graph_optimization_pass.cc:437] MLIR V1 optimization pass is not enabled
I0000 00:00:1778809382.080428 3292350 loader.cc:236] Restoring SavedModel bundle.
I0000 00:00:1778809382.125922 3292350 loader.cc:220] Running initialization op on SavedModel bundle at path: /tmp/tmp0rqsegb6
I0000 00:00:1778809382.142917 3292350 loader.cc:471] SavedModel load for tags { serve }; Status: success: OK. Took 74196 microseconds.
I0000 00:00:1778809382.163849 3292350 dump_mlir_util.cc:269] disabling MLIR crash reproducer, set env var `MLIR_CRASH_REPRODUCER_DIRECTORY` to enable.
loc(callsite(fused["TensorListReserve:", "P4-v04_gru_1/gru_1_1/TensorArrayV2_1@__inference_function_1268"] at callsite(fused["StatefulPartitionedCall:", "StatefulPartitionedCall@__inference_signature_wrapper_1375"] at fused["StatefulPartitionedCall:", "StatefulPartitionedCall_1"]))): error: 'tf.TensorListReserve' op requires element_shape to be static during TF Lite transformation pass
loc(callsite(fused["TensorListReserve:", "P4-v04_gru_1/gru_1_1/TensorArrayV2_1@__inference_function_1268"] at callsite(fused["StatefulPartitionedCall:", "StatefulPartitionedCall@__inference_signature_wrapper_1375"] at fused["StatefulPartitionedCall:", "StatefulPartitionedCall_1"]))): error: failed to legalize operation 'tf.TensorListReserve' that was explicitly marked illegal
error: Lowering tensor list ops is failed. Please consider using Select TF ops and disabling `_experimental_lower_tensor_list_ops` flag in the TFLite converter object. For example, converter.target_spec.supported_ops = [tf.lite.OpsSet.TFLITE_BUILTINS, tf.lite.OpsSet.SELECT_TF_OPS]\n converter._experimental_lower_tensor_list_ops = False
    fp32 FAIL: <unknown>:0: error: loc(callsite(fused["TensorListReserve:", "P4-v04_gru_1/gru_1_1/TensorArrayV2_1@__inference_function_1268"] at callsite(fused["StatefulPartitionedCall:", "StatefulPartitionedCall@__inference_signature_wrapper_1375"] at fused["StatefulPartitionedCall:", "StatefulPartitionedCall_1"]))): 'tf.TensorListReserve' op requires element_shape to be static during TF Lite transformation pass
<unknown>:0: note: loc(callsite(fused["StatefulPartitionedCall:", "StatefulPartitionedCall@__inference_signature_wrapper_1375"] at fused["StatefulPartitionedCall:", "StatefulPartitionedCall_1"])): called from
<unknown>:0: note: loc(fused["StatefulPartitionedCall:", "StatefulPartitionedCall_1"]): called from
<unknown>:0: error: loc(callsite(fused["TensorListReserve:", "P4-v04_gru_1/gru_1_1/TensorArrayV2_1@__inference_function_1268"] at callsite(fused["StatefulPartitionedCall:", "StatefulPartitionedCall@__inference_signature_wrapper_1375"] at fused["StatefulPartitionedCall:", "StatefulPartitionedCall_1"]))): failed to legalize operation 'tf.TensorListReserve' that was explicitly marked illegal
<unknown>:0: note: loc(callsite(fused["StatefulPartitionedCall:", "StatefulPartitionedCall@__inference_signature_wrapper_1375"] at fused["StatefulPartitionedCall:", "StatefulPartitionedCall_1"])): called from
<unknown>:0: note: loc(fused["StatefulPartitionedCall:", "StatefulPartitionedCall_1"]): called from
<unknown>:0: error: Lowering tensor list ops is failed. Please consider using Select TF ops and disabling `_experimental_lower_tensor_list_ops` flag in the TFLite converter object. For example, converter.target_spec.supported_ops = [tf.lite.OpsSet.TFLITE_BUILTINS, tf.lite.OpsSet.SELECT_TF_OPS]\n converter._experimental_lower_tensor_list_ops = False

Saved artifact at '/tmp/tmp016q5c0h'. The following endpoints are available:

* Endpoint 'serve'
  args_0 (POSITIONAL_ONLY): TensorSpec(shape=(None, 40, 27), dtype=tf.float32, name='pose_sequence')
Output Type:
  TensorSpec(shape=(None, 2), dtype=tf.float32, name=None)
Captures:
  132114514976528: TensorSpec(shape=(), dtype=tf.resource, name=None)
  132114514977104: TensorSpec(shape=(), dtype=tf.resource, name=None)
  132114514976912: TensorSpec(shape=(), dtype=tf.resource, name=None)
  132114514977488: TensorSpec(shape=(), dtype=tf.resource, name=None)
  132114514976336: TensorSpec(shape=(), dtype=tf.resource, name=None)
  132114514976720: TensorSpec(shape=(), dtype=tf.resource, name=None)
  132114514978256: TensorSpec(shape=(), dtype=tf.resource, name=None)
  132114514978064: TensorSpec(shape=(), dtype=tf.resource, name=None)
  132114514977296: TensorSpec(shape=(), dtype=tf.resource, name=None)
  132114514975184: TensorSpec(shape=(), dtype=tf.resource, name=None)
  132114514978832: TensorSpec(shape=(), dtype=tf.resource, name=None)
  132114514980368: TensorSpec(shape=(), dtype=tf.resource, name=None)
  132114514979408: TensorSpec(shape=(), dtype=tf.resource, name=None)
  132114514979792: TensorSpec(shape=(), dtype=tf.resource, name=None)
  132114514978640: TensorSpec(shape=(), dtype=tf.resource, name=None)
  132114514980560: TensorSpec(shape=(), dtype=tf.resource, name=None)
  132114514979216: TensorSpec(shape=(), dtype=tf.resource, name=None)
  132114514981328: TensorSpec(shape=(), dtype=tf.resource, name=None)
  132114514979984: TensorSpec(shape=(), dtype=tf.resource, name=None)
  132114514979600: TensorSpec(shape=(), dtype=tf.resource, name=None)
  132114514981712: TensorSpec(shape=(), dtype=tf.resource, name=None)
  132114514981904: TensorSpec(shape=(), dtype=tf.resource, name=None)
  132114514981136: TensorSpec(shape=(), dtype=tf.resource, name=None)
  132114514982864: TensorSpec(shape=(), dtype=tf.resource, name=None)
/home/min/Workspace/Graduate-Project/Falling-Model-Development/.venv/lib/python3.13/site-packages/tensorflow/lite/python/convert.py:846: UserWarning: Statistics for quantized inputs were expected, but not specified; continuing anyway.
  warnings.warn(
W0000 00:00:1778809382.733196 3292350 tf_tfl_flatbuffer_helpers.cc:364] Ignored output_format.
W0000 00:00:1778809382.733204 3292350 tf_tfl_flatbuffer_helpers.cc:367] Ignored drop_control_dependency.
I0000 00:00:1778809382.733296 3292350 reader.cc:83] Reading SavedModel from: /tmp/tmp016q5c0h
I0000 00:00:1778809382.734193 3292350 reader.cc:52] Reading meta graph with tags { serve }
I0000 00:00:1778809382.734202 3292350 reader.cc:147] Reading SavedModel debug info (if present) from: /tmp/tmp016q5c0h
I0000 00:00:1778809382.745249 3292350 loader.cc:236] Restoring SavedModel bundle.
I0000 00:00:1778809382.790760 3292350 loader.cc:220] Running initialization op on SavedModel bundle at path: /tmp/tmp016q5c0h
I0000 00:00:1778809382.807868 3292350 loader.cc:471] SavedModel load for tags { serve }; Status: success: OK. Took 74576 microseconds.
loc(callsite(fused["TensorListReserve:", "P4-v04_gru_1/gru_1_1/TensorArrayV2_1@__inference_function_4602"] at callsite(fused["StatefulPartitionedCall:", "StatefulPartitionedCall@__inference_signature_wrapper_4709"] at fused["StatefulPartitionedCall:", "StatefulPartitionedCall_1"]))): error: 'tf.TensorListReserve' op requires element_shape to be static during TF Lite transformation pass
loc(callsite(fused["TensorListReserve:", "P4-v04_gru_1/gru_1_1/TensorArrayV2_1@__inference_function_4602"] at callsite(fused["StatefulPartitionedCall:", "StatefulPartitionedCall@__inference_signature_wrapper_4709"] at fused["StatefulPartitionedCall:", "StatefulPartitionedCall_1"]))): error: failed to legalize operation 'tf.TensorListReserve' that was explicitly marked illegal
error: Lowering tensor list ops is failed. Please consider using Select TF ops and disabling `_experimental_lower_tensor_list_ops` flag in the TFLite converter object. For example, converter.target_spec.supported_ops = [tf.lite.OpsSet.TFLITE_BUILTINS, tf.lite.OpsSet.SELECT_TF_OPS]\n converter._experimental_lower_tensor_list_ops = False
    int8 FAIL: <unknown>:0: error: loc(callsite(fused["TensorListReserve:", "P4-v04_gru_1/gru_1_1/TensorArrayV2_1@__inference_function_4602"] at callsite(fused["StatefulPartitionedCall:", "StatefulPartitionedCall@__inference_signature_wrapper_4709"] at fused["StatefulPartitionedCall:", "StatefulPartitionedCall_1"]))): 'tf.TensorListReserve' op requires element_shape to be static during TF Lite transformation pass
<unknown>:0: note: loc(callsite(fused["StatefulPartitionedCall:", "StatefulPartitionedCall@__inference_signature_wrapper_4709"] at fused["StatefulPartitionedCall:", "StatefulPartitionedCall_1"])): called from
<unknown>:0: note: loc(fused["StatefulPartitionedCall:", "StatefulPartitionedCall_1"]): called from
<unknown>:0: error: loc(callsite(fused["TensorListReserve:", "P4-v04_gru_1/gru_1_1/TensorArrayV2_1@__inference_function_4602"] at callsite(fused["StatefulPartitionedCall:", "StatefulPartitionedCall@__inference_signature_wrapper_4709"] at fused["StatefulPartitionedCall:", "StatefulPartitionedCall_1"]))): failed to legalize operation 'tf.TensorListReserve' that was explicitly marked illegal
<unknown>:0: note: loc(callsite(fused["StatefulPartitionedCall:", "StatefulPartitionedCall@__inference_signature_wrapper_4709"] at fused["StatefulPartitionedCall:", "StatefulPartitionedCall_1"])): called from
<unknown>:0: note: loc(fused["StatefulPartitionedCall:", "StatefulPartitionedCall_1"]): called from
<unknown>:0: error: Lowering tensor list ops is failed. Please consider using Select TF ops and disabling `_experimental_lower_tensor_list_ops` flag in the TFLite converter object. For example, converter.target_spec.supported_ops = [tf.lite.OpsSet.TFLITE_BUILTINS, tf.lite.OpsSet.SELECT_TF_OPS]\n converter._experimental_lower_tensor_list_ops = False

    metrics.json updated

Done.
[2026-05-15 10:43:03] FAIL  P4-v04 — model_int8.tflite not produced
[2026-05-15 10:43:03] REEXPORT P3-v07 (results/gru_phase3_2s)
WARNING: All log messages before absl::InitializeLog() is called are written to STDERR
I0000 00:00:1778809383.623140 3292480 cpu_feature_guard.cc:227] This TensorFlow binary is optimized to use available CPU instructions in performance-critical operations.
To enable the following instructions: AVX2 FMA, in other operations, rebuild TensorFlow with the appropriate compiler flags.

[P3-v07]
  Loading model.keras ...
E0000 00:00:1778809385.321834 3292480 cuda_platform.cc:52] failed call to cuInit: INTERNAL: CUDA error: Failed call to cuInit: CUDA_ERROR_NO_DEVICE: no CUDA-capable device is detected
I0000 00:00:1778809385.321853 3292480 cuda_diagnostics.cc:160] env: CUDA_VISIBLE_DEVICES=""
I0000 00:00:1778809385.321860 3292480 cuda_diagnostics.cc:163] CUDA_VISIBLE_DEVICES is set to an empty string - this hides all GPUs from CUDA
I0000 00:00:1778809385.321870 3292480 cuda_diagnostics.cc:171] verbose logging is disabled. Rerun with verbose logging (usually --v=1 or --vmodule=cuda_diagnostics=1) to get more diagnostic output from this module
I0000 00:00:1778809385.321872 3292480 cuda_diagnostics.cc:176] retrieving CUDA diagnostic information for host: min-B550M-Phantom-Gaming-4
I0000 00:00:1778809385.321875 3292480 cuda_diagnostics.cc:183] hostname: min-B550M-Phantom-Gaming-4
I0000 00:00:1778809385.321941 3292480 cuda_diagnostics.cc:190] libcuda reported version is: 580.142.0
I0000 00:00:1778809385.321955 3292480 cuda_diagnostics.cc:194] kernel reported version is: 580.142.0
I0000 00:00:1778809385.321957 3292480 cuda_diagnostics.cc:284] kernel version seems to match DSO: 580.142.0
    unidirectional → converting without unroll (compact graph)
Saved artifact at '/tmp/tmpm8cb0huj'. The following endpoints are available:

* Endpoint 'serve'
  args_0 (POSITIONAL_ONLY): TensorSpec(shape=(None, 30, 45), dtype=tf.float32, name='pose_sequence')
Output Type:
  TensorSpec(shape=(None, 2), dtype=tf.float32, name=None)
Captures:
  140630106185488: TensorSpec(shape=(), dtype=tf.resource, name=None)
  140630106186064: TensorSpec(shape=(), dtype=tf.resource, name=None)
  140630106185872: TensorSpec(shape=(), dtype=tf.resource, name=None)
  140630106186448: TensorSpec(shape=(), dtype=tf.resource, name=None)
  140630106185296: TensorSpec(shape=(), dtype=tf.resource, name=None)
  140630106185680: TensorSpec(shape=(), dtype=tf.resource, name=None)
  140630106187216: TensorSpec(shape=(), dtype=tf.resource, name=None)
  140630106187024: TensorSpec(shape=(), dtype=tf.resource, name=None)
  140630106186256: TensorSpec(shape=(), dtype=tf.resource, name=None)
  140630106184144: TensorSpec(shape=(), dtype=tf.resource, name=None)
  140630106187792: TensorSpec(shape=(), dtype=tf.resource, name=None)
  140630106189328: TensorSpec(shape=(), dtype=tf.resource, name=None)
  140630106188368: TensorSpec(shape=(), dtype=tf.resource, name=None)
  140630106188752: TensorSpec(shape=(), dtype=tf.resource, name=None)
  140630106187600: TensorSpec(shape=(), dtype=tf.resource, name=None)
  140630106189520: TensorSpec(shape=(), dtype=tf.resource, name=None)
  140630106188176: TensorSpec(shape=(), dtype=tf.resource, name=None)
  140630106190288: TensorSpec(shape=(), dtype=tf.resource, name=None)
  140630106188944: TensorSpec(shape=(), dtype=tf.resource, name=None)
  140630106188560: TensorSpec(shape=(), dtype=tf.resource, name=None)
  140630106190672: TensorSpec(shape=(), dtype=tf.resource, name=None)
  140630106190864: TensorSpec(shape=(), dtype=tf.resource, name=None)
  140630106190096: TensorSpec(shape=(), dtype=tf.resource, name=None)
  140630106191824: TensorSpec(shape=(), dtype=tf.resource, name=None)
W0000 00:00:1778809386.019047 3292480 tf_tfl_flatbuffer_helpers.cc:364] Ignored output_format.
W0000 00:00:1778809386.019058 3292480 tf_tfl_flatbuffer_helpers.cc:367] Ignored drop_control_dependency.
I0000 00:00:1778809386.019284 3292480 reader.cc:83] Reading SavedModel from: /tmp/tmpm8cb0huj
I0000 00:00:1778809386.020155 3292480 reader.cc:52] Reading meta graph with tags { serve }
I0000 00:00:1778809386.020162 3292480 reader.cc:147] Reading SavedModel debug info (if present) from: /tmp/tmpm8cb0huj
I0000 00:00:1778809386.030436 3292480 mlir_graph_optimization_pass.cc:437] MLIR V1 optimization pass is not enabled
I0000 00:00:1778809386.032009 3292480 loader.cc:236] Restoring SavedModel bundle.
I0000 00:00:1778809386.079036 3292480 loader.cc:220] Running initialization op on SavedModel bundle at path: /tmp/tmpm8cb0huj
I0000 00:00:1778809386.098038 3292480 loader.cc:471] SavedModel load for tags { serve }; Status: success: OK. Took 78761 microseconds.
I0000 00:00:1778809386.121048 3292480 dump_mlir_util.cc:269] disabling MLIR crash reproducer, set env var `MLIR_CRASH_REPRODUCER_DIRECTORY` to enable.
loc(callsite(fused["TensorListReserve:", "P3-v07_gru_1/gru_1_1/TensorArrayV2_1@__inference_function_1268"] at callsite(fused["StatefulPartitionedCall:", "StatefulPartitionedCall@__inference_signature_wrapper_1375"] at fused["StatefulPartitionedCall:", "StatefulPartitionedCall_1"]))): error: 'tf.TensorListReserve' op requires element_shape to be static during TF Lite transformation pass
loc(callsite(fused["TensorListReserve:", "P3-v07_gru_1/gru_1_1/TensorArrayV2_1@__inference_function_1268"] at callsite(fused["StatefulPartitionedCall:", "StatefulPartitionedCall@__inference_signature_wrapper_1375"] at fused["StatefulPartitionedCall:", "StatefulPartitionedCall_1"]))): error: failed to legalize operation 'tf.TensorListReserve' that was explicitly marked illegal
error: Lowering tensor list ops is failed. Please consider using Select TF ops and disabling `_experimental_lower_tensor_list_ops` flag in the TFLite converter object. For example, converter.target_spec.supported_ops = [tf.lite.OpsSet.TFLITE_BUILTINS, tf.lite.OpsSet.SELECT_TF_OPS]\n converter._experimental_lower_tensor_list_ops = False
    fp32 FAIL: <unknown>:0: error: loc(callsite(fused["TensorListReserve:", "P3-v07_gru_1/gru_1_1/TensorArrayV2_1@__inference_function_1268"] at callsite(fused["StatefulPartitionedCall:", "StatefulPartitionedCall@__inference_signature_wrapper_1375"] at fused["StatefulPartitionedCall:", "StatefulPartitionedCall_1"]))): 'tf.TensorListReserve' op requires element_shape to be static during TF Lite transformation pass
<unknown>:0: note: loc(callsite(fused["StatefulPartitionedCall:", "StatefulPartitionedCall@__inference_signature_wrapper_1375"] at fused["StatefulPartitionedCall:", "StatefulPartitionedCall_1"])): called from
<unknown>:0: note: loc(fused["StatefulPartitionedCall:", "StatefulPartitionedCall_1"]): called from
<unknown>:0: error: loc(callsite(fused["TensorListReserve:", "P3-v07_gru_1/gru_1_1/TensorArrayV2_1@__inference_function_1268"] at callsite(fused["StatefulPartitionedCall:", "StatefulPartitionedCall@__inference_signature_wrapper_1375"] at fused["StatefulPartitionedCall:", "StatefulPartitionedCall_1"]))): failed to legalize operation 'tf.TensorListReserve' that was explicitly marked illegal
<unknown>:0: note: loc(callsite(fused["StatefulPartitionedCall:", "StatefulPartitionedCall@__inference_signature_wrapper_1375"] at fused["StatefulPartitionedCall:", "StatefulPartitionedCall_1"])): called from
<unknown>:0: note: loc(fused["StatefulPartitionedCall:", "StatefulPartitionedCall_1"]): called from
<unknown>:0: error: Lowering tensor list ops is failed. Please consider using Select TF ops and disabling `_experimental_lower_tensor_list_ops` flag in the TFLite converter object. For example, converter.target_spec.supported_ops = [tf.lite.OpsSet.TFLITE_BUILTINS, tf.lite.OpsSet.SELECT_TF_OPS]\n converter._experimental_lower_tensor_list_ops = False

Saved artifact at '/tmp/tmpf7u9oohy'. The following endpoints are available:

* Endpoint 'serve'
  args_0 (POSITIONAL_ONLY): TensorSpec(shape=(None, 30, 45), dtype=tf.float32, name='pose_sequence')
Output Type:
  TensorSpec(shape=(None, 2), dtype=tf.float32, name=None)
Captures:
  140630106185488: TensorSpec(shape=(), dtype=tf.resource, name=None)
  140630106186064: TensorSpec(shape=(), dtype=tf.resource, name=None)
  140630106185872: TensorSpec(shape=(), dtype=tf.resource, name=None)
  140630106186448: TensorSpec(shape=(), dtype=tf.resource, name=None)
  140630106185296: TensorSpec(shape=(), dtype=tf.resource, name=None)
  140630106185680: TensorSpec(shape=(), dtype=tf.resource, name=None)
  140630106187216: TensorSpec(shape=(), dtype=tf.resource, name=None)
  140630106187024: TensorSpec(shape=(), dtype=tf.resource, name=None)
  140630106186256: TensorSpec(shape=(), dtype=tf.resource, name=None)
  140630106184144: TensorSpec(shape=(), dtype=tf.resource, name=None)
  140630106187792: TensorSpec(shape=(), dtype=tf.resource, name=None)
  140630106189328: TensorSpec(shape=(), dtype=tf.resource, name=None)
  140630106188368: TensorSpec(shape=(), dtype=tf.resource, name=None)
  140630106188752: TensorSpec(shape=(), dtype=tf.resource, name=None)
  140630106187600: TensorSpec(shape=(), dtype=tf.resource, name=None)
  140630106189520: TensorSpec(shape=(), dtype=tf.resource, name=None)
  140630106188176: TensorSpec(shape=(), dtype=tf.resource, name=None)
  140630106190288: TensorSpec(shape=(), dtype=tf.resource, name=None)
  140630106188944: TensorSpec(shape=(), dtype=tf.resource, name=None)
  140630106188560: TensorSpec(shape=(), dtype=tf.resource, name=None)
  140630106190672: TensorSpec(shape=(), dtype=tf.resource, name=None)
  140630106190864: TensorSpec(shape=(), dtype=tf.resource, name=None)
  140630106190096: TensorSpec(shape=(), dtype=tf.resource, name=None)
  140630106191824: TensorSpec(shape=(), dtype=tf.resource, name=None)
/home/min/Workspace/Graduate-Project/Falling-Model-Development/.venv/lib/python3.13/site-packages/tensorflow/lite/python/convert.py:846: UserWarning: Statistics for quantized inputs were expected, but not specified; continuing anyway.
  warnings.warn(
W0000 00:00:1778809386.715428 3292480 tf_tfl_flatbuffer_helpers.cc:364] Ignored output_format.
W0000 00:00:1778809386.715437 3292480 tf_tfl_flatbuffer_helpers.cc:367] Ignored drop_control_dependency.
I0000 00:00:1778809386.715529 3292480 reader.cc:83] Reading SavedModel from: /tmp/tmpf7u9oohy
I0000 00:00:1778809386.716452 3292480 reader.cc:52] Reading meta graph with tags { serve }
I0000 00:00:1778809386.716460 3292480 reader.cc:147] Reading SavedModel debug info (if present) from: /tmp/tmpf7u9oohy
I0000 00:00:1778809386.728242 3292480 loader.cc:236] Restoring SavedModel bundle.
I0000 00:00:1778809386.773449 3292480 loader.cc:220] Running initialization op on SavedModel bundle at path: /tmp/tmpf7u9oohy
I0000 00:00:1778809386.790332 3292480 loader.cc:471] SavedModel load for tags { serve }; Status: success: OK. Took 74808 microseconds.
loc(callsite(fused["TensorListReserve:", "P3-v07_gru_1/gru_1_1/TensorArrayV2_1@__inference_function_4602"] at callsite(fused["StatefulPartitionedCall:", "StatefulPartitionedCall@__inference_signature_wrapper_4709"] at fused["StatefulPartitionedCall:", "StatefulPartitionedCall_1"]))): error: 'tf.TensorListReserve' op requires element_shape to be static during TF Lite transformation pass
loc(callsite(fused["TensorListReserve:", "P3-v07_gru_1/gru_1_1/TensorArrayV2_1@__inference_function_4602"] at callsite(fused["StatefulPartitionedCall:", "StatefulPartitionedCall@__inference_signature_wrapper_4709"] at fused["StatefulPartitionedCall:", "StatefulPartitionedCall_1"]))): error: failed to legalize operation 'tf.TensorListReserve' that was explicitly marked illegal
error: Lowering tensor list ops is failed. Please consider using Select TF ops and disabling `_experimental_lower_tensor_list_ops` flag in the TFLite converter object. For example, converter.target_spec.supported_ops = [tf.lite.OpsSet.TFLITE_BUILTINS, tf.lite.OpsSet.SELECT_TF_OPS]\n converter._experimental_lower_tensor_list_ops = False
    int8 FAIL: <unknown>:0: error: loc(callsite(fused["TensorListReserve:", "P3-v07_gru_1/gru_1_1/TensorArrayV2_1@__inference_function_4602"] at callsite(fused["StatefulPartitionedCall:", "StatefulPartitionedCall@__inference_signature_wrapper_4709"] at fused["StatefulPartitionedCall:", "StatefulPartitionedCall_1"]))): 'tf.TensorListReserve' op requires element_shape to be static during TF Lite transformation pass
<unknown>:0: note: loc(callsite(fused["StatefulPartitionedCall:", "StatefulPartitionedCall@__inference_signature_wrapper_4709"] at fused["StatefulPartitionedCall:", "StatefulPartitionedCall_1"])): called from
<unknown>:0: note: loc(fused["StatefulPartitionedCall:", "StatefulPartitionedCall_1"]): called from
<unknown>:0: error: loc(callsite(fused["TensorListReserve:", "P3-v07_gru_1/gru_1_1/TensorArrayV2_1@__inference_function_4602"] at callsite(fused["StatefulPartitionedCall:", "StatefulPartitionedCall@__inference_signature_wrapper_4709"] at fused["StatefulPartitionedCall:", "StatefulPartitionedCall_1"]))): failed to legalize operation 'tf.TensorListReserve' that was explicitly marked illegal
<unknown>:0: note: loc(callsite(fused["StatefulPartitionedCall:", "StatefulPartitionedCall@__inference_signature_wrapper_4709"] at fused["StatefulPartitionedCall:", "StatefulPartitionedCall_1"])): called from
<unknown>:0: note: loc(fused["StatefulPartitionedCall:", "StatefulPartitionedCall_1"]): called from
<unknown>:0: error: Lowering tensor list ops is failed. Please consider using Select TF ops and disabling `_experimental_lower_tensor_list_ops` flag in the TFLite converter object. For example, converter.target_spec.supported_ops = [tf.lite.OpsSet.TFLITE_BUILTINS, tf.lite.OpsSet.SELECT_TF_OPS]\n converter._experimental_lower_tensor_list_ops = False

    metrics.json updated

Done.
[2026-05-15 10:43:07] FAIL  P3-v07 — model_int8.tflite not produced
[2026-05-15 10:43:07] === Part A complete ===

[2026-05-15 10:43:07] --- Part A Size/MinP summary ---
ID       Units      FS       W    MinP    INT8_KB   Deploy?
------------------------------------------------------------
P5-v02   [128, 64]  kp7      40   0.9495     0.0 KB  MISSING  int8_MinP=  -   
P5-v01   [128, 64]  kp7      40   0.9353     0.0 KB  MISSING  int8_MinP=  -   
P4-v05   [256, 128] minimal  40   0.9513     0.0 KB  MISSING  int8_MinP=  -   
P4-v02   [256, 128] kp12     40   0.9469     0.0 KB  MISSING  int8_MinP=  -   
P4-v03   [256, 128] kp7      40   0.9468     0.0 KB  MISSING  int8_MinP=  -   
P4-v04   [256, 128] kp7      40   0.9459     0.0 KB  MISSING  int8_MinP=  -   
P3-v07   [256, 128] kp12     30   0.9404     0.0 KB  MISSING  int8_MinP=  -   

[2026-05-15 10:43:07] === Part B: 신규 학습 ===
[2026-05-15 10:43:07] START Q7-v01
WARNING: All log messages before absl::InitializeLog() is called are written to STDERR
I0000 00:00:1778809387.925811 3292634 cpu_feature_guard.cc:227] This TensorFlow binary is optimized to use available CPU instructions in performance-critical operations.
To enable the following instructions: AVX2 FMA, in other operations, rebuild TensorFlow with the appropriate compiler flags.
[2026-05-15 10:43:09] loading train split=/home/min/Workspace/Graduate-Project/Falling-Model-Development/dataset/splits_v2_filtered/train.csv
[2026-05-15 10:43:22] train rows=1,274,014 videos=6,344 features=45 data_scope=all
[2026-05-15 10:43:22] loading val split=/home/min/Workspace/Graduate-Project/Falling-Model-Development/dataset/splits_v2_filtered/val.csv
[2026-05-15 10:43:26] val rows=363,918 videos=1,811 features=45 data_scope=all
[2026-05-15 10:43:26] loading test split=/home/min/Workspace/Graduate-Project/Falling-Model-Development/dataset/splits_v2_filtered/test.csv
[2026-05-15 10:43:27] test rows=182,782 videos=911 features=45 data_scope=all
[2026-05-15 10:43:44] train windows=370,921 positive=224,347 videos=6,344
[2026-05-15 10:43:49] val windows=147,859 positive=64,446 videos=1,811
[2026-05-15 10:43:52] test windows=74,372 positive=32,532 videos=911
I0000 00:00:1778809442.407520 3292634 gpu_device.cc:2043] Created device /job:localhost/replica:0/task:0/device:GPU:0 with 6068 MB memory:  -> device: 0, name: NVIDIA GeForce RTX 2060 SUPER, pci bus id: 0000:05:00.0, compute capability: 7.5
W0000 00:00:1778809444.338019 3292634 cpu_allocator_impl.cc:82] Allocation of 2670631200 exceeds 10% of free system memory.
W0000 00:00:1778809446.681792 3292634 cpu_allocator_impl.cc:82] Allocation of 2670631200 exceeds 10% of free system memory.
W0000 00:00:1778809449.460098 3292634 cpu_allocator_impl.cc:82] Allocation of 1064584800 exceeds 10% of free system memory.
W0000 00:00:1778809450.433320 3292634 cpu_allocator_impl.cc:82] Allocation of 1064584800 exceeds 10% of free system memory.
W0000 00:00:1778809451.013034 3292634 cpu_allocator_impl.cc:82] Allocation of 2670631200 exceeds 10% of free system memory.
I0000 00:00:1778809454.172733 3293167 cuda_dnn.cc:461] Loaded cuDNN version 92200
[2026-05-15 11:06:24] video-level val: videos=1811 f1=0.9661 recall=0.9730 fall_prec=0.9593 nfall_prec=0.9219 min_prec=0.9219 min_consecutive=1
[2026-05-15 11:06:25] video-level test: videos=911 f1=0.9619 recall=0.9655 fall_prec=0.9583 nfall_prec=0.9042 min_prec=0.9042 min_consecutive=1
[2026-05-15 11:06:25] === VAL VIDEO-LEVEL REPORT ===
              precision    recall  f1-score   support

           0     0.9219    0.8854    0.9033       480
           1     0.9593    0.9730    0.9661      1331

    accuracy                         0.9498      1811
   macro avg     0.9406    0.9292    0.9347      1811
weighted avg     0.9494    0.9498    0.9494      1811

[2026-05-15 11:06:25] === TEST VIDEO-LEVEL REPORT ===
              precision    recall  f1-score   support

           0     0.9042    0.8857    0.8948       245
           1     0.9583    0.9655    0.9619       666

    accuracy                         0.9440       911
   macro avg     0.9312    0.9256    0.9284       911
weighted avg     0.9437    0.9440    0.9438       911

[2026-05-15 11:06:36] tflite export subprocess exit=0
[2026-05-15 11:06:36]   [tflite] [Q7-v01]
[2026-05-15 11:06:36]   [tflite]   Loading model.keras ...
[2026-05-15 11:06:36]   [tflite]     rebuilding with unroll=True for TFLite compatibility
[2026-05-15 11:06:36]   [tflite] Saved artifact at '/tmp/tmp23ofutzj'. The following endpoints are available:
[2026-05-15 11:06:36]   [tflite] 
[2026-05-15 11:06:36]   [tflite] * Endpoint 'serve'
[2026-05-15 11:06:36]   [tflite]   args_0 (POSITIONAL_ONLY): TensorSpec(shape=(None, 40, 45), dtype=tf.float32, name='pose_sequence')
[2026-05-15 11:06:36]   [tflite] Output Type:
[2026-05-15 11:06:36]   [tflite]   TensorSpec(shape=(None, 2), dtype=tf.float32, name=None)
[2026-05-15 11:06:36]   [tflite] Captures:
[2026-05-15 11:06:36]   [tflite]   129417433413584: TensorSpec(shape=(), dtype=tf.resource, name=None)
[2026-05-15 11:06:36]   [tflite]   129417433414352: TensorSpec(shape=(), dtype=tf.resource, name=None)
[2026-05-15 11:06:36]   [tflite]   129417433414160: TensorSpec(shape=(), dtype=tf.resource, name=None)
[2026-05-15 11:06:36]   [tflite]   129417433414544: TensorSpec(shape=(), dtype=tf.resource, name=None)
[2026-05-15 11:06:36]   [tflite]   129417433412624: TensorSpec(shape=(), dtype=tf.resource, name=None)
[2026-05-15 11:06:36]   [tflite]   129417433414736: TensorSpec(shape=(), dtype=tf.resource, name=None)
[2026-05-15 11:06:36]   [tflite]   129417433414928: TensorSpec(shape=(), dtype=tf.resource, name=None)
[2026-05-15 11:06:36]   [tflite]   129417433415312: TensorSpec(shape=(), dtype=tf.resource, name=None)
[2026-05-15 11:06:36]   [tflite]   129417433415504: TensorSpec(shape=(), dtype=tf.resource, name=None)
[2026-05-15 11:06:36]   [tflite]   129417433415120: TensorSpec(shape=(), dtype=tf.resource, name=None)
[2026-05-15 11:06:36]   [tflite]   129418234233296: TensorSpec(shape=(), dtype=tf.resource, name=None)
[2026-05-15 11:06:36]   [tflite]   129418234234640: TensorSpec(shape=(), dtype=tf.resource, name=None)
[2026-05-15 11:06:36]   [tflite]   129418234233680: TensorSpec(shape=(), dtype=tf.resource, name=None)
[2026-05-15 11:06:36]   [tflite]   129418234234064: TensorSpec(shape=(), dtype=tf.resource, name=None)
[2026-05-15 11:06:36]   [tflite]   129418234233488: TensorSpec(shape=(), dtype=tf.resource, name=None)
[2026-05-15 11:06:36]   [tflite]   129418234235024: TensorSpec(shape=(), dtype=tf.resource, name=None)
[2026-05-15 11:06:36]   [tflite]   129418234234832: TensorSpec(shape=(), dtype=tf.resource, name=None)
[2026-05-15 11:06:36]   [tflite]   129418234235792: TensorSpec(shape=(), dtype=tf.resource, name=None)
[2026-05-15 11:06:36]   [tflite]   129418234232912: TensorSpec(shape=(), dtype=tf.resource, name=None)
[2026-05-15 11:06:36]   [tflite]   129418234235216: TensorSpec(shape=(), dtype=tf.resource, name=None)
[2026-05-15 11:06:36]   [tflite]   129418234236176: TensorSpec(shape=(), dtype=tf.resource, name=None)
[2026-05-15 11:06:36]   [tflite]   129418234236368: TensorSpec(shape=(), dtype=tf.resource, name=None)
[2026-05-15 11:06:36]   [tflite]   129418234234448: TensorSpec(shape=(), dtype=tf.resource, name=None)
[2026-05-15 11:06:36]   [tflite]   129418234236944: TensorSpec(shape=(), dtype=tf.resource, name=None)
[2026-05-15 11:06:36]   [tflite]     fp32 OK (828 KB)
[2026-05-15 11:06:36]   [tflite] Saved artifact at '/tmp/tmpkp0osd1c'. The following endpoints are available:
[2026-05-15 11:06:36]   [tflite] 
[2026-05-15 11:06:36]   [tflite] * Endpoint 'serve'
[2026-05-15 11:06:36]   [tflite]   args_0 (POSITIONAL_ONLY): TensorSpec(shape=(None, 40, 45), dtype=tf.float32, name='pose_sequence')
[2026-05-15 11:06:36]   [tflite] Output Type:
[2026-05-15 11:06:36]   [tflite]   TensorSpec(shape=(None, 2), dtype=tf.float32, name=None)
[2026-05-15 11:06:36]   [tflite] Captures:
[2026-05-15 11:06:36]   [tflite]   129417433413584: TensorSpec(shape=(), dtype=tf.resource, name=None)
[2026-05-15 11:06:36]   [tflite]   129417433414352: TensorSpec(shape=(), dtype=tf.resource, name=None)
[2026-05-15 11:06:36]   [tflite]   129417433414160: TensorSpec(shape=(), dtype=tf.resource, name=None)
[2026-05-15 11:06:36]   [tflite]   129417433414544: TensorSpec(shape=(), dtype=tf.resource, name=None)
[2026-05-15 11:06:36]   [tflite]   129417433412624: TensorSpec(shape=(), dtype=tf.resource, name=None)
[2026-05-15 11:06:36]   [tflite]   129417433414736: TensorSpec(shape=(), dtype=tf.resource, name=None)
[2026-05-15 11:06:36]   [tflite]   129417433414928: TensorSpec(shape=(), dtype=tf.resource, name=None)
[2026-05-15 11:06:36]   [tflite]   129417433415312: TensorSpec(shape=(), dtype=tf.resource, name=None)
[2026-05-15 11:06:36]   [tflite]   129417433415504: TensorSpec(shape=(), dtype=tf.resource, name=None)
[2026-05-15 11:06:36]   [tflite]   129417433415120: TensorSpec(shape=(), dtype=tf.resource, name=None)
[2026-05-15 11:06:36]   [tflite]   129418234233296: TensorSpec(shape=(), dtype=tf.resource, name=None)
[2026-05-15 11:06:36]   [tflite]   129418234234640: TensorSpec(shape=(), dtype=tf.resource, name=None)
[2026-05-15 11:06:36]   [tflite]   129418234233680: TensorSpec(shape=(), dtype=tf.resource, name=None)
[2026-05-15 11:06:36]   [tflite]   129418234234064: TensorSpec(shape=(), dtype=tf.resource, name=None)
[2026-05-15 11:06:36]   [tflite]   129418234233488: TensorSpec(shape=(), dtype=tf.resource, name=None)
[2026-05-15 11:06:36]   [tflite]   129418234235024: TensorSpec(shape=(), dtype=tf.resource, name=None)
[2026-05-15 11:06:36]   [tflite]   129418234234832: TensorSpec(shape=(), dtype=tf.resource, name=None)
[2026-05-15 11:06:36]   [tflite]   129418234235792: TensorSpec(shape=(), dtype=tf.resource, name=None)
[2026-05-15 11:06:36]   [tflite]   129418234232912: TensorSpec(shape=(), dtype=tf.resource, name=None)
[2026-05-15 11:06:36]   [tflite]   129418234235216: TensorSpec(shape=(), dtype=tf.resource, name=None)
[2026-05-15 11:06:36]   [tflite]   129418234236176: TensorSpec(shape=(), dtype=tf.resource, name=None)
[2026-05-15 11:06:36]   [tflite]   129418234236368: TensorSpec(shape=(), dtype=tf.resource, name=None)
[2026-05-15 11:06:36]   [tflite]   129418234234448: TensorSpec(shape=(), dtype=tf.resource, name=None)
[2026-05-15 11:06:36]   [tflite]   129418234236944: TensorSpec(shape=(), dtype=tf.resource, name=None)
[2026-05-15 11:06:36]   [tflite]     int8 OK (1226 KB)
[2026-05-15 11:06:36]   [tflite] 
[2026-05-15 11:06:36]   [tflite] Done.
/home/min/Workspace/Graduate-Project/Falling-Model-Development/.venv/lib/python3.13/site-packages/tensorflow/lite/python/interpreter.py:457: UserWarning:     Warning: tf.lite.Interpreter is deprecated and is scheduled for deletion in
    TF 2.20. Please use the LiteRT interpreter from the ai_edge_litert package.
    See the [migration guide](https://ai.google.dev/edge/litert/migration)
    for details.
    
  warnings.warn(_INTERPRETER_DELETION_WARNING)
INFO: Created TensorFlow Lite XNNPACK delegate for CPU.
[2026-05-15 11:06:37] done Q7-v01 val_f1=0.8676 (video=0.9661) test_f1=0.8751 (video=0.9619) test_min_prec=0.9042 threshold=0.550 min_consecutive=1
[2026-05-15 11:06:39] OK    Q7-v01
[2026-05-15 11:06:39] START Q7-v02
WARNING: All log messages before absl::InitializeLog() is called are written to STDERR
I0000 00:00:1778810800.116756 3308949 cpu_feature_guard.cc:227] This TensorFlow binary is optimized to use available CPU instructions in performance-critical operations.
To enable the following instructions: AVX2 FMA, in other operations, rebuild TensorFlow with the appropriate compiler flags.
[2026-05-15 11:06:41] loading train split=/home/min/Workspace/Graduate-Project/Falling-Model-Development/dataset/splits_v2_filtered/train.csv
[2026-05-15 11:06:54] train rows=1,274,014 videos=6,344 features=27 data_scope=all
[2026-05-15 11:06:54] loading val split=/home/min/Workspace/Graduate-Project/Falling-Model-Development/dataset/splits_v2_filtered/val.csv
[2026-05-15 11:06:58] val rows=363,918 videos=1,811 features=27 data_scope=all
[2026-05-15 11:06:58] loading test split=/home/min/Workspace/Graduate-Project/Falling-Model-Development/dataset/splits_v2_filtered/test.csv
[2026-05-15 11:07:00] test rows=182,782 videos=911 features=27 data_scope=all
[2026-05-15 11:07:16] train windows=397,522 positive=211,942 videos=6,344
[2026-05-15 11:07:21] val windows=165,969 positive=60,838 videos=1,811
[2026-05-15 11:07:24] test windows=83,482 positive=30,712 videos=911
I0000 00:00:1778810850.301255 3308949 gpu_device.cc:2043] Created device /job:localhost/replica:0/task:0/device:GPU:0 with 6021 MB memory:  -> device: 0, name: NVIDIA GeForce RTX 2060 SUPER, pci bus id: 0000:05:00.0, compute capability: 7.5
W0000 00:00:1778810851.661882 3308949 cpu_allocator_impl.cc:82] Allocation of 1287971280 exceeds 10% of free system memory.
W0000 00:00:1778810852.816080 3308949 cpu_allocator_impl.cc:82] Allocation of 1287971280 exceeds 10% of free system memory.
W0000 00:00:1778810855.390763 3308949 cpu_allocator_impl.cc:82] Allocation of 1287971280 exceeds 10% of free system memory.
I0000 00:00:1778810857.920304 3309489 cuda_dnn.cc:461] Loaded cuDNN version 92200
W0000 00:00:1778811985.573884 3308949 cpu_allocator_impl.cc:82] Allocation of 1287971280 exceeds 10% of free system memory.
W0000 00:00:1778811986.731114 3308949 cpu_allocator_impl.cc:82] Allocation of 1287971280 exceeds 10% of free system memory.
[2026-05-15 11:27:26] video-level val: videos=1811 f1=0.9603 recall=0.9715 fall_prec=0.9493 nfall_prec=0.9154 min_prec=0.9154 min_consecutive=3
[2026-05-15 11:27:27] video-level test: videos=911 f1=0.9560 recall=0.9790 fall_prec=0.9341 nfall_prec=0.9343 min_prec=0.9341 min_consecutive=3
[2026-05-15 11:27:27] === VAL VIDEO-LEVEL REPORT ===
              precision    recall  f1-score   support

           0     0.9154    0.8562    0.8848       480
           1     0.9493    0.9715    0.9603      1331

    accuracy                         0.9409      1811
   macro avg     0.9324    0.9139    0.9225      1811
weighted avg     0.9403    0.9409    0.9403      1811

[2026-05-15 11:27:27] === TEST VIDEO-LEVEL REPORT ===
              precision    recall  f1-score   support

           0     0.9343    0.8122    0.8690       245
           1     0.9341    0.9790    0.9560       666

    accuracy                         0.9341       911
   macro avg     0.9342    0.8956    0.9125       911
weighted avg     0.9341    0.9341    0.9326       911

[2026-05-15 11:27:36] tflite export subprocess exit=0
[2026-05-15 11:27:36]   [tflite] [Q7-v02]
[2026-05-15 11:27:36]   [tflite]   Loading model.keras ...
[2026-05-15 11:27:36]   [tflite]     rebuilding with unroll=True for TFLite compatibility
[2026-05-15 11:27:36]   [tflite] Saved artifact at '/tmp/tmpvl2f7kbd'. The following endpoints are available:
[2026-05-15 11:27:36]   [tflite] 
[2026-05-15 11:27:36]   [tflite] * Endpoint 'serve'
[2026-05-15 11:27:36]   [tflite]   args_0 (POSITIONAL_ONLY): TensorSpec(shape=(None, 30, 27), dtype=tf.float32, name='pose_sequence')
[2026-05-15 11:27:36]   [tflite] Output Type:
[2026-05-15 11:27:36]   [tflite]   TensorSpec(shape=(None, 2), dtype=tf.float32, name=None)
[2026-05-15 11:27:36]   [tflite] Captures:
[2026-05-15 11:27:36]   [tflite]   126195762853840: TensorSpec(shape=(), dtype=tf.resource, name=None)
[2026-05-15 11:27:36]   [tflite]   126195762854608: TensorSpec(shape=(), dtype=tf.resource, name=None)
[2026-05-15 11:27:36]   [tflite]   126195762854416: TensorSpec(shape=(), dtype=tf.resource, name=None)
[2026-05-15 11:27:36]   [tflite]   126195762854800: TensorSpec(shape=(), dtype=tf.resource, name=None)
[2026-05-15 11:27:36]   [tflite]   126195762852880: TensorSpec(shape=(), dtype=tf.resource, name=None)
[2026-05-15 11:27:36]   [tflite]   126195762854992: TensorSpec(shape=(), dtype=tf.resource, name=None)
[2026-05-15 11:27:36]   [tflite]   126195762855184: TensorSpec(shape=(), dtype=tf.resource, name=None)
[2026-05-15 11:27:36]   [tflite]   126195762855568: TensorSpec(shape=(), dtype=tf.resource, name=None)
[2026-05-15 11:27:36]   [tflite]   126195762855760: TensorSpec(shape=(), dtype=tf.resource, name=None)
[2026-05-15 11:27:36]   [tflite]   126195762855376: TensorSpec(shape=(), dtype=tf.resource, name=None)
[2026-05-15 11:27:36]   [tflite]   126196563739088: TensorSpec(shape=(), dtype=tf.resource, name=None)
[2026-05-15 11:27:36]   [tflite]   126196563740432: TensorSpec(shape=(), dtype=tf.resource, name=None)
[2026-05-15 11:27:36]   [tflite]   126196563739472: TensorSpec(shape=(), dtype=tf.resource, name=None)
[2026-05-15 11:27:36]   [tflite]   126196563739856: TensorSpec(shape=(), dtype=tf.resource, name=None)
[2026-05-15 11:27:36]   [tflite]   126196563739280: TensorSpec(shape=(), dtype=tf.resource, name=None)
[2026-05-15 11:27:36]   [tflite]   126196563740816: TensorSpec(shape=(), dtype=tf.resource, name=None)
[2026-05-15 11:27:36]   [tflite]   126196563740624: TensorSpec(shape=(), dtype=tf.resource, name=None)
[2026-05-15 11:27:36]   [tflite]   126196563741584: TensorSpec(shape=(), dtype=tf.resource, name=None)
[2026-05-15 11:27:36]   [tflite]   126196563738896: TensorSpec(shape=(), dtype=tf.resource, name=None)
[2026-05-15 11:27:36]   [tflite]   126196563741008: TensorSpec(shape=(), dtype=tf.resource, name=None)
[2026-05-15 11:27:36]   [tflite]   126196563741968: TensorSpec(shape=(), dtype=tf.resource, name=None)
[2026-05-15 11:27:36]   [tflite]   126196563742160: TensorSpec(shape=(), dtype=tf.resource, name=None)
[2026-05-15 11:27:36]   [tflite]   126196563740240: TensorSpec(shape=(), dtype=tf.resource, name=None)
[2026-05-15 11:27:36]   [tflite]   126196563742736: TensorSpec(shape=(), dtype=tf.resource, name=None)
[2026-05-15 11:27:36]   [tflite]     fp32 OK (741 KB)
[2026-05-15 11:27:36]   [tflite] Saved artifact at '/tmp/tmpl6atvqyw'. The following endpoints are available:
[2026-05-15 11:27:36]   [tflite] 
[2026-05-15 11:27:36]   [tflite] * Endpoint 'serve'
[2026-05-15 11:27:36]   [tflite]   args_0 (POSITIONAL_ONLY): TensorSpec(shape=(None, 30, 27), dtype=tf.float32, name='pose_sequence')
[2026-05-15 11:27:36]   [tflite] Output Type:
[2026-05-15 11:27:36]   [tflite]   TensorSpec(shape=(None, 2), dtype=tf.float32, name=None)
[2026-05-15 11:27:36]   [tflite] Captures:
[2026-05-15 11:27:36]   [tflite]   126195762853840: TensorSpec(shape=(), dtype=tf.resource, name=None)
[2026-05-15 11:27:36]   [tflite]   126195762854608: TensorSpec(shape=(), dtype=tf.resource, name=None)
[2026-05-15 11:27:36]   [tflite]   126195762854416: TensorSpec(shape=(), dtype=tf.resource, name=None)
[2026-05-15 11:27:36]   [tflite]   126195762854800: TensorSpec(shape=(), dtype=tf.resource, name=None)
[2026-05-15 11:27:36]   [tflite]   126195762852880: TensorSpec(shape=(), dtype=tf.resource, name=None)
[2026-05-15 11:27:36]   [tflite]   126195762854992: TensorSpec(shape=(), dtype=tf.resource, name=None)
[2026-05-15 11:27:36]   [tflite]   126195762855184: TensorSpec(shape=(), dtype=tf.resource, name=None)
[2026-05-15 11:27:36]   [tflite]   126195762855568: TensorSpec(shape=(), dtype=tf.resource, name=None)
[2026-05-15 11:27:36]   [tflite]   126195762855760: TensorSpec(shape=(), dtype=tf.resource, name=None)
[2026-05-15 11:27:36]   [tflite]   126195762855376: TensorSpec(shape=(), dtype=tf.resource, name=None)
[2026-05-15 11:27:36]   [tflite]   126196563739088: TensorSpec(shape=(), dtype=tf.resource, name=None)
[2026-05-15 11:27:36]   [tflite]   126196563740432: TensorSpec(shape=(), dtype=tf.resource, name=None)
[2026-05-15 11:27:36]   [tflite]   126196563739472: TensorSpec(shape=(), dtype=tf.resource, name=None)
[2026-05-15 11:27:36]   [tflite]   126196563739856: TensorSpec(shape=(), dtype=tf.resource, name=None)
[2026-05-15 11:27:36]   [tflite]   126196563739280: TensorSpec(shape=(), dtype=tf.resource, name=None)
[2026-05-15 11:27:36]   [tflite]   126196563740816: TensorSpec(shape=(), dtype=tf.resource, name=None)
[2026-05-15 11:27:36]   [tflite]   126196563740624: TensorSpec(shape=(), dtype=tf.resource, name=None)
[2026-05-15 11:27:36]   [tflite]   126196563741584: TensorSpec(shape=(), dtype=tf.resource, name=None)
[2026-05-15 11:27:36]   [tflite]   126196563738896: TensorSpec(shape=(), dtype=tf.resource, name=None)
[2026-05-15 11:27:36]   [tflite]   126196563741008: TensorSpec(shape=(), dtype=tf.resource, name=None)
[2026-05-15 11:27:36]   [tflite]   126196563741968: TensorSpec(shape=(), dtype=tf.resource, name=None)
[2026-05-15 11:27:36]   [tflite]   126196563742160: TensorSpec(shape=(), dtype=tf.resource, name=None)
[2026-05-15 11:27:36]   [tflite]   126196563740240: TensorSpec(shape=(), dtype=tf.resource, name=None)
[2026-05-15 11:27:36]   [tflite]   126196563742736: TensorSpec(shape=(), dtype=tf.resource, name=None)
[2026-05-15 11:27:36]   [tflite]     int8 OK (958 KB)
[2026-05-15 11:27:36]   [tflite] 
[2026-05-15 11:27:36]   [tflite] Done.
/home/min/Workspace/Graduate-Project/Falling-Model-Development/.venv/lib/python3.13/site-packages/tensorflow/lite/python/interpreter.py:457: UserWarning:     Warning: tf.lite.Interpreter is deprecated and is scheduled for deletion in
    TF 2.20. Please use the LiteRT interpreter from the ai_edge_litert package.
    See the [migration guide](https://ai.google.dev/edge/litert/migration)
    for details.
    
  warnings.warn(_INTERPRETER_DELETION_WARNING)
INFO: Created TensorFlow Lite XNNPACK delegate for CPU.
[2026-05-15 11:27:37] done Q7-v02 val_f1=0.8307 (video=0.9603) test_f1=0.8400 (video=0.9560) test_min_prec=0.9341 threshold=0.550 min_consecutive=3
[2026-05-15 11:27:38] OK    Q7-v02
[2026-05-15 11:27:38] START Q7-v03
WARNING: All log messages before absl::InitializeLog() is called are written to STDERR
I0000 00:00:1778812059.350597 3322321 cpu_feature_guard.cc:227] This TensorFlow binary is optimized to use available CPU instructions in performance-critical operations.
To enable the following instructions: AVX2 FMA, in other operations, rebuild TensorFlow with the appropriate compiler flags.
[2026-05-15 11:27:40] loading train split=/home/min/Workspace/Graduate-Project/Falling-Model-Development/dataset/splits_v2_filtered/train.csv
[2026-05-15 11:27:54] train rows=1,274,014 videos=6,344 features=45 data_scope=all
[2026-05-15 11:27:54] loading val split=/home/min/Workspace/Graduate-Project/Falling-Model-Development/dataset/splits_v2_filtered/val.csv
[2026-05-15 11:27:57] val rows=363,918 videos=1,811 features=45 data_scope=all
[2026-05-15 11:27:57] loading test split=/home/min/Workspace/Graduate-Project/Falling-Model-Development/dataset/splits_v2_filtered/test.csv
[2026-05-15 11:27:59] test rows=182,782 videos=911 features=45 data_scope=all
[2026-05-15 11:28:15] train windows=397,522 positive=211,942 videos=6,344
[2026-05-15 11:28:21] val windows=165,969 positive=60,838 videos=1,811
[2026-05-15 11:28:24] test windows=83,482 positive=30,712 videos=911
I0000 00:00:1778812113.006894 3322321 gpu_device.cc:2043] Created device /job:localhost/replica:0/task:0/device:GPU:0 with 6068 MB memory:  -> device: 0, name: NVIDIA GeForce RTX 2060 SUPER, pci bus id: 0000:05:00.0, compute capability: 7.5
W0000 00:00:1778812114.759083 3322321 cpu_allocator_impl.cc:82] Allocation of 2146618800 exceeds 10% of free system memory.
W0000 00:00:1778812116.638720 3322321 cpu_allocator_impl.cc:82] Allocation of 2146618800 exceeds 10% of free system memory.
W0000 00:00:1778812119.043329 3322321 cpu_allocator_impl.cc:82] Allocation of 896232600 exceeds 10% of free system memory.
W0000 00:00:1778812119.866008 3322321 cpu_allocator_impl.cc:82] Allocation of 896232600 exceeds 10% of free system memory.
W0000 00:00:1778812120.374138 3322321 cpu_allocator_impl.cc:82] Allocation of 2146618800 exceeds 10% of free system memory.
I0000 00:00:1778812123.344781 3322861 cuda_dnn.cc:461] Loaded cuDNN version 92200
[2026-05-15 11:50:42] video-level val: videos=1811 f1=0.9641 recall=0.9782 fall_prec=0.9504 nfall_prec=0.9342 min_prec=0.9342 min_consecutive=5
[2026-05-15 11:50:42] video-level test: videos=911 f1=0.9619 recall=0.9865 fall_prec=0.9386 nfall_prec=0.9573 min_prec=0.9386 min_consecutive=5
[2026-05-15 11:50:43] === VAL VIDEO-LEVEL REPORT ===
              precision    recall  f1-score   support

           0     0.9342    0.8583    0.8947       480
           1     0.9504    0.9782    0.9641      1331

    accuracy                         0.9464      1811
   macro avg     0.9423    0.9183    0.9294      1811
weighted avg     0.9461    0.9464    0.9457      1811

[2026-05-15 11:50:43] === TEST VIDEO-LEVEL REPORT ===
              precision    recall  f1-score   support

           0     0.9573    0.8245    0.8860       245
           1     0.9386    0.9865    0.9619       666

    accuracy                         0.9429       911
   macro avg     0.9480    0.9055    0.9239       911
weighted avg     0.9436    0.9429    0.9415       911

[2026-05-15 11:50:51] tflite export subprocess exit=0
[2026-05-15 11:50:51]   [tflite] [Q7-v03]
[2026-05-15 11:50:51]   [tflite]   Loading model.keras ...
[2026-05-15 11:50:51]   [tflite]     rebuilding with unroll=True for TFLite compatibility
[2026-05-15 11:50:51]   [tflite] Saved artifact at '/tmp/tmp5mche5_z'. The following endpoints are available:
[2026-05-15 11:50:51]   [tflite] 
[2026-05-15 11:50:51]   [tflite] * Endpoint 'serve'
[2026-05-15 11:50:51]   [tflite]   args_0 (POSITIONAL_ONLY): TensorSpec(shape=(None, 30, 45), dtype=tf.float32, name='pose_sequence')
[2026-05-15 11:50:51]   [tflite] Output Type:
[2026-05-15 11:50:51]   [tflite]   TensorSpec(shape=(None, 2), dtype=tf.float32, name=None)
[2026-05-15 11:50:51]   [tflite] Captures:
[2026-05-15 11:50:51]   [tflite]   140566585636816: TensorSpec(shape=(), dtype=tf.resource, name=None)
[2026-05-15 11:50:51]   [tflite]   140566585637584: TensorSpec(shape=(), dtype=tf.resource, name=None)
[2026-05-15 11:50:51]   [tflite]   140566585637392: TensorSpec(shape=(), dtype=tf.resource, name=None)
[2026-05-15 11:50:51]   [tflite]   140566585637776: TensorSpec(shape=(), dtype=tf.resource, name=None)
[2026-05-15 11:50:51]   [tflite]   140566585635856: TensorSpec(shape=(), dtype=tf.resource, name=None)
[2026-05-15 11:50:51]   [tflite]   140566585637968: TensorSpec(shape=(), dtype=tf.resource, name=None)
[2026-05-15 11:50:51]   [tflite]   140566585638160: TensorSpec(shape=(), dtype=tf.resource, name=None)
[2026-05-15 11:50:51]   [tflite]   140566585638544: TensorSpec(shape=(), dtype=tf.resource, name=None)
[2026-05-15 11:50:51]   [tflite]   140566585638736: TensorSpec(shape=(), dtype=tf.resource, name=None)
[2026-05-15 11:50:51]   [tflite]   140566585638352: TensorSpec(shape=(), dtype=tf.resource, name=None)
[2026-05-15 11:50:51]   [tflite]   140567386538448: TensorSpec(shape=(), dtype=tf.resource, name=None)
[2026-05-15 11:50:51]   [tflite]   140567386539792: TensorSpec(shape=(), dtype=tf.resource, name=None)
[2026-05-15 11:50:51]   [tflite]   140567386538832: TensorSpec(shape=(), dtype=tf.resource, name=None)
[2026-05-15 11:50:51]   [tflite]   140567386539216: TensorSpec(shape=(), dtype=tf.resource, name=None)
[2026-05-15 11:50:51]   [tflite]   140567386538640: TensorSpec(shape=(), dtype=tf.resource, name=None)
[2026-05-15 11:50:51]   [tflite]   140567386540176: TensorSpec(shape=(), dtype=tf.resource, name=None)
[2026-05-15 11:50:51]   [tflite]   140567386539984: TensorSpec(shape=(), dtype=tf.resource, name=None)
[2026-05-15 11:50:51]   [tflite]   140567386540944: TensorSpec(shape=(), dtype=tf.resource, name=None)
[2026-05-15 11:50:51]   [tflite]   140567386538256: TensorSpec(shape=(), dtype=tf.resource, name=None)
[2026-05-15 11:50:51]   [tflite]   140567386540368: TensorSpec(shape=(), dtype=tf.resource, name=None)
[2026-05-15 11:50:51]   [tflite]   140567386541328: TensorSpec(shape=(), dtype=tf.resource, name=None)
[2026-05-15 11:50:51]   [tflite]   140567386541520: TensorSpec(shape=(), dtype=tf.resource, name=None)
[2026-05-15 11:50:51]   [tflite]   140567386539600: TensorSpec(shape=(), dtype=tf.resource, name=None)
[2026-05-15 11:50:51]   [tflite]   140567386542096: TensorSpec(shape=(), dtype=tf.resource, name=None)
[2026-05-15 11:50:51]   [tflite]     fp32 OK (764 KB)
[2026-05-15 11:50:51]   [tflite] Saved artifact at '/tmp/tmpktgih3qo'. The following endpoints are available:
[2026-05-15 11:50:51]   [tflite] 
[2026-05-15 11:50:51]   [tflite] * Endpoint 'serve'
[2026-05-15 11:50:51]   [tflite]   args_0 (POSITIONAL_ONLY): TensorSpec(shape=(None, 30, 45), dtype=tf.float32, name='pose_sequence')
[2026-05-15 11:50:51]   [tflite] Output Type:
[2026-05-15 11:50:51]   [tflite]   TensorSpec(shape=(None, 2), dtype=tf.float32, name=None)
[2026-05-15 11:50:51]   [tflite] Captures:
[2026-05-15 11:50:51]   [tflite]   140566585636816: TensorSpec(shape=(), dtype=tf.resource, name=None)
[2026-05-15 11:50:51]   [tflite]   140566585637584: TensorSpec(shape=(), dtype=tf.resource, name=None)
[2026-05-15 11:50:51]   [tflite]   140566585637392: TensorSpec(shape=(), dtype=tf.resource, name=None)
[2026-05-15 11:50:51]   [tflite]   140566585637776: TensorSpec(shape=(), dtype=tf.resource, name=None)
[2026-05-15 11:50:51]   [tflite]   140566585635856: TensorSpec(shape=(), dtype=tf.resource, name=None)
[2026-05-15 11:50:51]   [tflite]   140566585637968: TensorSpec(shape=(), dtype=tf.resource, name=None)
[2026-05-15 11:50:51]   [tflite]   140566585638160: TensorSpec(shape=(), dtype=tf.resource, name=None)
[2026-05-15 11:50:51]   [tflite]   140566585638544: TensorSpec(shape=(), dtype=tf.resource, name=None)
[2026-05-15 11:50:51]   [tflite]   140566585638736: TensorSpec(shape=(), dtype=tf.resource, name=None)
[2026-05-15 11:50:51]   [tflite]   140566585638352: TensorSpec(shape=(), dtype=tf.resource, name=None)
[2026-05-15 11:50:51]   [tflite]   140567386538448: TensorSpec(shape=(), dtype=tf.resource, name=None)
[2026-05-15 11:50:51]   [tflite]   140567386539792: TensorSpec(shape=(), dtype=tf.resource, name=None)
[2026-05-15 11:50:51]   [tflite]   140567386538832: TensorSpec(shape=(), dtype=tf.resource, name=None)
[2026-05-15 11:50:51]   [tflite]   140567386539216: TensorSpec(shape=(), dtype=tf.resource, name=None)
[2026-05-15 11:50:51]   [tflite]   140567386538640: TensorSpec(shape=(), dtype=tf.resource, name=None)
[2026-05-15 11:50:51]   [tflite]   140567386540176: TensorSpec(shape=(), dtype=tf.resource, name=None)
[2026-05-15 11:50:51]   [tflite]   140567386539984: TensorSpec(shape=(), dtype=tf.resource, name=None)
[2026-05-15 11:50:51]   [tflite]   140567386540944: TensorSpec(shape=(), dtype=tf.resource, name=None)
[2026-05-15 11:50:51]   [tflite]   140567386538256: TensorSpec(shape=(), dtype=tf.resource, name=None)
[2026-05-15 11:50:51]   [tflite]   140567386540368: TensorSpec(shape=(), dtype=tf.resource, name=None)
[2026-05-15 11:50:51]   [tflite]   140567386541328: TensorSpec(shape=(), dtype=tf.resource, name=None)
[2026-05-15 11:50:51]   [tflite]   140567386541520: TensorSpec(shape=(), dtype=tf.resource, name=None)
[2026-05-15 11:50:51]   [tflite]   140567386539600: TensorSpec(shape=(), dtype=tf.resource, name=None)
[2026-05-15 11:50:51]   [tflite]   140567386542096: TensorSpec(shape=(), dtype=tf.resource, name=None)
[2026-05-15 11:50:51]   [tflite]     int8 OK (963 KB)
[2026-05-15 11:50:51]   [tflite] 
[2026-05-15 11:50:51]   [tflite] Done.
/home/min/Workspace/Graduate-Project/Falling-Model-Development/.venv/lib/python3.13/site-packages/tensorflow/lite/python/interpreter.py:457: UserWarning:     Warning: tf.lite.Interpreter is deprecated and is scheduled for deletion in
    TF 2.20. Please use the LiteRT interpreter from the ai_edge_litert package.
    See the [migration guide](https://ai.google.dev/edge/litert/migration)
    for details.
    
  warnings.warn(_INTERPRETER_DELETION_WARNING)
INFO: Created TensorFlow Lite XNNPACK delegate for CPU.
[2026-05-15 11:50:53] done Q7-v03 val_f1=0.8573 (video=0.9641) test_f1=0.8640 (video=0.9619) test_min_prec=0.9386 threshold=0.500 min_consecutive=5
[2026-05-15 11:50:54] OK    Q7-v03
[2026-05-15 11:50:54] === Part B complete ===
[2026-05-15 11:50:54] === Phase 7 Final Summary ===

[Part A — Existing models reexported]
ID       Units      FS       W    Float_MinP  INT8_MinP  INT8_KB   Deploy?
----------------------------------------------------------------------
P5-v02   128,64     kp7      40   0.9495         -           0.0 KB  ? MISS
P5-v01   128,64     kp7      40   0.9353         -        1219.6 KB  ✗ OVER
P4-v05   256,128    minimal  40   0.9513         -           0.0 KB  ? MISS
P4-v02   256,128    kp12     40   0.9469         -           0.0 KB  ? MISS
P4-v03   256,128    kp7      40   0.9468         -           0.0 KB  ? MISS
P4-v04   256,128    kp7      40   0.9459         -           0.0 KB  ? MISS
P3-v07   256,128    kp12     30   0.9404         -           0.0 KB  ? MISS

[Part B — New experiments]
Q7-v01   128,64     kp12     40   0.9042       0.9231     1226.7 KB  ✗ OVER
Q7-v02   128,64     kp7      30   0.9341       0.9193      958.1 KB  ✗ OVER
Q7-v03   128,64     kp12     30   0.9386       0.9038      963.8 KB  ✗ OVER
[2026-05-15 11:50:54] Done. See results/gru_phase7_quant/summary.log
