[2026-05-15 23:11:31] === Overnight run started ===
[2026-05-15 23:11:31] === Starting Phase 16 (short epochs α sweep) ===
[2026-05-15 23:11:31] === Phase 16 α sweep (epochs=30, patience=5, seed=42) ===
[2026-05-15 23:11:31] START P16-v01
WARNING: All log messages before absl::InitializeLog() is called are written to STDERR
I0000 00:00:1778854292.022333  284343 cpu_feature_guard.cc:227] This TensorFlow binary is optimized to use available CPU instructions in performance-critical operations.
To enable the following instructions: AVX2 FMA, in other operations, rebuild TensorFlow with the appropriate compiler flags.
[2026-05-15 23:11:33] loading train split=/home/min/Workspace/Graduate-Project/Falling-Model-Development/dataset/splits_v2_filtered/train.csv
[2026-05-15 23:11:46] train rows=1,274,014 videos=6,344 features=27 data_scope=all
[2026-05-15 23:11:46] loading val split=/home/min/Workspace/Graduate-Project/Falling-Model-Development/dataset/splits_v2_filtered/val.csv
[2026-05-15 23:11:50] val rows=363,918 videos=1,811 features=27 data_scope=all
[2026-05-15 23:11:50] loading test split=/home/min/Workspace/Graduate-Project/Falling-Model-Development/dataset/splits_v2_filtered/test.csv
[2026-05-15 23:11:51] test rows=182,782 videos=911 features=27 data_scope=all
[2026-05-15 23:12:07] train windows=370,921 positive=224,347 videos=6,344
[2026-05-15 23:12:10] val windows=74,251 positive=32,590 videos=1,811
[2026-05-15 23:12:12] test windows=37,351 positive=16,447 videos=911
I0000 00:00:1778854337.801081  284343 gpu_device.cc:2043] Created device /job:localhost/replica:0/task:0/device:GPU:0 with 6102 MB memory:  -> device: 0, name: NVIDIA GeForce RTX 2060 SUPER, pci bus id: 0000:05:00.0, compute capability: 7.5
W0000 00:00:1778854339.282535  284343 cpu_allocator_impl.cc:82] Allocation of 1602378720 exceeds 10% of free system memory.
W0000 00:00:1778854340.665407  284343 cpu_allocator_impl.cc:82] Allocation of 1602378720 exceeds 10% of free system memory.
W0000 00:00:1778854342.968330  284343 cpu_allocator_impl.cc:82] Allocation of 1602378720 exceeds 10% of free system memory.
I0000 00:00:1778854345.513783  284821 cuda_dnn.cc:461] Loaded cuDNN version 92200
W0000 00:00:1778854542.244044  284343 cpu_allocator_impl.cc:82] Allocation of 1602378720 exceeds 10% of free system memory.
W0000 00:00:1778854543.614826  284343 cpu_allocator_impl.cc:82] Allocation of 1602378720 exceeds 10% of free system memory.
[2026-05-15 23:17:06] video-level val: videos=1811 f1=0.9639 fall_recall=0.9639 nfall_recall=0.9000 fall_prec=0.9639 nfall_prec=0.9000 min_pr=0.9000 min_consecutive=5
[2026-05-15 23:17:06] video-level test: videos=911 f1=0.9671 fall_recall=0.9715 nfall_recall=0.8980 fall_prec=0.9628 nfall_prec=0.9205 min_pr=0.8980 min_consecutive=5
[2026-05-15 23:17:06] === VAL VIDEO-LEVEL REPORT ===
              precision    recall  f1-score   support

           0     0.9000    0.9000    0.9000       480
           1     0.9639    0.9639    0.9639      1331

    accuracy                         0.9470      1811
   macro avg     0.9320    0.9320    0.9320      1811
weighted avg     0.9470    0.9470    0.9470      1811

[2026-05-15 23:17:06] === TEST VIDEO-LEVEL REPORT ===
              precision    recall  f1-score   support

           0     0.9205    0.8980    0.9091       245
           1     0.9628    0.9715    0.9671       666

    accuracy                         0.9517       911
   macro avg     0.9416    0.9347    0.9381       911
weighted avg     0.9514    0.9517    0.9515       911

[2026-05-15 23:17:17] tflite export subprocess exit=0
[2026-05-15 23:17:17]   [tflite] [P16-v01]
[2026-05-15 23:17:17]   [tflite]   Loading model.keras ...
[2026-05-15 23:17:17]   [tflite]     rebuilding with unroll=True for TFLite compatibility
[2026-05-15 23:17:17]   [tflite] Saved artifact at '/tmp/tmpyvabmsl1'. The following endpoints are available:
[2026-05-15 23:17:17]   [tflite] 
[2026-05-15 23:17:17]   [tflite] * Endpoint 'serve'
[2026-05-15 23:17:17]   [tflite]   args_0 (POSITIONAL_ONLY): TensorSpec(shape=(None, 40, 27), dtype=tf.float32, name='pose_sequence')
[2026-05-15 23:17:17]   [tflite] Output Type:
[2026-05-15 23:17:17]   [tflite]   TensorSpec(shape=(None, 2), dtype=tf.float32, name=None)
[2026-05-15 23:17:17]   [tflite] Captures:
[2026-05-15 23:17:17]   [tflite]   125874399598480: TensorSpec(shape=(), dtype=tf.resource, name=None)
[2026-05-15 23:17:17]   [tflite]   125874399599248: TensorSpec(shape=(), dtype=tf.resource, name=None)
[2026-05-15 23:17:17]   [tflite]   125874399599056: TensorSpec(shape=(), dtype=tf.resource, name=None)
[2026-05-15 23:17:17]   [tflite]   125874399599440: TensorSpec(shape=(), dtype=tf.resource, name=None)
[2026-05-15 23:17:17]   [tflite]   125874399597520: TensorSpec(shape=(), dtype=tf.resource, name=None)
[2026-05-15 23:17:17]   [tflite]   125874399599632: TensorSpec(shape=(), dtype=tf.resource, name=None)
[2026-05-15 23:17:17]   [tflite]   125874399600016: TensorSpec(shape=(), dtype=tf.resource, name=None)
[2026-05-15 23:17:17]   [tflite]   125874399599824: TensorSpec(shape=(), dtype=tf.resource, name=None)
[2026-05-15 23:17:17]   [tflite]   125874399598672: TensorSpec(shape=(), dtype=tf.resource, name=None)
[2026-05-15 23:17:17]   [tflite]   125874399600208: TensorSpec(shape=(), dtype=tf.resource, name=None)
[2026-05-15 23:17:17]   [tflite]   125874399600976: TensorSpec(shape=(), dtype=tf.resource, name=None)
[2026-05-15 23:17:17]   [tflite]   125874399602320: TensorSpec(shape=(), dtype=tf.resource, name=None)
[2026-05-15 23:17:17]   [tflite]   125874399601360: TensorSpec(shape=(), dtype=tf.resource, name=None)
[2026-05-15 23:17:17]   [tflite]   125874399601744: TensorSpec(shape=(), dtype=tf.resource, name=None)
[2026-05-15 23:17:17]   [tflite]   125874399601168: TensorSpec(shape=(), dtype=tf.resource, name=None)
[2026-05-15 23:17:17]   [tflite]   125874399602704: TensorSpec(shape=(), dtype=tf.resource, name=None)
[2026-05-15 23:17:17]   [tflite]   125874399602512: TensorSpec(shape=(), dtype=tf.resource, name=None)
[2026-05-15 23:17:17]   [tflite]   125874399603472: TensorSpec(shape=(), dtype=tf.resource, name=None)
[2026-05-15 23:17:17]   [tflite]   125874399600400: TensorSpec(shape=(), dtype=tf.resource, name=None)
[2026-05-15 23:17:17]   [tflite]   125874399602896: TensorSpec(shape=(), dtype=tf.resource, name=None)
[2026-05-15 23:17:17]   [tflite]   125874399603856: TensorSpec(shape=(), dtype=tf.resource, name=None)
[2026-05-15 23:17:17]   [tflite]   125874399604048: TensorSpec(shape=(), dtype=tf.resource, name=None)
[2026-05-15 23:17:17]   [tflite]   125874399602128: TensorSpec(shape=(), dtype=tf.resource, name=None)
[2026-05-15 23:17:17]   [tflite]   125874399604624: TensorSpec(shape=(), dtype=tf.resource, name=None)
[2026-05-15 23:17:17]   [tflite]     fp32 OK (806 KB)
[2026-05-15 23:17:17]   [tflite] Saved artifact at '/tmp/tmpjnmse2ry'. The following endpoints are available:
[2026-05-15 23:17:17]   [tflite] 
[2026-05-15 23:17:17]   [tflite] * Endpoint 'serve'
[2026-05-15 23:17:17]   [tflite]   args_0 (POSITIONAL_ONLY): TensorSpec(shape=(None, 40, 27), dtype=tf.float32, name='pose_sequence')
[2026-05-15 23:17:17]   [tflite] Output Type:
[2026-05-15 23:17:17]   [tflite]   TensorSpec(shape=(None, 2), dtype=tf.float32, name=None)
[2026-05-15 23:17:17]   [tflite] Captures:
[2026-05-15 23:17:17]   [tflite]   125874399598480: TensorSpec(shape=(), dtype=tf.resource, name=None)
[2026-05-15 23:17:17]   [tflite]   125874399599248: TensorSpec(shape=(), dtype=tf.resource, name=None)
[2026-05-15 23:17:17]   [tflite]   125874399599056: TensorSpec(shape=(), dtype=tf.resource, name=None)
[2026-05-15 23:17:17]   [tflite]   125874399599440: TensorSpec(shape=(), dtype=tf.resource, name=None)
[2026-05-15 23:17:17]   [tflite]   125874399597520: TensorSpec(shape=(), dtype=tf.resource, name=None)
[2026-05-15 23:17:17]   [tflite]   125874399599632: TensorSpec(shape=(), dtype=tf.resource, name=None)
[2026-05-15 23:17:17]   [tflite]   125874399600016: TensorSpec(shape=(), dtype=tf.resource, name=None)
[2026-05-15 23:17:17]   [tflite]   125874399599824: TensorSpec(shape=(), dtype=tf.resource, name=None)
[2026-05-15 23:17:17]   [tflite]   125874399598672: TensorSpec(shape=(), dtype=tf.resource, name=None)
[2026-05-15 23:17:17]   [tflite]   125874399600208: TensorSpec(shape=(), dtype=tf.resource, name=None)
[2026-05-15 23:17:17]   [tflite]   125874399600976: TensorSpec(shape=(), dtype=tf.resource, name=None)
[2026-05-15 23:17:17]   [tflite]   125874399602320: TensorSpec(shape=(), dtype=tf.resource, name=None)
[2026-05-15 23:17:17]   [tflite]   125874399601360: TensorSpec(shape=(), dtype=tf.resource, name=None)
[2026-05-15 23:17:17]   [tflite]   125874399601744: TensorSpec(shape=(), dtype=tf.resource, name=None)
[2026-05-15 23:17:17]   [tflite]   125874399601168: TensorSpec(shape=(), dtype=tf.resource, name=None)
[2026-05-15 23:17:17]   [tflite]   125874399602704: TensorSpec(shape=(), dtype=tf.resource, name=None)
[2026-05-15 23:17:17]   [tflite]   125874399602512: TensorSpec(shape=(), dtype=tf.resource, name=None)
[2026-05-15 23:17:17]   [tflite]   125874399603472: TensorSpec(shape=(), dtype=tf.resource, name=None)
[2026-05-15 23:17:17]   [tflite]   125874399600400: TensorSpec(shape=(), dtype=tf.resource, name=None)
[2026-05-15 23:17:17]   [tflite]   125874399602896: TensorSpec(shape=(), dtype=tf.resource, name=None)
[2026-05-15 23:17:17]   [tflite]   125874399603856: TensorSpec(shape=(), dtype=tf.resource, name=None)
[2026-05-15 23:17:17]   [tflite]   125874399604048: TensorSpec(shape=(), dtype=tf.resource, name=None)
[2026-05-15 23:17:17]   [tflite]   125874399602128: TensorSpec(shape=(), dtype=tf.resource, name=None)
[2026-05-15 23:17:17]   [tflite]   125874399604624: TensorSpec(shape=(), dtype=tf.resource, name=None)
[2026-05-15 23:17:17]   [tflite]     int8 OK (1236 KB)
[2026-05-15 23:17:17]   [tflite] 
[2026-05-15 23:17:17]   [tflite] Done.
/home/min/Workspace/Graduate-Project/Falling-Model-Development/.venv/lib/python3.13/site-packages/tensorflow/lite/python/interpreter.py:457: UserWarning:     Warning: tf.lite.Interpreter is deprecated and is scheduled for deletion in
    TF 2.20. Please use the LiteRT interpreter from the ai_edge_litert package.
    See the [migration guide](https://ai.google.dev/edge/litert/migration)
    for details.
    
  warnings.warn(_INTERPRETER_DELETION_WARNING)
INFO: Created TensorFlow Lite XNNPACK delegate for CPU.
[2026-05-15 23:17:18] done P16-v01 val_f1=0.8918 (video=0.9639) test_f1=0.8984 (video=0.9671) test_min_pr=0.8980 threshold=0.450 min_consecutive=5
[2026-05-15 23:17:20] OK    P16-v01  test_min_pr=0.8980
[2026-05-15 23:17:20] START P16-v02
WARNING: All log messages before absl::InitializeLog() is called are written to STDERR
I0000 00:00:1778854640.678652  292577 cpu_feature_guard.cc:227] This TensorFlow binary is optimized to use available CPU instructions in performance-critical operations.
To enable the following instructions: AVX2 FMA, in other operations, rebuild TensorFlow with the appropriate compiler flags.
[2026-05-15 23:17:22] loading train split=/home/min/Workspace/Graduate-Project/Falling-Model-Development/dataset/splits_v2_filtered/train.csv
[2026-05-15 23:17:34] train rows=1,274,014 videos=6,344 features=27 data_scope=all
[2026-05-15 23:17:34] loading val split=/home/min/Workspace/Graduate-Project/Falling-Model-Development/dataset/splits_v2_filtered/val.csv
[2026-05-15 23:17:38] val rows=363,918 videos=1,811 features=27 data_scope=all
[2026-05-15 23:17:38] loading test split=/home/min/Workspace/Graduate-Project/Falling-Model-Development/dataset/splits_v2_filtered/test.csv
[2026-05-15 23:17:40] test rows=182,782 videos=911 features=27 data_scope=all
[2026-05-15 23:17:56] train windows=370,921 positive=224,347 videos=6,344
[2026-05-15 23:17:59] val windows=74,251 positive=32,590 videos=1,811
[2026-05-15 23:18:01] test windows=37,351 positive=16,447 videos=911
I0000 00:00:1778854686.906819  292577 gpu_device.cc:2043] Created device /job:localhost/replica:0/task:0/device:GPU:0 with 6096 MB memory:  -> device: 0, name: NVIDIA GeForce RTX 2060 SUPER, pci bus id: 0000:05:00.0, compute capability: 7.5
W0000 00:00:1778854688.337514  292577 cpu_allocator_impl.cc:82] Allocation of 1602378720 exceeds 10% of free system memory.
W0000 00:00:1778854689.728452  292577 cpu_allocator_impl.cc:82] Allocation of 1602378720 exceeds 10% of free system memory.
W0000 00:00:1778854692.023296  292577 cpu_allocator_impl.cc:82] Allocation of 1602378720 exceeds 10% of free system memory.
I0000 00:00:1778854694.644975  293064 cuda_dnn.cc:461] Loaded cuDNN version 92200
W0000 00:00:1778854897.431990  292577 cpu_allocator_impl.cc:82] Allocation of 1602378720 exceeds 10% of free system memory.
W0000 00:00:1778854898.811406  292577 cpu_allocator_impl.cc:82] Allocation of 1602378720 exceeds 10% of free system memory.
[2026-05-15 23:23:01] video-level val: videos=1811 f1=0.9624 fall_recall=0.9624 nfall_recall=0.8958 fall_prec=0.9624 nfall_prec=0.8958 min_pr=0.8958 min_consecutive=4
[2026-05-15 23:23:01] video-level test: videos=911 f1=0.9663 fall_recall=0.9700 nfall_recall=0.8980 fall_prec=0.9627 nfall_prec=0.9167 min_pr=0.8980 min_consecutive=4
[2026-05-15 23:23:02] === VAL VIDEO-LEVEL REPORT ===
              precision    recall  f1-score   support

           0     0.8958    0.8958    0.8958       480
           1     0.9624    0.9624    0.9624      1331

    accuracy                         0.9448      1811
   macro avg     0.9291    0.9291    0.9291      1811
weighted avg     0.9448    0.9448    0.9448      1811

[2026-05-15 23:23:02] === TEST VIDEO-LEVEL REPORT ===
              precision    recall  f1-score   support

           0     0.9167    0.8980    0.9072       245
           1     0.9627    0.9700    0.9663       666

    accuracy                         0.9506       911
   macro avg     0.9397    0.9340    0.9368       911
weighted avg     0.9504    0.9506    0.9504       911

[2026-05-15 23:23:12] tflite export subprocess exit=0
[2026-05-15 23:23:12]   [tflite] [P16-v02]
[2026-05-15 23:23:12]   [tflite]   Loading model.keras ...
[2026-05-15 23:23:12]   [tflite]     rebuilding with unroll=True for TFLite compatibility
[2026-05-15 23:23:12]   [tflite] Saved artifact at '/tmp/tmpdbhwswv3'. The following endpoints are available:
[2026-05-15 23:23:12]   [tflite] 
[2026-05-15 23:23:12]   [tflite] * Endpoint 'serve'
[2026-05-15 23:23:12]   [tflite]   args_0 (POSITIONAL_ONLY): TensorSpec(shape=(None, 40, 27), dtype=tf.float32, name='pose_sequence')
[2026-05-15 23:23:12]   [tflite] Output Type:
[2026-05-15 23:23:12]   [tflite]   TensorSpec(shape=(None, 2), dtype=tf.float32, name=None)
[2026-05-15 23:23:12]   [tflite] Captures:
[2026-05-15 23:23:12]   [tflite]   126021521954320: TensorSpec(shape=(), dtype=tf.resource, name=None)
[2026-05-15 23:23:12]   [tflite]   126021521955088: TensorSpec(shape=(), dtype=tf.resource, name=None)
[2026-05-15 23:23:12]   [tflite]   126021521954896: TensorSpec(shape=(), dtype=tf.resource, name=None)
[2026-05-15 23:23:12]   [tflite]   126021521955280: TensorSpec(shape=(), dtype=tf.resource, name=None)
[2026-05-15 23:23:12]   [tflite]   126021521953360: TensorSpec(shape=(), dtype=tf.resource, name=None)
[2026-05-15 23:23:12]   [tflite]   126021521955472: TensorSpec(shape=(), dtype=tf.resource, name=None)
[2026-05-15 23:23:12]   [tflite]   126021521955856: TensorSpec(shape=(), dtype=tf.resource, name=None)
[2026-05-15 23:23:12]   [tflite]   126021521955664: TensorSpec(shape=(), dtype=tf.resource, name=None)
[2026-05-15 23:23:12]   [tflite]   126021521954512: TensorSpec(shape=(), dtype=tf.resource, name=None)
[2026-05-15 23:23:12]   [tflite]   126021521956048: TensorSpec(shape=(), dtype=tf.resource, name=None)
[2026-05-15 23:23:12]   [tflite]   126021521956816: TensorSpec(shape=(), dtype=tf.resource, name=None)
[2026-05-15 23:23:12]   [tflite]   126021521958160: TensorSpec(shape=(), dtype=tf.resource, name=None)
[2026-05-15 23:23:12]   [tflite]   126021521957200: TensorSpec(shape=(), dtype=tf.resource, name=None)
[2026-05-15 23:23:12]   [tflite]   126021521957584: TensorSpec(shape=(), dtype=tf.resource, name=None)
[2026-05-15 23:23:12]   [tflite]   126021521957008: TensorSpec(shape=(), dtype=tf.resource, name=None)
[2026-05-15 23:23:12]   [tflite]   126021521958544: TensorSpec(shape=(), dtype=tf.resource, name=None)
[2026-05-15 23:23:12]   [tflite]   126021521958352: TensorSpec(shape=(), dtype=tf.resource, name=None)
[2026-05-15 23:23:12]   [tflite]   126021521959312: TensorSpec(shape=(), dtype=tf.resource, name=None)
[2026-05-15 23:23:12]   [tflite]   126021521956240: TensorSpec(shape=(), dtype=tf.resource, name=None)
[2026-05-15 23:23:12]   [tflite]   126021521958736: TensorSpec(shape=(), dtype=tf.resource, name=None)
[2026-05-15 23:23:12]   [tflite]   126021521959696: TensorSpec(shape=(), dtype=tf.resource, name=None)
[2026-05-15 23:23:12]   [tflite]   126021521959888: TensorSpec(shape=(), dtype=tf.resource, name=None)
[2026-05-15 23:23:12]   [tflite]   126021521957968: TensorSpec(shape=(), dtype=tf.resource, name=None)
[2026-05-15 23:23:12]   [tflite]   126021521960464: TensorSpec(shape=(), dtype=tf.resource, name=None)
[2026-05-15 23:23:12]   [tflite]     fp32 OK (806 KB)
[2026-05-15 23:23:12]   [tflite] Saved artifact at '/tmp/tmpsgoselnd'. The following endpoints are available:
[2026-05-15 23:23:12]   [tflite] 
[2026-05-15 23:23:12]   [tflite] * Endpoint 'serve'
[2026-05-15 23:23:12]   [tflite]   args_0 (POSITIONAL_ONLY): TensorSpec(shape=(None, 40, 27), dtype=tf.float32, name='pose_sequence')
[2026-05-15 23:23:12]   [tflite] Output Type:
[2026-05-15 23:23:12]   [tflite]   TensorSpec(shape=(None, 2), dtype=tf.float32, name=None)
[2026-05-15 23:23:12]   [tflite] Captures:
[2026-05-15 23:23:12]   [tflite]   126021521954320: TensorSpec(shape=(), dtype=tf.resource, name=None)
[2026-05-15 23:23:12]   [tflite]   126021521955088: TensorSpec(shape=(), dtype=tf.resource, name=None)
[2026-05-15 23:23:12]   [tflite]   126021521954896: TensorSpec(shape=(), dtype=tf.resource, name=None)
[2026-05-15 23:23:12]   [tflite]   126021521955280: TensorSpec(shape=(), dtype=tf.resource, name=None)
[2026-05-15 23:23:12]   [tflite]   126021521953360: TensorSpec(shape=(), dtype=tf.resource, name=None)
[2026-05-15 23:23:12]   [tflite]   126021521955472: TensorSpec(shape=(), dtype=tf.resource, name=None)
[2026-05-15 23:23:12]   [tflite]   126021521955856: TensorSpec(shape=(), dtype=tf.resource, name=None)
[2026-05-15 23:23:12]   [tflite]   126021521955664: TensorSpec(shape=(), dtype=tf.resource, name=None)
[2026-05-15 23:23:12]   [tflite]   126021521954512: TensorSpec(shape=(), dtype=tf.resource, name=None)
[2026-05-15 23:23:12]   [tflite]   126021521956048: TensorSpec(shape=(), dtype=tf.resource, name=None)
[2026-05-15 23:23:12]   [tflite]   126021521956816: TensorSpec(shape=(), dtype=tf.resource, name=None)
[2026-05-15 23:23:12]   [tflite]   126021521958160: TensorSpec(shape=(), dtype=tf.resource, name=None)
[2026-05-15 23:23:12]   [tflite]   126021521957200: TensorSpec(shape=(), dtype=tf.resource, name=None)
[2026-05-15 23:23:12]   [tflite]   126021521957584: TensorSpec(shape=(), dtype=tf.resource, name=None)
[2026-05-15 23:23:12]   [tflite]   126021521957008: TensorSpec(shape=(), dtype=tf.resource, name=None)
[2026-05-15 23:23:12]   [tflite]   126021521958544: TensorSpec(shape=(), dtype=tf.resource, name=None)
[2026-05-15 23:23:12]   [tflite]   126021521958352: TensorSpec(shape=(), dtype=tf.resource, name=None)
[2026-05-15 23:23:12]   [tflite]   126021521959312: TensorSpec(shape=(), dtype=tf.resource, name=None)
[2026-05-15 23:23:12]   [tflite]   126021521956240: TensorSpec(shape=(), dtype=tf.resource, name=None)
[2026-05-15 23:23:12]   [tflite]   126021521958736: TensorSpec(shape=(), dtype=tf.resource, name=None)
[2026-05-15 23:23:12]   [tflite]   126021521959696: TensorSpec(shape=(), dtype=tf.resource, name=None)
[2026-05-15 23:23:12]   [tflite]   126021521959888: TensorSpec(shape=(), dtype=tf.resource, name=None)
[2026-05-15 23:23:12]   [tflite]   126021521957968: TensorSpec(shape=(), dtype=tf.resource, name=None)
[2026-05-15 23:23:12]   [tflite]   126021521960464: TensorSpec(shape=(), dtype=tf.resource, name=None)
[2026-05-15 23:23:12]   [tflite]     int8 OK (1231 KB)
[2026-05-15 23:23:12]   [tflite] 
[2026-05-15 23:23:12]   [tflite] Done.
/home/min/Workspace/Graduate-Project/Falling-Model-Development/.venv/lib/python3.13/site-packages/tensorflow/lite/python/interpreter.py:457: UserWarning:     Warning: tf.lite.Interpreter is deprecated and is scheduled for deletion in
    TF 2.20. Please use the LiteRT interpreter from the ai_edge_litert package.
    See the [migration guide](https://ai.google.dev/edge/litert/migration)
    for details.
    
  warnings.warn(_INTERPRETER_DELETION_WARNING)
INFO: Created TensorFlow Lite XNNPACK delegate for CPU.
[2026-05-15 23:23:14] done P16-v02 val_f1=0.8894 (video=0.9624) test_f1=0.8938 (video=0.9663) test_min_pr=0.8980 threshold=0.425 min_consecutive=4
[2026-05-15 23:23:15] OK    P16-v02  test_min_pr=0.8980
[2026-05-15 23:23:15] START P16-v03
WARNING: All log messages before absl::InitializeLog() is called are written to STDERR
I0000 00:00:1778854996.291691  297441 cpu_feature_guard.cc:227] This TensorFlow binary is optimized to use available CPU instructions in performance-critical operations.
To enable the following instructions: AVX2 FMA, in other operations, rebuild TensorFlow with the appropriate compiler flags.
[2026-05-15 23:23:17] loading train split=/home/min/Workspace/Graduate-Project/Falling-Model-Development/dataset/splits_v2_filtered/train.csv
[2026-05-15 23:23:30] train rows=1,274,014 videos=6,344 features=27 data_scope=all
[2026-05-15 23:23:30] loading val split=/home/min/Workspace/Graduate-Project/Falling-Model-Development/dataset/splits_v2_filtered/val.csv
[2026-05-15 23:23:34] val rows=363,918 videos=1,811 features=27 data_scope=all
[2026-05-15 23:23:34] loading test split=/home/min/Workspace/Graduate-Project/Falling-Model-Development/dataset/splits_v2_filtered/test.csv
[2026-05-15 23:23:35] test rows=182,782 videos=911 features=27 data_scope=all
[2026-05-15 23:23:51] train windows=370,921 positive=224,347 videos=6,344
[2026-05-15 23:23:54] val windows=74,251 positive=32,590 videos=1,811
[2026-05-15 23:23:56] test windows=37,351 positive=16,447 videos=911
I0000 00:00:1778855041.694668  297441 gpu_device.cc:2043] Created device /job:localhost/replica:0/task:0/device:GPU:0 with 6103 MB memory:  -> device: 0, name: NVIDIA GeForce RTX 2060 SUPER, pci bus id: 0000:05:00.0, compute capability: 7.5
W0000 00:00:1778855043.166091  297441 cpu_allocator_impl.cc:82] Allocation of 1602378720 exceeds 10% of free system memory.
W0000 00:00:1778855044.532811  297441 cpu_allocator_impl.cc:82] Allocation of 1602378720 exceeds 10% of free system memory.
W0000 00:00:1778855046.857590  297441 cpu_allocator_impl.cc:82] Allocation of 1602378720 exceeds 10% of free system memory.
I0000 00:00:1778855049.392557  297818 cuda_dnn.cc:461] Loaded cuDNN version 92200
W0000 00:00:1778855224.839449  297441 cpu_allocator_impl.cc:82] Allocation of 1602378720 exceeds 10% of free system memory.
W0000 00:00:1778855226.208415  297441 cpu_allocator_impl.cc:82] Allocation of 1602378720 exceeds 10% of free system memory.
[2026-05-15 23:28:30] video-level val: videos=1811 f1=0.9572 fall_recall=0.9587 nfall_recall=0.8771 fall_prec=0.9558 nfall_prec=0.8845 min_pr=0.8771 min_consecutive=4
[2026-05-15 23:28:30] video-level test: videos=911 f1=0.9590 fall_recall=0.9670 nfall_recall=0.8653 fall_prec=0.9513 nfall_prec=0.9060 min_pr=0.8653 min_consecutive=4
[2026-05-15 23:28:30] === VAL VIDEO-LEVEL REPORT ===
              precision    recall  f1-score   support

           0     0.8845    0.8771    0.8808       480
           1     0.9558    0.9587    0.9572      1331

    accuracy                         0.9371      1811
   macro avg     0.9201    0.9179    0.9190      1811
weighted avg     0.9369    0.9371    0.9370      1811

[2026-05-15 23:28:30] === TEST VIDEO-LEVEL REPORT ===
              precision    recall  f1-score   support

           0     0.9060    0.8653    0.8852       245
           1     0.9513    0.9670    0.9590       666

    accuracy                         0.9396       911
   macro avg     0.9286    0.9161    0.9221       911
weighted avg     0.9391    0.9396    0.9392       911

[2026-05-15 23:28:41] tflite export subprocess exit=0
[2026-05-15 23:28:41]   [tflite] [P16-v03]
[2026-05-15 23:28:41]   [tflite]   Loading model.keras ...
[2026-05-15 23:28:41]   [tflite]     rebuilding with unroll=True for TFLite compatibility
[2026-05-15 23:28:41]   [tflite] Saved artifact at '/tmp/tmp24dwkxd0'. The following endpoints are available:
[2026-05-15 23:28:41]   [tflite] 
[2026-05-15 23:28:41]   [tflite] * Endpoint 'serve'
[2026-05-15 23:28:41]   [tflite]   args_0 (POSITIONAL_ONLY): TensorSpec(shape=(None, 40, 27), dtype=tf.float32, name='pose_sequence')
[2026-05-15 23:28:41]   [tflite] Output Type:
[2026-05-15 23:28:41]   [tflite]   TensorSpec(shape=(None, 2), dtype=tf.float32, name=None)
[2026-05-15 23:28:41]   [tflite] Captures:
[2026-05-15 23:28:41]   [tflite]   133119497180688: TensorSpec(shape=(), dtype=tf.resource, name=None)
[2026-05-15 23:28:41]   [tflite]   133119497181456: TensorSpec(shape=(), dtype=tf.resource, name=None)
[2026-05-15 23:28:41]   [tflite]   133119497181264: TensorSpec(shape=(), dtype=tf.resource, name=None)
[2026-05-15 23:28:41]   [tflite]   133119497181648: TensorSpec(shape=(), dtype=tf.resource, name=None)
[2026-05-15 23:28:41]   [tflite]   133119497179728: TensorSpec(shape=(), dtype=tf.resource, name=None)
[2026-05-15 23:28:41]   [tflite]   133119497181840: TensorSpec(shape=(), dtype=tf.resource, name=None)
[2026-05-15 23:28:41]   [tflite]   133119497182224: TensorSpec(shape=(), dtype=tf.resource, name=None)
[2026-05-15 23:28:41]   [tflite]   133119497182032: TensorSpec(shape=(), dtype=tf.resource, name=None)
[2026-05-15 23:28:41]   [tflite]   133119497180880: TensorSpec(shape=(), dtype=tf.resource, name=None)
[2026-05-15 23:28:41]   [tflite]   133119497182416: TensorSpec(shape=(), dtype=tf.resource, name=None)
[2026-05-15 23:28:41]   [tflite]   133119497183184: TensorSpec(shape=(), dtype=tf.resource, name=None)
[2026-05-15 23:28:41]   [tflite]   133119497184528: TensorSpec(shape=(), dtype=tf.resource, name=None)
[2026-05-15 23:28:41]   [tflite]   133119497183568: TensorSpec(shape=(), dtype=tf.resource, name=None)
[2026-05-15 23:28:41]   [tflite]   133119497183952: TensorSpec(shape=(), dtype=tf.resource, name=None)
[2026-05-15 23:28:41]   [tflite]   133119497183376: TensorSpec(shape=(), dtype=tf.resource, name=None)
[2026-05-15 23:28:41]   [tflite]   133119497184912: TensorSpec(shape=(), dtype=tf.resource, name=None)
[2026-05-15 23:28:41]   [tflite]   133119497184720: TensorSpec(shape=(), dtype=tf.resource, name=None)
[2026-05-15 23:28:41]   [tflite]   133119497185680: TensorSpec(shape=(), dtype=tf.resource, name=None)
[2026-05-15 23:28:41]   [tflite]   133119497182608: TensorSpec(shape=(), dtype=tf.resource, name=None)
[2026-05-15 23:28:41]   [tflite]   133119497185104: TensorSpec(shape=(), dtype=tf.resource, name=None)
[2026-05-15 23:28:41]   [tflite]   133119497186064: TensorSpec(shape=(), dtype=tf.resource, name=None)
[2026-05-15 23:28:41]   [tflite]   133119497186256: TensorSpec(shape=(), dtype=tf.resource, name=None)
[2026-05-15 23:28:41]   [tflite]   133119497184336: TensorSpec(shape=(), dtype=tf.resource, name=None)
[2026-05-15 23:28:41]   [tflite]   133119497186832: TensorSpec(shape=(), dtype=tf.resource, name=None)
[2026-05-15 23:28:41]   [tflite]     fp32 OK (806 KB)
[2026-05-15 23:28:41]   [tflite] Saved artifact at '/tmp/tmpgzz6besv'. The following endpoints are available:
[2026-05-15 23:28:41]   [tflite] 
[2026-05-15 23:28:41]   [tflite] * Endpoint 'serve'
[2026-05-15 23:28:41]   [tflite]   args_0 (POSITIONAL_ONLY): TensorSpec(shape=(None, 40, 27), dtype=tf.float32, name='pose_sequence')
[2026-05-15 23:28:41]   [tflite] Output Type:
[2026-05-15 23:28:41]   [tflite]   TensorSpec(shape=(None, 2), dtype=tf.float32, name=None)
[2026-05-15 23:28:41]   [tflite] Captures:
[2026-05-15 23:28:41]   [tflite]   133119497180688: TensorSpec(shape=(), dtype=tf.resource, name=None)
[2026-05-15 23:28:41]   [tflite]   133119497181456: TensorSpec(shape=(), dtype=tf.resource, name=None)
[2026-05-15 23:28:41]   [tflite]   133119497181264: TensorSpec(shape=(), dtype=tf.resource, name=None)
[2026-05-15 23:28:41]   [tflite]   133119497181648: TensorSpec(shape=(), dtype=tf.resource, name=None)
[2026-05-15 23:28:41]   [tflite]   133119497179728: TensorSpec(shape=(), dtype=tf.resource, name=None)
[2026-05-15 23:28:41]   [tflite]   133119497181840: TensorSpec(shape=(), dtype=tf.resource, name=None)
[2026-05-15 23:28:41]   [tflite]   133119497182224: TensorSpec(shape=(), dtype=tf.resource, name=None)
[2026-05-15 23:28:41]   [tflite]   133119497182032: TensorSpec(shape=(), dtype=tf.resource, name=None)
[2026-05-15 23:28:41]   [tflite]   133119497180880: TensorSpec(shape=(), dtype=tf.resource, name=None)
[2026-05-15 23:28:41]   [tflite]   133119497182416: TensorSpec(shape=(), dtype=tf.resource, name=None)
[2026-05-15 23:28:41]   [tflite]   133119497183184: TensorSpec(shape=(), dtype=tf.resource, name=None)
[2026-05-15 23:28:41]   [tflite]   133119497184528: TensorSpec(shape=(), dtype=tf.resource, name=None)
[2026-05-15 23:28:41]   [tflite]   133119497183568: TensorSpec(shape=(), dtype=tf.resource, name=None)
[2026-05-15 23:28:41]   [tflite]   133119497183952: TensorSpec(shape=(), dtype=tf.resource, name=None)
[2026-05-15 23:28:41]   [tflite]   133119497183376: TensorSpec(shape=(), dtype=tf.resource, name=None)
[2026-05-15 23:28:41]   [tflite]   133119497184912: TensorSpec(shape=(), dtype=tf.resource, name=None)
[2026-05-15 23:28:41]   [tflite]   133119497184720: TensorSpec(shape=(), dtype=tf.resource, name=None)
[2026-05-15 23:28:41]   [tflite]   133119497185680: TensorSpec(shape=(), dtype=tf.resource, name=None)
[2026-05-15 23:28:41]   [tflite]   133119497182608: TensorSpec(shape=(), dtype=tf.resource, name=None)
[2026-05-15 23:28:41]   [tflite]   133119497185104: TensorSpec(shape=(), dtype=tf.resource, name=None)
[2026-05-15 23:28:41]   [tflite]   133119497186064: TensorSpec(shape=(), dtype=tf.resource, name=None)
[2026-05-15 23:28:41]   [tflite]   133119497186256: TensorSpec(shape=(), dtype=tf.resource, name=None)
[2026-05-15 23:28:41]   [tflite]   133119497184336: TensorSpec(shape=(), dtype=tf.resource, name=None)
[2026-05-15 23:28:41]   [tflite]   133119497186832: TensorSpec(shape=(), dtype=tf.resource, name=None)
[2026-05-15 23:28:41]   [tflite]     int8 OK (1229 KB)
[2026-05-15 23:28:41]   [tflite] 
[2026-05-15 23:28:41]   [tflite] Done.
/home/min/Workspace/Graduate-Project/Falling-Model-Development/.venv/lib/python3.13/site-packages/tensorflow/lite/python/interpreter.py:457: UserWarning:     Warning: tf.lite.Interpreter is deprecated and is scheduled for deletion in
    TF 2.20. Please use the LiteRT interpreter from the ai_edge_litert package.
    See the [migration guide](https://ai.google.dev/edge/litert/migration)
    for details.
    
  warnings.warn(_INTERPRETER_DELETION_WARNING)
INFO: Created TensorFlow Lite XNNPACK delegate for CPU.
[2026-05-15 23:28:43] done P16-v03 val_f1=0.8854 (video=0.9572) test_f1=0.8926 (video=0.9590) test_min_pr=0.8653 threshold=0.500 min_consecutive=4
[2026-05-15 23:28:44] OK    P16-v03  test_min_pr=0.8653
[2026-05-15 23:28:44] START P16-v04
WARNING: All log messages before absl::InitializeLog() is called are written to STDERR
I0000 00:00:1778855324.966255  301638 cpu_feature_guard.cc:227] This TensorFlow binary is optimized to use available CPU instructions in performance-critical operations.
To enable the following instructions: AVX2 FMA, in other operations, rebuild TensorFlow with the appropriate compiler flags.
[2026-05-15 23:28:46] loading train split=/home/min/Workspace/Graduate-Project/Falling-Model-Development/dataset/splits_v2_filtered/train.csv
[2026-05-15 23:28:59] train rows=1,274,014 videos=6,344 features=27 data_scope=all
[2026-05-15 23:28:59] loading val split=/home/min/Workspace/Graduate-Project/Falling-Model-Development/dataset/splits_v2_filtered/val.csv
[2026-05-15 23:29:02] val rows=363,918 videos=1,811 features=27 data_scope=all
[2026-05-15 23:29:02] loading test split=/home/min/Workspace/Graduate-Project/Falling-Model-Development/dataset/splits_v2_filtered/test.csv
[2026-05-15 23:29:04] test rows=182,782 videos=911 features=27 data_scope=all
[2026-05-15 23:29:19] train windows=370,921 positive=224,347 videos=6,344
[2026-05-15 23:29:23] val windows=74,251 positive=32,590 videos=1,811
[2026-05-15 23:29:24] test windows=37,351 positive=16,447 videos=911
I0000 00:00:1778855370.370136  301638 gpu_device.cc:2043] Created device /job:localhost/replica:0/task:0/device:GPU:0 with 6103 MB memory:  -> device: 0, name: NVIDIA GeForce RTX 2060 SUPER, pci bus id: 0000:05:00.0, compute capability: 7.5
W0000 00:00:1778855371.979154  301638 cpu_allocator_impl.cc:82] Allocation of 1602378720 exceeds 10% of free system memory.
W0000 00:00:1778855373.417952  301638 cpu_allocator_impl.cc:82] Allocation of 1602378720 exceeds 10% of free system memory.
W0000 00:00:1778855375.822917  301638 cpu_allocator_impl.cc:82] Allocation of 1602378720 exceeds 10% of free system memory.
I0000 00:00:1778855378.592030  302094 cuda_dnn.cc:461] Loaded cuDNN version 92200
W0000 00:00:1778855505.235731  301638 cpu_allocator_impl.cc:82] Allocation of 1602378720 exceeds 10% of free system memory.
W0000 00:00:1778855506.635706  301638 cpu_allocator_impl.cc:82] Allocation of 1602378720 exceeds 10% of free system memory.
[2026-05-15 23:33:09] video-level val: videos=1811 f1=0.9590 fall_recall=0.9579 nfall_recall=0.8896 fall_prec=0.9601 nfall_prec=0.8841 min_pr=0.8841 min_consecutive=2
[2026-05-15 23:33:09] video-level test: videos=911 f1=0.9650 fall_recall=0.9730 nfall_recall=0.8816 fall_prec=0.9572 nfall_prec=0.9231 min_pr=0.8816 min_consecutive=2
[2026-05-15 23:33:09] === VAL VIDEO-LEVEL REPORT ===
              precision    recall  f1-score   support

           0     0.8841    0.8896    0.8868       480
           1     0.9601    0.9579    0.9590      1331

    accuracy                         0.9398      1811
   macro avg     0.9221    0.9238    0.9229      1811
weighted avg     0.9399    0.9398    0.9399      1811

[2026-05-15 23:33:09] === TEST VIDEO-LEVEL REPORT ===
              precision    recall  f1-score   support

           0     0.9231    0.8816    0.9019       245
           1     0.9572    0.9730    0.9650       666

    accuracy                         0.9484       911
   macro avg     0.9401    0.9273    0.9334       911
weighted avg     0.9480    0.9484    0.9480       911

[2026-05-15 23:33:20] tflite export subprocess exit=0
[2026-05-15 23:33:20]   [tflite] [P16-v04]
[2026-05-15 23:33:20]   [tflite]   Loading model.keras ...
[2026-05-15 23:33:20]   [tflite]     rebuilding with unroll=True for TFLite compatibility
[2026-05-15 23:33:20]   [tflite] Saved artifact at '/tmp/tmp1v1flr3a'. The following endpoints are available:
[2026-05-15 23:33:20]   [tflite] 
[2026-05-15 23:33:20]   [tflite] * Endpoint 'serve'
[2026-05-15 23:33:20]   [tflite]   args_0 (POSITIONAL_ONLY): TensorSpec(shape=(None, 40, 27), dtype=tf.float32, name='pose_sequence')
[2026-05-15 23:33:20]   [tflite] Output Type:
[2026-05-15 23:33:20]   [tflite]   TensorSpec(shape=(None, 2), dtype=tf.float32, name=None)
[2026-05-15 23:33:20]   [tflite] Captures:
[2026-05-15 23:33:20]   [tflite]   133971771807248: TensorSpec(shape=(), dtype=tf.resource, name=None)
[2026-05-15 23:33:20]   [tflite]   133971771808016: TensorSpec(shape=(), dtype=tf.resource, name=None)
[2026-05-15 23:33:20]   [tflite]   133971771807824: TensorSpec(shape=(), dtype=tf.resource, name=None)
[2026-05-15 23:33:20]   [tflite]   133971771808208: TensorSpec(shape=(), dtype=tf.resource, name=None)
[2026-05-15 23:33:20]   [tflite]   133971771806288: TensorSpec(shape=(), dtype=tf.resource, name=None)
[2026-05-15 23:33:20]   [tflite]   133971771808400: TensorSpec(shape=(), dtype=tf.resource, name=None)
[2026-05-15 23:33:20]   [tflite]   133971771808784: TensorSpec(shape=(), dtype=tf.resource, name=None)
[2026-05-15 23:33:20]   [tflite]   133971771808592: TensorSpec(shape=(), dtype=tf.resource, name=None)
[2026-05-15 23:33:20]   [tflite]   133971771807440: TensorSpec(shape=(), dtype=tf.resource, name=None)
[2026-05-15 23:33:20]   [tflite]   133971771808976: TensorSpec(shape=(), dtype=tf.resource, name=None)
[2026-05-15 23:33:20]   [tflite]   133971771809744: TensorSpec(shape=(), dtype=tf.resource, name=None)
[2026-05-15 23:33:20]   [tflite]   133971771811088: TensorSpec(shape=(), dtype=tf.resource, name=None)
[2026-05-15 23:33:20]   [tflite]   133971771810128: TensorSpec(shape=(), dtype=tf.resource, name=None)
[2026-05-15 23:33:20]   [tflite]   133971771810512: TensorSpec(shape=(), dtype=tf.resource, name=None)
[2026-05-15 23:33:20]   [tflite]   133971771809936: TensorSpec(shape=(), dtype=tf.resource, name=None)
[2026-05-15 23:33:20]   [tflite]   133971771811472: TensorSpec(shape=(), dtype=tf.resource, name=None)
[2026-05-15 23:33:20]   [tflite]   133971771811280: TensorSpec(shape=(), dtype=tf.resource, name=None)
[2026-05-15 23:33:20]   [tflite]   133971771812240: TensorSpec(shape=(), dtype=tf.resource, name=None)
[2026-05-15 23:33:20]   [tflite]   133971771809168: TensorSpec(shape=(), dtype=tf.resource, name=None)
[2026-05-15 23:33:20]   [tflite]   133971771811664: TensorSpec(shape=(), dtype=tf.resource, name=None)
[2026-05-15 23:33:20]   [tflite]   133971771812624: TensorSpec(shape=(), dtype=tf.resource, name=None)
[2026-05-15 23:33:20]   [tflite]   133971771812816: TensorSpec(shape=(), dtype=tf.resource, name=None)
[2026-05-15 23:33:20]   [tflite]   133971771810896: TensorSpec(shape=(), dtype=tf.resource, name=None)
[2026-05-15 23:33:20]   [tflite]   133971771813392: TensorSpec(shape=(), dtype=tf.resource, name=None)
[2026-05-15 23:33:20]   [tflite]     fp32 OK (806 KB)
[2026-05-15 23:33:20]   [tflite] Saved artifact at '/tmp/tmpmsykgehj'. The following endpoints are available:
[2026-05-15 23:33:20]   [tflite] 
[2026-05-15 23:33:20]   [tflite] * Endpoint 'serve'
[2026-05-15 23:33:20]   [tflite]   args_0 (POSITIONAL_ONLY): TensorSpec(shape=(None, 40, 27), dtype=tf.float32, name='pose_sequence')
[2026-05-15 23:33:20]   [tflite] Output Type:
[2026-05-15 23:33:20]   [tflite]   TensorSpec(shape=(None, 2), dtype=tf.float32, name=None)
[2026-05-15 23:33:20]   [tflite] Captures:
[2026-05-15 23:33:20]   [tflite]   133971771807248: TensorSpec(shape=(), dtype=tf.resource, name=None)
[2026-05-15 23:33:20]   [tflite]   133971771808016: TensorSpec(shape=(), dtype=tf.resource, name=None)
[2026-05-15 23:33:20]   [tflite]   133971771807824: TensorSpec(shape=(), dtype=tf.resource, name=None)
[2026-05-15 23:33:20]   [tflite]   133971771808208: TensorSpec(shape=(), dtype=tf.resource, name=None)
[2026-05-15 23:33:20]   [tflite]   133971771806288: TensorSpec(shape=(), dtype=tf.resource, name=None)
[2026-05-15 23:33:20]   [tflite]   133971771808400: TensorSpec(shape=(), dtype=tf.resource, name=None)
[2026-05-15 23:33:20]   [tflite]   133971771808784: TensorSpec(shape=(), dtype=tf.resource, name=None)
[2026-05-15 23:33:20]   [tflite]   133971771808592: TensorSpec(shape=(), dtype=tf.resource, name=None)
[2026-05-15 23:33:20]   [tflite]   133971771807440: TensorSpec(shape=(), dtype=tf.resource, name=None)
[2026-05-15 23:33:20]   [tflite]   133971771808976: TensorSpec(shape=(), dtype=tf.resource, name=None)
[2026-05-15 23:33:20]   [tflite]   133971771809744: TensorSpec(shape=(), dtype=tf.resource, name=None)
[2026-05-15 23:33:20]   [tflite]   133971771811088: TensorSpec(shape=(), dtype=tf.resource, name=None)
[2026-05-15 23:33:20]   [tflite]   133971771810128: TensorSpec(shape=(), dtype=tf.resource, name=None)
[2026-05-15 23:33:20]   [tflite]   133971771810512: TensorSpec(shape=(), dtype=tf.resource, name=None)
[2026-05-15 23:33:20]   [tflite]   133971771809936: TensorSpec(shape=(), dtype=tf.resource, name=None)
[2026-05-15 23:33:20]   [tflite]   133971771811472: TensorSpec(shape=(), dtype=tf.resource, name=None)
[2026-05-15 23:33:20]   [tflite]   133971771811280: TensorSpec(shape=(), dtype=tf.resource, name=None)
[2026-05-15 23:33:20]   [tflite]   133971771812240: TensorSpec(shape=(), dtype=tf.resource, name=None)
[2026-05-15 23:33:20]   [tflite]   133971771809168: TensorSpec(shape=(), dtype=tf.resource, name=None)
[2026-05-15 23:33:20]   [tflite]   133971771811664: TensorSpec(shape=(), dtype=tf.resource, name=None)
[2026-05-15 23:33:20]   [tflite]   133971771812624: TensorSpec(shape=(), dtype=tf.resource, name=None)
[2026-05-15 23:33:20]   [tflite]   133971771812816: TensorSpec(shape=(), dtype=tf.resource, name=None)
[2026-05-15 23:33:20]   [tflite]   133971771810896: TensorSpec(shape=(), dtype=tf.resource, name=None)
[2026-05-15 23:33:20]   [tflite]   133971771813392: TensorSpec(shape=(), dtype=tf.resource, name=None)
[2026-05-15 23:33:20]   [tflite]     int8 OK (1227 KB)
[2026-05-15 23:33:20]   [tflite] 
[2026-05-15 23:33:20]   [tflite] Done.
/home/min/Workspace/Graduate-Project/Falling-Model-Development/.venv/lib/python3.13/site-packages/tensorflow/lite/python/interpreter.py:457: UserWarning:     Warning: tf.lite.Interpreter is deprecated and is scheduled for deletion in
    TF 2.20. Please use the LiteRT interpreter from the ai_edge_litert package.
    See the [migration guide](https://ai.google.dev/edge/litert/migration)
    for details.
    
  warnings.warn(_INTERPRETER_DELETION_WARNING)
INFO: Created TensorFlow Lite XNNPACK delegate for CPU.
[2026-05-15 23:33:22] done P16-v04 val_f1=0.8614 (video=0.9590) test_f1=0.8735 (video=0.9650) test_min_pr=0.8816 threshold=0.525 min_consecutive=2
[2026-05-15 23:33:23] OK    P16-v04  test_min_pr=0.8816
[2026-05-15 23:33:23] === Best α=0.25 — multi-seed sweep ===
[2026-05-15 23:33:23] START P16-v05
WARNING: All log messages before absl::InitializeLog() is called are written to STDERR
I0000 00:00:1778855603.868795  306521 cpu_feature_guard.cc:227] This TensorFlow binary is optimized to use available CPU instructions in performance-critical operations.
To enable the following instructions: AVX2 FMA, in other operations, rebuild TensorFlow with the appropriate compiler flags.
[2026-05-15 23:33:25] loading train split=/home/min/Workspace/Graduate-Project/Falling-Model-Development/dataset/splits_v2_filtered/train.csv
[2026-05-15 23:33:37] train rows=1,274,014 videos=6,344 features=27 data_scope=all
[2026-05-15 23:33:37] loading val split=/home/min/Workspace/Graduate-Project/Falling-Model-Development/dataset/splits_v2_filtered/val.csv
[2026-05-15 23:33:41] val rows=363,918 videos=1,811 features=27 data_scope=all
[2026-05-15 23:33:41] loading test split=/home/min/Workspace/Graduate-Project/Falling-Model-Development/dataset/splits_v2_filtered/test.csv
[2026-05-15 23:33:43] test rows=182,782 videos=911 features=27 data_scope=all
[2026-05-15 23:33:58] train windows=370,921 positive=224,347 videos=6,344
[2026-05-15 23:34:02] val windows=74,251 positive=32,590 videos=1,811
[2026-05-15 23:34:04] test windows=37,351 positive=16,447 videos=911
I0000 00:00:1778855649.435314  306521 gpu_device.cc:2043] Created device /job:localhost/replica:0/task:0/device:GPU:0 with 6096 MB memory:  -> device: 0, name: NVIDIA GeForce RTX 2060 SUPER, pci bus id: 0000:05:00.0, compute capability: 7.5
W0000 00:00:1778855650.944141  306521 cpu_allocator_impl.cc:82] Allocation of 1602378720 exceeds 10% of free system memory.
W0000 00:00:1778855652.344756  306521 cpu_allocator_impl.cc:82] Allocation of 1602378720 exceeds 10% of free system memory.
W0000 00:00:1778855654.617933  306521 cpu_allocator_impl.cc:82] Allocation of 1602378720 exceeds 10% of free system memory.
I0000 00:00:1778855657.194046  307097 cuda_dnn.cc:461] Loaded cuDNN version 92200
W0000 00:00:1778855805.021060  306521 cpu_allocator_impl.cc:82] Allocation of 1602378720 exceeds 10% of free system memory.
W0000 00:00:1778855806.409264  306521 cpu_allocator_impl.cc:82] Allocation of 1602378720 exceeds 10% of free system memory.
[2026-05-15 23:38:08] video-level val: videos=1811 f1=0.9598 fall_recall=0.9587 nfall_recall=0.8917 fall_prec=0.9608 nfall_prec=0.8861 min_pr=0.8861 min_consecutive=7
[2026-05-15 23:38:08] video-level test: videos=911 f1=0.9615 fall_recall=0.9760 nfall_recall=0.8531 fall_prec=0.9475 nfall_prec=0.9289 min_pr=0.8531 min_consecutive=7
[2026-05-15 23:38:09] === VAL VIDEO-LEVEL REPORT ===
              precision    recall  f1-score   support

           0     0.8861    0.8917    0.8889       480
           1     0.9608    0.9587    0.9598      1331

    accuracy                         0.9409      1811
   macro avg     0.9235    0.9252    0.9243      1811
weighted avg     0.9410    0.9409    0.9410      1811

[2026-05-15 23:38:09] === TEST VIDEO-LEVEL REPORT ===
              precision    recall  f1-score   support

           0     0.9289    0.8531    0.8894       245
           1     0.9475    0.9760    0.9615       666

    accuracy                         0.9429       911
   macro avg     0.9382    0.9145    0.9255       911
weighted avg     0.9425    0.9429    0.9421       911

[2026-05-15 23:38:19] tflite export subprocess exit=0
[2026-05-15 23:38:19]   [tflite] [P16-v05]
[2026-05-15 23:38:19]   [tflite]   Loading model.keras ...
[2026-05-15 23:38:19]   [tflite]     rebuilding with unroll=True for TFLite compatibility
[2026-05-15 23:38:19]   [tflite] Saved artifact at '/tmp/tmpfj0nvlnv'. The following endpoints are available:
[2026-05-15 23:38:19]   [tflite] 
[2026-05-15 23:38:19]   [tflite] * Endpoint 'serve'
[2026-05-15 23:38:19]   [tflite]   args_0 (POSITIONAL_ONLY): TensorSpec(shape=(None, 40, 27), dtype=tf.float32, name='pose_sequence')
[2026-05-15 23:38:19]   [tflite] Output Type:
[2026-05-15 23:38:19]   [tflite]   TensorSpec(shape=(None, 2), dtype=tf.float32, name=None)
[2026-05-15 23:38:19]   [tflite] Captures:
[2026-05-15 23:38:19]   [tflite]   137955299497488: TensorSpec(shape=(), dtype=tf.resource, name=None)
[2026-05-15 23:38:19]   [tflite]   137955299498256: TensorSpec(shape=(), dtype=tf.resource, name=None)
[2026-05-15 23:38:19]   [tflite]   137955299498064: TensorSpec(shape=(), dtype=tf.resource, name=None)
[2026-05-15 23:38:19]   [tflite]   137955299498448: TensorSpec(shape=(), dtype=tf.resource, name=None)
[2026-05-15 23:38:19]   [tflite]   137955299496528: TensorSpec(shape=(), dtype=tf.resource, name=None)
[2026-05-15 23:38:19]   [tflite]   137955299498640: TensorSpec(shape=(), dtype=tf.resource, name=None)
[2026-05-15 23:38:19]   [tflite]   137955299499024: TensorSpec(shape=(), dtype=tf.resource, name=None)
[2026-05-15 23:38:19]   [tflite]   137955299498832: TensorSpec(shape=(), dtype=tf.resource, name=None)
[2026-05-15 23:38:19]   [tflite]   137955299497680: TensorSpec(shape=(), dtype=tf.resource, name=None)
[2026-05-15 23:38:19]   [tflite]   137955299499216: TensorSpec(shape=(), dtype=tf.resource, name=None)
[2026-05-15 23:38:19]   [tflite]   137955299499984: TensorSpec(shape=(), dtype=tf.resource, name=None)
[2026-05-15 23:38:19]   [tflite]   137955299501328: TensorSpec(shape=(), dtype=tf.resource, name=None)
[2026-05-15 23:38:19]   [tflite]   137955299500368: TensorSpec(shape=(), dtype=tf.resource, name=None)
[2026-05-15 23:38:19]   [tflite]   137955299500752: TensorSpec(shape=(), dtype=tf.resource, name=None)
[2026-05-15 23:38:19]   [tflite]   137955299500176: TensorSpec(shape=(), dtype=tf.resource, name=None)
[2026-05-15 23:38:19]   [tflite]   137955299501712: TensorSpec(shape=(), dtype=tf.resource, name=None)
[2026-05-15 23:38:19]   [tflite]   137955299501520: TensorSpec(shape=(), dtype=tf.resource, name=None)
[2026-05-15 23:38:19]   [tflite]   137955299502480: TensorSpec(shape=(), dtype=tf.resource, name=None)
[2026-05-15 23:38:19]   [tflite]   137955299499408: TensorSpec(shape=(), dtype=tf.resource, name=None)
[2026-05-15 23:38:19]   [tflite]   137955299501904: TensorSpec(shape=(), dtype=tf.resource, name=None)
[2026-05-15 23:38:19]   [tflite]   137955299502864: TensorSpec(shape=(), dtype=tf.resource, name=None)
[2026-05-15 23:38:19]   [tflite]   137955299503056: TensorSpec(shape=(), dtype=tf.resource, name=None)
[2026-05-15 23:38:19]   [tflite]   137955299501136: TensorSpec(shape=(), dtype=tf.resource, name=None)
[2026-05-15 23:38:19]   [tflite]   137955299503632: TensorSpec(shape=(), dtype=tf.resource, name=None)
[2026-05-15 23:38:19]   [tflite]     fp32 OK (806 KB)
[2026-05-15 23:38:19]   [tflite] Saved artifact at '/tmp/tmpser63m3k'. The following endpoints are available:
[2026-05-15 23:38:19]   [tflite] 
[2026-05-15 23:38:19]   [tflite] * Endpoint 'serve'
[2026-05-15 23:38:19]   [tflite]   args_0 (POSITIONAL_ONLY): TensorSpec(shape=(None, 40, 27), dtype=tf.float32, name='pose_sequence')
[2026-05-15 23:38:19]   [tflite] Output Type:
[2026-05-15 23:38:19]   [tflite]   TensorSpec(shape=(None, 2), dtype=tf.float32, name=None)
[2026-05-15 23:38:19]   [tflite] Captures:
[2026-05-15 23:38:19]   [tflite]   137955299497488: TensorSpec(shape=(), dtype=tf.resource, name=None)
[2026-05-15 23:38:19]   [tflite]   137955299498256: TensorSpec(shape=(), dtype=tf.resource, name=None)
[2026-05-15 23:38:19]   [tflite]   137955299498064: TensorSpec(shape=(), dtype=tf.resource, name=None)
[2026-05-15 23:38:19]   [tflite]   137955299498448: TensorSpec(shape=(), dtype=tf.resource, name=None)
[2026-05-15 23:38:19]   [tflite]   137955299496528: TensorSpec(shape=(), dtype=tf.resource, name=None)
[2026-05-15 23:38:19]   [tflite]   137955299498640: TensorSpec(shape=(), dtype=tf.resource, name=None)
[2026-05-15 23:38:19]   [tflite]   137955299499024: TensorSpec(shape=(), dtype=tf.resource, name=None)
[2026-05-15 23:38:19]   [tflite]   137955299498832: TensorSpec(shape=(), dtype=tf.resource, name=None)
[2026-05-15 23:38:19]   [tflite]   137955299497680: TensorSpec(shape=(), dtype=tf.resource, name=None)
[2026-05-15 23:38:19]   [tflite]   137955299499216: TensorSpec(shape=(), dtype=tf.resource, name=None)
[2026-05-15 23:38:19]   [tflite]   137955299499984: TensorSpec(shape=(), dtype=tf.resource, name=None)
[2026-05-15 23:38:19]   [tflite]   137955299501328: TensorSpec(shape=(), dtype=tf.resource, name=None)
[2026-05-15 23:38:19]   [tflite]   137955299500368: TensorSpec(shape=(), dtype=tf.resource, name=None)
[2026-05-15 23:38:19]   [tflite]   137955299500752: TensorSpec(shape=(), dtype=tf.resource, name=None)
[2026-05-15 23:38:19]   [tflite]   137955299500176: TensorSpec(shape=(), dtype=tf.resource, name=None)
[2026-05-15 23:38:19]   [tflite]   137955299501712: TensorSpec(shape=(), dtype=tf.resource, name=None)
[2026-05-15 23:38:19]   [tflite]   137955299501520: TensorSpec(shape=(), dtype=tf.resource, name=None)
[2026-05-15 23:38:19]   [tflite]   137955299502480: TensorSpec(shape=(), dtype=tf.resource, name=None)
[2026-05-15 23:38:19]   [tflite]   137955299499408: TensorSpec(shape=(), dtype=tf.resource, name=None)
[2026-05-15 23:38:19]   [tflite]   137955299501904: TensorSpec(shape=(), dtype=tf.resource, name=None)
[2026-05-15 23:38:19]   [tflite]   137955299502864: TensorSpec(shape=(), dtype=tf.resource, name=None)
[2026-05-15 23:38:19]   [tflite]   137955299503056: TensorSpec(shape=(), dtype=tf.resource, name=None)
[2026-05-15 23:38:19]   [tflite]   137955299501136: TensorSpec(shape=(), dtype=tf.resource, name=None)
[2026-05-15 23:38:19]   [tflite]   137955299503632: TensorSpec(shape=(), dtype=tf.resource, name=None)
[2026-05-15 23:38:19]   [tflite]     int8 OK (1231 KB)
[2026-05-15 23:38:19]   [tflite] 
[2026-05-15 23:38:19]   [tflite] Done.
/home/min/Workspace/Graduate-Project/Falling-Model-Development/.venv/lib/python3.13/site-packages/tensorflow/lite/python/interpreter.py:457: UserWarning:     Warning: tf.lite.Interpreter is deprecated and is scheduled for deletion in
    TF 2.20. Please use the LiteRT interpreter from the ai_edge_litert package.
    See the [migration guide](https://ai.google.dev/edge/litert/migration)
    for details.
    
  warnings.warn(_INTERPRETER_DELETION_WARNING)
INFO: Created TensorFlow Lite XNNPACK delegate for CPU.
[2026-05-15 23:38:21] done P16-v05 val_f1=0.9011 (video=0.9598) test_f1=0.9025 (video=0.9615) test_min_pr=0.8531 threshold=0.400 min_consecutive=7
[2026-05-15 23:38:22] OK    P16-v05  test_min_pr=0.8531
[2026-05-15 23:38:22] START P16-v06
WARNING: All log messages before absl::InitializeLog() is called are written to STDERR
I0000 00:00:1778855902.866432  310814 cpu_feature_guard.cc:227] This TensorFlow binary is optimized to use available CPU instructions in performance-critical operations.
To enable the following instructions: AVX2 FMA, in other operations, rebuild TensorFlow with the appropriate compiler flags.
[2026-05-15 23:38:24] loading train split=/home/min/Workspace/Graduate-Project/Falling-Model-Development/dataset/splits_v2_filtered/train.csv
[2026-05-15 23:38:37] train rows=1,274,014 videos=6,344 features=27 data_scope=all
[2026-05-15 23:38:37] loading val split=/home/min/Workspace/Graduate-Project/Falling-Model-Development/dataset/splits_v2_filtered/val.csv
[2026-05-15 23:38:40] val rows=363,918 videos=1,811 features=27 data_scope=all
[2026-05-15 23:38:40] loading test split=/home/min/Workspace/Graduate-Project/Falling-Model-Development/dataset/splits_v2_filtered/test.csv
[2026-05-15 23:38:42] test rows=182,782 videos=911 features=27 data_scope=all
[2026-05-15 23:38:57] train windows=370,921 positive=224,347 videos=6,344
[2026-05-15 23:39:01] val windows=74,251 positive=32,590 videos=1,811
[2026-05-15 23:39:03] test windows=37,351 positive=16,447 videos=911
I0000 00:00:1778855948.443098  310814 gpu_device.cc:2043] Created device /job:localhost/replica:0/task:0/device:GPU:0 with 6096 MB memory:  -> device: 0, name: NVIDIA GeForce RTX 2060 SUPER, pci bus id: 0000:05:00.0, compute capability: 7.5
W0000 00:00:1778855949.957141  310814 cpu_allocator_impl.cc:82] Allocation of 1602378720 exceeds 10% of free system memory.
W0000 00:00:1778855951.353765  310814 cpu_allocator_impl.cc:82] Allocation of 1602378720 exceeds 10% of free system memory.
W0000 00:00:1778855953.666976  310814 cpu_allocator_impl.cc:82] Allocation of 1602378720 exceeds 10% of free system memory.
I0000 00:00:1778855956.249167  311340 cuda_dnn.cc:461] Loaded cuDNN version 92200
W0000 00:00:1778856148.434062  310814 cpu_allocator_impl.cc:82] Allocation of 1602378720 exceeds 10% of free system memory.
W0000 00:00:1778856149.813207  310814 cpu_allocator_impl.cc:82] Allocation of 1602378720 exceeds 10% of free system memory.
[2026-05-15 23:43:51] video-level val: videos=1811 f1=0.9594 fall_recall=0.9587 nfall_recall=0.8896 fall_prec=0.9601 nfall_prec=0.8859 min_pr=0.8859 min_consecutive=3
[2026-05-15 23:43:52] video-level test: videos=911 f1=0.9649 fall_recall=0.9700 nfall_recall=0.8898 fall_prec=0.9599 nfall_prec=0.9160 min_pr=0.8898 min_consecutive=3
[2026-05-15 23:43:52] === VAL VIDEO-LEVEL REPORT ===
              precision    recall  f1-score   support

           0     0.8859    0.8896    0.8877       480
           1     0.9601    0.9587    0.9594      1331

    accuracy                         0.9404      1811
   macro avg     0.9230    0.9241    0.9236      1811
weighted avg     0.9404    0.9404    0.9404      1811

[2026-05-15 23:43:52] === TEST VIDEO-LEVEL REPORT ===
              precision    recall  f1-score   support

           0     0.9160    0.8898    0.9027       245
           1     0.9599    0.9700    0.9649       666

    accuracy                         0.9484       911
   macro avg     0.9379    0.9299    0.9338       911
weighted avg     0.9481    0.9484    0.9482       911

[2026-05-15 23:44:02] tflite export subprocess exit=0
[2026-05-15 23:44:02]   [tflite] [P16-v06]
[2026-05-15 23:44:02]   [tflite]   Loading model.keras ...
[2026-05-15 23:44:02]   [tflite]     rebuilding with unroll=True for TFLite compatibility
[2026-05-15 23:44:02]   [tflite] Saved artifact at '/tmp/tmpvnkwah0q'. The following endpoints are available:
[2026-05-15 23:44:02]   [tflite] 
[2026-05-15 23:44:02]   [tflite] * Endpoint 'serve'
[2026-05-15 23:44:02]   [tflite]   args_0 (POSITIONAL_ONLY): TensorSpec(shape=(None, 40, 27), dtype=tf.float32, name='pose_sequence')
[2026-05-15 23:44:02]   [tflite] Output Type:
[2026-05-15 23:44:02]   [tflite]   TensorSpec(shape=(None, 2), dtype=tf.float32, name=None)
[2026-05-15 23:44:02]   [tflite] Captures:
[2026-05-15 23:44:02]   [tflite]   139594917844496: TensorSpec(shape=(), dtype=tf.resource, name=None)
[2026-05-15 23:44:02]   [tflite]   139594917845264: TensorSpec(shape=(), dtype=tf.resource, name=None)
[2026-05-15 23:44:02]   [tflite]   139594917845072: TensorSpec(shape=(), dtype=tf.resource, name=None)
[2026-05-15 23:44:02]   [tflite]   139594917845456: TensorSpec(shape=(), dtype=tf.resource, name=None)
[2026-05-15 23:44:02]   [tflite]   139594917843536: TensorSpec(shape=(), dtype=tf.resource, name=None)
[2026-05-15 23:44:02]   [tflite]   139594917845648: TensorSpec(shape=(), dtype=tf.resource, name=None)
[2026-05-15 23:44:02]   [tflite]   139594917846032: TensorSpec(shape=(), dtype=tf.resource, name=None)
[2026-05-15 23:44:02]   [tflite]   139594917845840: TensorSpec(shape=(), dtype=tf.resource, name=None)
[2026-05-15 23:44:02]   [tflite]   139594917844688: TensorSpec(shape=(), dtype=tf.resource, name=None)
[2026-05-15 23:44:02]   [tflite]   139594917846224: TensorSpec(shape=(), dtype=tf.resource, name=None)
[2026-05-15 23:44:02]   [tflite]   139594917846992: TensorSpec(shape=(), dtype=tf.resource, name=None)
[2026-05-15 23:44:02]   [tflite]   139594917848336: TensorSpec(shape=(), dtype=tf.resource, name=None)
[2026-05-15 23:44:02]   [tflite]   139594917847376: TensorSpec(shape=(), dtype=tf.resource, name=None)
[2026-05-15 23:44:02]   [tflite]   139594917847760: TensorSpec(shape=(), dtype=tf.resource, name=None)
[2026-05-15 23:44:02]   [tflite]   139594917847184: TensorSpec(shape=(), dtype=tf.resource, name=None)
[2026-05-15 23:44:02]   [tflite]   139594917848720: TensorSpec(shape=(), dtype=tf.resource, name=None)
[2026-05-15 23:44:02]   [tflite]   139594917848528: TensorSpec(shape=(), dtype=tf.resource, name=None)
[2026-05-15 23:44:02]   [tflite]   139594917849488: TensorSpec(shape=(), dtype=tf.resource, name=None)
[2026-05-15 23:44:02]   [tflite]   139594917846416: TensorSpec(shape=(), dtype=tf.resource, name=None)
[2026-05-15 23:44:02]   [tflite]   139594917848912: TensorSpec(shape=(), dtype=tf.resource, name=None)
[2026-05-15 23:44:02]   [tflite]   139594917849872: TensorSpec(shape=(), dtype=tf.resource, name=None)
[2026-05-15 23:44:02]   [tflite]   139594917850064: TensorSpec(shape=(), dtype=tf.resource, name=None)
[2026-05-15 23:44:02]   [tflite]   139594917848144: TensorSpec(shape=(), dtype=tf.resource, name=None)
[2026-05-15 23:44:02]   [tflite]   139594917850640: TensorSpec(shape=(), dtype=tf.resource, name=None)
[2026-05-15 23:44:02]   [tflite]     fp32 OK (806 KB)
[2026-05-15 23:44:02]   [tflite] Saved artifact at '/tmp/tmpty0bamm9'. The following endpoints are available:
[2026-05-15 23:44:02]   [tflite] 
[2026-05-15 23:44:02]   [tflite] * Endpoint 'serve'
[2026-05-15 23:44:02]   [tflite]   args_0 (POSITIONAL_ONLY): TensorSpec(shape=(None, 40, 27), dtype=tf.float32, name='pose_sequence')
[2026-05-15 23:44:02]   [tflite] Output Type:
[2026-05-15 23:44:02]   [tflite]   TensorSpec(shape=(None, 2), dtype=tf.float32, name=None)
[2026-05-15 23:44:02]   [tflite] Captures:
[2026-05-15 23:44:02]   [tflite]   139594917844496: TensorSpec(shape=(), dtype=tf.resource, name=None)
[2026-05-15 23:44:02]   [tflite]   139594917845264: TensorSpec(shape=(), dtype=tf.resource, name=None)
[2026-05-15 23:44:02]   [tflite]   139594917845072: TensorSpec(shape=(), dtype=tf.resource, name=None)
[2026-05-15 23:44:02]   [tflite]   139594917845456: TensorSpec(shape=(), dtype=tf.resource, name=None)
[2026-05-15 23:44:02]   [tflite]   139594917843536: TensorSpec(shape=(), dtype=tf.resource, name=None)
[2026-05-15 23:44:02]   [tflite]   139594917845648: TensorSpec(shape=(), dtype=tf.resource, name=None)
[2026-05-15 23:44:02]   [tflite]   139594917846032: TensorSpec(shape=(), dtype=tf.resource, name=None)
[2026-05-15 23:44:02]   [tflite]   139594917845840: TensorSpec(shape=(), dtype=tf.resource, name=None)
[2026-05-15 23:44:02]   [tflite]   139594917844688: TensorSpec(shape=(), dtype=tf.resource, name=None)
[2026-05-15 23:44:02]   [tflite]   139594917846224: TensorSpec(shape=(), dtype=tf.resource, name=None)
[2026-05-15 23:44:02]   [tflite]   139594917846992: TensorSpec(shape=(), dtype=tf.resource, name=None)
[2026-05-15 23:44:02]   [tflite]   139594917848336: TensorSpec(shape=(), dtype=tf.resource, name=None)
[2026-05-15 23:44:02]   [tflite]   139594917847376: TensorSpec(shape=(), dtype=tf.resource, name=None)
[2026-05-15 23:44:02]   [tflite]   139594917847760: TensorSpec(shape=(), dtype=tf.resource, name=None)
[2026-05-15 23:44:02]   [tflite]   139594917847184: TensorSpec(shape=(), dtype=tf.resource, name=None)
[2026-05-15 23:44:02]   [tflite]   139594917848720: TensorSpec(shape=(), dtype=tf.resource, name=None)
[2026-05-15 23:44:02]   [tflite]   139594917848528: TensorSpec(shape=(), dtype=tf.resource, name=None)
[2026-05-15 23:44:02]   [tflite]   139594917849488: TensorSpec(shape=(), dtype=tf.resource, name=None)
[2026-05-15 23:44:02]   [tflite]   139594917846416: TensorSpec(shape=(), dtype=tf.resource, name=None)
[2026-05-15 23:44:02]   [tflite]   139594917848912: TensorSpec(shape=(), dtype=tf.resource, name=None)
[2026-05-15 23:44:02]   [tflite]   139594917849872: TensorSpec(shape=(), dtype=tf.resource, name=None)
[2026-05-15 23:44:02]   [tflite]   139594917850064: TensorSpec(shape=(), dtype=tf.resource, name=None)
[2026-05-15 23:44:02]   [tflite]   139594917848144: TensorSpec(shape=(), dtype=tf.resource, name=None)
[2026-05-15 23:44:02]   [tflite]   139594917850640: TensorSpec(shape=(), dtype=tf.resource, name=None)
[2026-05-15 23:44:02]   [tflite]     int8 OK (1230 KB)
[2026-05-15 23:44:02]   [tflite] 
[2026-05-15 23:44:02]   [tflite] Done.
/home/min/Workspace/Graduate-Project/Falling-Model-Development/.venv/lib/python3.13/site-packages/tensorflow/lite/python/interpreter.py:457: UserWarning:     Warning: tf.lite.Interpreter is deprecated and is scheduled for deletion in
    TF 2.20. Please use the LiteRT interpreter from the ai_edge_litert package.
    See the [migration guide](https://ai.google.dev/edge/litert/migration)
    for details.
    
  warnings.warn(_INTERPRETER_DELETION_WARNING)
INFO: Created TensorFlow Lite XNNPACK delegate for CPU.
[2026-05-15 23:44:04] done P16-v06 val_f1=0.8698 (video=0.9594) test_f1=0.8797 (video=0.9649) test_min_pr=0.8898 threshold=0.500 min_consecutive=3
[2026-05-15 23:44:05] OK    P16-v06  test_min_pr=0.8898
[2026-05-15 23:44:05] START P16-v07
WARNING: All log messages before absl::InitializeLog() is called are written to STDERR
I0000 00:00:1778856246.201050  315390 cpu_feature_guard.cc:227] This TensorFlow binary is optimized to use available CPU instructions in performance-critical operations.
To enable the following instructions: AVX2 FMA, in other operations, rebuild TensorFlow with the appropriate compiler flags.
[2026-05-15 23:44:07] loading train split=/home/min/Workspace/Graduate-Project/Falling-Model-Development/dataset/splits_v2_filtered/train.csv
[2026-05-15 23:44:20] train rows=1,274,014 videos=6,344 features=27 data_scope=all
[2026-05-15 23:44:20] loading val split=/home/min/Workspace/Graduate-Project/Falling-Model-Development/dataset/splits_v2_filtered/val.csv
[2026-05-15 23:44:24] val rows=363,918 videos=1,811 features=27 data_scope=all
[2026-05-15 23:44:24] loading test split=/home/min/Workspace/Graduate-Project/Falling-Model-Development/dataset/splits_v2_filtered/test.csv
[2026-05-15 23:44:25] test rows=182,782 videos=911 features=27 data_scope=all
[2026-05-15 23:44:41] train windows=370,921 positive=224,347 videos=6,344
[2026-05-15 23:44:44] val windows=74,251 positive=32,590 videos=1,811
[2026-05-15 23:44:46] test windows=37,351 positive=16,447 videos=911
I0000 00:00:1778856291.853085  315390 gpu_device.cc:2043] Created device /job:localhost/replica:0/task:0/device:GPU:0 with 6102 MB memory:  -> device: 0, name: NVIDIA GeForce RTX 2060 SUPER, pci bus id: 0000:05:00.0, compute capability: 7.5
W0000 00:00:1778856293.332012  315390 cpu_allocator_impl.cc:82] Allocation of 1602378720 exceeds 10% of free system memory.
W0000 00:00:1778856294.717986  315390 cpu_allocator_impl.cc:82] Allocation of 1602378720 exceeds 10% of free system memory.
W0000 00:00:1778856297.007911  315390 cpu_allocator_impl.cc:82] Allocation of 1602378720 exceeds 10% of free system memory.
I0000 00:00:1778856299.597303  315907 cuda_dnn.cc:461] Loaded cuDNN version 92200
W0000 00:00:1778856422.707504  315390 cpu_allocator_impl.cc:82] Allocation of 1602378720 exceeds 10% of free system memory.
W0000 00:00:1778856424.086143  315390 cpu_allocator_impl.cc:82] Allocation of 1602378720 exceeds 10% of free system memory.
[2026-05-15 23:48:26] video-level val: videos=1811 f1=0.9614 fall_recall=0.9624 nfall_recall=0.8896 fall_prec=0.9603 nfall_prec=0.8952 min_pr=0.8896 min_consecutive=4
[2026-05-15 23:48:26] video-level test: videos=911 f1=0.9614 fall_recall=0.9715 nfall_recall=0.8653 fall_prec=0.9515 nfall_prec=0.9177 min_pr=0.8653 min_consecutive=4
[2026-05-15 23:48:26] === VAL VIDEO-LEVEL REPORT ===
              precision    recall  f1-score   support

           0     0.8952    0.8896    0.8924       480
           1     0.9603    0.9624    0.9614      1331

    accuracy                         0.9431      1811
   macro avg     0.9277    0.9260    0.9269      1811
weighted avg     0.9430    0.9431    0.9431      1811

[2026-05-15 23:48:26] === TEST VIDEO-LEVEL REPORT ===
              precision    recall  f1-score   support

           0     0.9177    0.8653    0.8908       245
           1     0.9515    0.9715    0.9614       666

    accuracy                         0.9429       911
   macro avg     0.9346    0.9184    0.9261       911
weighted avg     0.9424    0.9429    0.9424       911

[2026-05-15 23:48:37] tflite export subprocess exit=0
[2026-05-15 23:48:37]   [tflite] [P16-v07]
[2026-05-15 23:48:37]   [tflite]   Loading model.keras ...
[2026-05-15 23:48:37]   [tflite]     rebuilding with unroll=True for TFLite compatibility
[2026-05-15 23:48:37]   [tflite] Saved artifact at '/tmp/tmp4rfz0119'. The following endpoints are available:
[2026-05-15 23:48:37]   [tflite] 
[2026-05-15 23:48:37]   [tflite] * Endpoint 'serve'
[2026-05-15 23:48:37]   [tflite]   args_0 (POSITIONAL_ONLY): TensorSpec(shape=(None, 40, 27), dtype=tf.float32, name='pose_sequence')
[2026-05-15 23:48:37]   [tflite] Output Type:
[2026-05-15 23:48:37]   [tflite]   TensorSpec(shape=(None, 2), dtype=tf.float32, name=None)
[2026-05-15 23:48:37]   [tflite] Captures:
[2026-05-15 23:48:37]   [tflite]   125583983318544: TensorSpec(shape=(), dtype=tf.resource, name=None)
[2026-05-15 23:48:37]   [tflite]   125583983319312: TensorSpec(shape=(), dtype=tf.resource, name=None)
[2026-05-15 23:48:37]   [tflite]   125583983319120: TensorSpec(shape=(), dtype=tf.resource, name=None)
[2026-05-15 23:48:37]   [tflite]   125583983319504: TensorSpec(shape=(), dtype=tf.resource, name=None)
[2026-05-15 23:48:37]   [tflite]   125583983317584: TensorSpec(shape=(), dtype=tf.resource, name=None)
[2026-05-15 23:48:37]   [tflite]   125583983319696: TensorSpec(shape=(), dtype=tf.resource, name=None)
[2026-05-15 23:48:37]   [tflite]   125583983320080: TensorSpec(shape=(), dtype=tf.resource, name=None)
[2026-05-15 23:48:37]   [tflite]   125583983319888: TensorSpec(shape=(), dtype=tf.resource, name=None)
[2026-05-15 23:48:37]   [tflite]   125583983318736: TensorSpec(shape=(), dtype=tf.resource, name=None)
[2026-05-15 23:48:37]   [tflite]   125583983320272: TensorSpec(shape=(), dtype=tf.resource, name=None)
[2026-05-15 23:48:37]   [tflite]   125583983321040: TensorSpec(shape=(), dtype=tf.resource, name=None)
[2026-05-15 23:48:37]   [tflite]   125583983322384: TensorSpec(shape=(), dtype=tf.resource, name=None)
[2026-05-15 23:48:37]   [tflite]   125583983321424: TensorSpec(shape=(), dtype=tf.resource, name=None)
[2026-05-15 23:48:37]   [tflite]   125583983321808: TensorSpec(shape=(), dtype=tf.resource, name=None)
[2026-05-15 23:48:37]   [tflite]   125583983321232: TensorSpec(shape=(), dtype=tf.resource, name=None)
[2026-05-15 23:48:37]   [tflite]   125583983322768: TensorSpec(shape=(), dtype=tf.resource, name=None)
[2026-05-15 23:48:37]   [tflite]   125583983322576: TensorSpec(shape=(), dtype=tf.resource, name=None)
[2026-05-15 23:48:37]   [tflite]   125583983323536: TensorSpec(shape=(), dtype=tf.resource, name=None)
[2026-05-15 23:48:37]   [tflite]   125583983320464: TensorSpec(shape=(), dtype=tf.resource, name=None)
[2026-05-15 23:48:37]   [tflite]   125583983322960: TensorSpec(shape=(), dtype=tf.resource, name=None)
[2026-05-15 23:48:37]   [tflite]   125583983323920: TensorSpec(shape=(), dtype=tf.resource, name=None)
[2026-05-15 23:48:37]   [tflite]   125583983324112: TensorSpec(shape=(), dtype=tf.resource, name=None)
[2026-05-15 23:48:37]   [tflite]   125583983322192: TensorSpec(shape=(), dtype=tf.resource, name=None)
[2026-05-15 23:48:37]   [tflite]   125583983324688: TensorSpec(shape=(), dtype=tf.resource, name=None)
[2026-05-15 23:48:37]   [tflite]     fp32 OK (806 KB)
[2026-05-15 23:48:37]   [tflite] Saved artifact at '/tmp/tmp7ypm870x'. The following endpoints are available:
[2026-05-15 23:48:37]   [tflite] 
[2026-05-15 23:48:37]   [tflite] * Endpoint 'serve'
[2026-05-15 23:48:37]   [tflite]   args_0 (POSITIONAL_ONLY): TensorSpec(shape=(None, 40, 27), dtype=tf.float32, name='pose_sequence')
[2026-05-15 23:48:37]   [tflite] Output Type:
[2026-05-15 23:48:37]   [tflite]   TensorSpec(shape=(None, 2), dtype=tf.float32, name=None)
[2026-05-15 23:48:37]   [tflite] Captures:
[2026-05-15 23:48:37]   [tflite]   125583983318544: TensorSpec(shape=(), dtype=tf.resource, name=None)
[2026-05-15 23:48:37]   [tflite]   125583983319312: TensorSpec(shape=(), dtype=tf.resource, name=None)
[2026-05-15 23:48:37]   [tflite]   125583983319120: TensorSpec(shape=(), dtype=tf.resource, name=None)
[2026-05-15 23:48:37]   [tflite]   125583983319504: TensorSpec(shape=(), dtype=tf.resource, name=None)
[2026-05-15 23:48:37]   [tflite]   125583983317584: TensorSpec(shape=(), dtype=tf.resource, name=None)
[2026-05-15 23:48:37]   [tflite]   125583983319696: TensorSpec(shape=(), dtype=tf.resource, name=None)
[2026-05-15 23:48:37]   [tflite]   125583983320080: TensorSpec(shape=(), dtype=tf.resource, name=None)
[2026-05-15 23:48:37]   [tflite]   125583983319888: TensorSpec(shape=(), dtype=tf.resource, name=None)
[2026-05-15 23:48:37]   [tflite]   125583983318736: TensorSpec(shape=(), dtype=tf.resource, name=None)
[2026-05-15 23:48:37]   [tflite]   125583983320272: TensorSpec(shape=(), dtype=tf.resource, name=None)
[2026-05-15 23:48:37]   [tflite]   125583983321040: TensorSpec(shape=(), dtype=tf.resource, name=None)
[2026-05-15 23:48:37]   [tflite]   125583983322384: TensorSpec(shape=(), dtype=tf.resource, name=None)
[2026-05-15 23:48:37]   [tflite]   125583983321424: TensorSpec(shape=(), dtype=tf.resource, name=None)
[2026-05-15 23:48:37]   [tflite]   125583983321808: TensorSpec(shape=(), dtype=tf.resource, name=None)
[2026-05-15 23:48:37]   [tflite]   125583983321232: TensorSpec(shape=(), dtype=tf.resource, name=None)
[2026-05-15 23:48:37]   [tflite]   125583983322768: TensorSpec(shape=(), dtype=tf.resource, name=None)
[2026-05-15 23:48:37]   [tflite]   125583983322576: TensorSpec(shape=(), dtype=tf.resource, name=None)
[2026-05-15 23:48:37]   [tflite]   125583983323536: TensorSpec(shape=(), dtype=tf.resource, name=None)
[2026-05-15 23:48:37]   [tflite]   125583983320464: TensorSpec(shape=(), dtype=tf.resource, name=None)
[2026-05-15 23:48:37]   [tflite]   125583983322960: TensorSpec(shape=(), dtype=tf.resource, name=None)
[2026-05-15 23:48:37]   [tflite]   125583983323920: TensorSpec(shape=(), dtype=tf.resource, name=None)
[2026-05-15 23:48:37]   [tflite]   125583983324112: TensorSpec(shape=(), dtype=tf.resource, name=None)
[2026-05-15 23:48:37]   [tflite]   125583983322192: TensorSpec(shape=(), dtype=tf.resource, name=None)
[2026-05-15 23:48:37]   [tflite]   125583983324688: TensorSpec(shape=(), dtype=tf.resource, name=None)
[2026-05-15 23:48:37]   [tflite]     int8 OK (1236 KB)
[2026-05-15 23:48:37]   [tflite] 
[2026-05-15 23:48:37]   [tflite] Done.
/home/min/Workspace/Graduate-Project/Falling-Model-Development/.venv/lib/python3.13/site-packages/tensorflow/lite/python/interpreter.py:457: UserWarning:     Warning: tf.lite.Interpreter is deprecated and is scheduled for deletion in
    TF 2.20. Please use the LiteRT interpreter from the ai_edge_litert package.
    See the [migration guide](https://ai.google.dev/edge/litert/migration)
    for details.
    
  warnings.warn(_INTERPRETER_DELETION_WARNING)
INFO: Created TensorFlow Lite XNNPACK delegate for CPU.
[2026-05-15 23:48:38] done P16-v07 val_f1=0.8777 (video=0.9614) test_f1=0.8845 (video=0.9614) test_min_pr=0.8653 threshold=0.500 min_consecutive=4
[2026-05-15 23:48:40] OK    P16-v07  test_min_pr=0.8653
[2026-05-15 23:48:40] START P16-v08
WARNING: All log messages before absl::InitializeLog() is called are written to STDERR
I0000 00:00:1778856520.696072  319502 cpu_feature_guard.cc:227] This TensorFlow binary is optimized to use available CPU instructions in performance-critical operations.
To enable the following instructions: AVX2 FMA, in other operations, rebuild TensorFlow with the appropriate compiler flags.
[2026-05-15 23:48:42] loading train split=/home/min/Workspace/Graduate-Project/Falling-Model-Development/dataset/splits_v2_filtered/train.csv
[2026-05-15 23:48:55] train rows=1,274,014 videos=6,344 features=27 data_scope=all
[2026-05-15 23:48:55] loading val split=/home/min/Workspace/Graduate-Project/Falling-Model-Development/dataset/splits_v2_filtered/val.csv
[2026-05-15 23:48:58] val rows=363,918 videos=1,811 features=27 data_scope=all
[2026-05-15 23:48:58] loading test split=/home/min/Workspace/Graduate-Project/Falling-Model-Development/dataset/splits_v2_filtered/test.csv
[2026-05-15 23:49:00] test rows=182,782 videos=911 features=27 data_scope=all
[2026-05-15 23:49:15] train windows=370,921 positive=224,347 videos=6,344
[2026-05-15 23:49:19] val windows=74,251 positive=32,590 videos=1,811
[2026-05-15 23:49:20] test windows=37,351 positive=16,447 videos=911
I0000 00:00:1778856566.372770  319502 gpu_device.cc:2043] Created device /job:localhost/replica:0/task:0/device:GPU:0 with 6096 MB memory:  -> device: 0, name: NVIDIA GeForce RTX 2060 SUPER, pci bus id: 0000:05:00.0, compute capability: 7.5
W0000 00:00:1778856568.013044  319502 cpu_allocator_impl.cc:82] Allocation of 1602378720 exceeds 10% of free system memory.
W0000 00:00:1778856569.387841  319502 cpu_allocator_impl.cc:82] Allocation of 1602378720 exceeds 10% of free system memory.
W0000 00:00:1778856571.723344  319502 cpu_allocator_impl.cc:82] Allocation of 1602378720 exceeds 10% of free system memory.
I0000 00:00:1778856574.311670  320006 cuda_dnn.cc:461] Loaded cuDNN version 92200
W0000 00:00:1778856675.362504  319502 cpu_allocator_impl.cc:82] Allocation of 1602378720 exceeds 10% of free system memory.
W0000 00:00:1778856676.721137  319502 cpu_allocator_impl.cc:82] Allocation of 1602378720 exceeds 10% of free system memory.
[2026-05-15 23:52:39] video-level val: videos=1811 f1=0.9602 fall_recall=0.9609 nfall_recall=0.8875 fall_prec=0.9595 nfall_prec=0.8912 min_pr=0.8875 min_consecutive=3
[2026-05-15 23:52:40] video-level test: videos=911 f1=0.9589 fall_recall=0.9625 nfall_recall=0.8776 fall_prec=0.9553 nfall_prec=0.8958 min_pr=0.8776 min_consecutive=3
[2026-05-15 23:52:40] === VAL VIDEO-LEVEL REPORT ===
              precision    recall  f1-score   support

           0     0.8912    0.8875    0.8894       480
           1     0.9595    0.9609    0.9602      1331

    accuracy                         0.9415      1811
   macro avg     0.9254    0.9242    0.9248      1811
weighted avg     0.9414    0.9415    0.9414      1811

[2026-05-15 23:52:40] === TEST VIDEO-LEVEL REPORT ===
              precision    recall  f1-score   support

           0     0.8958    0.8776    0.8866       245
           1     0.9553    0.9625    0.9589       666

    accuracy                         0.9396       911
   macro avg     0.9256    0.9200    0.9227       911
weighted avg     0.9393    0.9396    0.9394       911

[2026-05-15 23:52:50] tflite export subprocess exit=0
[2026-05-15 23:52:50]   [tflite] [P16-v08]
[2026-05-15 23:52:50]   [tflite]   Loading model.keras ...
[2026-05-15 23:52:50]   [tflite]     rebuilding with unroll=True for TFLite compatibility
[2026-05-15 23:52:50]   [tflite] Saved artifact at '/tmp/tmphy1aaaxn'. The following endpoints are available:
[2026-05-15 23:52:50]   [tflite] 
[2026-05-15 23:52:50]   [tflite] * Endpoint 'serve'
[2026-05-15 23:52:50]   [tflite]   args_0 (POSITIONAL_ONLY): TensorSpec(shape=(None, 40, 27), dtype=tf.float32, name='pose_sequence')
[2026-05-15 23:52:50]   [tflite] Output Type:
[2026-05-15 23:52:50]   [tflite]   TensorSpec(shape=(None, 2), dtype=tf.float32, name=None)
[2026-05-15 23:52:50]   [tflite] Captures:
[2026-05-15 23:52:50]   [tflite]   134388995233680: TensorSpec(shape=(), dtype=tf.resource, name=None)
[2026-05-15 23:52:50]   [tflite]   134388995234448: TensorSpec(shape=(), dtype=tf.resource, name=None)
[2026-05-15 23:52:50]   [tflite]   134388995234256: TensorSpec(shape=(), dtype=tf.resource, name=None)
[2026-05-15 23:52:50]   [tflite]   134388995234640: TensorSpec(shape=(), dtype=tf.resource, name=None)
[2026-05-15 23:52:50]   [tflite]   134388995232720: TensorSpec(shape=(), dtype=tf.resource, name=None)
[2026-05-15 23:52:50]   [tflite]   134388995234832: TensorSpec(shape=(), dtype=tf.resource, name=None)
[2026-05-15 23:52:50]   [tflite]   134388995235216: TensorSpec(shape=(), dtype=tf.resource, name=None)
[2026-05-15 23:52:50]   [tflite]   134388995235024: TensorSpec(shape=(), dtype=tf.resource, name=None)
[2026-05-15 23:52:50]   [tflite]   134388995233872: TensorSpec(shape=(), dtype=tf.resource, name=None)
[2026-05-15 23:52:50]   [tflite]   134388995235408: TensorSpec(shape=(), dtype=tf.resource, name=None)
[2026-05-15 23:52:50]   [tflite]   134388995236176: TensorSpec(shape=(), dtype=tf.resource, name=None)
[2026-05-15 23:52:50]   [tflite]   134388995237520: TensorSpec(shape=(), dtype=tf.resource, name=None)
[2026-05-15 23:52:50]   [tflite]   134388995236560: TensorSpec(shape=(), dtype=tf.resource, name=None)
[2026-05-15 23:52:50]   [tflite]   134388995236944: TensorSpec(shape=(), dtype=tf.resource, name=None)
[2026-05-15 23:52:50]   [tflite]   134388995236368: TensorSpec(shape=(), dtype=tf.resource, name=None)
[2026-05-15 23:52:50]   [tflite]   134388995237904: TensorSpec(shape=(), dtype=tf.resource, name=None)
[2026-05-15 23:52:50]   [tflite]   134388995237712: TensorSpec(shape=(), dtype=tf.resource, name=None)
[2026-05-15 23:52:50]   [tflite]   134388995238672: TensorSpec(shape=(), dtype=tf.resource, name=None)
[2026-05-15 23:52:50]   [tflite]   134388995235600: TensorSpec(shape=(), dtype=tf.resource, name=None)
[2026-05-15 23:52:50]   [tflite]   134388995238096: TensorSpec(shape=(), dtype=tf.resource, name=None)
[2026-05-15 23:52:50]   [tflite]   134388995239056: TensorSpec(shape=(), dtype=tf.resource, name=None)
[2026-05-15 23:52:50]   [tflite]   134388995239248: TensorSpec(shape=(), dtype=tf.resource, name=None)
[2026-05-15 23:52:50]   [tflite]   134388995237328: TensorSpec(shape=(), dtype=tf.resource, name=None)
[2026-05-15 23:52:50]   [tflite]   134388995239824: TensorSpec(shape=(), dtype=tf.resource, name=None)
[2026-05-15 23:52:50]   [tflite]     fp32 OK (806 KB)
[2026-05-15 23:52:50]   [tflite] Saved artifact at '/tmp/tmpgcb0okx4'. The following endpoints are available:
[2026-05-15 23:52:50]   [tflite] 
[2026-05-15 23:52:50]   [tflite] * Endpoint 'serve'
[2026-05-15 23:52:50]   [tflite]   args_0 (POSITIONAL_ONLY): TensorSpec(shape=(None, 40, 27), dtype=tf.float32, name='pose_sequence')
[2026-05-15 23:52:50]   [tflite] Output Type:
[2026-05-15 23:52:50]   [tflite]   TensorSpec(shape=(None, 2), dtype=tf.float32, name=None)
[2026-05-15 23:52:50]   [tflite] Captures:
[2026-05-15 23:52:50]   [tflite]   134388995233680: TensorSpec(shape=(), dtype=tf.resource, name=None)
[2026-05-15 23:52:50]   [tflite]   134388995234448: TensorSpec(shape=(), dtype=tf.resource, name=None)
[2026-05-15 23:52:50]   [tflite]   134388995234256: TensorSpec(shape=(), dtype=tf.resource, name=None)
[2026-05-15 23:52:50]   [tflite]   134388995234640: TensorSpec(shape=(), dtype=tf.resource, name=None)
[2026-05-15 23:52:50]   [tflite]   134388995232720: TensorSpec(shape=(), dtype=tf.resource, name=None)
[2026-05-15 23:52:50]   [tflite]   134388995234832: TensorSpec(shape=(), dtype=tf.resource, name=None)
[2026-05-15 23:52:50]   [tflite]   134388995235216: TensorSpec(shape=(), dtype=tf.resource, name=None)
[2026-05-15 23:52:50]   [tflite]   134388995235024: TensorSpec(shape=(), dtype=tf.resource, name=None)
[2026-05-15 23:52:50]   [tflite]   134388995233872: TensorSpec(shape=(), dtype=tf.resource, name=None)
[2026-05-15 23:52:50]   [tflite]   134388995235408: TensorSpec(shape=(), dtype=tf.resource, name=None)
[2026-05-15 23:52:50]   [tflite]   134388995236176: TensorSpec(shape=(), dtype=tf.resource, name=None)
[2026-05-15 23:52:50]   [tflite]   134388995237520: TensorSpec(shape=(), dtype=tf.resource, name=None)
[2026-05-15 23:52:50]   [tflite]   134388995236560: TensorSpec(shape=(), dtype=tf.resource, name=None)
[2026-05-15 23:52:50]   [tflite]   134388995236944: TensorSpec(shape=(), dtype=tf.resource, name=None)
[2026-05-15 23:52:50]   [tflite]   134388995236368: TensorSpec(shape=(), dtype=tf.resource, name=None)
[2026-05-15 23:52:50]   [tflite]   134388995237904: TensorSpec(shape=(), dtype=tf.resource, name=None)
[2026-05-15 23:52:50]   [tflite]   134388995237712: TensorSpec(shape=(), dtype=tf.resource, name=None)
[2026-05-15 23:52:50]   [tflite]   134388995238672: TensorSpec(shape=(), dtype=tf.resource, name=None)
[2026-05-15 23:52:50]   [tflite]   134388995235600: TensorSpec(shape=(), dtype=tf.resource, name=None)
[2026-05-15 23:52:50]   [tflite]   134388995238096: TensorSpec(shape=(), dtype=tf.resource, name=None)
[2026-05-15 23:52:50]   [tflite]   134388995239056: TensorSpec(shape=(), dtype=tf.resource, name=None)
[2026-05-15 23:52:50]   [tflite]   134388995239248: TensorSpec(shape=(), dtype=tf.resource, name=None)
[2026-05-15 23:52:50]   [tflite]   134388995237328: TensorSpec(shape=(), dtype=tf.resource, name=None)
[2026-05-15 23:52:50]   [tflite]   134388995239824: TensorSpec(shape=(), dtype=tf.resource, name=None)
[2026-05-15 23:52:50]   [tflite]     int8 OK (1231 KB)
[2026-05-15 23:52:50]   [tflite] 
[2026-05-15 23:52:50]   [tflite] Done.
/home/min/Workspace/Graduate-Project/Falling-Model-Development/.venv/lib/python3.13/site-packages/tensorflow/lite/python/interpreter.py:457: UserWarning:     Warning: tf.lite.Interpreter is deprecated and is scheduled for deletion in
    TF 2.20. Please use the LiteRT interpreter from the ai_edge_litert package.
    See the [migration guide](https://ai.google.dev/edge/litert/migration)
    for details.
    
  warnings.warn(_INTERPRETER_DELETION_WARNING)
INFO: Created TensorFlow Lite XNNPACK delegate for CPU.
[2026-05-15 23:52:52] done P16-v08 val_f1=0.8705 (video=0.9602) test_f1=0.8755 (video=0.9589) test_min_pr=0.8776 threshold=0.475 min_consecutive=3
[2026-05-15 23:52:53] OK    P16-v08  test_min_pr=0.8776
[2026-05-15 23:52:53] === Phase 16 summary ===
P16-v01              0.8980   0.9205   0.8980   0.9628   0.9715  0.450   5 
  CM: TN=220 FP=25 FN=19 TP=647
P16-v02              0.8980   0.9167   0.8980   0.9627   0.9700  0.425   4 
  CM: TN=220 FP=25 FN=20 TP=646
P16-v03              0.8653   0.9060   0.8653   0.9513   0.9670  0.500   4 
  CM: TN=212 FP=33 FN=22 TP=644
P16-v04              0.8816   0.9231   0.8816   0.9572   0.9730  0.525   2 
  CM: TN=216 FP=29 FN=18 TP=648
P16-v05              0.8531   0.9289   0.8531   0.9475   0.9760  0.400   7 
  CM: TN=209 FP=36 FN=16 TP=650
P16-v06              0.8898   0.9160   0.8898   0.9599   0.9700  0.500   3 
  CM: TN=218 FP=27 FN=20 TP=646
P16-v07              0.8653   0.9177   0.8653   0.9515   0.9715  0.500   4 
  CM: TN=212 FP=33 FN=19 TP=647
P16-v08              0.8776   0.8958   0.8776   0.9553   0.9625  0.475   3 
  CM: TN=215 FP=30 FN=25 TP=641
[2026-05-15 23:52:53] Phase 16 complete — MinPR < 0.92, continuing to Phase 17
[2026-05-15 23:52:53] Building splits_v2_filtered_kv dataset (per-keypoint velocity)...
Source : /home/min/Workspace/Graduate-Project/Falling-Model-Development/dataset/splits_v2
Output : /home/min/Workspace/Graduate-Project/Falling-Model-Development/dataset/splits_v2_filtered_kv

[train]
  Loading train.csv ... 1,274,014 rows, 6,344 videos
    → /home/min/Workspace/Graduate-Project/Falling-Model-Development/dataset/splits_v2_filtered_kv/train.csv  (normal=1,177,257  falling=96,757  fallen=422,135  vel_cols=10)

[val]
  Loading val.csv ... 363,918 rows, 1,811 videos
    → /home/min/Workspace/Graduate-Project/Falling-Model-Development/dataset/splits_v2_filtered_kv/val.csv  (normal=336,309  falling=27,609  fallen=119,966  vel_cols=10)

[test]
  Loading test.csv ... 182,782 rows, 911 videos
    → /home/min/Workspace/Graduate-Project/Falling-Model-Development/dataset/splits_v2_filtered_kv/test.csv  (normal=168,903  falling=13,879  fallen=60,493  vel_cols=10)

Done.
[2026-05-15 23:58:13] Dataset build complete
[2026-05-15 23:58:13] === Starting Phase 17 (velocity features kp7kv) ===
[2026-05-15 23:58:13] START P17-v01
WARNING: All log messages before absl::InitializeLog() is called are written to STDERR
I0000 00:00:1778857093.819800  326504 cpu_feature_guard.cc:227] This TensorFlow binary is optimized to use available CPU instructions in performance-critical operations.
To enable the following instructions: AVX2 FMA, in other operations, rebuild TensorFlow with the appropriate compiler flags.
[2026-05-15 23:58:15] loading train split=/home/min/Workspace/Graduate-Project/Falling-Model-Development/dataset/splits_v2_filtered_kv/train.csv
[2026-05-15 23:58:31] train rows=1,274,014 videos=6,344 features=37 data_scope=all
[2026-05-15 23:58:31] loading val split=/home/min/Workspace/Graduate-Project/Falling-Model-Development/dataset/splits_v2_filtered_kv/val.csv
[2026-05-15 23:58:35] val rows=363,918 videos=1,811 features=37 data_scope=all
[2026-05-15 23:58:35] loading test split=/home/min/Workspace/Graduate-Project/Falling-Model-Development/dataset/splits_v2_filtered_kv/test.csv
[2026-05-15 23:58:37] test rows=182,782 videos=911 features=37 data_scope=all
[2026-05-15 23:58:54] train windows=370,921 positive=224,347 videos=6,344
[2026-05-15 23:58:57] val windows=74,251 positive=32,590 videos=1,811
[2026-05-15 23:58:59] test windows=37,351 positive=16,447 videos=911
I0000 00:00:1778857146.468026  326504 gpu_device.cc:2043] Created device /job:localhost/replica:0/task:0/device:GPU:0 with 6097 MB memory:  -> device: 0, name: NVIDIA GeForce RTX 2060 SUPER, pci bus id: 0000:05:00.0, compute capability: 7.5
W0000 00:00:1778857148.242475  326504 cpu_allocator_impl.cc:82] Allocation of 2195852320 exceeds 10% of free system memory.
W0000 00:00:1778857150.132379  326504 cpu_allocator_impl.cc:82] Allocation of 2195852320 exceeds 10% of free system memory.
W0000 00:00:1778857152.979859  326504 cpu_allocator_impl.cc:82] Allocation of 2195852320 exceeds 10% of free system memory.
I0000 00:00:1778857155.936784  327037 cuda_dnn.cc:461] Loaded cuDNN version 92200
W0000 00:00:1778857308.636491  326504 cpu_allocator_impl.cc:82] Allocation of 2195852320 exceeds 10% of free system memory.
W0000 00:00:1778857310.531283  326504 cpu_allocator_impl.cc:82] Allocation of 2195852320 exceeds 10% of free system memory.
[2026-05-16 00:03:14] video-level val: videos=1811 f1=0.9613 fall_recall=0.9602 nfall_recall=0.8958 fall_prec=0.9623 nfall_prec=0.8903 min_pr=0.8903 min_consecutive=3
[2026-05-16 00:03:15] video-level test: videos=911 f1=0.9647 fall_recall=0.9655 nfall_recall=0.9020 fall_prec=0.9640 nfall_prec=0.9057 min_pr=0.9020 min_consecutive=3
[2026-05-16 00:03:15] === VAL VIDEO-LEVEL REPORT ===
              precision    recall  f1-score   support

           0     0.8903    0.8958    0.8930       480
           1     0.9623    0.9602    0.9613      1331

    accuracy                         0.9431      1811
   macro avg     0.9263    0.9280    0.9272      1811
weighted avg     0.9432    0.9431    0.9432      1811

[2026-05-16 00:03:15] === TEST VIDEO-LEVEL REPORT ===
              precision    recall  f1-score   support

           0     0.9057    0.9020    0.9039       245
           1     0.9640    0.9655    0.9647       666

    accuracy                         0.9484       911
   macro avg     0.9349    0.9338    0.9343       911
weighted avg     0.9483    0.9484    0.9484       911

[2026-05-16 00:03:26] tflite export subprocess exit=0
[2026-05-16 00:03:26]   [tflite] [P17-v01]
[2026-05-16 00:03:26]   [tflite]   Loading model.keras ...
[2026-05-16 00:03:26]   [tflite]     rebuilding with unroll=True for TFLite compatibility
[2026-05-16 00:03:26]   [tflite] Saved artifact at '/tmp/tmpnby7n1k_'. The following endpoints are available:
[2026-05-16 00:03:26]   [tflite] 
[2026-05-16 00:03:26]   [tflite] * Endpoint 'serve'
[2026-05-16 00:03:26]   [tflite]   args_0 (POSITIONAL_ONLY): TensorSpec(shape=(None, 40, 37), dtype=tf.float32, name='pose_sequence')
[2026-05-16 00:03:26]   [tflite] Output Type:
[2026-05-16 00:03:26]   [tflite]   TensorSpec(shape=(None, 2), dtype=tf.float32, name=None)
[2026-05-16 00:03:26]   [tflite] Captures:
[2026-05-16 00:03:26]   [tflite]   131411707368976: TensorSpec(shape=(), dtype=tf.resource, name=None)
[2026-05-16 00:03:26]   [tflite]   131411707369744: TensorSpec(shape=(), dtype=tf.resource, name=None)
[2026-05-16 00:03:26]   [tflite]   131411707369552: TensorSpec(shape=(), dtype=tf.resource, name=None)
[2026-05-16 00:03:26]   [tflite]   131411707369936: TensorSpec(shape=(), dtype=tf.resource, name=None)
[2026-05-16 00:03:26]   [tflite]   131411707368016: TensorSpec(shape=(), dtype=tf.resource, name=None)
[2026-05-16 00:03:26]   [tflite]   131411707370128: TensorSpec(shape=(), dtype=tf.resource, name=None)
[2026-05-16 00:03:26]   [tflite]   131411707370512: TensorSpec(shape=(), dtype=tf.resource, name=None)
[2026-05-16 00:03:26]   [tflite]   131411707370320: TensorSpec(shape=(), dtype=tf.resource, name=None)
[2026-05-16 00:03:26]   [tflite]   131411707369168: TensorSpec(shape=(), dtype=tf.resource, name=None)
[2026-05-16 00:03:26]   [tflite]   131411707370704: TensorSpec(shape=(), dtype=tf.resource, name=None)
[2026-05-16 00:03:26]   [tflite]   131411707371472: TensorSpec(shape=(), dtype=tf.resource, name=None)
[2026-05-16 00:03:26]   [tflite]   131411707372816: TensorSpec(shape=(), dtype=tf.resource, name=None)
[2026-05-16 00:03:26]   [tflite]   131411707371856: TensorSpec(shape=(), dtype=tf.resource, name=None)
[2026-05-16 00:03:26]   [tflite]   131411707372240: TensorSpec(shape=(), dtype=tf.resource, name=None)
[2026-05-16 00:03:26]   [tflite]   131411707371664: TensorSpec(shape=(), dtype=tf.resource, name=None)
[2026-05-16 00:03:26]   [tflite]   131411707373200: TensorSpec(shape=(), dtype=tf.resource, name=None)
[2026-05-16 00:03:26]   [tflite]   131411707373008: TensorSpec(shape=(), dtype=tf.resource, name=None)
[2026-05-16 00:03:26]   [tflite]   131411707373968: TensorSpec(shape=(), dtype=tf.resource, name=None)
[2026-05-16 00:03:26]   [tflite]   131411707370896: TensorSpec(shape=(), dtype=tf.resource, name=None)
[2026-05-16 00:03:26]   [tflite]   131411707373392: TensorSpec(shape=(), dtype=tf.resource, name=None)
[2026-05-16 00:03:26]   [tflite]   131411707374352: TensorSpec(shape=(), dtype=tf.resource, name=None)
[2026-05-16 00:03:26]   [tflite]   131411707374544: TensorSpec(shape=(), dtype=tf.resource, name=None)
[2026-05-16 00:03:26]   [tflite]   131411707372624: TensorSpec(shape=(), dtype=tf.resource, name=None)
[2026-05-16 00:03:26]   [tflite]   131411707375120: TensorSpec(shape=(), dtype=tf.resource, name=None)
[2026-05-16 00:03:26]   [tflite]     fp32 OK (819 KB)
[2026-05-16 00:03:26]   [tflite] Saved artifact at '/tmp/tmpiwzedcow'. The following endpoints are available:
[2026-05-16 00:03:26]   [tflite] 
[2026-05-16 00:03:26]   [tflite] * Endpoint 'serve'
[2026-05-16 00:03:26]   [tflite]   args_0 (POSITIONAL_ONLY): TensorSpec(shape=(None, 40, 37), dtype=tf.float32, name='pose_sequence')
[2026-05-16 00:03:26]   [tflite] Output Type:
[2026-05-16 00:03:26]   [tflite]   TensorSpec(shape=(None, 2), dtype=tf.float32, name=None)
[2026-05-16 00:03:26]   [tflite] Captures:
[2026-05-16 00:03:26]   [tflite]   131411707368976: TensorSpec(shape=(), dtype=tf.resource, name=None)
[2026-05-16 00:03:26]   [tflite]   131411707369744: TensorSpec(shape=(), dtype=tf.resource, name=None)
[2026-05-16 00:03:26]   [tflite]   131411707369552: TensorSpec(shape=(), dtype=tf.resource, name=None)
[2026-05-16 00:03:26]   [tflite]   131411707369936: TensorSpec(shape=(), dtype=tf.resource, name=None)
[2026-05-16 00:03:26]   [tflite]   131411707368016: TensorSpec(shape=(), dtype=tf.resource, name=None)
[2026-05-16 00:03:26]   [tflite]   131411707370128: TensorSpec(shape=(), dtype=tf.resource, name=None)
[2026-05-16 00:03:26]   [tflite]   131411707370512: TensorSpec(shape=(), dtype=tf.resource, name=None)
[2026-05-16 00:03:26]   [tflite]   131411707370320: TensorSpec(shape=(), dtype=tf.resource, name=None)
[2026-05-16 00:03:26]   [tflite]   131411707369168: TensorSpec(shape=(), dtype=tf.resource, name=None)
[2026-05-16 00:03:26]   [tflite]   131411707370704: TensorSpec(shape=(), dtype=tf.resource, name=None)
[2026-05-16 00:03:26]   [tflite]   131411707371472: TensorSpec(shape=(), dtype=tf.resource, name=None)
[2026-05-16 00:03:26]   [tflite]   131411707372816: TensorSpec(shape=(), dtype=tf.resource, name=None)
[2026-05-16 00:03:26]   [tflite]   131411707371856: TensorSpec(shape=(), dtype=tf.resource, name=None)
[2026-05-16 00:03:26]   [tflite]   131411707372240: TensorSpec(shape=(), dtype=tf.resource, name=None)
[2026-05-16 00:03:26]   [tflite]   131411707371664: TensorSpec(shape=(), dtype=tf.resource, name=None)
[2026-05-16 00:03:26]   [tflite]   131411707373200: TensorSpec(shape=(), dtype=tf.resource, name=None)
[2026-05-16 00:03:26]   [tflite]   131411707373008: TensorSpec(shape=(), dtype=tf.resource, name=None)
[2026-05-16 00:03:26]   [tflite]   131411707373968: TensorSpec(shape=(), dtype=tf.resource, name=None)
[2026-05-16 00:03:26]   [tflite]   131411707370896: TensorSpec(shape=(), dtype=tf.resource, name=None)
[2026-05-16 00:03:26]   [tflite]   131411707373392: TensorSpec(shape=(), dtype=tf.resource, name=None)
[2026-05-16 00:03:26]   [tflite]   131411707374352: TensorSpec(shape=(), dtype=tf.resource, name=None)
[2026-05-16 00:03:26]   [tflite]   131411707374544: TensorSpec(shape=(), dtype=tf.resource, name=None)
[2026-05-16 00:03:26]   [tflite]   131411707372624: TensorSpec(shape=(), dtype=tf.resource, name=None)
[2026-05-16 00:03:26]   [tflite]   131411707375120: TensorSpec(shape=(), dtype=tf.resource, name=None)
[2026-05-16 00:03:26]   [tflite]     int8 OK (1235 KB)
[2026-05-16 00:03:26]   [tflite] 
[2026-05-16 00:03:26]   [tflite] Done.
/home/min/Workspace/Graduate-Project/Falling-Model-Development/.venv/lib/python3.13/site-packages/tensorflow/lite/python/interpreter.py:457: UserWarning:     Warning: tf.lite.Interpreter is deprecated and is scheduled for deletion in
    TF 2.20. Please use the LiteRT interpreter from the ai_edge_litert package.
    See the [migration guide](https://ai.google.dev/edge/litert/migration)
    for details.
    
  warnings.warn(_INTERPRETER_DELETION_WARNING)
INFO: Created TensorFlow Lite XNNPACK delegate for CPU.
[2026-05-16 00:03:27] done P17-v01 val_f1=0.8786 (video=0.9613) test_f1=0.8894 (video=0.9647) test_min_pr=0.9020 threshold=0.550 min_consecutive=3
[2026-05-16 00:03:29] OK    P17-v01  test_min_pr=0.9020
[2026-05-16 00:03:29] START P17-v02
WARNING: All log messages before absl::InitializeLog() is called are written to STDERR
I0000 00:00:1778857409.678666  331245 cpu_feature_guard.cc:227] This TensorFlow binary is optimized to use available CPU instructions in performance-critical operations.
To enable the following instructions: AVX2 FMA, in other operations, rebuild TensorFlow with the appropriate compiler flags.
[2026-05-16 00:03:31] loading train split=/home/min/Workspace/Graduate-Project/Falling-Model-Development/dataset/splits_v2_filtered_kv/train.csv
[2026-05-16 00:03:47] train rows=1,274,014 videos=6,344 features=37 data_scope=all
[2026-05-16 00:03:47] loading val split=/home/min/Workspace/Graduate-Project/Falling-Model-Development/dataset/splits_v2_filtered_kv/val.csv
[2026-05-16 00:03:51] val rows=363,918 videos=1,811 features=37 data_scope=all
[2026-05-16 00:03:51] loading test split=/home/min/Workspace/Graduate-Project/Falling-Model-Development/dataset/splits_v2_filtered_kv/test.csv
[2026-05-16 00:03:54] test rows=182,782 videos=911 features=37 data_scope=all
[2026-05-16 00:04:10] train windows=370,921 positive=224,347 videos=6,344
[2026-05-16 00:04:14] val windows=74,251 positive=32,590 videos=1,811
[2026-05-16 00:04:16] test windows=37,351 positive=16,447 videos=911
I0000 00:00:1778857462.907999  331245 gpu_device.cc:2043] Created device /job:localhost/replica:0/task:0/device:GPU:0 with 6096 MB memory:  -> device: 0, name: NVIDIA GeForce RTX 2060 SUPER, pci bus id: 0000:05:00.0, compute capability: 7.5
W0000 00:00:1778857464.658748  331245 cpu_allocator_impl.cc:82] Allocation of 2195852320 exceeds 10% of free system memory.
W0000 00:00:1778857466.526193  331245 cpu_allocator_impl.cc:82] Allocation of 2195852320 exceeds 10% of free system memory.
W0000 00:00:1778857469.318719  331245 cpu_allocator_impl.cc:82] Allocation of 2195852320 exceeds 10% of free system memory.
I0000 00:00:1778857472.244008  331936 cuda_dnn.cc:461] Loaded cuDNN version 92200
W0000 00:00:1778857846.094577  331245 cpu_allocator_impl.cc:82] Allocation of 2195852320 exceeds 10% of free system memory.
W0000 00:00:1778857848.033799  331245 cpu_allocator_impl.cc:82] Allocation of 2195852320 exceeds 10% of free system memory.
[2026-05-16 00:12:13] video-level val: videos=1811 f1=0.9716 fall_recall=0.9752 nfall_recall=0.9104 fall_prec=0.9679 nfall_prec=0.9298 min_pr=0.9104 min_consecutive=4
[2026-05-16 00:12:13] video-level test: videos=911 f1=0.9672 fall_recall=0.9730 nfall_recall=0.8939 fall_prec=0.9614 nfall_prec=0.9241 min_pr=0.8939 min_consecutive=4
[2026-05-16 00:12:13] === VAL VIDEO-LEVEL REPORT ===
              precision    recall  f1-score   support

           0     0.9298    0.9104    0.9200       480
           1     0.9679    0.9752    0.9716      1331

    accuracy                         0.9580      1811
   macro avg     0.9489    0.9428    0.9458      1811
weighted avg     0.9578    0.9580    0.9579      1811

[2026-05-16 00:12:13] === TEST VIDEO-LEVEL REPORT ===
              precision    recall  f1-score   support

           0     0.9241    0.8939    0.9087       245
           1     0.9614    0.9730    0.9672       666

    accuracy                         0.9517       911
   macro avg     0.9427    0.9334    0.9379       911
weighted avg     0.9514    0.9517    0.9514       911

[2026-05-16 00:12:24] tflite export subprocess exit=0
[2026-05-16 00:12:24]   [tflite] [P17-v02]
[2026-05-16 00:12:24]   [tflite]   Loading model.keras ...
[2026-05-16 00:12:24]   [tflite]     rebuilding with unroll=True for TFLite compatibility
[2026-05-16 00:12:24]   [tflite] Saved artifact at '/tmp/tmpwpea4etz'. The following endpoints are available:
[2026-05-16 00:12:24]   [tflite] 
[2026-05-16 00:12:24]   [tflite] * Endpoint 'serve'
[2026-05-16 00:12:24]   [tflite]   args_0 (POSITIONAL_ONLY): TensorSpec(shape=(None, 40, 37), dtype=tf.float32, name='pose_sequence')
[2026-05-16 00:12:24]   [tflite] Output Type:
[2026-05-16 00:12:24]   [tflite]   TensorSpec(shape=(None, 2), dtype=tf.float32, name=None)
[2026-05-16 00:12:24]   [tflite] Captures:
[2026-05-16 00:12:24]   [tflite]   132113359001104: TensorSpec(shape=(), dtype=tf.resource, name=None)
[2026-05-16 00:12:24]   [tflite]   132113359001872: TensorSpec(shape=(), dtype=tf.resource, name=None)
[2026-05-16 00:12:24]   [tflite]   132113359001680: TensorSpec(shape=(), dtype=tf.resource, name=None)
[2026-05-16 00:12:24]   [tflite]   132113359002064: TensorSpec(shape=(), dtype=tf.resource, name=None)
[2026-05-16 00:12:24]   [tflite]   132113359000144: TensorSpec(shape=(), dtype=tf.resource, name=None)
[2026-05-16 00:12:24]   [tflite]   132113359002256: TensorSpec(shape=(), dtype=tf.resource, name=None)
[2026-05-16 00:12:24]   [tflite]   132113359002640: TensorSpec(shape=(), dtype=tf.resource, name=None)
[2026-05-16 00:12:24]   [tflite]   132113359002448: TensorSpec(shape=(), dtype=tf.resource, name=None)
[2026-05-16 00:12:24]   [tflite]   132113359001296: TensorSpec(shape=(), dtype=tf.resource, name=None)
[2026-05-16 00:12:24]   [tflite]   132113359002832: TensorSpec(shape=(), dtype=tf.resource, name=None)
[2026-05-16 00:12:24]   [tflite]   132113359003600: TensorSpec(shape=(), dtype=tf.resource, name=None)
[2026-05-16 00:12:24]   [tflite]   132113359004944: TensorSpec(shape=(), dtype=tf.resource, name=None)
[2026-05-16 00:12:24]   [tflite]   132113359003984: TensorSpec(shape=(), dtype=tf.resource, name=None)
[2026-05-16 00:12:24]   [tflite]   132113359004368: TensorSpec(shape=(), dtype=tf.resource, name=None)
[2026-05-16 00:12:24]   [tflite]   132113359003792: TensorSpec(shape=(), dtype=tf.resource, name=None)
[2026-05-16 00:12:24]   [tflite]   132113359005328: TensorSpec(shape=(), dtype=tf.resource, name=None)
[2026-05-16 00:12:24]   [tflite]   132113359005136: TensorSpec(shape=(), dtype=tf.resource, name=None)
[2026-05-16 00:12:24]   [tflite]   132113359006096: TensorSpec(shape=(), dtype=tf.resource, name=None)
[2026-05-16 00:12:24]   [tflite]   132113359003024: TensorSpec(shape=(), dtype=tf.resource, name=None)
[2026-05-16 00:12:24]   [tflite]   132113359005520: TensorSpec(shape=(), dtype=tf.resource, name=None)
[2026-05-16 00:12:24]   [tflite]   132113359006480: TensorSpec(shape=(), dtype=tf.resource, name=None)
[2026-05-16 00:12:24]   [tflite]   132113359006672: TensorSpec(shape=(), dtype=tf.resource, name=None)
[2026-05-16 00:12:24]   [tflite]   132113359004752: TensorSpec(shape=(), dtype=tf.resource, name=None)
[2026-05-16 00:12:24]   [tflite]   132113359007248: TensorSpec(shape=(), dtype=tf.resource, name=None)
[2026-05-16 00:12:24]   [tflite]     fp32 OK (819 KB)
[2026-05-16 00:12:24]   [tflite] Saved artifact at '/tmp/tmp64de_pb4'. The following endpoints are available:
[2026-05-16 00:12:24]   [tflite] 
[2026-05-16 00:12:24]   [tflite] * Endpoint 'serve'
[2026-05-16 00:12:24]   [tflite]   args_0 (POSITIONAL_ONLY): TensorSpec(shape=(None, 40, 37), dtype=tf.float32, name='pose_sequence')
[2026-05-16 00:12:24]   [tflite] Output Type:
[2026-05-16 00:12:24]   [tflite]   TensorSpec(shape=(None, 2), dtype=tf.float32, name=None)
[2026-05-16 00:12:24]   [tflite] Captures:
[2026-05-16 00:12:24]   [tflite]   132113359001104: TensorSpec(shape=(), dtype=tf.resource, name=None)
[2026-05-16 00:12:24]   [tflite]   132113359001872: TensorSpec(shape=(), dtype=tf.resource, name=None)
[2026-05-16 00:12:24]   [tflite]   132113359001680: TensorSpec(shape=(), dtype=tf.resource, name=None)
[2026-05-16 00:12:24]   [tflite]   132113359002064: TensorSpec(shape=(), dtype=tf.resource, name=None)
[2026-05-16 00:12:24]   [tflite]   132113359000144: TensorSpec(shape=(), dtype=tf.resource, name=None)
[2026-05-16 00:12:24]   [tflite]   132113359002256: TensorSpec(shape=(), dtype=tf.resource, name=None)
[2026-05-16 00:12:24]   [tflite]   132113359002640: TensorSpec(shape=(), dtype=tf.resource, name=None)
[2026-05-16 00:12:24]   [tflite]   132113359002448: TensorSpec(shape=(), dtype=tf.resource, name=None)
[2026-05-16 00:12:24]   [tflite]   132113359001296: TensorSpec(shape=(), dtype=tf.resource, name=None)
[2026-05-16 00:12:24]   [tflite]   132113359002832: TensorSpec(shape=(), dtype=tf.resource, name=None)
[2026-05-16 00:12:24]   [tflite]   132113359003600: TensorSpec(shape=(), dtype=tf.resource, name=None)
[2026-05-16 00:12:24]   [tflite]   132113359004944: TensorSpec(shape=(), dtype=tf.resource, name=None)
[2026-05-16 00:12:24]   [tflite]   132113359003984: TensorSpec(shape=(), dtype=tf.resource, name=None)
[2026-05-16 00:12:24]   [tflite]   132113359004368: TensorSpec(shape=(), dtype=tf.resource, name=None)
[2026-05-16 00:12:24]   [tflite]   132113359003792: TensorSpec(shape=(), dtype=tf.resource, name=None)
[2026-05-16 00:12:24]   [tflite]   132113359005328: TensorSpec(shape=(), dtype=tf.resource, name=None)
[2026-05-16 00:12:24]   [tflite]   132113359005136: TensorSpec(shape=(), dtype=tf.resource, name=None)
[2026-05-16 00:12:24]   [tflite]   132113359006096: TensorSpec(shape=(), dtype=tf.resource, name=None)
[2026-05-16 00:12:24]   [tflite]   132113359003024: TensorSpec(shape=(), dtype=tf.resource, name=None)
[2026-05-16 00:12:24]   [tflite]   132113359005520: TensorSpec(shape=(), dtype=tf.resource, name=None)
[2026-05-16 00:12:24]   [tflite]   132113359006480: TensorSpec(shape=(), dtype=tf.resource, name=None)
[2026-05-16 00:12:24]   [tflite]   132113359006672: TensorSpec(shape=(), dtype=tf.resource, name=None)
[2026-05-16 00:12:24]   [tflite]   132113359004752: TensorSpec(shape=(), dtype=tf.resource, name=None)
[2026-05-16 00:12:24]   [tflite]   132113359007248: TensorSpec(shape=(), dtype=tf.resource, name=None)
[2026-05-16 00:12:24]   [tflite]     int8 OK (1232 KB)
[2026-05-16 00:12:24]   [tflite] 
[2026-05-16 00:12:24]   [tflite] Done.
/home/min/Workspace/Graduate-Project/Falling-Model-Development/.venv/lib/python3.13/site-packages/tensorflow/lite/python/interpreter.py:457: UserWarning:     Warning: tf.lite.Interpreter is deprecated and is scheduled for deletion in
    TF 2.20. Please use the LiteRT interpreter from the ai_edge_litert package.
    See the [migration guide](https://ai.google.dev/edge/litert/migration)
    for details.
    
  warnings.warn(_INTERPRETER_DELETION_WARNING)
INFO: Created TensorFlow Lite XNNPACK delegate for CPU.
[2026-05-16 00:12:26] done P17-v02 val_f1=0.9009 (video=0.9716) test_f1=0.9051 (video=0.9672) test_min_pr=0.8939 threshold=0.450 min_consecutive=4
[2026-05-16 00:12:27] OK    P17-v02  test_min_pr=0.8939
[2026-05-16 00:12:27] START P17-v03
WARNING: All log messages before absl::InitializeLog() is called are written to STDERR
I0000 00:00:1778857948.462390  338671 cpu_feature_guard.cc:227] This TensorFlow binary is optimized to use available CPU instructions in performance-critical operations.
To enable the following instructions: AVX2 FMA, in other operations, rebuild TensorFlow with the appropriate compiler flags.
[2026-05-16 00:12:29] loading train split=/home/min/Workspace/Graduate-Project/Falling-Model-Development/dataset/splits_v2_filtered_kv/train.csv
[2026-05-16 00:12:46] train rows=1,274,014 videos=6,344 features=37 data_scope=all
[2026-05-16 00:12:46] loading val split=/home/min/Workspace/Graduate-Project/Falling-Model-Development/dataset/splits_v2_filtered_kv/val.csv
[2026-05-16 00:12:51] val rows=363,918 videos=1,811 features=37 data_scope=all
[2026-05-16 00:12:51] loading test split=/home/min/Workspace/Graduate-Project/Falling-Model-Development/dataset/splits_v2_filtered_kv/test.csv
[2026-05-16 00:12:53] test rows=182,782 videos=911 features=37 data_scope=all
[2026-05-16 00:13:10] train windows=370,921 positive=224,347 videos=6,344
[2026-05-16 00:13:14] val windows=74,251 positive=32,590 videos=1,811
[2026-05-16 00:13:16] test windows=37,351 positive=16,447 videos=911
I0000 00:00:1778858003.982828  338671 gpu_device.cc:2043] Created device /job:localhost/replica:0/task:0/device:GPU:0 with 708 MB memory:  -> device: 0, name: NVIDIA GeForce RTX 2060 SUPER, pci bus id: 0000:05:00.0, compute capability: 7.5
W0000 00:00:1778858005.870933  338671 cpu_allocator_impl.cc:82] Allocation of 2195852320 exceeds 10% of free system memory.
W0000 00:00:1778858017.569749  338671 bfc_allocator.cc:502] Allocator (GPU_0_bfc) ran out of memory trying to allocate 2.04GiB (rounded to 2195852544)requested by op _EagerConst
If the cause is memory fragmentation maybe the environment variable 'TF_GPU_ALLOCATOR=cuda_malloc_async' will improve the situation. 
Current allocation summary follows.
Current allocation summary follows.
I0000 00:00:1778858017.569788  338671 bfc_allocator.cc:1049] BFCAllocator dump for GPU_0_bfc
I0000 00:00:1778858017.569790  338671 bfc_allocator.cc:1056] Bin (256): 	Total Chunks: 38, Chunks in use: 38. 9.5KiB allocated for chunks. 9.5KiB in use in bin. 2.4KiB client-requested in use in bin.
I0000 00:00:1778858017.569796  338671 bfc_allocator.cc:1056] Bin (512): 	Total Chunks: 3, Chunks in use: 3. 1.5KiB allocated for chunks. 1.5KiB in use in bin. 1.5KiB client-requested in use in bin.
I0000 00:00:1778858017.569798  338671 bfc_allocator.cc:1056] Bin (1024): 	Total Chunks: 2, Chunks in use: 2. 2.8KiB allocated for chunks. 2.8KiB in use in bin. 2.5KiB client-requested in use in bin.
I0000 00:00:1778858017.569800  338671 bfc_allocator.cc:1056] Bin (2048): 	Total Chunks: 1, Chunks in use: 1. 3.0KiB allocated for chunks. 3.0KiB in use in bin. 3.0KiB client-requested in use in bin.
I0000 00:00:1778858017.569803  338671 bfc_allocator.cc:1056] Bin (4096): 	Total Chunks: 0, Chunks in use: 0. 0B allocated for chunks. 0B in use in bin. 0B client-requested in use in bin.
I0000 00:00:1778858017.569805  338671 bfc_allocator.cc:1056] Bin (8192): 	Total Chunks: 0, Chunks in use: 0. 0B allocated for chunks. 0B in use in bin. 0B client-requested in use in bin.
I0000 00:00:1778858017.569807  338671 bfc_allocator.cc:1056] Bin (16384): 	Total Chunks: 1, Chunks in use: 1. 16.0KiB allocated for chunks. 16.0KiB in use in bin. 16.0KiB client-requested in use in bin.
I0000 00:00:1778858017.569810  338671 bfc_allocator.cc:1056] Bin (32768): 	Total Chunks: 3, Chunks in use: 2. 129.8KiB allocated for chunks. 94.2KiB in use in bin. 94.2KiB client-requested in use in bin.
I0000 00:00:1778858017.569812  338671 bfc_allocator.cc:1056] Bin (65536): 	Total Chunks: 3, Chunks in use: 3. 283.5KiB allocated for chunks. 283.5KiB in use in bin. 240.0KiB client-requested in use in bin.
I0000 00:00:1778858017.569814  338671 bfc_allocator.cc:1056] Bin (131072): 	Total Chunks: 2, Chunks in use: 1. 368.0KiB allocated for chunks. 192.0KiB in use in bin. 192.0KiB client-requested in use in bin.
I0000 00:00:1778858017.569817  338671 bfc_allocator.cc:1056] Bin (262144): 	Total Chunks: 0, Chunks in use: 0. 0B allocated for chunks. 0B in use in bin. 0B client-requested in use in bin.
I0000 00:00:1778858017.569819  338671 bfc_allocator.cc:1056] Bin (524288): 	Total Chunks: 0, Chunks in use: 0. 0B allocated for chunks. 0B in use in bin. 0B client-requested in use in bin.
I0000 00:00:1778858017.569820  338671 bfc_allocator.cc:1056] Bin (1048576): 	Total Chunks: 0, Chunks in use: 0. 0B allocated for chunks. 0B in use in bin. 0B client-requested in use in bin.
I0000 00:00:1778858017.569822  338671 bfc_allocator.cc:1056] Bin (2097152): 	Total Chunks: 0, Chunks in use: 0. 0B allocated for chunks. 0B in use in bin. 0B client-requested in use in bin.
I0000 00:00:1778858017.569824  338671 bfc_allocator.cc:1056] Bin (4194304): 	Total Chunks: 0, Chunks in use: 0. 0B allocated for chunks. 0B in use in bin. 0B client-requested in use in bin.
I0000 00:00:1778858017.569826  338671 bfc_allocator.cc:1056] Bin (8388608): 	Total Chunks: 0, Chunks in use: 0. 0B allocated for chunks. 0B in use in bin. 0B client-requested in use in bin.
I0000 00:00:1778858017.569828  338671 bfc_allocator.cc:1056] Bin (16777216): 	Total Chunks: 0, Chunks in use: 0. 0B allocated for chunks. 0B in use in bin. 0B client-requested in use in bin.
I0000 00:00:1778858017.569830  338671 bfc_allocator.cc:1056] Bin (33554432): 	Total Chunks: 0, Chunks in use: 0. 0B allocated for chunks. 0B in use in bin. 0B client-requested in use in bin.
I0000 00:00:1778858017.569832  338671 bfc_allocator.cc:1056] Bin (67108864): 	Total Chunks: 0, Chunks in use: 0. 0B allocated for chunks. 0B in use in bin. 0B client-requested in use in bin.
I0000 00:00:1778858017.569836  338671 bfc_allocator.cc:1056] Bin (134217728): 	Total Chunks: 0, Chunks in use: 0. 0B allocated for chunks. 0B in use in bin. 0B client-requested in use in bin.
I0000 00:00:1778858017.569839  338671 bfc_allocator.cc:1056] Bin (268435456): 	Total Chunks: 1, Chunks in use: 0. 707.39MiB allocated for chunks. 0B in use in bin. 0B client-requested in use in bin.
I0000 00:00:1778858017.569843  338671 bfc_allocator.cc:1072] Bin for 2.04GiB was 256.00MiB, Chunk State: 
I0000 00:00:1778858017.569846  338671 bfc_allocator.cc:1078]   Size: 707.39MiB | Requested Size: 0B | in_use: 0 | bin_num: 20, prev:   Size: 96.0KiB | Requested Size: 96.0KiB | in_use: 1 | bin_num: -1
I0000 00:00:1778858017.569851  338671 bfc_allocator.cc:1085] Next region of size 742588416
I0000 00:00:1778858017.569856  338671 bfc_allocator.cc:1105] InUse at 74e69a000000 of size 1280 next 1
I0000 00:00:1778858017.569859  338671 bfc_allocator.cc:1105] InUse at 74e69a000500 of size 256 next 2
I0000 00:00:1778858017.569861  338671 bfc_allocator.cc:1105] InUse at 74e69a000600 of size 256 next 3
I0000 00:00:1778858017.569863  338671 bfc_allocator.cc:1105] InUse at 74e69a000700 of size 256 next 4
I0000 00:00:1778858017.569865  338671 bfc_allocator.cc:1105] InUse at 74e69a000800 of size 256 next 5
I0000 00:00:1778858017.569867  338671 bfc_allocator.cc:1105] InUse at 74e69a000900 of size 256 next 7
I0000 00:00:1778858017.569870  338671 bfc_allocator.cc:1105] InUse at 74e69a000a00 of size 256 next 8
I0000 00:00:1778858017.569872  338671 bfc_allocator.cc:1105] InUse at 74e69a000b00 of size 256 next 6
I0000 00:00:1778858017.569874  338671 bfc_allocator.cc:1105] InUse at 74e69a000c00 of size 256 next 9
I0000 00:00:1778858017.569876  338671 bfc_allocator.cc:1105] InUse at 74e69a000d00 of size 256 next 12
I0000 00:00:1778858017.569878  338671 bfc_allocator.cc:1105] InUse at 74e69a000e00 of size 256 next 13
I0000 00:00:1778858017.569881  338671 bfc_allocator.cc:1105] InUse at 74e69a000f00 of size 256 next 14
I0000 00:00:1778858017.569883  338671 bfc_allocator.cc:1105] InUse at 74e69a001000 of size 93696 next 10
I0000 00:00:1778858017.569886  338671 bfc_allocator.cc:1105] InUse at 74e69a017e00 of size 47360 next 11
I0000 00:00:1778858017.569888  338671 bfc_allocator.cc:1105] InUse at 74e69a023700 of size 256 next 15
I0000 00:00:1778858017.569890  338671 bfc_allocator.cc:1105] InUse at 74e69a023800 of size 256 next 17
I0000 00:00:1778858017.569892  338671 bfc_allocator.cc:1105] InUse at 74e69a023900 of size 256 next 16
I0000 00:00:1778858017.569894  338671 bfc_allocator.cc:1105] InUse at 74e69a023a00 of size 256 next 18
I0000 00:00:1778858017.569897  338671 bfc_allocator.cc:1105] InUse at 74e69a023b00 of size 256 next 21
I0000 00:00:1778858017.569899  338671 bfc_allocator.cc:1105] InUse at 74e69a023c00 of size 256 next 22
I0000 00:00:1778858017.569901  338671 bfc_allocator.cc:1105] InUse at 74e69a023d00 of size 256 next 23
I0000 00:00:1778858017.569904  338671 bfc_allocator.cc:1105] InUse at 74e69a023e00 of size 256 next 24
I0000 00:00:1778858017.569906  338671 bfc_allocator.cc:1105] InUse at 74e69a023f00 of size 256 next 25
I0000 00:00:1778858017.569908  338671 bfc_allocator.cc:1105] InUse at 74e69a024000 of size 256 next 28
I0000 00:00:1778858017.569911  338671 bfc_allocator.cc:1105] InUse at 74e69a024100 of size 3072 next 26
I0000 00:00:1778858017.569914  338671 bfc_allocator.cc:1105] InUse at 74e69a024d00 of size 512 next 33
I0000 00:00:1778858017.569916  338671 bfc_allocator.cc:1105] InUse at 74e69a024f00 of size 512 next 27
I0000 00:00:1778858017.569919  338671 bfc_allocator.cc:1105] InUse at 74e69a025100 of size 256 next 31
I0000 00:00:1778858017.569921  338671 bfc_allocator.cc:1105] InUse at 74e69a025200 of size 256 next 34
I0000 00:00:1778858017.569924  338671 bfc_allocator.cc:1105] InUse at 74e69a025300 of size 256 next 35
I0000 00:00:1778858017.569926  338671 bfc_allocator.cc:1105] InUse at 74e69a025400 of size 1536 next 39
I0000 00:00:1778858017.569929  338671 bfc_allocator.cc:1105] InUse at 74e69a025a00 of size 256 next 37
I0000 00:00:1778858017.569931  338671 bfc_allocator.cc:1105] InUse at 74e69a025b00 of size 256 next 38
I0000 00:00:1778858017.569933  338671 bfc_allocator.cc:1105] InUse at 74e69a025c00 of size 256 next 41
I0000 00:00:1778858017.569936  338671 bfc_allocator.cc:1105] InUse at 74e69a025d00 of size 256 next 42
I0000 00:00:1778858017.569938  338671 bfc_allocator.cc:1105] InUse at 74e69a025e00 of size 256 next 43
I0000 00:00:1778858017.569940  338671 bfc_allocator.cc:1105] InUse at 74e69a025f00 of size 256 next 36
I0000 00:00:1778858017.569943  338671 bfc_allocator.cc:1105] InUse at 74e69a026000 of size 256 next 44
I0000 00:00:1778858017.569946  338671 bfc_allocator.cc:1105] InUse at 74e69a026100 of size 256 next 47
I0000 00:00:1778858017.569948  338671 bfc_allocator.cc:1105] InUse at 74e69a026200 of size 256 next 48
I0000 00:00:1778858017.569950  338671 bfc_allocator.cc:1105] InUse at 74e69a026300 of size 256 next 46
I0000 00:00:1778858017.569953  338671 bfc_allocator.cc:1105] InUse at 74e69a026400 of size 256 next 49
I0000 00:00:1778858017.569955  338671 bfc_allocator.cc:1105] InUse at 74e69a026500 of size 256 next 52
I0000 00:00:1778858017.569957  338671 bfc_allocator.cc:1105] InUse at 74e69a026600 of size 256 next 53
I0000 00:00:1778858017.569960  338671 bfc_allocator.cc:1105] InUse at 74e69a026700 of size 256 next 50
I0000 00:00:1778858017.569962  338671 bfc_allocator.cc:1105] InUse at 74e69a026800 of size 512 next 51
I0000 00:00:1778858017.569965  338671 bfc_allocator.cc:1105] Free  at 74e69a026a00 of size 36352 next 19
I0000 00:00:1778858017.569967  338671 bfc_allocator.cc:1105] InUse at 74e69a02f800 of size 49152 next 20
I0000 00:00:1778858017.569970  338671 bfc_allocator.cc:1105] InUse at 74e69a03b800 of size 16384 next 45
I0000 00:00:1778858017.569973  338671 bfc_allocator.cc:1105] Free  at 74e69a03f800 of size 180224 next 30
I0000 00:00:1778858017.569976  338671 bfc_allocator.cc:1105] InUse at 74e69a06b800 of size 98304 next 29
I0000 00:00:1778858017.569978  338671 bfc_allocator.cc:1105] InUse at 74e69a083800 of size 196608 next 32
I0000 00:00:1778858017.569981  338671 bfc_allocator.cc:1105] InUse at 74e69a0b3800 of size 98304 next 40
I0000 00:00:1778858017.569983  338671 bfc_allocator.cc:1105] Free  at 74e69a0cb800 of size 741754880 next 18446744073709551615
I0000 00:00:1778858017.569986  338671 bfc_allocator.cc:1110]      Summary of in-use Chunks by size: 
I0000 00:00:1778858017.569988  338671 bfc_allocator.cc:1113] 38 Chunks of size 256 totalling 9.5KiB
I0000 00:00:1778858017.569992  338671 bfc_allocator.cc:1113] 3 Chunks of size 512 totalling 1.5KiB
I0000 00:00:1778858017.569995  338671 bfc_allocator.cc:1113] 1 Chunks of size 1280 totalling 1.2KiB
I0000 00:00:1778858017.569998  338671 bfc_allocator.cc:1113] 1 Chunks of size 1536 totalling 1.5KiB
I0000 00:00:1778858017.570001  338671 bfc_allocator.cc:1113] 1 Chunks of size 3072 totalling 3.0KiB
I0000 00:00:1778858017.570004  338671 bfc_allocator.cc:1113] 1 Chunks of size 16384 totalling 16.0KiB
I0000 00:00:1778858017.570007  338671 bfc_allocator.cc:1113] 1 Chunks of size 47360 totalling 46.2KiB
I0000 00:00:1778858017.570010  338671 bfc_allocator.cc:1113] 1 Chunks of size 49152 totalling 48.0KiB
I0000 00:00:1778858017.570013  338671 bfc_allocator.cc:1113] 1 Chunks of size 93696 totalling 91.5KiB
I0000 00:00:1778858017.570020  338671 bfc_allocator.cc:1113] 2 Chunks of size 98304 totalling 192.0KiB
I0000 00:00:1778858017.570023  338671 bfc_allocator.cc:1113] 1 Chunks of size 196608 totalling 192.0KiB
I0000 00:00:1778858017.570026  338671 bfc_allocator.cc:1117] Sum Total of in-use chunks: 602.5KiB
I0000 00:00:1778858017.570028  338671 bfc_allocator.cc:1119] Total size in pool: 708.19MiB memory_limit_: 708.19MiB available size: 0B curr_region_allocation_bytes_: 1.38GiB
I0000 00:00:1778858017.570032  338671 bfc_allocator.cc:1128] Stats: 
Limit:                       708.19MiB
InUse:                        602.5KiB
MaxInUse:                     865.2KiB
NumAllocs:                         139
MaxAllocSize:                 192.0KiB
Reserved:                           0B
PeakReserved:                       0B
LargestFreeBlock:                   0B

W0000 00:00:1778858017.570039  338671 bfc_allocator.cc:513] *___________________________________________________________________________________________________
Traceback (most recent call last):
  File "/home/min/Workspace/Graduate-Project/Falling-Model-Development/scripts/train_baseline.py", line 1519, in <module>
    main()
    ~~~~^^
  File "/home/min/Workspace/Graduate-Project/Falling-Model-Development/scripts/train_baseline.py", line 1390, in main
    history = train_model(model, x, y, y_eval, groups, config)
  File "/home/min/Workspace/Graduate-Project/Falling-Model-Development/scripts/train_baseline.py", line 899, in train_model
    make_tf_dataset(x["train"], y["train"], config.batch_size, True, config.noise_std),
    ~~~~~~~~~~~~~~~^^^^^^^^^^^^^^^^^^^^^^^^^^^^^^^^^^^^^^^^^^^^^^^^^^^^^^^^^^^^^^^^^^^
  File "/home/min/Workspace/Graduate-Project/Falling-Model-Development/scripts/train_baseline.py", line 648, in make_tf_dataset
    ds = tf.data.Dataset.from_tensor_slices((x, y))
  File "/home/min/Workspace/Graduate-Project/Falling-Model-Development/.venv/lib/python3.13/site-packages/tensorflow/python/data/ops/dataset_ops.py", line 827, in from_tensor_slices
    return from_tensor_slices_op._from_tensor_slices(tensors, name)
           ~~~~~~~~~~~~~~~~~~~~~~~~~~~~~~~~~~~~~~~~~^^^^^^^^^^^^^^^
  File "/home/min/Workspace/Graduate-Project/Falling-Model-Development/.venv/lib/python3.13/site-packages/tensorflow/python/data/ops/from_tensor_slices_op.py", line 25, in _from_tensor_slices
    return _TensorSliceDataset(tensors, name=name)
  File "/home/min/Workspace/Graduate-Project/Falling-Model-Development/.venv/lib/python3.13/site-packages/tensorflow/python/data/ops/from_tensor_slices_op.py", line 33, in __init__
    element = structure.normalize_element(element)
  File "/home/min/Workspace/Graduate-Project/Falling-Model-Development/.venv/lib/python3.13/site-packages/tensorflow/python/data/util/structure.py", line 134, in normalize_element
    ops.convert_to_tensor(t, name="component_%d" % i, dtype=dtype))
    ~~~~~~~~~~~~~~~~~~~~~^^^^^^^^^^^^^^^^^^^^^^^^^^^^^^^^^^^^^^^^^
  File "/home/min/Workspace/Graduate-Project/Falling-Model-Development/.venv/lib/python3.13/site-packages/tensorflow/python/profiler/trace.py", line 183, in wrapped
    return func(*args, **kwargs)
  File "/home/min/Workspace/Graduate-Project/Falling-Model-Development/.venv/lib/python3.13/site-packages/tensorflow/python/framework/ops.py", line 757, in convert_to_tensor
    return tensor_conversion_registry.convert(
           ~~~~~~~~~~~~~~~~~~~~~~~~~~~~~~~~~~^
        value, dtype, name, as_ref, preferred_dtype, accepted_result_types
        ^^^^^^^^^^^^^^^^^^^^^^^^^^^^^^^^^^^^^^^^^^^^^^^^^^^^^^^^^^^^^^^^^^
    )
    ^
  File "/home/min/Workspace/Graduate-Project/Falling-Model-Development/.venv/lib/python3.13/site-packages/tensorflow/python/framework/tensor_conversion_registry.py", line 234, in convert
    ret = conversion_func(value, dtype=dtype, name=name, as_ref=as_ref)
  File "/home/min/Workspace/Graduate-Project/Falling-Model-Development/.venv/lib/python3.13/site-packages/tensorflow/python/framework/constant_tensor_conversion.py", line 29, in _constant_tensor_conversion_function
    return constant_op.constant(v, dtype=dtype, name=name)
           ~~~~~~~~~~~~~~~~~~~~^^^^^^^^^^^^^^^^^^^^^^^^^^^
  File "/home/min/Workspace/Graduate-Project/Falling-Model-Development/.venv/lib/python3.13/site-packages/tensorflow/python/ops/weak_tensor_ops.py", line 142, in wrapper
    return op(*args, **kwargs)
  File "/home/min/Workspace/Graduate-Project/Falling-Model-Development/.venv/lib/python3.13/site-packages/tensorflow/python/framework/constant_op.py", line 276, in constant
    return _constant_impl(value, dtype, shape, name, verify_shape=False,
                          allow_broadcast=True)
  File "/home/min/Workspace/Graduate-Project/Falling-Model-Development/.venv/lib/python3.13/site-packages/tensorflow/python/framework/constant_op.py", line 288, in _constant_impl
    return _constant_eager_impl(ctx, value, dtype, shape, verify_shape)
  File "/home/min/Workspace/Graduate-Project/Falling-Model-Development/.venv/lib/python3.13/site-packages/tensorflow/python/framework/constant_op.py", line 301, in _constant_eager_impl
    t = convert_to_eager_tensor(value, ctx, dtype)
  File "/home/min/Workspace/Graduate-Project/Falling-Model-Development/.venv/lib/python3.13/site-packages/tensorflow/python/framework/constant_op.py", line 108, in convert_to_eager_tensor
    return ops.EagerTensor(value, ctx.device_name, dtype)
           ~~~~~~~~~~~~~~~^^^^^^^^^^^^^^^^^^^^^^^^^^^^^^^
tensorflow.python.framework.errors_impl.InternalError: Failed copying input tensor from /job:localhost/replica:0/task:0/device:CPU:0 to /job:localhost/replica:0/task:0/device:GPU:0 in order to run _EagerConst: Dst tensor is not initialized.
[2026-05-16 00:13:38] FAIL  P17-v03  (exit 1)
[2026-05-16 00:13:38] START P17-v04
WARNING: All log messages before absl::InitializeLog() is called are written to STDERR
I0000 00:00:1778858019.790566  339991 cpu_feature_guard.cc:227] This TensorFlow binary is optimized to use available CPU instructions in performance-critical operations.
To enable the following instructions: AVX2 FMA, in other operations, rebuild TensorFlow with the appropriate compiler flags.
[2026-05-16 00:13:42] loading train split=/home/min/Workspace/Graduate-Project/Falling-Model-Development/dataset/splits_v2_filtered_kv/train.csv
[2026-05-16 00:13:59] train rows=1,274,014 videos=6,344 features=37 data_scope=all
[2026-05-16 00:13:59] loading val split=/home/min/Workspace/Graduate-Project/Falling-Model-Development/dataset/splits_v2_filtered_kv/val.csv
[2026-05-16 00:14:04] val rows=363,918 videos=1,811 features=37 data_scope=all
[2026-05-16 00:14:04] loading test split=/home/min/Workspace/Graduate-Project/Falling-Model-Development/dataset/splits_v2_filtered_kv/test.csv
[2026-05-16 00:14:07] test rows=182,782 videos=911 features=37 data_scope=all
[2026-05-16 00:14:25] train windows=370,921 positive=224,347 videos=6,344
[2026-05-16 00:14:29] val windows=74,251 positive=32,590 videos=1,811
[2026-05-16 00:14:31] test windows=37,351 positive=16,447 videos=911
I0000 00:00:1778858079.420837  339991 gpu_device.cc:2043] Created device /job:localhost/replica:0/task:0/device:GPU:0 with 708 MB memory:  -> device: 0, name: NVIDIA GeForce RTX 2060 SUPER, pci bus id: 0000:05:00.0, compute capability: 7.5
W0000 00:00:1778858081.365200  339991 cpu_allocator_impl.cc:82] Allocation of 2195852320 exceeds 10% of free system memory.
W0000 00:00:1778858093.098737  339991 bfc_allocator.cc:502] Allocator (GPU_0_bfc) ran out of memory trying to allocate 2.04GiB (rounded to 2195852544)requested by op _EagerConst
If the cause is memory fragmentation maybe the environment variable 'TF_GPU_ALLOCATOR=cuda_malloc_async' will improve the situation. 
Current allocation summary follows.
Current allocation summary follows.
I0000 00:00:1778858093.098775  339991 bfc_allocator.cc:1049] BFCAllocator dump for GPU_0_bfc
I0000 00:00:1778858093.098778  339991 bfc_allocator.cc:1056] Bin (256): 	Total Chunks: 38, Chunks in use: 38. 9.5KiB allocated for chunks. 9.5KiB in use in bin. 2.4KiB client-requested in use in bin.
I0000 00:00:1778858093.098781  339991 bfc_allocator.cc:1056] Bin (512): 	Total Chunks: 3, Chunks in use: 3. 1.5KiB allocated for chunks. 1.5KiB in use in bin. 1.5KiB client-requested in use in bin.
I0000 00:00:1778858093.098784  339991 bfc_allocator.cc:1056] Bin (1024): 	Total Chunks: 2, Chunks in use: 2. 2.8KiB allocated for chunks. 2.8KiB in use in bin. 2.5KiB client-requested in use in bin.
I0000 00:00:1778858093.098786  339991 bfc_allocator.cc:1056] Bin (2048): 	Total Chunks: 1, Chunks in use: 1. 3.0KiB allocated for chunks. 3.0KiB in use in bin. 3.0KiB client-requested in use in bin.
I0000 00:00:1778858093.098789  339991 bfc_allocator.cc:1056] Bin (4096): 	Total Chunks: 0, Chunks in use: 0. 0B allocated for chunks. 0B in use in bin. 0B client-requested in use in bin.
I0000 00:00:1778858093.098791  339991 bfc_allocator.cc:1056] Bin (8192): 	Total Chunks: 0, Chunks in use: 0. 0B allocated for chunks. 0B in use in bin. 0B client-requested in use in bin.
I0000 00:00:1778858093.098793  339991 bfc_allocator.cc:1056] Bin (16384): 	Total Chunks: 1, Chunks in use: 1. 16.0KiB allocated for chunks. 16.0KiB in use in bin. 16.0KiB client-requested in use in bin.
I0000 00:00:1778858093.098795  339991 bfc_allocator.cc:1056] Bin (32768): 	Total Chunks: 3, Chunks in use: 2. 129.8KiB allocated for chunks. 94.2KiB in use in bin. 94.2KiB client-requested in use in bin.
I0000 00:00:1778858093.098798  339991 bfc_allocator.cc:1056] Bin (65536): 	Total Chunks: 3, Chunks in use: 3. 283.5KiB allocated for chunks. 283.5KiB in use in bin. 240.0KiB client-requested in use in bin.
I0000 00:00:1778858093.098800  339991 bfc_allocator.cc:1056] Bin (131072): 	Total Chunks: 2, Chunks in use: 1. 368.0KiB allocated for chunks. 192.0KiB in use in bin. 192.0KiB client-requested in use in bin.
I0000 00:00:1778858093.098802  339991 bfc_allocator.cc:1056] Bin (262144): 	Total Chunks: 0, Chunks in use: 0. 0B allocated for chunks. 0B in use in bin. 0B client-requested in use in bin.
I0000 00:00:1778858093.098804  339991 bfc_allocator.cc:1056] Bin (524288): 	Total Chunks: 0, Chunks in use: 0. 0B allocated for chunks. 0B in use in bin. 0B client-requested in use in bin.
I0000 00:00:1778858093.098806  339991 bfc_allocator.cc:1056] Bin (1048576): 	Total Chunks: 0, Chunks in use: 0. 0B allocated for chunks. 0B in use in bin. 0B client-requested in use in bin.
I0000 00:00:1778858093.098808  339991 bfc_allocator.cc:1056] Bin (2097152): 	Total Chunks: 0, Chunks in use: 0. 0B allocated for chunks. 0B in use in bin. 0B client-requested in use in bin.
I0000 00:00:1778858093.098810  339991 bfc_allocator.cc:1056] Bin (4194304): 	Total Chunks: 0, Chunks in use: 0. 0B allocated for chunks. 0B in use in bin. 0B client-requested in use in bin.
I0000 00:00:1778858093.098812  339991 bfc_allocator.cc:1056] Bin (8388608): 	Total Chunks: 0, Chunks in use: 0. 0B allocated for chunks. 0B in use in bin. 0B client-requested in use in bin.
I0000 00:00:1778858093.098814  339991 bfc_allocator.cc:1056] Bin (16777216): 	Total Chunks: 0, Chunks in use: 0. 0B allocated for chunks. 0B in use in bin. 0B client-requested in use in bin.
I0000 00:00:1778858093.098817  339991 bfc_allocator.cc:1056] Bin (33554432): 	Total Chunks: 0, Chunks in use: 0. 0B allocated for chunks. 0B in use in bin. 0B client-requested in use in bin.
I0000 00:00:1778858093.098820  339991 bfc_allocator.cc:1056] Bin (67108864): 	Total Chunks: 0, Chunks in use: 0. 0B allocated for chunks. 0B in use in bin. 0B client-requested in use in bin.
I0000 00:00:1778858093.098824  339991 bfc_allocator.cc:1056] Bin (134217728): 	Total Chunks: 0, Chunks in use: 0. 0B allocated for chunks. 0B in use in bin. 0B client-requested in use in bin.
I0000 00:00:1778858093.098827  339991 bfc_allocator.cc:1056] Bin (268435456): 	Total Chunks: 1, Chunks in use: 0. 707.39MiB allocated for chunks. 0B in use in bin. 0B client-requested in use in bin.
I0000 00:00:1778858093.098830  339991 bfc_allocator.cc:1072] Bin for 2.04GiB was 256.00MiB, Chunk State: 
I0000 00:00:1778858093.098833  339991 bfc_allocator.cc:1078]   Size: 707.39MiB | Requested Size: 0B | in_use: 0 | bin_num: 20, prev:   Size: 96.0KiB | Requested Size: 96.0KiB | in_use: 1 | bin_num: -1
I0000 00:00:1778858093.098841  339991 bfc_allocator.cc:1085] Next region of size 742588416
I0000 00:00:1778858093.098845  339991 bfc_allocator.cc:1105] InUse at 71c2a6000000 of size 1280 next 1
I0000 00:00:1778858093.098848  339991 bfc_allocator.cc:1105] InUse at 71c2a6000500 of size 256 next 2
I0000 00:00:1778858093.098850  339991 bfc_allocator.cc:1105] InUse at 71c2a6000600 of size 256 next 3
I0000 00:00:1778858093.098852  339991 bfc_allocator.cc:1105] InUse at 71c2a6000700 of size 256 next 4
I0000 00:00:1778858093.098854  339991 bfc_allocator.cc:1105] InUse at 71c2a6000800 of size 256 next 5
I0000 00:00:1778858093.098857  339991 bfc_allocator.cc:1105] InUse at 71c2a6000900 of size 256 next 7
I0000 00:00:1778858093.098859  339991 bfc_allocator.cc:1105] InUse at 71c2a6000a00 of size 256 next 8
I0000 00:00:1778858093.098861  339991 bfc_allocator.cc:1105] InUse at 71c2a6000b00 of size 256 next 6
I0000 00:00:1778858093.098863  339991 bfc_allocator.cc:1105] InUse at 71c2a6000c00 of size 256 next 9
I0000 00:00:1778858093.098865  339991 bfc_allocator.cc:1105] InUse at 71c2a6000d00 of size 256 next 12
I0000 00:00:1778858093.098868  339991 bfc_allocator.cc:1105] InUse at 71c2a6000e00 of size 256 next 13
I0000 00:00:1778858093.098870  339991 bfc_allocator.cc:1105] InUse at 71c2a6000f00 of size 256 next 14
I0000 00:00:1778858093.098873  339991 bfc_allocator.cc:1105] InUse at 71c2a6001000 of size 93696 next 10
I0000 00:00:1778858093.098875  339991 bfc_allocator.cc:1105] InUse at 71c2a6017e00 of size 47360 next 11
I0000 00:00:1778858093.098877  339991 bfc_allocator.cc:1105] InUse at 71c2a6023700 of size 256 next 15
I0000 00:00:1778858093.098880  339991 bfc_allocator.cc:1105] InUse at 71c2a6023800 of size 256 next 17
I0000 00:00:1778858093.098882  339991 bfc_allocator.cc:1105] InUse at 71c2a6023900 of size 256 next 16
I0000 00:00:1778858093.098884  339991 bfc_allocator.cc:1105] InUse at 71c2a6023a00 of size 256 next 18
I0000 00:00:1778858093.098887  339991 bfc_allocator.cc:1105] InUse at 71c2a6023b00 of size 256 next 21
I0000 00:00:1778858093.098889  339991 bfc_allocator.cc:1105] InUse at 71c2a6023c00 of size 256 next 22
I0000 00:00:1778858093.098891  339991 bfc_allocator.cc:1105] InUse at 71c2a6023d00 of size 256 next 23
I0000 00:00:1778858093.098894  339991 bfc_allocator.cc:1105] InUse at 71c2a6023e00 of size 256 next 24
I0000 00:00:1778858093.098896  339991 bfc_allocator.cc:1105] InUse at 71c2a6023f00 of size 256 next 25
I0000 00:00:1778858093.098898  339991 bfc_allocator.cc:1105] InUse at 71c2a6024000 of size 256 next 28
I0000 00:00:1778858093.098902  339991 bfc_allocator.cc:1105] InUse at 71c2a6024100 of size 3072 next 26
I0000 00:00:1778858093.098904  339991 bfc_allocator.cc:1105] InUse at 71c2a6024d00 of size 512 next 33
I0000 00:00:1778858093.098907  339991 bfc_allocator.cc:1105] InUse at 71c2a6024f00 of size 512 next 27
I0000 00:00:1778858093.098909  339991 bfc_allocator.cc:1105] InUse at 71c2a6025100 of size 256 next 31
I0000 00:00:1778858093.098911  339991 bfc_allocator.cc:1105] InUse at 71c2a6025200 of size 256 next 34
I0000 00:00:1778858093.098914  339991 bfc_allocator.cc:1105] InUse at 71c2a6025300 of size 256 next 35
I0000 00:00:1778858093.098916  339991 bfc_allocator.cc:1105] InUse at 71c2a6025400 of size 1536 next 39
I0000 00:00:1778858093.098919  339991 bfc_allocator.cc:1105] InUse at 71c2a6025a00 of size 256 next 37
I0000 00:00:1778858093.098921  339991 bfc_allocator.cc:1105] InUse at 71c2a6025b00 of size 256 next 38
I0000 00:00:1778858093.098923  339991 bfc_allocator.cc:1105] InUse at 71c2a6025c00 of size 256 next 41
I0000 00:00:1778858093.098926  339991 bfc_allocator.cc:1105] InUse at 71c2a6025d00 of size 256 next 42
I0000 00:00:1778858093.098928  339991 bfc_allocator.cc:1105] InUse at 71c2a6025e00 of size 256 next 43
I0000 00:00:1778858093.098930  339991 bfc_allocator.cc:1105] InUse at 71c2a6025f00 of size 256 next 36
I0000 00:00:1778858093.098933  339991 bfc_allocator.cc:1105] InUse at 71c2a6026000 of size 256 next 44
I0000 00:00:1778858093.098935  339991 bfc_allocator.cc:1105] InUse at 71c2a6026100 of size 256 next 47
I0000 00:00:1778858093.098938  339991 bfc_allocator.cc:1105] InUse at 71c2a6026200 of size 256 next 48
I0000 00:00:1778858093.098940  339991 bfc_allocator.cc:1105] InUse at 71c2a6026300 of size 256 next 46
I0000 00:00:1778858093.098942  339991 bfc_allocator.cc:1105] InUse at 71c2a6026400 of size 256 next 49
I0000 00:00:1778858093.098944  339991 bfc_allocator.cc:1105] InUse at 71c2a6026500 of size 256 next 52
I0000 00:00:1778858093.098947  339991 bfc_allocator.cc:1105] InUse at 71c2a6026600 of size 256 next 53
I0000 00:00:1778858093.098949  339991 bfc_allocator.cc:1105] InUse at 71c2a6026700 of size 256 next 50
I0000 00:00:1778858093.098952  339991 bfc_allocator.cc:1105] InUse at 71c2a6026800 of size 512 next 51
I0000 00:00:1778858093.098954  339991 bfc_allocator.cc:1105] Free  at 71c2a6026a00 of size 36352 next 19
I0000 00:00:1778858093.098957  339991 bfc_allocator.cc:1105] InUse at 71c2a602f800 of size 49152 next 20
I0000 00:00:1778858093.098959  339991 bfc_allocator.cc:1105] InUse at 71c2a603b800 of size 16384 next 45
I0000 00:00:1778858093.098962  339991 bfc_allocator.cc:1105] Free  at 71c2a603f800 of size 180224 next 30
I0000 00:00:1778858093.098964  339991 bfc_allocator.cc:1105] InUse at 71c2a606b800 of size 98304 next 29
I0000 00:00:1778858093.098966  339991 bfc_allocator.cc:1105] InUse at 71c2a6083800 of size 196608 next 32
I0000 00:00:1778858093.098969  339991 bfc_allocator.cc:1105] InUse at 71c2a60b3800 of size 98304 next 40
I0000 00:00:1778858093.098971  339991 bfc_allocator.cc:1105] Free  at 71c2a60cb800 of size 741754880 next 18446744073709551615
I0000 00:00:1778858093.098974  339991 bfc_allocator.cc:1110]      Summary of in-use Chunks by size: 
I0000 00:00:1778858093.098976  339991 bfc_allocator.cc:1113] 38 Chunks of size 256 totalling 9.5KiB
I0000 00:00:1778858093.098980  339991 bfc_allocator.cc:1113] 3 Chunks of size 512 totalling 1.5KiB
I0000 00:00:1778858093.098983  339991 bfc_allocator.cc:1113] 1 Chunks of size 1280 totalling 1.2KiB
I0000 00:00:1778858093.098986  339991 bfc_allocator.cc:1113] 1 Chunks of size 1536 totalling 1.5KiB
I0000 00:00:1778858093.098989  339991 bfc_allocator.cc:1113] 1 Chunks of size 3072 totalling 3.0KiB
I0000 00:00:1778858093.098992  339991 bfc_allocator.cc:1113] 1 Chunks of size 16384 totalling 16.0KiB
I0000 00:00:1778858093.098995  339991 bfc_allocator.cc:1113] 1 Chunks of size 47360 totalling 46.2KiB
I0000 00:00:1778858093.098998  339991 bfc_allocator.cc:1113] 1 Chunks of size 49152 totalling 48.0KiB
I0000 00:00:1778858093.099001  339991 bfc_allocator.cc:1113] 1 Chunks of size 93696 totalling 91.5KiB
I0000 00:00:1778858093.099004  339991 bfc_allocator.cc:1113] 2 Chunks of size 98304 totalling 192.0KiB
I0000 00:00:1778858093.099007  339991 bfc_allocator.cc:1113] 1 Chunks of size 196608 totalling 192.0KiB
I0000 00:00:1778858093.099010  339991 bfc_allocator.cc:1117] Sum Total of in-use chunks: 602.5KiB
I0000 00:00:1778858093.099012  339991 bfc_allocator.cc:1119] Total size in pool: 708.19MiB memory_limit_: 708.19MiB available size: 0B curr_region_allocation_bytes_: 1.38GiB
I0000 00:00:1778858093.099016  339991 bfc_allocator.cc:1128] Stats: 
Limit:                       708.19MiB
InUse:                        602.5KiB
MaxInUse:                     865.2KiB
NumAllocs:                         139
MaxAllocSize:                 192.0KiB
Reserved:                           0B
PeakReserved:                       0B
LargestFreeBlock:                   0B

W0000 00:00:1778858093.099023  339991 bfc_allocator.cc:513] *___________________________________________________________________________________________________
Traceback (most recent call last):
  File "/home/min/Workspace/Graduate-Project/Falling-Model-Development/scripts/train_baseline.py", line 1519, in <module>
    main()
    ~~~~^^
  File "/home/min/Workspace/Graduate-Project/Falling-Model-Development/scripts/train_baseline.py", line 1390, in main
    history = train_model(model, x, y, y_eval, groups, config)
  File "/home/min/Workspace/Graduate-Project/Falling-Model-Development/scripts/train_baseline.py", line 899, in train_model
    make_tf_dataset(x["train"], y["train"], config.batch_size, True, config.noise_std),
    ~~~~~~~~~~~~~~~^^^^^^^^^^^^^^^^^^^^^^^^^^^^^^^^^^^^^^^^^^^^^^^^^^^^^^^^^^^^^^^^^^^
  File "/home/min/Workspace/Graduate-Project/Falling-Model-Development/scripts/train_baseline.py", line 648, in make_tf_dataset
    ds = tf.data.Dataset.from_tensor_slices((x, y))
  File "/home/min/Workspace/Graduate-Project/Falling-Model-Development/.venv/lib/python3.13/site-packages/tensorflow/python/data/ops/dataset_ops.py", line 827, in from_tensor_slices
    return from_tensor_slices_op._from_tensor_slices(tensors, name)
           ~~~~~~~~~~~~~~~~~~~~~~~~~~~~~~~~~~~~~~~~~^^^^^^^^^^^^^^^
  File "/home/min/Workspace/Graduate-Project/Falling-Model-Development/.venv/lib/python3.13/site-packages/tensorflow/python/data/ops/from_tensor_slices_op.py", line 25, in _from_tensor_slices
    return _TensorSliceDataset(tensors, name=name)
  File "/home/min/Workspace/Graduate-Project/Falling-Model-Development/.venv/lib/python3.13/site-packages/tensorflow/python/data/ops/from_tensor_slices_op.py", line 33, in __init__
    element = structure.normalize_element(element)
  File "/home/min/Workspace/Graduate-Project/Falling-Model-Development/.venv/lib/python3.13/site-packages/tensorflow/python/data/util/structure.py", line 134, in normalize_element
    ops.convert_to_tensor(t, name="component_%d" % i, dtype=dtype))
    ~~~~~~~~~~~~~~~~~~~~~^^^^^^^^^^^^^^^^^^^^^^^^^^^^^^^^^^^^^^^^^
  File "/home/min/Workspace/Graduate-Project/Falling-Model-Development/.venv/lib/python3.13/site-packages/tensorflow/python/profiler/trace.py", line 183, in wrapped
    return func(*args, **kwargs)
  File "/home/min/Workspace/Graduate-Project/Falling-Model-Development/.venv/lib/python3.13/site-packages/tensorflow/python/framework/ops.py", line 757, in convert_to_tensor
    return tensor_conversion_registry.convert(
           ~~~~~~~~~~~~~~~~~~~~~~~~~~~~~~~~~~^
        value, dtype, name, as_ref, preferred_dtype, accepted_result_types
        ^^^^^^^^^^^^^^^^^^^^^^^^^^^^^^^^^^^^^^^^^^^^^^^^^^^^^^^^^^^^^^^^^^
    )
    ^
  File "/home/min/Workspace/Graduate-Project/Falling-Model-Development/.venv/lib/python3.13/site-packages/tensorflow/python/framework/tensor_conversion_registry.py", line 234, in convert
    ret = conversion_func(value, dtype=dtype, name=name, as_ref=as_ref)
  File "/home/min/Workspace/Graduate-Project/Falling-Model-Development/.venv/lib/python3.13/site-packages/tensorflow/python/framework/constant_tensor_conversion.py", line 29, in _constant_tensor_conversion_function
    return constant_op.constant(v, dtype=dtype, name=name)
           ~~~~~~~~~~~~~~~~~~~~^^^^^^^^^^^^^^^^^^^^^^^^^^^
  File "/home/min/Workspace/Graduate-Project/Falling-Model-Development/.venv/lib/python3.13/site-packages/tensorflow/python/ops/weak_tensor_ops.py", line 142, in wrapper
    return op(*args, **kwargs)
  File "/home/min/Workspace/Graduate-Project/Falling-Model-Development/.venv/lib/python3.13/site-packages/tensorflow/python/framework/constant_op.py", line 276, in constant
    return _constant_impl(value, dtype, shape, name, verify_shape=False,
                          allow_broadcast=True)
  File "/home/min/Workspace/Graduate-Project/Falling-Model-Development/.venv/lib/python3.13/site-packages/tensorflow/python/framework/constant_op.py", line 288, in _constant_impl
    return _constant_eager_impl(ctx, value, dtype, shape, verify_shape)
  File "/home/min/Workspace/Graduate-Project/Falling-Model-Development/.venv/lib/python3.13/site-packages/tensorflow/python/framework/constant_op.py", line 301, in _constant_eager_impl
    t = convert_to_eager_tensor(value, ctx, dtype)
  File "/home/min/Workspace/Graduate-Project/Falling-Model-Development/.venv/lib/python3.13/site-packages/tensorflow/python/framework/constant_op.py", line 108, in convert_to_eager_tensor
    return ops.EagerTensor(value, ctx.device_name, dtype)
           ~~~~~~~~~~~~~~~^^^^^^^^^^^^^^^^^^^^^^^^^^^^^^^
tensorflow.python.framework.errors_impl.InternalError: Failed copying input tensor from /job:localhost/replica:0/task:0/device:CPU:0 to /job:localhost/replica:0/task:0/device:GPU:0 in order to run _EagerConst: Dst tensor is not initialized.
[2026-05-16 00:14:54] FAIL  P17-v04  (exit 1)
[2026-05-16 00:14:54] === Phase 17 summary ===
P17-v01            0.9020   0.9057   0.9020   0.9640   0.9655  0.550   3 
  CM: TN=221 FP=24 FN=23 TP=643
P17-v02            0.8939   0.9241   0.8939   0.9614   0.9730  0.450   4 
  CM: TN=219 FP=26 FN=18 TP=648
[2026-05-16 00:14:54] Phase 17 complete — MinPR < 0.92, continuing to Phase 18
[2026-05-16 00:14:54] === Starting Phase 18 (TCN architecture) ===
[2026-05-16 00:14:54] START P18-v01
WARNING: All log messages before absl::InitializeLog() is called are written to STDERR
I0000 00:00:1778858095.334865  341185 cpu_feature_guard.cc:227] This TensorFlow binary is optimized to use available CPU instructions in performance-critical operations.
To enable the following instructions: AVX2 FMA, in other operations, rebuild TensorFlow with the appropriate compiler flags.
[2026-05-16 00:14:57] loading train split=/home/min/Workspace/Graduate-Project/Falling-Model-Development/dataset/splits_v2_filtered/train.csv
[2026-05-16 00:15:11] train rows=1,274,014 videos=6,344 features=27 data_scope=all
[2026-05-16 00:15:11] loading val split=/home/min/Workspace/Graduate-Project/Falling-Model-Development/dataset/splits_v2_filtered/val.csv
[2026-05-16 00:15:16] val rows=363,918 videos=1,811 features=27 data_scope=all
[2026-05-16 00:15:16] loading test split=/home/min/Workspace/Graduate-Project/Falling-Model-Development/dataset/splits_v2_filtered/test.csv
[2026-05-16 00:15:18] test rows=182,782 videos=911 features=27 data_scope=all
[2026-05-16 00:15:36] train windows=370,921 positive=224,347 videos=6,344
[2026-05-16 00:15:40] val windows=74,251 positive=32,590 videos=1,811
[2026-05-16 00:15:42] test windows=37,351 positive=16,447 videos=911
I0000 00:00:1778858148.369921  341185 gpu_device.cc:2043] Created device /job:localhost/replica:0/task:0/device:GPU:0 with 708 MB memory:  -> device: 0, name: NVIDIA GeForce RTX 2060 SUPER, pci bus id: 0000:05:00.0, compute capability: 7.5
W0000 00:00:1778858150.044152  341185 cpu_allocator_impl.cc:82] Allocation of 1602378720 exceeds 10% of free system memory.
W0000 00:00:1778858161.324525  341185 bfc_allocator.cc:502] Allocator (GPU_0_bfc) ran out of memory trying to allocate 1.49GiB (rounded to 1602378752)requested by op _EagerConst
If the cause is memory fragmentation maybe the environment variable 'TF_GPU_ALLOCATOR=cuda_malloc_async' will improve the situation. 
Current allocation summary follows.
Current allocation summary follows.
I0000 00:00:1778858161.324561  341185 bfc_allocator.cc:1049] BFCAllocator dump for GPU_0_bfc
I0000 00:00:1778858161.324564  341185 bfc_allocator.cc:1056] Bin (256): 	Total Chunks: 69, Chunks in use: 68. 17.2KiB allocated for chunks. 17.0KiB in use in bin. 5.7KiB client-requested in use in bin.
I0000 00:00:1778858161.324568  341185 bfc_allocator.cc:1056] Bin (512): 	Total Chunks: 14, Chunks in use: 14. 7.5KiB allocated for chunks. 7.5KiB in use in bin. 5.6KiB client-requested in use in bin.
I0000 00:00:1778858161.324570  341185 bfc_allocator.cc:1056] Bin (1024): 	Total Chunks: 1, Chunks in use: 1. 1.2KiB allocated for chunks. 1.2KiB in use in bin. 1.0KiB client-requested in use in bin.
I0000 00:00:1778858161.324573  341185 bfc_allocator.cc:1056] Bin (2048): 	Total Chunks: 2, Chunks in use: 1. 6.0KiB allocated for chunks. 3.5KiB in use in bin. 3.4KiB client-requested in use in bin.
I0000 00:00:1778858161.324575  341185 bfc_allocator.cc:1056] Bin (4096): 	Total Chunks: 0, Chunks in use: 0. 0B allocated for chunks. 0B in use in bin. 0B client-requested in use in bin.
I0000 00:00:1778858161.324578  341185 bfc_allocator.cc:1056] Bin (8192): 	Total Chunks: 6, Chunks in use: 5. 70.0KiB allocated for chunks. 54.2KiB in use in bin. 54.1KiB client-requested in use in bin.
I0000 00:00:1778858161.324580  341185 bfc_allocator.cc:1056] Bin (16384): 	Total Chunks: 3, Chunks in use: 2. 72.0KiB allocated for chunks. 48.0KiB in use in bin. 48.0KiB client-requested in use in bin.
I0000 00:00:1778858161.324582  341185 bfc_allocator.cc:1056] Bin (32768): 	Total Chunks: 2, Chunks in use: 1. 88.0KiB allocated for chunks. 48.0KiB in use in bin. 48.0KiB client-requested in use in bin.
I0000 00:00:1778858161.324585  341185 bfc_allocator.cc:1056] Bin (65536): 	Total Chunks: 5, Chunks in use: 3. 432.0KiB allocated for chunks. 252.0KiB in use in bin. 252.0KiB client-requested in use in bin.
I0000 00:00:1778858161.324587  341185 bfc_allocator.cc:1056] Bin (131072): 	Total Chunks: 0, Chunks in use: 0. 0B allocated for chunks. 0B in use in bin. 0B client-requested in use in bin.
I0000 00:00:1778858161.324589  341185 bfc_allocator.cc:1056] Bin (262144): 	Total Chunks: 0, Chunks in use: 0. 0B allocated for chunks. 0B in use in bin. 0B client-requested in use in bin.
I0000 00:00:1778858161.324591  341185 bfc_allocator.cc:1056] Bin (524288): 	Total Chunks: 0, Chunks in use: 0. 0B allocated for chunks. 0B in use in bin. 0B client-requested in use in bin.
I0000 00:00:1778858161.324593  341185 bfc_allocator.cc:1056] Bin (1048576): 	Total Chunks: 0, Chunks in use: 0. 0B allocated for chunks. 0B in use in bin. 0B client-requested in use in bin.
I0000 00:00:1778858161.324595  341185 bfc_allocator.cc:1056] Bin (2097152): 	Total Chunks: 0, Chunks in use: 0. 0B allocated for chunks. 0B in use in bin. 0B client-requested in use in bin.
I0000 00:00:1778858161.324597  341185 bfc_allocator.cc:1056] Bin (4194304): 	Total Chunks: 0, Chunks in use: 0. 0B allocated for chunks. 0B in use in bin. 0B client-requested in use in bin.
I0000 00:00:1778858161.324599  341185 bfc_allocator.cc:1056] Bin (8388608): 	Total Chunks: 0, Chunks in use: 0. 0B allocated for chunks. 0B in use in bin. 0B client-requested in use in bin.
I0000 00:00:1778858161.324601  341185 bfc_allocator.cc:1056] Bin (16777216): 	Total Chunks: 0, Chunks in use: 0. 0B allocated for chunks. 0B in use in bin. 0B client-requested in use in bin.
I0000 00:00:1778858161.324603  341185 bfc_allocator.cc:1056] Bin (33554432): 	Total Chunks: 0, Chunks in use: 0. 0B allocated for chunks. 0B in use in bin. 0B client-requested in use in bin.
I0000 00:00:1778858161.324605  341185 bfc_allocator.cc:1056] Bin (67108864): 	Total Chunks: 0, Chunks in use: 0. 0B allocated for chunks. 0B in use in bin. 0B client-requested in use in bin.
I0000 00:00:1778858161.324607  341185 bfc_allocator.cc:1056] Bin (134217728): 	Total Chunks: 0, Chunks in use: 0. 0B allocated for chunks. 0B in use in bin. 0B client-requested in use in bin.
I0000 00:00:1778858161.324609  341185 bfc_allocator.cc:1056] Bin (268435456): 	Total Chunks: 1, Chunks in use: 0. 707.51MiB allocated for chunks. 0B in use in bin. 0B client-requested in use in bin.
I0000 00:00:1778858161.324611  341185 bfc_allocator.cc:1072] Bin for 1.49GiB was 256.00MiB, Chunk State: 
I0000 00:00:1778858161.324614  341185 bfc_allocator.cc:1078]   Size: 707.51MiB | Requested Size: 0B | in_use: 0 | bin_num: 20, prev:   Size: 108.0KiB | Requested Size: 108.0KiB | in_use: 1 | bin_num: -1
I0000 00:00:1778858161.324620  341185 bfc_allocator.cc:1085] Next region of size 742588416
I0000 00:00:1778858161.324623  341185 bfc_allocator.cc:1105] InUse at 7e484e000000 of size 1280 next 1
I0000 00:00:1778858161.324625  341185 bfc_allocator.cc:1105] InUse at 7e484e000500 of size 256 next 2
I0000 00:00:1778858161.324626  341185 bfc_allocator.cc:1105] InUse at 7e484e000600 of size 256 next 3
I0000 00:00:1778858161.324628  341185 bfc_allocator.cc:1105] InUse at 7e484e000700 of size 256 next 4
I0000 00:00:1778858161.324629  341185 bfc_allocator.cc:1105] InUse at 7e484e000800 of size 256 next 5
I0000 00:00:1778858161.324631  341185 bfc_allocator.cc:1105] InUse at 7e484e000900 of size 256 next 7
I0000 00:00:1778858161.324632  341185 bfc_allocator.cc:1105] InUse at 7e484e000a00 of size 256 next 8
I0000 00:00:1778858161.324634  341185 bfc_allocator.cc:1105] InUse at 7e484e000b00 of size 256 next 6
I0000 00:00:1778858161.324635  341185 bfc_allocator.cc:1105] InUse at 7e484e000c00 of size 256 next 9
I0000 00:00:1778858161.324637  341185 bfc_allocator.cc:1105] InUse at 7e484e000d00 of size 256 next 12
I0000 00:00:1778858161.324638  341185 bfc_allocator.cc:1105] InUse at 7e484e000e00 of size 256 next 13
I0000 00:00:1778858161.324639  341185 bfc_allocator.cc:1105] InUse at 7e484e000f00 of size 256 next 14
I0000 00:00:1778858161.324641  341185 bfc_allocator.cc:1105] InUse at 7e484e001000 of size 256 next 15
I0000 00:00:1778858161.324643  341185 bfc_allocator.cc:1105] InUse at 7e484e001100 of size 3584 next 29
I0000 00:00:1778858161.324644  341185 bfc_allocator.cc:1105] Free  at 7e484e001f00 of size 16128 next 10
I0000 00:00:1778858161.324646  341185 bfc_allocator.cc:1105] InUse at 7e484e005e00 of size 10496 next 11
I0000 00:00:1778858161.324647  341185 bfc_allocator.cc:1105] InUse at 7e484e008700 of size 256 next 16
I0000 00:00:1778858161.324649  341185 bfc_allocator.cc:1105] InUse at 7e484e008800 of size 256 next 18
I0000 00:00:1778858161.324650  341185 bfc_allocator.cc:1105] InUse at 7e484e008900 of size 256 next 17
I0000 00:00:1778858161.324652  341185 bfc_allocator.cc:1105] InUse at 7e484e008a00 of size 256 next 19
I0000 00:00:1778858161.324653  341185 bfc_allocator.cc:1105] InUse at 7e484e008b00 of size 256 next 22
I0000 00:00:1778858161.324654  341185 bfc_allocator.cc:1105] InUse at 7e484e008c00 of size 256 next 23
I0000 00:00:1778858161.324668  341185 bfc_allocator.cc:1105] InUse at 7e484e008d00 of size 256 next 24
I0000 00:00:1778858161.324670  341185 bfc_allocator.cc:1105] InUse at 7e484e008e00 of size 256 next 26
I0000 00:00:1778858161.324673  341185 bfc_allocator.cc:1105] InUse at 7e484e008f00 of size 256 next 27
I0000 00:00:1778858161.324674  341185 bfc_allocator.cc:1105] InUse at 7e484e009000 of size 256 next 25
I0000 00:00:1778858161.324676  341185 bfc_allocator.cc:1105] InUse at 7e484e009100 of size 256 next 30
I0000 00:00:1778858161.324677  341185 bfc_allocator.cc:1105] InUse at 7e484e009200 of size 256 next 31
I0000 00:00:1778858161.324678  341185 bfc_allocator.cc:1105] InUse at 7e484e009300 of size 256 next 28
I0000 00:00:1778858161.324680  341185 bfc_allocator.cc:1105] InUse at 7e484e009400 of size 256 next 34
I0000 00:00:1778858161.324681  341185 bfc_allocator.cc:1105] InUse at 7e484e009500 of size 256 next 35
I0000 00:00:1778858161.324683  341185 bfc_allocator.cc:1105] InUse at 7e484e009600 of size 256 next 36
I0000 00:00:1778858161.324684  341185 bfc_allocator.cc:1105] InUse at 7e484e009700 of size 256 next 37
I0000 00:00:1778858161.324685  341185 bfc_allocator.cc:1105] InUse at 7e484e009800 of size 256 next 38
I0000 00:00:1778858161.324687  341185 bfc_allocator.cc:1105] InUse at 7e484e009900 of size 256 next 40
I0000 00:00:1778858161.324688  341185 bfc_allocator.cc:1105] InUse at 7e484e009a00 of size 256 next 41
I0000 00:00:1778858161.324690  341185 bfc_allocator.cc:1105] InUse at 7e484e009b00 of size 256 next 42
I0000 00:00:1778858161.324691  341185 bfc_allocator.cc:1105] InUse at 7e484e009c00 of size 256 next 43
I0000 00:00:1778858161.324693  341185 bfc_allocator.cc:1105] InUse at 7e484e009d00 of size 256 next 46
I0000 00:00:1778858161.324694  341185 bfc_allocator.cc:1105] InUse at 7e484e009e00 of size 256 next 44
I0000 00:00:1778858161.324696  341185 bfc_allocator.cc:1105] InUse at 7e484e009f00 of size 256 next 45
I0000 00:00:1778858161.324697  341185 bfc_allocator.cc:1105] InUse at 7e484e00a000 of size 256 next 49
I0000 00:00:1778858161.324698  341185 bfc_allocator.cc:1105] InUse at 7e484e00a100 of size 256 next 50
I0000 00:00:1778858161.324700  341185 bfc_allocator.cc:1105] InUse at 7e484e00a200 of size 256 next 51
I0000 00:00:1778858161.324701  341185 bfc_allocator.cc:1105] InUse at 7e484e00a300 of size 256 next 52
I0000 00:00:1778858161.324703  341185 bfc_allocator.cc:1105] InUse at 7e484e00a400 of size 256 next 53
I0000 00:00:1778858161.324704  341185 bfc_allocator.cc:1105] InUse at 7e484e00a500 of size 256 next 54
I0000 00:00:1778858161.324705  341185 bfc_allocator.cc:1105] InUse at 7e484e00a600 of size 256 next 57
I0000 00:00:1778858161.324707  341185 bfc_allocator.cc:1105] InUse at 7e484e00a700 of size 256 next 58
I0000 00:00:1778858161.324708  341185 bfc_allocator.cc:1105] InUse at 7e484e00a800 of size 256 next 59
I0000 00:00:1778858161.324710  341185 bfc_allocator.cc:1105] InUse at 7e484e00a900 of size 256 next 60
I0000 00:00:1778858161.324711  341185 bfc_allocator.cc:1105] InUse at 7e484e00aa00 of size 256 next 61
I0000 00:00:1778858161.324713  341185 bfc_allocator.cc:1105] InUse at 7e484e00ab00 of size 256 next 62
I0000 00:00:1778858161.324714  341185 bfc_allocator.cc:1105] InUse at 7e484e00ac00 of size 256 next 64
I0000 00:00:1778858161.324715  341185 bfc_allocator.cc:1105] InUse at 7e484e00ad00 of size 256 next 65
I0000 00:00:1778858161.324717  341185 bfc_allocator.cc:1105] InUse at 7e484e00ae00 of size 256 next 66
I0000 00:00:1778858161.324719  341185 bfc_allocator.cc:1105] InUse at 7e484e00af00 of size 512 next 67
I0000 00:00:1778858161.324721  341185 bfc_allocator.cc:1105] InUse at 7e484e00b100 of size 512 next 70
I0000 00:00:1778858161.324722  341185 bfc_allocator.cc:1105] InUse at 7e484e00b300 of size 512 next 68
I0000 00:00:1778858161.324724  341185 bfc_allocator.cc:1105] InUse at 7e484e00b500 of size 768 next 20
I0000 00:00:1778858161.324725  341185 bfc_allocator.cc:1105] InUse at 7e484e00b800 of size 12288 next 21
I0000 00:00:1778858161.324726  341185 bfc_allocator.cc:1105] InUse at 7e484e00e800 of size 256 next 69
I0000 00:00:1778858161.324728  341185 bfc_allocator.cc:1105] InUse at 7e484e00e900 of size 256 next 73
I0000 00:00:1778858161.324729  341185 bfc_allocator.cc:1105] InUse at 7e484e00ea00 of size 256 next 74
I0000 00:00:1778858161.324731  341185 bfc_allocator.cc:1105] InUse at 7e484e00eb00 of size 512 next 75
I0000 00:00:1778858161.324732  341185 bfc_allocator.cc:1105] InUse at 7e484e00ed00 of size 512 next 76
I0000 00:00:1778858161.324734  341185 bfc_allocator.cc:1105] InUse at 7e484e00ef00 of size 512 next 77
I0000 00:00:1778858161.324735  341185 bfc_allocator.cc:1105] InUse at 7e484e00f100 of size 512 next 80
I0000 00:00:1778858161.324736  341185 bfc_allocator.cc:1105] InUse at 7e484e00f300 of size 256 next 81
I0000 00:00:1778858161.324738  341185 bfc_allocator.cc:1105] InUse at 7e484e00f400 of size 256 next 82
I0000 00:00:1778858161.324739  341185 bfc_allocator.cc:1105] InUse at 7e484e00f500 of size 512 next 83
I0000 00:00:1778858161.324741  341185 bfc_allocator.cc:1105] InUse at 7e484e00f700 of size 512 next 84
I0000 00:00:1778858161.324742  341185 bfc_allocator.cc:1105] InUse at 7e484e00f900 of size 512 next 85
I0000 00:00:1778858161.324744  341185 bfc_allocator.cc:1105] InUse at 7e484e00fb00 of size 512 next 86
I0000 00:00:1778858161.324745  341185 bfc_allocator.cc:1105] InUse at 7e484e00fd00 of size 512 next 89
I0000 00:00:1778858161.324746  341185 bfc_allocator.cc:1105] InUse at 7e484e00ff00 of size 256 next 90
I0000 00:00:1778858161.324748  341185 bfc_allocator.cc:1105] InUse at 7e484e010000 of size 256 next 88
I0000 00:00:1778858161.324749  341185 bfc_allocator.cc:1105] InUse at 7e484e010100 of size 256 next 91
I0000 00:00:1778858161.324751  341185 bfc_allocator.cc:1105] Free  at 7e484e010200 of size 2560 next 98
I0000 00:00:1778858161.324752  341185 bfc_allocator.cc:1105] InUse at 7e484e010c00 of size 768 next 99
I0000 00:00:1778858161.324754  341185 bfc_allocator.cc:1105] InUse at 7e484e010f00 of size 256 next 93
I0000 00:00:1778858161.324755  341185 bfc_allocator.cc:1105] InUse at 7e484e011000 of size 256 next 95
I0000 00:00:1778858161.324756  341185 bfc_allocator.cc:1105] InUse at 7e484e011100 of size 256 next 96
I0000 00:00:1778858161.324758  341185 bfc_allocator.cc:1105] InUse at 7e484e011200 of size 256 next 94
I0000 00:00:1778858161.324759  341185 bfc_allocator.cc:1105] InUse at 7e484e011300 of size 256 next 97
I0000 00:00:1778858161.324761  341185 bfc_allocator.cc:1105] InUse at 7e484e011400 of size 256 next 100
I0000 00:00:1778858161.324762  341185 bfc_allocator.cc:1105] InUse at 7e484e011500 of size 256 next 101
I0000 00:00:1778858161.324764  341185 bfc_allocator.cc:1105] InUse at 7e484e011600 of size 256 next 102
I0000 00:00:1778858161.324765  341185 bfc_allocator.cc:1105] Free  at 7e484e011700 of size 256 next 33
I0000 00:00:1778858161.324766  341185 bfc_allocator.cc:1105] InUse at 7e484e011800 of size 12288 next 32
I0000 00:00:1778858161.324768  341185 bfc_allocator.cc:1105] InUse at 7e484e014800 of size 12288 next 39
I0000 00:00:1778858161.324769  341185 bfc_allocator.cc:1105] InUse at 7e484e017800 of size 8192 next 63
I0000 00:00:1778858161.324771  341185 bfc_allocator.cc:1105] Free  at 7e484e019800 of size 40960 next 48
I0000 00:00:1778858161.324772  341185 bfc_allocator.cc:1105] InUse at 7e484e023800 of size 24576 next 47
I0000 00:00:1778858161.324774  341185 bfc_allocator.cc:1105] Free  at 7e484e029800 of size 24576 next 87
I0000 00:00:1778858161.324775  341185 bfc_allocator.cc:1105] InUse at 7e484e02f800 of size 24576 next 56
I0000 00:00:1778858161.324777  341185 bfc_allocator.cc:1105] InUse at 7e484e035800 of size 49152 next 55
I0000 00:00:1778858161.324778  341185 bfc_allocator.cc:1105] Free  at 7e484e041800 of size 73728 next 92
I0000 00:00:1778858161.324780  341185 bfc_allocator.cc:1105] InUse at 7e484e053800 of size 73728 next 72
I0000 00:00:1778858161.324781  341185 bfc_allocator.cc:1105] InUse at 7e484e065800 of size 73728 next 71
I0000 00:00:1778858161.324783  341185 bfc_allocator.cc:1105] Free  at 7e484e077800 of size 110592 next 79
I0000 00:00:1778858161.324784  341185 bfc_allocator.cc:1105] InUse at 7e484e092800 of size 110592 next 78
I0000 00:00:1778858161.324786  341185 bfc_allocator.cc:1105] Free  at 7e484e0ad800 of size 741877760 next 18446744073709551615
I0000 00:00:1778858161.324787  341185 bfc_allocator.cc:1110]      Summary of in-use Chunks by size: 
I0000 00:00:1778858161.324789  341185 bfc_allocator.cc:1113] 68 Chunks of size 256 totalling 17.0KiB
I0000 00:00:1778858161.324792  341185 bfc_allocator.cc:1113] 12 Chunks of size 512 totalling 6.0KiB
I0000 00:00:1778858161.324794  341185 bfc_allocator.cc:1113] 2 Chunks of size 768 totalling 1.5KiB
I0000 00:00:1778858161.324795  341185 bfc_allocator.cc:1113] 1 Chunks of size 1280 totalling 1.2KiB
I0000 00:00:1778858161.324797  341185 bfc_allocator.cc:1113] 1 Chunks of size 3584 totalling 3.5KiB
I0000 00:00:1778858161.324799  341185 bfc_allocator.cc:1113] 1 Chunks of size 8192 totalling 8.0KiB
I0000 00:00:1778858161.324801  341185 bfc_allocator.cc:1113] 1 Chunks of size 10496 totalling 10.2KiB
I0000 00:00:1778858161.324803  341185 bfc_allocator.cc:1113] 3 Chunks of size 12288 totalling 36.0KiB
I0000 00:00:1778858161.324804  341185 bfc_allocator.cc:1113] 2 Chunks of size 24576 totalling 48.0KiB
I0000 00:00:1778858161.324806  341185 bfc_allocator.cc:1113] 1 Chunks of size 49152 totalling 48.0KiB
I0000 00:00:1778858161.324808  341185 bfc_allocator.cc:1113] 2 Chunks of size 73728 totalling 144.0KiB
I0000 00:00:1778858161.324810  341185 bfc_allocator.cc:1113] 1 Chunks of size 110592 totalling 108.0KiB
I0000 00:00:1778858161.324811  341185 bfc_allocator.cc:1117] Sum Total of in-use chunks: 431.5KiB
I0000 00:00:1778858161.324813  341185 bfc_allocator.cc:1119] Total size in pool: 708.19MiB memory_limit_: 708.19MiB available size: 0B curr_region_allocation_bytes_: 1.38GiB
I0000 00:00:1778858161.324815  341185 bfc_allocator.cc:1128] Stats: 
Limit:                       708.19MiB
InUse:                        431.5KiB
MaxInUse:                     608.2KiB
NumAllocs:                         217
MaxAllocSize:                 144.0KiB
Reserved:                           0B
PeakReserved:                       0B
LargestFreeBlock:                   0B

W0000 00:00:1778858161.324819  341185 bfc_allocator.cc:513] *___________________________________________________________________________________________________
Traceback (most recent call last):
  File "/home/min/Workspace/Graduate-Project/Falling-Model-Development/scripts/train_baseline.py", line 1519, in <module>
    main()
    ~~~~^^
  File "/home/min/Workspace/Graduate-Project/Falling-Model-Development/scripts/train_baseline.py", line 1390, in main
    history = train_model(model, x, y, y_eval, groups, config)
  File "/home/min/Workspace/Graduate-Project/Falling-Model-Development/scripts/train_baseline.py", line 899, in train_model
    make_tf_dataset(x["train"], y["train"], config.batch_size, True, config.noise_std),
    ~~~~~~~~~~~~~~~^^^^^^^^^^^^^^^^^^^^^^^^^^^^^^^^^^^^^^^^^^^^^^^^^^^^^^^^^^^^^^^^^^^
  File "/home/min/Workspace/Graduate-Project/Falling-Model-Development/scripts/train_baseline.py", line 648, in make_tf_dataset
    ds = tf.data.Dataset.from_tensor_slices((x, y))
  File "/home/min/Workspace/Graduate-Project/Falling-Model-Development/.venv/lib/python3.13/site-packages/tensorflow/python/data/ops/dataset_ops.py", line 827, in from_tensor_slices
    return from_tensor_slices_op._from_tensor_slices(tensors, name)
           ~~~~~~~~~~~~~~~~~~~~~~~~~~~~~~~~~~~~~~~~~^^^^^^^^^^^^^^^
  File "/home/min/Workspace/Graduate-Project/Falling-Model-Development/.venv/lib/python3.13/site-packages/tensorflow/python/data/ops/from_tensor_slices_op.py", line 25, in _from_tensor_slices
    return _TensorSliceDataset(tensors, name=name)
  File "/home/min/Workspace/Graduate-Project/Falling-Model-Development/.venv/lib/python3.13/site-packages/tensorflow/python/data/ops/from_tensor_slices_op.py", line 33, in __init__
    element = structure.normalize_element(element)
  File "/home/min/Workspace/Graduate-Project/Falling-Model-Development/.venv/lib/python3.13/site-packages/tensorflow/python/data/util/structure.py", line 134, in normalize_element
    ops.convert_to_tensor(t, name="component_%d" % i, dtype=dtype))
    ~~~~~~~~~~~~~~~~~~~~~^^^^^^^^^^^^^^^^^^^^^^^^^^^^^^^^^^^^^^^^^
  File "/home/min/Workspace/Graduate-Project/Falling-Model-Development/.venv/lib/python3.13/site-packages/tensorflow/python/profiler/trace.py", line 183, in wrapped
    return func(*args, **kwargs)
  File "/home/min/Workspace/Graduate-Project/Falling-Model-Development/.venv/lib/python3.13/site-packages/tensorflow/python/framework/ops.py", line 757, in convert_to_tensor
    return tensor_conversion_registry.convert(
           ~~~~~~~~~~~~~~~~~~~~~~~~~~~~~~~~~~^
        value, dtype, name, as_ref, preferred_dtype, accepted_result_types
        ^^^^^^^^^^^^^^^^^^^^^^^^^^^^^^^^^^^^^^^^^^^^^^^^^^^^^^^^^^^^^^^^^^
    )
    ^
  File "/home/min/Workspace/Graduate-Project/Falling-Model-Development/.venv/lib/python3.13/site-packages/tensorflow/python/framework/tensor_conversion_registry.py", line 234, in convert
    ret = conversion_func(value, dtype=dtype, name=name, as_ref=as_ref)
  File "/home/min/Workspace/Graduate-Project/Falling-Model-Development/.venv/lib/python3.13/site-packages/tensorflow/python/framework/constant_tensor_conversion.py", line 29, in _constant_tensor_conversion_function
    return constant_op.constant(v, dtype=dtype, name=name)
           ~~~~~~~~~~~~~~~~~~~~^^^^^^^^^^^^^^^^^^^^^^^^^^^
  File "/home/min/Workspace/Graduate-Project/Falling-Model-Development/.venv/lib/python3.13/site-packages/tensorflow/python/ops/weak_tensor_ops.py", line 142, in wrapper
    return op(*args, **kwargs)
  File "/home/min/Workspace/Graduate-Project/Falling-Model-Development/.venv/lib/python3.13/site-packages/tensorflow/python/framework/constant_op.py", line 276, in constant
    return _constant_impl(value, dtype, shape, name, verify_shape=False,
                          allow_broadcast=True)
  File "/home/min/Workspace/Graduate-Project/Falling-Model-Development/.venv/lib/python3.13/site-packages/tensorflow/python/framework/constant_op.py", line 288, in _constant_impl
    return _constant_eager_impl(ctx, value, dtype, shape, verify_shape)
  File "/home/min/Workspace/Graduate-Project/Falling-Model-Development/.venv/lib/python3.13/site-packages/tensorflow/python/framework/constant_op.py", line 301, in _constant_eager_impl
    t = convert_to_eager_tensor(value, ctx, dtype)
  File "/home/min/Workspace/Graduate-Project/Falling-Model-Development/.venv/lib/python3.13/site-packages/tensorflow/python/framework/constant_op.py", line 108, in convert_to_eager_tensor
    return ops.EagerTensor(value, ctx.device_name, dtype)
           ~~~~~~~~~~~~~~~^^^^^^^^^^^^^^^^^^^^^^^^^^^^^^^
tensorflow.python.framework.errors_impl.InternalError: Failed copying input tensor from /job:localhost/replica:0/task:0/device:CPU:0 to /job:localhost/replica:0/task:0/device:GPU:0 in order to run _EagerConst: Dst tensor is not initialized.
[2026-05-16 00:16:02] FAIL  P18-v01  (exit 1)
[2026-05-16 00:16:02] START P18-v02
WARNING: All log messages before absl::InitializeLog() is called are written to STDERR
I0000 00:00:1778858163.173577  342317 cpu_feature_guard.cc:227] This TensorFlow binary is optimized to use available CPU instructions in performance-critical operations.
To enable the following instructions: AVX2 FMA, in other operations, rebuild TensorFlow with the appropriate compiler flags.
[2026-05-16 00:16:04] loading train split=/home/min/Workspace/Graduate-Project/Falling-Model-Development/dataset/splits_v2_filtered/train.csv
[2026-05-16 00:16:18] train rows=1,274,014 videos=6,344 features=27 data_scope=all
[2026-05-16 00:16:18] loading val split=/home/min/Workspace/Graduate-Project/Falling-Model-Development/dataset/splits_v2_filtered/val.csv
[2026-05-16 00:16:22] val rows=363,918 videos=1,811 features=27 data_scope=all
[2026-05-16 00:16:22] loading test split=/home/min/Workspace/Graduate-Project/Falling-Model-Development/dataset/splits_v2_filtered/test.csv
[2026-05-16 00:16:24] test rows=182,782 videos=911 features=27 data_scope=all
[2026-05-16 00:16:40] train windows=370,921 positive=224,347 videos=6,344
[2026-05-16 00:16:43] val windows=74,251 positive=32,590 videos=1,811
[2026-05-16 00:16:45] test windows=37,351 positive=16,447 videos=911
I0000 00:00:1778858211.324417  342317 gpu_device.cc:2043] Created device /job:localhost/replica:0/task:0/device:GPU:0 with 708 MB memory:  -> device: 0, name: NVIDIA GeForce RTX 2060 SUPER, pci bus id: 0000:05:00.0, compute capability: 7.5
W0000 00:00:1778858212.943698  342317 cpu_allocator_impl.cc:82] Allocation of 1602378720 exceeds 10% of free system memory.
W0000 00:00:1778858224.087253  342317 bfc_allocator.cc:502] Allocator (GPU_0_bfc) ran out of memory trying to allocate 1.49GiB (rounded to 1602378752)requested by op _EagerConst
If the cause is memory fragmentation maybe the environment variable 'TF_GPU_ALLOCATOR=cuda_malloc_async' will improve the situation. 
Current allocation summary follows.
Current allocation summary follows.
I0000 00:00:1778858224.087292  342317 bfc_allocator.cc:1049] BFCAllocator dump for GPU_0_bfc
I0000 00:00:1778858224.087296  342317 bfc_allocator.cc:1056] Bin (256): 	Total Chunks: 50, Chunks in use: 50. 12.5KiB allocated for chunks. 12.5KiB in use in bin. 5.2KiB client-requested in use in bin.
I0000 00:00:1778858224.087301  342317 bfc_allocator.cc:1056] Bin (512): 	Total Chunks: 21, Chunks in use: 21. 10.5KiB allocated for chunks. 10.5KiB in use in bin. 10.5KiB client-requested in use in bin.
I0000 00:00:1778858224.087305  342317 bfc_allocator.cc:1056] Bin (1024): 	Total Chunks: 3, Chunks in use: 2. 3.2KiB allocated for chunks. 2.2KiB in use in bin. 2.0KiB client-requested in use in bin.
I0000 00:00:1778858224.087309  342317 bfc_allocator.cc:1056] Bin (2048): 	Total Chunks: 0, Chunks in use: 0. 0B allocated for chunks. 0B in use in bin. 0B client-requested in use in bin.
I0000 00:00:1778858224.087313  342317 bfc_allocator.cc:1056] Bin (4096): 	Total Chunks: 1, Chunks in use: 1. 6.8KiB allocated for chunks. 6.8KiB in use in bin. 6.8KiB client-requested in use in bin.
I0000 00:00:1778858224.087317  342317 bfc_allocator.cc:1056] Bin (8192): 	Total Chunks: 1, Chunks in use: 0. 10.5KiB allocated for chunks. 0B in use in bin. 0B client-requested in use in bin.
I0000 00:00:1778858224.087321  342317 bfc_allocator.cc:1056] Bin (16384): 	Total Chunks: 1, Chunks in use: 1. 20.2KiB allocated for chunks. 20.2KiB in use in bin. 20.2KiB client-requested in use in bin.
I0000 00:00:1778858224.087325  342317 bfc_allocator.cc:1056] Bin (32768): 	Total Chunks: 4, Chunks in use: 4. 176.0KiB allocated for chunks. 176.0KiB in use in bin. 176.0KiB client-requested in use in bin.
I0000 00:00:1778858224.087329  342317 bfc_allocator.cc:1056] Bin (65536): 	Total Chunks: 3, Chunks in use: 1. 256.0KiB allocated for chunks. 96.0KiB in use in bin. 96.0KiB client-requested in use in bin.
I0000 00:00:1778858224.087333  342317 bfc_allocator.cc:1056] Bin (131072): 	Total Chunks: 4, Chunks in use: 4. 704.0KiB allocated for chunks. 704.0KiB in use in bin. 704.0KiB client-requested in use in bin.
I0000 00:00:1778858224.087337  342317 bfc_allocator.cc:1056] Bin (262144): 	Total Chunks: 1, Chunks in use: 0. 256.0KiB allocated for chunks. 0B in use in bin. 0B client-requested in use in bin.
I0000 00:00:1778858224.087341  342317 bfc_allocator.cc:1056] Bin (524288): 	Total Chunks: 0, Chunks in use: 0. 0B allocated for chunks. 0B in use in bin. 0B client-requested in use in bin.
I0000 00:00:1778858224.087345  342317 bfc_allocator.cc:1056] Bin (1048576): 	Total Chunks: 0, Chunks in use: 0. 0B allocated for chunks. 0B in use in bin. 0B client-requested in use in bin.
I0000 00:00:1778858224.087348  342317 bfc_allocator.cc:1056] Bin (2097152): 	Total Chunks: 0, Chunks in use: 0. 0B allocated for chunks. 0B in use in bin. 0B client-requested in use in bin.
I0000 00:00:1778858224.087352  342317 bfc_allocator.cc:1056] Bin (4194304): 	Total Chunks: 0, Chunks in use: 0. 0B allocated for chunks. 0B in use in bin. 0B client-requested in use in bin.
I0000 00:00:1778858224.087355  342317 bfc_allocator.cc:1056] Bin (8388608): 	Total Chunks: 0, Chunks in use: 0. 0B allocated for chunks. 0B in use in bin. 0B client-requested in use in bin.
I0000 00:00:1778858224.087359  342317 bfc_allocator.cc:1056] Bin (16777216): 	Total Chunks: 0, Chunks in use: 0. 0B allocated for chunks. 0B in use in bin. 0B client-requested in use in bin.
I0000 00:00:1778858224.087362  342317 bfc_allocator.cc:1056] Bin (33554432): 	Total Chunks: 0, Chunks in use: 0. 0B allocated for chunks. 0B in use in bin. 0B client-requested in use in bin.
I0000 00:00:1778858224.087365  342317 bfc_allocator.cc:1056] Bin (67108864): 	Total Chunks: 0, Chunks in use: 0. 0B allocated for chunks. 0B in use in bin. 0B client-requested in use in bin.
I0000 00:00:1778858224.087369  342317 bfc_allocator.cc:1056] Bin (134217728): 	Total Chunks: 0, Chunks in use: 0. 0B allocated for chunks. 0B in use in bin. 0B client-requested in use in bin.
I0000 00:00:1778858224.087372  342317 bfc_allocator.cc:1056] Bin (268435456): 	Total Chunks: 1, Chunks in use: 0. 706.83MiB allocated for chunks. 0B in use in bin. 0B client-requested in use in bin.
I0000 00:00:1778858224.087376  342317 bfc_allocator.cc:1072] Bin for 1.49GiB was 256.00MiB, Chunk State: 
I0000 00:00:1778858224.087379  342317 bfc_allocator.cc:1078]   Size: 706.83MiB | Requested Size: 0B | in_use: 0 | bin_num: 20, prev:   Size: 192.0KiB | Requested Size: 192.0KiB | in_use: 1 | bin_num: -1
I0000 00:00:1778858224.087385  342317 bfc_allocator.cc:1085] Next region of size 742653952
I0000 00:00:1778858224.087389  342317 bfc_allocator.cc:1105] InUse at 7940f6000000 of size 1280 next 1
I0000 00:00:1778858224.087392  342317 bfc_allocator.cc:1105] InUse at 7940f6000500 of size 256 next 2
I0000 00:00:1778858224.087395  342317 bfc_allocator.cc:1105] InUse at 7940f6000600 of size 256 next 3
I0000 00:00:1778858224.087397  342317 bfc_allocator.cc:1105] InUse at 7940f6000700 of size 256 next 4
I0000 00:00:1778858224.087400  342317 bfc_allocator.cc:1105] InUse at 7940f6000800 of size 256 next 5
I0000 00:00:1778858224.087402  342317 bfc_allocator.cc:1105] InUse at 7940f6000900 of size 256 next 7
I0000 00:00:1778858224.087405  342317 bfc_allocator.cc:1105] InUse at 7940f6000a00 of size 256 next 8
I0000 00:00:1778858224.087407  342317 bfc_allocator.cc:1105] InUse at 7940f6000b00 of size 256 next 6
I0000 00:00:1778858224.087410  342317 bfc_allocator.cc:1105] InUse at 7940f6000c00 of size 256 next 9
I0000 00:00:1778858224.087412  342317 bfc_allocator.cc:1105] InUse at 7940f6000d00 of size 256 next 12
I0000 00:00:1778858224.087415  342317 bfc_allocator.cc:1105] InUse at 7940f6000e00 of size 256 next 13
I0000 00:00:1778858224.087417  342317 bfc_allocator.cc:1105] InUse at 7940f6000f00 of size 256 next 14
I0000 00:00:1778858224.087420  342317 bfc_allocator.cc:1105] InUse at 7940f6001000 of size 256 next 15
I0000 00:00:1778858224.087422  342317 bfc_allocator.cc:1105] InUse at 7940f6001100 of size 256 next 16
I0000 00:00:1778858224.087424  342317 bfc_allocator.cc:1105] InUse at 7940f6001200 of size 256 next 19
I0000 00:00:1778858224.087427  342317 bfc_allocator.cc:1105] InUse at 7940f6001300 of size 256 next 17
I0000 00:00:1778858224.087429  342317 bfc_allocator.cc:1105] InUse at 7940f6001400 of size 256 next 18
I0000 00:00:1778858224.087431  342317 bfc_allocator.cc:1105] InUse at 7940f6001500 of size 256 next 22
I0000 00:00:1778858224.087434  342317 bfc_allocator.cc:1105] InUse at 7940f6001600 of size 256 next 23
I0000 00:00:1778858224.087436  342317 bfc_allocator.cc:1105] InUse at 7940f6001700 of size 256 next 24
I0000 00:00:1778858224.087439  342317 bfc_allocator.cc:1105] InUse at 7940f6001800 of size 256 next 26
I0000 00:00:1778858224.087441  342317 bfc_allocator.cc:1105] InUse at 7940f6001900 of size 256 next 27
I0000 00:00:1778858224.087444  342317 bfc_allocator.cc:1105] InUse at 7940f6001a00 of size 256 next 25
I0000 00:00:1778858224.087446  342317 bfc_allocator.cc:1105] InUse at 7940f6001b00 of size 256 next 31
I0000 00:00:1778858224.087449  342317 bfc_allocator.cc:1105] InUse at 7940f6001c00 of size 256 next 32
I0000 00:00:1778858224.087451  342317 bfc_allocator.cc:1105] InUse at 7940f6001d00 of size 256 next 33
I0000 00:00:1778858224.087453  342317 bfc_allocator.cc:1105] InUse at 7940f6001e00 of size 256 next 28
I0000 00:00:1778858224.087456  342317 bfc_allocator.cc:1105] InUse at 7940f6001f00 of size 256 next 35
I0000 00:00:1778858224.087458  342317 bfc_allocator.cc:1105] InUse at 7940f6002000 of size 256 next 36
I0000 00:00:1778858224.087460  342317 bfc_allocator.cc:1105] InUse at 7940f6002100 of size 256 next 37
I0000 00:00:1778858224.087463  342317 bfc_allocator.cc:1105] InUse at 7940f6002200 of size 256 next 38
I0000 00:00:1778858224.087465  342317 bfc_allocator.cc:1105] InUse at 7940f6002300 of size 256 next 39
I0000 00:00:1778858224.087467  342317 bfc_allocator.cc:1105] InUse at 7940f6002400 of size 256 next 41
I0000 00:00:1778858224.087470  342317 bfc_allocator.cc:1105] InUse at 7940f6002500 of size 256 next 42
I0000 00:00:1778858224.087472  342317 bfc_allocator.cc:1105] InUse at 7940f6002600 of size 512 next 43
I0000 00:00:1778858224.087475  342317 bfc_allocator.cc:1105] InUse at 7940f6002800 of size 512 next 44
I0000 00:00:1778858224.087477  342317 bfc_allocator.cc:1105] InUse at 7940f6002a00 of size 512 next 45
I0000 00:00:1778858224.087480  342317 bfc_allocator.cc:1105] InUse at 7940f6002c00 of size 512 next 48
I0000 00:00:1778858224.087482  342317 bfc_allocator.cc:1105] InUse at 7940f6002e00 of size 256 next 49
I0000 00:00:1778858224.087484  342317 bfc_allocator.cc:1105] InUse at 7940f6002f00 of size 256 next 50
I0000 00:00:1778858224.087487  342317 bfc_allocator.cc:1105] InUse at 7940f6003000 of size 256 next 51
I0000 00:00:1778858224.087489  342317 bfc_allocator.cc:1105] InUse at 7940f6003100 of size 512 next 52
I0000 00:00:1778858224.087491  342317 bfc_allocator.cc:1105] InUse at 7940f6003300 of size 512 next 55
I0000 00:00:1778858224.087494  342317 bfc_allocator.cc:1105] InUse at 7940f6003500 of size 512 next 53
I0000 00:00:1778858224.087496  342317 bfc_allocator.cc:1105] InUse at 7940f6003700 of size 512 next 54
I0000 00:00:1778858224.087499  342317 bfc_allocator.cc:1105] InUse at 7940f6003900 of size 256 next 58
I0000 00:00:1778858224.087501  342317 bfc_allocator.cc:1105] InUse at 7940f6003a00 of size 256 next 59
I0000 00:00:1778858224.087503  342317 bfc_allocator.cc:1105] InUse at 7940f6003b00 of size 512 next 60
I0000 00:00:1778858224.087506  342317 bfc_allocator.cc:1105] InUse at 7940f6003d00 of size 512 next 63
I0000 00:00:1778858224.087508  342317 bfc_allocator.cc:1105] InUse at 7940f6003f00 of size 512 next 61
I0000 00:00:1778858224.087510  342317 bfc_allocator.cc:1105] InUse at 7940f6004100 of size 512 next 62
I0000 00:00:1778858224.087513  342317 bfc_allocator.cc:1105] InUse at 7940f6004300 of size 512 next 66
I0000 00:00:1778858224.087515  342317 bfc_allocator.cc:1105] InUse at 7940f6004500 of size 512 next 67
I0000 00:00:1778858224.087517  342317 bfc_allocator.cc:1105] InUse at 7940f6004700 of size 512 next 68
I0000 00:00:1778858224.087520  342317 bfc_allocator.cc:1105] InUse at 7940f6004900 of size 512 next 64
I0000 00:00:1778858224.087522  342317 bfc_allocator.cc:1105] InUse at 7940f6004b00 of size 256 next 70
I0000 00:00:1778858224.087524  342317 bfc_allocator.cc:1105] InUse at 7940f6004c00 of size 256 next 71
I0000 00:00:1778858224.087527  342317 bfc_allocator.cc:1105] InUse at 7940f6004d00 of size 512 next 72
I0000 00:00:1778858224.087529  342317 bfc_allocator.cc:1105] InUse at 7940f6004f00 of size 512 next 29
I0000 00:00:1778858224.087532  342317 bfc_allocator.cc:1105] InUse at 7940f6005100 of size 6912 next 30
I0000 00:00:1778858224.087535  342317 bfc_allocator.cc:1105] InUse at 7940f6006c00 of size 512 next 73
I0000 00:00:1778858224.087537  342317 bfc_allocator.cc:1105] InUse at 7940f6006e00 of size 512 next 74
I0000 00:00:1778858224.087539  342317 bfc_allocator.cc:1105] InUse at 7940f6007000 of size 512 next 76
I0000 00:00:1778858224.087542  342317 bfc_allocator.cc:1105] InUse at 7940f6007200 of size 256 next 77
I0000 00:00:1778858224.087544  342317 bfc_allocator.cc:1105] InUse at 7940f6007300 of size 256 next 78
I0000 00:00:1778858224.087547  342317 bfc_allocator.cc:1105] InUse at 7940f6007400 of size 256 next 79
I0000 00:00:1778858224.087549  342317 bfc_allocator.cc:1105] InUse at 7940f6007500 of size 256 next 82
I0000 00:00:1778858224.087551  342317 bfc_allocator.cc:1105] InUse at 7940f6007600 of size 256 next 83
I0000 00:00:1778858224.087554  342317 bfc_allocator.cc:1105] InUse at 7940f6007700 of size 256 next 81
I0000 00:00:1778858224.087556  342317 bfc_allocator.cc:1105] InUse at 7940f6007800 of size 256 next 84
I0000 00:00:1778858224.087559  342317 bfc_allocator.cc:1105] InUse at 7940f6007900 of size 256 next 87
I0000 00:00:1778858224.087561  342317 bfc_allocator.cc:1105] InUse at 7940f6007a00 of size 256 next 88
I0000 00:00:1778858224.087564  342317 bfc_allocator.cc:1105] InUse at 7940f6007b00 of size 256 next 89
I0000 00:00:1778858224.087566  342317 bfc_allocator.cc:1105] Free  at 7940f6007c00 of size 1024 next 85
I0000 00:00:1778858224.087569  342317 bfc_allocator.cc:1105] InUse at 7940f6008000 of size 1024 next 86
I0000 00:00:1778858224.087571  342317 bfc_allocator.cc:1105] Free  at 7940f6008400 of size 10752 next 10
I0000 00:00:1778858224.087574  342317 bfc_allocator.cc:1105] InUse at 7940f600ae00 of size 20736 next 11
I0000 00:00:1778858224.087576  342317 bfc_allocator.cc:1105] Free  at 7940f600ff00 of size 65536 next 65
I0000 00:00:1778858224.087579  342317 bfc_allocator.cc:1105] InUse at 7940f601ff00 of size 32768 next 21
I0000 00:00:1778858224.087581  342317 bfc_allocator.cc:1105] InUse at 7940f6027f00 of size 49152 next 20
I0000 00:00:1778858224.087584  342317 bfc_allocator.cc:1105] InUse at 7940f6033f00 of size 49152 next 34
I0000 00:00:1778858224.087586  342317 bfc_allocator.cc:1105] InUse at 7940f603ff00 of size 49152 next 40
I0000 00:00:1778858224.087589  342317 bfc_allocator.cc:1105] Free  at 7940f604bf00 of size 98304 next 47
I0000 00:00:1778858224.087591  342317 bfc_allocator.cc:1105] InUse at 7940f6063f00 of size 98304 next 46
I0000 00:00:1778858224.087594  342317 bfc_allocator.cc:1105] Free  at 7940f607bf00 of size 262144 next 80
I0000 00:00:1778858224.087596  342317 bfc_allocator.cc:1105] InUse at 7940f60bbf00 of size 131072 next 57
I0000 00:00:1778858224.087599  342317 bfc_allocator.cc:1105] InUse at 7940f60dbf00 of size 196608 next 56
I0000 00:00:1778858224.087601  342317 bfc_allocator.cc:1105] InUse at 7940f610bf00 of size 196608 next 69
I0000 00:00:1778858224.087603  342317 bfc_allocator.cc:1105] InUse at 7940f613bf00 of size 196608 next 75
I0000 00:00:1778858224.087606  342317 bfc_allocator.cc:1105] Free  at 7940f616bf00 of size 741163264 next 18446744073709551615
I0000 00:00:1778858224.087608  342317 bfc_allocator.cc:1110]      Summary of in-use Chunks by size: 
I0000 00:00:1778858224.087611  342317 bfc_allocator.cc:1113] 50 Chunks of size 256 totalling 12.5KiB
I0000 00:00:1778858224.087615  342317 bfc_allocator.cc:1113] 21 Chunks of size 512 totalling 10.5KiB
I0000 00:00:1778858224.087618  342317 bfc_allocator.cc:1113] 1 Chunks of size 1024 totalling 1.0KiB
I0000 00:00:1778858224.087621  342317 bfc_allocator.cc:1113] 1 Chunks of size 1280 totalling 1.2KiB
I0000 00:00:1778858224.087624  342317 bfc_allocator.cc:1113] 1 Chunks of size 6912 totalling 6.8KiB
I0000 00:00:1778858224.087627  342317 bfc_allocator.cc:1113] 1 Chunks of size 20736 totalling 20.2KiB
I0000 00:00:1778858224.087630  342317 bfc_allocator.cc:1113] 1 Chunks of size 32768 totalling 32.0KiB
I0000 00:00:1778858224.087633  342317 bfc_allocator.cc:1113] 3 Chunks of size 49152 totalling 144.0KiB
I0000 00:00:1778858224.087636  342317 bfc_allocator.cc:1113] 1 Chunks of size 98304 totalling 96.0KiB
I0000 00:00:1778858224.087639  342317 bfc_allocator.cc:1113] 1 Chunks of size 131072 totalling 128.0KiB
I0000 00:00:1778858224.087642  342317 bfc_allocator.cc:1113] 3 Chunks of size 196608 totalling 576.0KiB
I0000 00:00:1778858224.087646  342317 bfc_allocator.cc:1117] Sum Total of in-use chunks: 1.00MiB
I0000 00:00:1778858224.087648  342317 bfc_allocator.cc:1119] Total size in pool: 708.25MiB memory_limit_: 708.25MiB available size: 0B curr_region_allocation_bytes_: 1.38GiB
I0000 00:00:1778858224.087652  342317 bfc_allocator.cc:1128] Stats: 
Limit:                       708.25MiB
InUse:                         1.00MiB
MaxInUse:                      1.25MiB
NumAllocs:                         197
MaxAllocSize:                 192.0KiB
Reserved:                           0B
PeakReserved:                       0B
LargestFreeBlock:                   0B

W0000 00:00:1778858224.087668  342317 bfc_allocator.cc:513] *___________________________________________________________________________________________________
Traceback (most recent call last):
  File "/home/min/Workspace/Graduate-Project/Falling-Model-Development/scripts/train_baseline.py", line 1519, in <module>
    main()
    ~~~~^^
  File "/home/min/Workspace/Graduate-Project/Falling-Model-Development/scripts/train_baseline.py", line 1390, in main
    history = train_model(model, x, y, y_eval, groups, config)
  File "/home/min/Workspace/Graduate-Project/Falling-Model-Development/scripts/train_baseline.py", line 899, in train_model
    make_tf_dataset(x["train"], y["train"], config.batch_size, True, config.noise_std),
    ~~~~~~~~~~~~~~~^^^^^^^^^^^^^^^^^^^^^^^^^^^^^^^^^^^^^^^^^^^^^^^^^^^^^^^^^^^^^^^^^^^
  File "/home/min/Workspace/Graduate-Project/Falling-Model-Development/scripts/train_baseline.py", line 648, in make_tf_dataset
    ds = tf.data.Dataset.from_tensor_slices((x, y))
  File "/home/min/Workspace/Graduate-Project/Falling-Model-Development/.venv/lib/python3.13/site-packages/tensorflow/python/data/ops/dataset_ops.py", line 827, in from_tensor_slices
    return from_tensor_slices_op._from_tensor_slices(tensors, name)
           ~~~~~~~~~~~~~~~~~~~~~~~~~~~~~~~~~~~~~~~~~^^^^^^^^^^^^^^^
  File "/home/min/Workspace/Graduate-Project/Falling-Model-Development/.venv/lib/python3.13/site-packages/tensorflow/python/data/ops/from_tensor_slices_op.py", line 25, in _from_tensor_slices
    return _TensorSliceDataset(tensors, name=name)
  File "/home/min/Workspace/Graduate-Project/Falling-Model-Development/.venv/lib/python3.13/site-packages/tensorflow/python/data/ops/from_tensor_slices_op.py", line 33, in __init__
    element = structure.normalize_element(element)
  File "/home/min/Workspace/Graduate-Project/Falling-Model-Development/.venv/lib/python3.13/site-packages/tensorflow/python/data/util/structure.py", line 134, in normalize_element
    ops.convert_to_tensor(t, name="component_%d" % i, dtype=dtype))
    ~~~~~~~~~~~~~~~~~~~~~^^^^^^^^^^^^^^^^^^^^^^^^^^^^^^^^^^^^^^^^^
  File "/home/min/Workspace/Graduate-Project/Falling-Model-Development/.venv/lib/python3.13/site-packages/tensorflow/python/profiler/trace.py", line 183, in wrapped
    return func(*args, **kwargs)
  File "/home/min/Workspace/Graduate-Project/Falling-Model-Development/.venv/lib/python3.13/site-packages/tensorflow/python/framework/ops.py", line 757, in convert_to_tensor
    return tensor_conversion_registry.convert(
           ~~~~~~~~~~~~~~~~~~~~~~~~~~~~~~~~~~^
        value, dtype, name, as_ref, preferred_dtype, accepted_result_types
        ^^^^^^^^^^^^^^^^^^^^^^^^^^^^^^^^^^^^^^^^^^^^^^^^^^^^^^^^^^^^^^^^^^
    )
    ^
  File "/home/min/Workspace/Graduate-Project/Falling-Model-Development/.venv/lib/python3.13/site-packages/tensorflow/python/framework/tensor_conversion_registry.py", line 234, in convert
    ret = conversion_func(value, dtype=dtype, name=name, as_ref=as_ref)
  File "/home/min/Workspace/Graduate-Project/Falling-Model-Development/.venv/lib/python3.13/site-packages/tensorflow/python/framework/constant_tensor_conversion.py", line 29, in _constant_tensor_conversion_function
    return constant_op.constant(v, dtype=dtype, name=name)
           ~~~~~~~~~~~~~~~~~~~~^^^^^^^^^^^^^^^^^^^^^^^^^^^
  File "/home/min/Workspace/Graduate-Project/Falling-Model-Development/.venv/lib/python3.13/site-packages/tensorflow/python/ops/weak_tensor_ops.py", line 142, in wrapper
    return op(*args, **kwargs)
  File "/home/min/Workspace/Graduate-Project/Falling-Model-Development/.venv/lib/python3.13/site-packages/tensorflow/python/framework/constant_op.py", line 276, in constant
    return _constant_impl(value, dtype, shape, name, verify_shape=False,
                          allow_broadcast=True)
  File "/home/min/Workspace/Graduate-Project/Falling-Model-Development/.venv/lib/python3.13/site-packages/tensorflow/python/framework/constant_op.py", line 288, in _constant_impl
    return _constant_eager_impl(ctx, value, dtype, shape, verify_shape)
  File "/home/min/Workspace/Graduate-Project/Falling-Model-Development/.venv/lib/python3.13/site-packages/tensorflow/python/framework/constant_op.py", line 301, in _constant_eager_impl
    t = convert_to_eager_tensor(value, ctx, dtype)
  File "/home/min/Workspace/Graduate-Project/Falling-Model-Development/.venv/lib/python3.13/site-packages/tensorflow/python/framework/constant_op.py", line 108, in convert_to_eager_tensor
    return ops.EagerTensor(value, ctx.device_name, dtype)
           ~~~~~~~~~~~~~~~^^^^^^^^^^^^^^^^^^^^^^^^^^^^^^^
tensorflow.python.framework.errors_impl.InternalError: Failed copying input tensor from /job:localhost/replica:0/task:0/device:CPU:0 to /job:localhost/replica:0/task:0/device:GPU:0 in order to run _EagerConst: Dst tensor is not initialized.
[2026-05-16 00:17:05] FAIL  P18-v02  (exit 1)
[2026-05-16 00:17:05] START P18-v03
WARNING: All log messages before absl::InitializeLog() is called are written to STDERR
I0000 00:00:1778858225.651363  343246 cpu_feature_guard.cc:227] This TensorFlow binary is optimized to use available CPU instructions in performance-critical operations.
To enable the following instructions: AVX2 FMA, in other operations, rebuild TensorFlow with the appropriate compiler flags.
[2026-05-16 00:17:07] loading train split=/home/min/Workspace/Graduate-Project/Falling-Model-Development/dataset/splits_v2_filtered/train.csv
[2026-05-16 00:17:19] train rows=1,274,014 videos=6,344 features=27 data_scope=all
[2026-05-16 00:17:19] loading val split=/home/min/Workspace/Graduate-Project/Falling-Model-Development/dataset/splits_v2_filtered/val.csv
[2026-05-16 00:17:23] val rows=363,918 videos=1,811 features=27 data_scope=all
[2026-05-16 00:17:23] loading test split=/home/min/Workspace/Graduate-Project/Falling-Model-Development/dataset/splits_v2_filtered/test.csv
[2026-05-16 00:17:24] test rows=182,782 videos=911 features=27 data_scope=all
[2026-05-16 00:17:40] train windows=370,921 positive=224,347 videos=6,344
[2026-05-16 00:17:43] val windows=74,251 positive=32,590 videos=1,811
[2026-05-16 00:17:45] test windows=37,351 positive=16,447 videos=911
I0000 00:00:1778858270.563009  343246 gpu_device.cc:2043] Created device /job:localhost/replica:0/task:0/device:GPU:0 with 708 MB memory:  -> device: 0, name: NVIDIA GeForce RTX 2060 SUPER, pci bus id: 0000:05:00.0, compute capability: 7.5
W0000 00:00:1778858271.971543  343246 cpu_allocator_impl.cc:82] Allocation of 1602378720 exceeds 10% of free system memory.
W0000 00:00:1778858283.151124  343246 bfc_allocator.cc:502] Allocator (GPU_0_bfc) ran out of memory trying to allocate 1.49GiB (rounded to 1602378752)requested by op _EagerConst
If the cause is memory fragmentation maybe the environment variable 'TF_GPU_ALLOCATOR=cuda_malloc_async' will improve the situation. 
Current allocation summary follows.
Current allocation summary follows.
I0000 00:00:1778858283.151162  343246 bfc_allocator.cc:1049] BFCAllocator dump for GPU_0_bfc
I0000 00:00:1778858283.151165  343246 bfc_allocator.cc:1056] Bin (256): 	Total Chunks: 47, Chunks in use: 46. 11.8KiB allocated for chunks. 11.5KiB in use in bin. 3.2KiB client-requested in use in bin.
I0000 00:00:1778858283.151169  343246 bfc_allocator.cc:1056] Bin (512): 	Total Chunks: 20, Chunks in use: 20. 10.0KiB allocated for chunks. 10.0KiB in use in bin. 10.0KiB client-requested in use in bin.
I0000 00:00:1778858283.151171  343246 bfc_allocator.cc:1056] Bin (1024): 	Total Chunks: 14, Chunks in use: 14. 14.2KiB allocated for chunks. 14.2KiB in use in bin. 14.0KiB client-requested in use in bin.
I0000 00:00:1778858283.151174  343246 bfc_allocator.cc:1056] Bin (2048): 	Total Chunks: 2, Chunks in use: 1. 5.0KiB allocated for chunks. 2.0KiB in use in bin. 2.0KiB client-requested in use in bin.
I0000 00:00:1778858283.151176  343246 bfc_allocator.cc:1056] Bin (4096): 	Total Chunks: 1, Chunks in use: 1. 6.8KiB allocated for chunks. 6.8KiB in use in bin. 6.8KiB client-requested in use in bin.
I0000 00:00:1778858283.151178  343246 bfc_allocator.cc:1056] Bin (8192): 	Total Chunks: 0, Chunks in use: 0. 0B allocated for chunks. 0B in use in bin. 0B client-requested in use in bin.
I0000 00:00:1778858283.151181  343246 bfc_allocator.cc:1056] Bin (16384): 	Total Chunks: 1, Chunks in use: 1. 20.2KiB allocated for chunks. 20.2KiB in use in bin. 20.2KiB client-requested in use in bin.
I0000 00:00:1778858283.151183  343246 bfc_allocator.cc:1056] Bin (32768): 	Total Chunks: 3, Chunks in use: 2. 139.8KiB allocated for chunks. 80.0KiB in use in bin. 80.0KiB client-requested in use in bin.
I0000 00:00:1778858283.151186  343246 bfc_allocator.cc:1056] Bin (65536): 	Total Chunks: 2, Chunks in use: 1. 192.0KiB allocated for chunks. 96.0KiB in use in bin. 96.0KiB client-requested in use in bin.
I0000 00:00:1778858283.151188  343246 bfc_allocator.cc:1056] Bin (131072): 	Total Chunks: 4, Chunks in use: 4. 704.0KiB allocated for chunks. 704.0KiB in use in bin. 704.0KiB client-requested in use in bin.
I0000 00:00:1778858283.151190  343246 bfc_allocator.cc:1056] Bin (262144): 	Total Chunks: 3, Chunks in use: 1. 1.00MiB allocated for chunks. 384.0KiB in use in bin. 384.0KiB client-requested in use in bin.
I0000 00:00:1778858283.151193  343246 bfc_allocator.cc:1056] Bin (524288): 	Total Chunks: 2, Chunks in use: 2. 1.25MiB allocated for chunks. 1.25MiB in use in bin. 1.25MiB client-requested in use in bin.
I0000 00:00:1778858283.151195  343246 bfc_allocator.cc:1056] Bin (1048576): 	Total Chunks: 1, Chunks in use: 0. 1.00MiB allocated for chunks. 0B in use in bin. 0B client-requested in use in bin.
I0000 00:00:1778858283.151197  343246 bfc_allocator.cc:1056] Bin (2097152): 	Total Chunks: 0, Chunks in use: 0. 0B allocated for chunks. 0B in use in bin. 0B client-requested in use in bin.
I0000 00:00:1778858283.151199  343246 bfc_allocator.cc:1056] Bin (4194304): 	Total Chunks: 0, Chunks in use: 0. 0B allocated for chunks. 0B in use in bin. 0B client-requested in use in bin.
I0000 00:00:1778858283.151201  343246 bfc_allocator.cc:1056] Bin (8388608): 	Total Chunks: 0, Chunks in use: 0. 0B allocated for chunks. 0B in use in bin. 0B client-requested in use in bin.
I0000 00:00:1778858283.151203  343246 bfc_allocator.cc:1056] Bin (16777216): 	Total Chunks: 0, Chunks in use: 0. 0B allocated for chunks. 0B in use in bin. 0B client-requested in use in bin.
I0000 00:00:1778858283.151205  343246 bfc_allocator.cc:1056] Bin (33554432): 	Total Chunks: 0, Chunks in use: 0. 0B allocated for chunks. 0B in use in bin. 0B client-requested in use in bin.
I0000 00:00:1778858283.151207  343246 bfc_allocator.cc:1056] Bin (67108864): 	Total Chunks: 0, Chunks in use: 0. 0B allocated for chunks. 0B in use in bin. 0B client-requested in use in bin.
I0000 00:00:1778858283.151212  343246 bfc_allocator.cc:1056] Bin (134217728): 	Total Chunks: 0, Chunks in use: 0. 0B allocated for chunks. 0B in use in bin. 0B client-requested in use in bin.
I0000 00:00:1778858283.151214  343246 bfc_allocator.cc:1056] Bin (268435456): 	Total Chunks: 1, Chunks in use: 0. 703.67MiB allocated for chunks. 0B in use in bin. 0B client-requested in use in bin.
I0000 00:00:1778858283.151216  343246 bfc_allocator.cc:1072] Bin for 1.49GiB was 256.00MiB, Chunk State: 
I0000 00:00:1778858283.151218  343246 bfc_allocator.cc:1078]   Size: 703.67MiB | Requested Size: 0B | in_use: 0 | bin_num: 20, prev:   Size: 768.0KiB | Requested Size: 768.0KiB | in_use: 1 | bin_num: -1
I0000 00:00:1778858283.151222  343246 bfc_allocator.cc:1085] Next region of size 742391808
I0000 00:00:1778858283.151225  343246 bfc_allocator.cc:1105] InUse at 766b36000000 of size 1280 next 1
I0000 00:00:1778858283.151227  343246 bfc_allocator.cc:1105] InUse at 766b36000500 of size 256 next 2
I0000 00:00:1778858283.151228  343246 bfc_allocator.cc:1105] InUse at 766b36000600 of size 256 next 3
I0000 00:00:1778858283.151230  343246 bfc_allocator.cc:1105] InUse at 766b36000700 of size 256 next 4
I0000 00:00:1778858283.151231  343246 bfc_allocator.cc:1105] InUse at 766b36000800 of size 256 next 5
I0000 00:00:1778858283.151233  343246 bfc_allocator.cc:1105] InUse at 766b36000900 of size 256 next 7
I0000 00:00:1778858283.151234  343246 bfc_allocator.cc:1105] InUse at 766b36000a00 of size 256 next 8
I0000 00:00:1778858283.151235  343246 bfc_allocator.cc:1105] InUse at 766b36000b00 of size 256 next 6
I0000 00:00:1778858283.151237  343246 bfc_allocator.cc:1105] InUse at 766b36000c00 of size 256 next 9
I0000 00:00:1778858283.151238  343246 bfc_allocator.cc:1105] InUse at 766b36000d00 of size 256 next 12
I0000 00:00:1778858283.151240  343246 bfc_allocator.cc:1105] InUse at 766b36000e00 of size 256 next 13
I0000 00:00:1778858283.151241  343246 bfc_allocator.cc:1105] InUse at 766b36000f00 of size 256 next 14
I0000 00:00:1778858283.151243  343246 bfc_allocator.cc:1105] InUse at 766b36001000 of size 256 next 15
I0000 00:00:1778858283.151244  343246 bfc_allocator.cc:1105] InUse at 766b36001100 of size 256 next 16
I0000 00:00:1778858283.151245  343246 bfc_allocator.cc:1105] InUse at 766b36001200 of size 256 next 19
I0000 00:00:1778858283.151247  343246 bfc_allocator.cc:1105] InUse at 766b36001300 of size 256 next 17
I0000 00:00:1778858283.151248  343246 bfc_allocator.cc:1105] InUse at 766b36001400 of size 256 next 18
I0000 00:00:1778858283.151250  343246 bfc_allocator.cc:1105] InUse at 766b36001500 of size 256 next 22
I0000 00:00:1778858283.151251  343246 bfc_allocator.cc:1105] InUse at 766b36001600 of size 256 next 23
I0000 00:00:1778858283.151253  343246 bfc_allocator.cc:1105] InUse at 766b36001700 of size 256 next 24
I0000 00:00:1778858283.151254  343246 bfc_allocator.cc:1105] InUse at 766b36001800 of size 256 next 26
I0000 00:00:1778858283.151255  343246 bfc_allocator.cc:1105] InUse at 766b36001900 of size 256 next 27
I0000 00:00:1778858283.151257  343246 bfc_allocator.cc:1105] InUse at 766b36001a00 of size 256 next 25
I0000 00:00:1778858283.151258  343246 bfc_allocator.cc:1105] InUse at 766b36001b00 of size 256 next 28
I0000 00:00:1778858283.151260  343246 bfc_allocator.cc:1105] InUse at 766b36001c00 of size 256 next 31
I0000 00:00:1778858283.151261  343246 bfc_allocator.cc:1105] InUse at 766b36001d00 of size 512 next 32
I0000 00:00:1778858283.151263  343246 bfc_allocator.cc:1105] InUse at 766b36001f00 of size 512 next 33
I0000 00:00:1778858283.151265  343246 bfc_allocator.cc:1105] InUse at 766b36002100 of size 512 next 34
I0000 00:00:1778858283.151266  343246 bfc_allocator.cc:1105] InUse at 766b36002300 of size 512 next 37
I0000 00:00:1778858283.151268  343246 bfc_allocator.cc:1105] InUse at 766b36002500 of size 256 next 38
I0000 00:00:1778858283.151269  343246 bfc_allocator.cc:1105] InUse at 766b36002600 of size 256 next 39
I0000 00:00:1778858283.151270  343246 bfc_allocator.cc:1105] InUse at 766b36002700 of size 256 next 40
I0000 00:00:1778858283.151272  343246 bfc_allocator.cc:1105] InUse at 766b36002800 of size 512 next 41
I0000 00:00:1778858283.151273  343246 bfc_allocator.cc:1105] InUse at 766b36002a00 of size 512 next 44
I0000 00:00:1778858283.151275  343246 bfc_allocator.cc:1105] InUse at 766b36002c00 of size 512 next 42
I0000 00:00:1778858283.151276  343246 bfc_allocator.cc:1105] InUse at 766b36002e00 of size 512 next 43
I0000 00:00:1778858283.151277  343246 bfc_allocator.cc:1105] InUse at 766b36003000 of size 256 next 47
I0000 00:00:1778858283.151279  343246 bfc_allocator.cc:1105] InUse at 766b36003100 of size 256 next 48
I0000 00:00:1778858283.151280  343246 bfc_allocator.cc:1105] InUse at 766b36003200 of size 512 next 49
I0000 00:00:1778858283.151282  343246 bfc_allocator.cc:1105] InUse at 766b36003400 of size 512 next 52
I0000 00:00:1778858283.151283  343246 bfc_allocator.cc:1105] InUse at 766b36003600 of size 512 next 50
I0000 00:00:1778858283.151285  343246 bfc_allocator.cc:1105] InUse at 766b36003800 of size 512 next 51
I0000 00:00:1778858283.151286  343246 bfc_allocator.cc:1105] InUse at 766b36003a00 of size 512 next 55
I0000 00:00:1778858283.151287  343246 bfc_allocator.cc:1105] InUse at 766b36003c00 of size 512 next 56
I0000 00:00:1778858283.151289  343246 bfc_allocator.cc:1105] InUse at 766b36003e00 of size 512 next 57
I0000 00:00:1778858283.151290  343246 bfc_allocator.cc:1105] InUse at 766b36004000 of size 512 next 53
I0000 00:00:1778858283.151292  343246 bfc_allocator.cc:1105] InUse at 766b36004200 of size 256 next 59
I0000 00:00:1778858283.151293  343246 bfc_allocator.cc:1105] InUse at 766b36004300 of size 256 next 60
I0000 00:00:1778858283.151295  343246 bfc_allocator.cc:1105] InUse at 766b36004400 of size 512 next 61
I0000 00:00:1778858283.151296  343246 bfc_allocator.cc:1105] InUse at 766b36004600 of size 512 next 62
I0000 00:00:1778858283.151297  343246 bfc_allocator.cc:1105] InUse at 766b36004800 of size 512 next 63
I0000 00:00:1778858283.151299  343246 bfc_allocator.cc:1105] InUse at 766b36004a00 of size 512 next 65
I0000 00:00:1778858283.151300  343246 bfc_allocator.cc:1105] InUse at 766b36004c00 of size 256 next 66
I0000 00:00:1778858283.151302  343246 bfc_allocator.cc:1105] InUse at 766b36004d00 of size 1024 next 29
I0000 00:00:1778858283.151304  343246 bfc_allocator.cc:1105] InUse at 766b36005100 of size 6912 next 30
I0000 00:00:1778858283.151305  343246 bfc_allocator.cc:1105] InUse at 766b36006c00 of size 1024 next 67
I0000 00:00:1778858283.151307  343246 bfc_allocator.cc:1105] InUse at 766b36007000 of size 1024 next 68
I0000 00:00:1778858283.151308  343246 bfc_allocator.cc:1105] InUse at 766b36007400 of size 1024 next 69
I0000 00:00:1778858283.151310  343246 bfc_allocator.cc:1105] InUse at 766b36007800 of size 256 next 72
I0000 00:00:1778858283.151311  343246 bfc_allocator.cc:1105] InUse at 766b36007900 of size 256 next 73
I0000 00:00:1778858283.151313  343246 bfc_allocator.cc:1105] InUse at 766b36007a00 of size 256 next 74
I0000 00:00:1778858283.151314  343246 bfc_allocator.cc:1105] InUse at 766b36007b00 of size 1024 next 75
I0000 00:00:1778858283.151315  343246 bfc_allocator.cc:1105] InUse at 766b36007f00 of size 1024 next 78
I0000 00:00:1778858283.151317  343246 bfc_allocator.cc:1105] InUse at 766b36008300 of size 1024 next 76
I0000 00:00:1778858283.151318  343246 bfc_allocator.cc:1105] InUse at 766b36008700 of size 1024 next 77
I0000 00:00:1778858283.151320  343246 bfc_allocator.cc:1105] InUse at 766b36008b00 of size 1024 next 82
I0000 00:00:1778858283.151321  343246 bfc_allocator.cc:1105] InUse at 766b36008f00 of size 1024 next 83
I0000 00:00:1778858283.151323  343246 bfc_allocator.cc:1105] InUse at 766b36009300 of size 1024 next 84
I0000 00:00:1778858283.151324  343246 bfc_allocator.cc:1105] InUse at 766b36009700 of size 1024 next 81
I0000 00:00:1778858283.151326  343246 bfc_allocator.cc:1105] InUse at 766b36009b00 of size 1024 next 87
I0000 00:00:1778858283.151327  343246 bfc_allocator.cc:1105] InUse at 766b36009f00 of size 256 next 88
I0000 00:00:1778858283.151328  343246 bfc_allocator.cc:1105] InUse at 766b3600a000 of size 256 next 89
I0000 00:00:1778858283.151330  343246 bfc_allocator.cc:1105] InUse at 766b3600a100 of size 256 next 85
I0000 00:00:1778858283.151331  343246 bfc_allocator.cc:1105] Free  at 766b3600a200 of size 3072 next 10
I0000 00:00:1778858283.151333  343246 bfc_allocator.cc:1105] InUse at 766b3600ae00 of size 20736 next 11
I0000 00:00:1778858283.151335  343246 bfc_allocator.cc:1105] InUse at 766b3600ff00 of size 256 next 90
I0000 00:00:1778858283.151336  343246 bfc_allocator.cc:1105] InUse at 766b36010000 of size 256 next 93
I0000 00:00:1778858283.151338  343246 bfc_allocator.cc:1105] InUse at 766b36010100 of size 256 next 92
I0000 00:00:1778858283.151339  343246 bfc_allocator.cc:1105] InUse at 766b36010200 of size 256 next 94
I0000 00:00:1778858283.151341  343246 bfc_allocator.cc:1105] InUse at 766b36010300 of size 256 next 97
I0000 00:00:1778858283.151342  343246 bfc_allocator.cc:1105] InUse at 766b36010400 of size 256 next 98
I0000 00:00:1778858283.151344  343246 bfc_allocator.cc:1105] InUse at 766b36010500 of size 256 next 99
I0000 00:00:1778858283.151345  343246 bfc_allocator.cc:1105] InUse at 766b36010600 of size 256 next 100
I0000 00:00:1778858283.151346  343246 bfc_allocator.cc:1105] Free  at 766b36010700 of size 256 next 95
I0000 00:00:1778858283.151348  343246 bfc_allocator.cc:1105] InUse at 766b36010800 of size 2048 next 96
I0000 00:00:1778858283.151350  343246 bfc_allocator.cc:1105] Free  at 766b36011000 of size 61184 next 54
I0000 00:00:1778858283.151351  343246 bfc_allocator.cc:1105] InUse at 766b3601ff00 of size 32768 next 21
I0000 00:00:1778858283.151353  343246 bfc_allocator.cc:1105] InUse at 766b36027f00 of size 49152 next 20
I0000 00:00:1778858283.151354  343246 bfc_allocator.cc:1105] Free  at 766b36033f00 of size 98304 next 36
I0000 00:00:1778858283.151356  343246 bfc_allocator.cc:1105] InUse at 766b3604bf00 of size 98304 next 35
I0000 00:00:1778858283.151358  343246 bfc_allocator.cc:1105] Free  at 766b36063f00 of size 262144 next 86
I0000 00:00:1778858283.151359  343246 bfc_allocator.cc:1105] InUse at 766b360a3f00 of size 131072 next 46
I0000 00:00:1778858283.151361  343246 bfc_allocator.cc:1105] InUse at 766b360c3f00 of size 196608 next 45
I0000 00:00:1778858283.151362  343246 bfc_allocator.cc:1105] InUse at 766b360f3f00 of size 196608 next 58
I0000 00:00:1778858283.151364  343246 bfc_allocator.cc:1105] InUse at 766b36123f00 of size 196608 next 64
I0000 00:00:1778858283.151365  343246 bfc_allocator.cc:1105] Free  at 766b36153f00 of size 393216 next 70
I0000 00:00:1778858283.151367  343246 bfc_allocator.cc:1105] InUse at 766b361b3f00 of size 393216 next 71
I0000 00:00:1778858283.151369  343246 bfc_allocator.cc:1105] Free  at 766b36213f00 of size 1048576 next 91
I0000 00:00:1778858283.151370  343246 bfc_allocator.cc:1105] InUse at 766b36313f00 of size 524288 next 80
I0000 00:00:1778858283.151372  343246 bfc_allocator.cc:1105] InUse at 766b36393f00 of size 786432 next 79
I0000 00:00:1778858283.151373  343246 bfc_allocator.cc:1105] Free  at 766b36453f00 of size 737853696 next 18446744073709551615
I0000 00:00:1778858283.151375  343246 bfc_allocator.cc:1110]      Summary of in-use Chunks by size: 
I0000 00:00:1778858283.151376  343246 bfc_allocator.cc:1113] 46 Chunks of size 256 totalling 11.5KiB
I0000 00:00:1778858283.151379  343246 bfc_allocator.cc:1113] 20 Chunks of size 512 totalling 10.0KiB
I0000 00:00:1778858283.151381  343246 bfc_allocator.cc:1113] 13 Chunks of size 1024 totalling 13.0KiB
I0000 00:00:1778858283.151383  343246 bfc_allocator.cc:1113] 1 Chunks of size 1280 totalling 1.2KiB
I0000 00:00:1778858283.151385  343246 bfc_allocator.cc:1113] 1 Chunks of size 2048 totalling 2.0KiB
I0000 00:00:1778858283.151386  343246 bfc_allocator.cc:1113] 1 Chunks of size 6912 totalling 6.8KiB
I0000 00:00:1778858283.151389  343246 bfc_allocator.cc:1113] 1 Chunks of size 20736 totalling 20.2KiB
I0000 00:00:1778858283.151392  343246 bfc_allocator.cc:1113] 1 Chunks of size 32768 totalling 32.0KiB
I0000 00:00:1778858283.151396  343246 bfc_allocator.cc:1113] 1 Chunks of size 49152 totalling 48.0KiB
I0000 00:00:1778858283.151399  343246 bfc_allocator.cc:1113] 1 Chunks of size 98304 totalling 96.0KiB
I0000 00:00:1778858283.151402  343246 bfc_allocator.cc:1113] 1 Chunks of size 131072 totalling 128.0KiB
I0000 00:00:1778858283.151405  343246 bfc_allocator.cc:1113] 3 Chunks of size 196608 totalling 576.0KiB
I0000 00:00:1778858283.151408  343246 bfc_allocator.cc:1113] 1 Chunks of size 393216 totalling 384.0KiB
I0000 00:00:1778858283.151410  343246 bfc_allocator.cc:1113] 1 Chunks of size 524288 totalling 512.0KiB
I0000 00:00:1778858283.151413  343246 bfc_allocator.cc:1113] 1 Chunks of size 786432 totalling 768.0KiB
I0000 00:00:1778858283.151416  343246 bfc_allocator.cc:1117] Sum Total of in-use chunks: 2.55MiB
I0000 00:00:1778858283.151419  343246 bfc_allocator.cc:1119] Total size in pool: 708.00MiB memory_limit_: 708.00MiB available size: 0B curr_region_allocation_bytes_: 1.38GiB
I0000 00:00:1778858283.151423  343246 bfc_allocator.cc:1128] Stats: 
Limit:                       708.00MiB
InUse:                         2.55MiB
MaxInUse:                      3.54MiB
NumAllocs:                         215
MaxAllocSize:                 768.0KiB
Reserved:                           0B
PeakReserved:                       0B
LargestFreeBlock:                   0B

W0000 00:00:1778858283.151429  343246 bfc_allocator.cc:513] *___________________________________________________________________________________________________
Traceback (most recent call last):
  File "/home/min/Workspace/Graduate-Project/Falling-Model-Development/scripts/train_baseline.py", line 1519, in <module>
    main()
    ~~~~^^
  File "/home/min/Workspace/Graduate-Project/Falling-Model-Development/scripts/train_baseline.py", line 1390, in main
    history = train_model(model, x, y, y_eval, groups, config)
  File "/home/min/Workspace/Graduate-Project/Falling-Model-Development/scripts/train_baseline.py", line 899, in train_model
    make_tf_dataset(x["train"], y["train"], config.batch_size, True, config.noise_std),
    ~~~~~~~~~~~~~~~^^^^^^^^^^^^^^^^^^^^^^^^^^^^^^^^^^^^^^^^^^^^^^^^^^^^^^^^^^^^^^^^^^^
  File "/home/min/Workspace/Graduate-Project/Falling-Model-Development/scripts/train_baseline.py", line 648, in make_tf_dataset
    ds = tf.data.Dataset.from_tensor_slices((x, y))
  File "/home/min/Workspace/Graduate-Project/Falling-Model-Development/.venv/lib/python3.13/site-packages/tensorflow/python/data/ops/dataset_ops.py", line 827, in from_tensor_slices
    return from_tensor_slices_op._from_tensor_slices(tensors, name)
           ~~~~~~~~~~~~~~~~~~~~~~~~~~~~~~~~~~~~~~~~~^^^^^^^^^^^^^^^
  File "/home/min/Workspace/Graduate-Project/Falling-Model-Development/.venv/lib/python3.13/site-packages/tensorflow/python/data/ops/from_tensor_slices_op.py", line 25, in _from_tensor_slices
    return _TensorSliceDataset(tensors, name=name)
  File "/home/min/Workspace/Graduate-Project/Falling-Model-Development/.venv/lib/python3.13/site-packages/tensorflow/python/data/ops/from_tensor_slices_op.py", line 33, in __init__
    element = structure.normalize_element(element)
  File "/home/min/Workspace/Graduate-Project/Falling-Model-Development/.venv/lib/python3.13/site-packages/tensorflow/python/data/util/structure.py", line 134, in normalize_element
    ops.convert_to_tensor(t, name="component_%d" % i, dtype=dtype))
    ~~~~~~~~~~~~~~~~~~~~~^^^^^^^^^^^^^^^^^^^^^^^^^^^^^^^^^^^^^^^^^
  File "/home/min/Workspace/Graduate-Project/Falling-Model-Development/.venv/lib/python3.13/site-packages/tensorflow/python/profiler/trace.py", line 183, in wrapped
    return func(*args, **kwargs)
  File "/home/min/Workspace/Graduate-Project/Falling-Model-Development/.venv/lib/python3.13/site-packages/tensorflow/python/framework/ops.py", line 757, in convert_to_tensor
    return tensor_conversion_registry.convert(
           ~~~~~~~~~~~~~~~~~~~~~~~~~~~~~~~~~~^
        value, dtype, name, as_ref, preferred_dtype, accepted_result_types
        ^^^^^^^^^^^^^^^^^^^^^^^^^^^^^^^^^^^^^^^^^^^^^^^^^^^^^^^^^^^^^^^^^^
    )
    ^
  File "/home/min/Workspace/Graduate-Project/Falling-Model-Development/.venv/lib/python3.13/site-packages/tensorflow/python/framework/tensor_conversion_registry.py", line 234, in convert
    ret = conversion_func(value, dtype=dtype, name=name, as_ref=as_ref)
  File "/home/min/Workspace/Graduate-Project/Falling-Model-Development/.venv/lib/python3.13/site-packages/tensorflow/python/framework/constant_tensor_conversion.py", line 29, in _constant_tensor_conversion_function
    return constant_op.constant(v, dtype=dtype, name=name)
           ~~~~~~~~~~~~~~~~~~~~^^^^^^^^^^^^^^^^^^^^^^^^^^^
  File "/home/min/Workspace/Graduate-Project/Falling-Model-Development/.venv/lib/python3.13/site-packages/tensorflow/python/ops/weak_tensor_ops.py", line 142, in wrapper
    return op(*args, **kwargs)
  File "/home/min/Workspace/Graduate-Project/Falling-Model-Development/.venv/lib/python3.13/site-packages/tensorflow/python/framework/constant_op.py", line 276, in constant
    return _constant_impl(value, dtype, shape, name, verify_shape=False,
                          allow_broadcast=True)
  File "/home/min/Workspace/Graduate-Project/Falling-Model-Development/.venv/lib/python3.13/site-packages/tensorflow/python/framework/constant_op.py", line 288, in _constant_impl
    return _constant_eager_impl(ctx, value, dtype, shape, verify_shape)
  File "/home/min/Workspace/Graduate-Project/Falling-Model-Development/.venv/lib/python3.13/site-packages/tensorflow/python/framework/constant_op.py", line 301, in _constant_eager_impl
    t = convert_to_eager_tensor(value, ctx, dtype)
  File "/home/min/Workspace/Graduate-Project/Falling-Model-Development/.venv/lib/python3.13/site-packages/tensorflow/python/framework/constant_op.py", line 108, in convert_to_eager_tensor
    return ops.EagerTensor(value, ctx.device_name, dtype)
           ~~~~~~~~~~~~~~~^^^^^^^^^^^^^^^^^^^^^^^^^^^^^^^
tensorflow.python.framework.errors_impl.InternalError: Failed copying input tensor from /job:localhost/replica:0/task:0/device:CPU:0 to /job:localhost/replica:0/task:0/device:GPU:0 in order to run _EagerConst: Dst tensor is not initialized.
[2026-05-16 00:18:04] FAIL  P18-v03  (exit 1)
[2026-05-16 00:18:04] START P18-v04
WARNING: All log messages before absl::InitializeLog() is called are written to STDERR
I0000 00:00:1778858284.718214  344032 cpu_feature_guard.cc:227] This TensorFlow binary is optimized to use available CPU instructions in performance-critical operations.
To enable the following instructions: AVX2 FMA, in other operations, rebuild TensorFlow with the appropriate compiler flags.
[2026-05-16 00:18:06] loading train split=/home/min/Workspace/Graduate-Project/Falling-Model-Development/dataset/splits_v2_filtered/train.csv
[2026-05-16 00:18:18] train rows=1,274,014 videos=6,344 features=27 data_scope=all
[2026-05-16 00:18:18] loading val split=/home/min/Workspace/Graduate-Project/Falling-Model-Development/dataset/splits_v2_filtered/val.csv
[2026-05-16 00:18:22] val rows=363,918 videos=1,811 features=27 data_scope=all
[2026-05-16 00:18:22] loading test split=/home/min/Workspace/Graduate-Project/Falling-Model-Development/dataset/splits_v2_filtered/test.csv
[2026-05-16 00:18:24] test rows=182,782 videos=911 features=27 data_scope=all
[2026-05-16 00:18:39] train windows=370,921 positive=224,347 videos=6,344
[2026-05-16 00:18:43] val windows=74,251 positive=32,590 videos=1,811
[2026-05-16 00:18:45] test windows=37,351 positive=16,447 videos=911
I0000 00:00:1778858330.638823  344032 gpu_device.cc:2043] Created device /job:localhost/replica:0/task:0/device:GPU:0 with 6097 MB memory:  -> device: 0, name: NVIDIA GeForce RTX 2060 SUPER, pci bus id: 0000:05:00.0, compute capability: 7.5
W0000 00:00:1778858332.122184  344032 cpu_allocator_impl.cc:82] Allocation of 1602378720 exceeds 10% of free system memory.
W0000 00:00:1778858333.602394  344032 cpu_allocator_impl.cc:82] Allocation of 1602378720 exceeds 10% of free system memory.
W0000 00:00:1778858336.196101  344032 cpu_allocator_impl.cc:82] Allocation of 1602378720 exceeds 10% of free system memory.
I0000 00:00:1778858340.224107  344443 service.cc:153] XLA service 0x714b3404c940 initialized for platform CUDA (this does not guarantee that XLA will be used). Devices:
I0000 00:00:1778858340.224131  344443 service.cc:161]   StreamExecutor [0]: NVIDIA GeForce RTX 2060 SUPER, Compute Capability 7.5 (Driver: 13.0.0; Runtime: 12.9.0; Toolkit: 12.5.0; DNN: 9.22.0)
I0000 00:00:1778858340.396595  344443 dump_mlir_util.cc:269] disabling MLIR crash reproducer, set env var `MLIR_CRASH_REPRODUCER_DIRECTORY` to enable.
I0000 00:00:1778858340.950161  344443 cuda_dnn.cc:461] Loaded cuDNN version 92200
I0000 00:00:1778858341.107690  344443 dot_merger.cc:481] Merging Dots in computation: a_inference_one_step_on_data_8870__.85
I0000 00:00:1778858350.579314  344443 device_compiler.h:208] Compiled cluster using XLA!  This line is logged at most once for the lifetime of the process.
I0000 00:00:1778858360.584069  344442 dot_merger.cc:481] Merging Dots in computation: a_inference_one_step_on_data_8870__.85
W0000 00:00:1778858552.131916  344032 cpu_allocator_impl.cc:82] Allocation of 1602378720 exceeds 10% of free system memory.
W0000 00:00:1778858553.490505  344032 cpu_allocator_impl.cc:82] Allocation of 1602378720 exceeds 10% of free system memory.
[2026-05-16 00:23:59] video-level val: videos=1811 f1=0.9560 fall_recall=0.9549 nfall_recall=0.8812 fall_prec=0.9571 nfall_prec=0.8758 min_pr=0.8758 min_consecutive=4
[2026-05-16 00:23:59] video-level test: videos=911 f1=0.9551 fall_recall=0.9580 nfall_recall=0.8694 fall_prec=0.9522 nfall_prec=0.8838 min_pr=0.8694 min_consecutive=4
[2026-05-16 00:23:59] === VAL VIDEO-LEVEL REPORT ===
              precision    recall  f1-score   support

           0     0.8758    0.8812    0.8785       480
           1     0.9571    0.9549    0.9560      1331

    accuracy                         0.9354      1811
   macro avg     0.9164    0.9181    0.9173      1811
weighted avg     0.9355    0.9354    0.9355      1811

[2026-05-16 00:23:59] === TEST VIDEO-LEVEL REPORT ===
              precision    recall  f1-score   support

           0     0.8838    0.8694    0.8765       245
           1     0.9522    0.9580    0.9551       666

    accuracy                         0.9341       911
   macro avg     0.9180    0.9137    0.9158       911
weighted avg     0.9338    0.9341    0.9340       911

[2026-05-16 00:24:05] tflite export subprocess exit=0
[2026-05-16 00:24:05]   [tflite] [P18-v04]
[2026-05-16 00:24:05]   [tflite]   Loading model.keras ...
[2026-05-16 00:24:05]   [tflite]     rebuilding with unroll=True for TFLite compatibility
[2026-05-16 00:24:05]   [tflite] Saved artifact at '/tmp/tmp91uowupr'. The following endpoints are available:
[2026-05-16 00:24:05]   [tflite] 
[2026-05-16 00:24:05]   [tflite] * Endpoint 'serve'
[2026-05-16 00:24:05]   [tflite]   args_0 (POSITIONAL_ONLY): TensorSpec(shape=(None, 40, 27), dtype=tf.float32, name='pose_sequence')
[2026-05-16 00:24:05]   [tflite] Output Type:
[2026-05-16 00:24:05]   [tflite]   TensorSpec(shape=(None, 2), dtype=tf.float32, name=None)
[2026-05-16 00:24:05]   [tflite] Captures:
[2026-05-16 00:24:05]   [tflite]   126830457108816: TensorSpec(shape=(), dtype=tf.resource, name=None)
[2026-05-16 00:24:05]   [tflite]   126830457109584: TensorSpec(shape=(), dtype=tf.resource, name=None)
[2026-05-16 00:24:05]   [tflite]   126830457109392: TensorSpec(shape=(), dtype=tf.resource, name=None)
[2026-05-16 00:24:05]   [tflite]   126830457109776: TensorSpec(shape=(), dtype=tf.resource, name=None)
[2026-05-16 00:24:05]   [tflite]   126830457108624: TensorSpec(shape=(), dtype=tf.resource, name=None)
[2026-05-16 00:24:05]   [tflite]   126830457110160: TensorSpec(shape=(), dtype=tf.resource, name=None)
[2026-05-16 00:24:05]   [tflite]   126830457109968: TensorSpec(shape=(), dtype=tf.resource, name=None)
[2026-05-16 00:24:05]   [tflite]   126830456471632: TensorSpec(shape=(), dtype=tf.resource, name=None)
[2026-05-16 00:24:05]   [tflite]   126830456472016: TensorSpec(shape=(), dtype=tf.resource, name=None)
[2026-05-16 00:24:05]   [tflite]   126830457109008: TensorSpec(shape=(), dtype=tf.resource, name=None)
[2026-05-16 00:24:05]   [tflite]   126830457110352: TensorSpec(shape=(), dtype=tf.resource, name=None)
[2026-05-16 00:24:05]   [tflite]   126830456472592: TensorSpec(shape=(), dtype=tf.resource, name=None)
[2026-05-16 00:24:05]   [tflite]   126830456472784: TensorSpec(shape=(), dtype=tf.resource, name=None)
[2026-05-16 00:24:05]   [tflite]   126830456472208: TensorSpec(shape=(), dtype=tf.resource, name=None)
[2026-05-16 00:24:05]   [tflite]   126830456472400: TensorSpec(shape=(), dtype=tf.resource, name=None)
[2026-05-16 00:24:05]   [tflite]   126830456473360: TensorSpec(shape=(), dtype=tf.resource, name=None)
[2026-05-16 00:24:05]   [tflite]   126830456474128: TensorSpec(shape=(), dtype=tf.resource, name=None)
[2026-05-16 00:24:05]   [tflite]   126830456473936: TensorSpec(shape=(), dtype=tf.resource, name=None)
[2026-05-16 00:24:05]   [tflite]   126830456474320: TensorSpec(shape=(), dtype=tf.resource, name=None)
[2026-05-16 00:24:05]   [tflite]   126830456473168: TensorSpec(shape=(), dtype=tf.resource, name=None)
[2026-05-16 00:24:05]   [tflite]   126830456474512: TensorSpec(shape=(), dtype=tf.resource, name=None)
[2026-05-16 00:24:05]   [tflite]   126830456475280: TensorSpec(shape=(), dtype=tf.resource, name=None)
[2026-05-16 00:24:05]   [tflite]   126830456475088: TensorSpec(shape=(), dtype=tf.resource, name=None)
[2026-05-16 00:24:05]   [tflite]   126830456475472: TensorSpec(shape=(), dtype=tf.resource, name=None)
[2026-05-16 00:24:05]   [tflite]   126830456473552: TensorSpec(shape=(), dtype=tf.resource, name=None)
[2026-05-16 00:24:05]   [tflite]   126830456474704: TensorSpec(shape=(), dtype=tf.resource, name=None)
[2026-05-16 00:24:05]   [tflite]   126830456476240: TensorSpec(shape=(), dtype=tf.resource, name=None)
[2026-05-16 00:24:05]   [tflite]   126830456476048: TensorSpec(shape=(), dtype=tf.resource, name=None)
[2026-05-16 00:24:05]   [tflite]   126830456476432: TensorSpec(shape=(), dtype=tf.resource, name=None)
[2026-05-16 00:24:05]   [tflite]   126830456471824: TensorSpec(shape=(), dtype=tf.resource, name=None)
[2026-05-16 00:24:05]   [tflite]   126830456475664: TensorSpec(shape=(), dtype=tf.resource, name=None)
[2026-05-16 00:24:05]   [tflite]   126830456476624: TensorSpec(shape=(), dtype=tf.resource, name=None)
[2026-05-16 00:24:05]   [tflite]   126830456476816: TensorSpec(shape=(), dtype=tf.resource, name=None)
[2026-05-16 00:24:05]   [tflite]   126830456477008: TensorSpec(shape=(), dtype=tf.resource, name=None)
[2026-05-16 00:24:05]   [tflite]   126830456477776: TensorSpec(shape=(), dtype=tf.resource, name=None)
[2026-05-16 00:24:05]   [tflite]   126830456474896: TensorSpec(shape=(), dtype=tf.resource, name=None)
[2026-05-16 00:24:05]   [tflite]   126830456477968: TensorSpec(shape=(), dtype=tf.resource, name=None)
[2026-05-16 00:24:05]   [tflite]   126830456478160: TensorSpec(shape=(), dtype=tf.resource, name=None)
[2026-05-16 00:24:05]   [tflite]   126830456477200: TensorSpec(shape=(), dtype=tf.resource, name=None)
[2026-05-16 00:24:05]   [tflite]   126830456477392: TensorSpec(shape=(), dtype=tf.resource, name=None)
[2026-05-16 00:24:05]   [tflite]   126830456478544: TensorSpec(shape=(), dtype=tf.resource, name=None)
[2026-05-16 00:24:05]   [tflite]   126830456479312: TensorSpec(shape=(), dtype=tf.resource, name=None)
[2026-05-16 00:24:05]   [tflite]   126830456479120: TensorSpec(shape=(), dtype=tf.resource, name=None)
[2026-05-16 00:24:05]   [tflite]   126830456479504: TensorSpec(shape=(), dtype=tf.resource, name=None)
[2026-05-16 00:24:05]   [tflite]   126830456477584: TensorSpec(shape=(), dtype=tf.resource, name=None)
[2026-05-16 00:24:05]   [tflite]   126830456478736: TensorSpec(shape=(), dtype=tf.resource, name=None)
[2026-05-16 00:24:05]   [tflite]   126830456479696: TensorSpec(shape=(), dtype=tf.resource, name=None)
[2026-05-16 00:24:05]   [tflite]   126830456479888: TensorSpec(shape=(), dtype=tf.resource, name=None)
[2026-05-16 00:24:05]   [tflite]   126830456480080: TensorSpec(shape=(), dtype=tf.resource, name=None)
[2026-05-16 00:24:05]   [tflite]   126830456480848: TensorSpec(shape=(), dtype=tf.resource, name=None)
[2026-05-16 00:24:05]   [tflite]   126830456478352: TensorSpec(shape=(), dtype=tf.resource, name=None)
[2026-05-16 00:24:05]   [tflite]   126830456481040: TensorSpec(shape=(), dtype=tf.resource, name=None)
[2026-05-16 00:24:05]   [tflite]   126830456481232: TensorSpec(shape=(), dtype=tf.resource, name=None)
[2026-05-16 00:24:05]   [tflite]   126830456480272: TensorSpec(shape=(), dtype=tf.resource, name=None)
[2026-05-16 00:24:05]   [tflite]   126830456480464: TensorSpec(shape=(), dtype=tf.resource, name=None)
[2026-05-16 00:24:05]   [tflite]   126830456481616: TensorSpec(shape=(), dtype=tf.resource, name=None)
[2026-05-16 00:24:05]   [tflite]   126830456482576: TensorSpec(shape=(), dtype=tf.resource, name=None)
[2026-05-16 00:24:05]   [tflite]   126830456482192: TensorSpec(shape=(), dtype=tf.resource, name=None)
[2026-05-16 00:24:05]   [tflite]   126830456483152: TensorSpec(shape=(), dtype=tf.resource, name=None)
[2026-05-16 00:24:05]   [tflite]     fp32 OK (436 KB)
[2026-05-16 00:24:05]   [tflite] Saved artifact at '/tmp/tmpq65ajhbf'. The following endpoints are available:
[2026-05-16 00:24:05]   [tflite] 
[2026-05-16 00:24:05]   [tflite] * Endpoint 'serve'
[2026-05-16 00:24:05]   [tflite]   args_0 (POSITIONAL_ONLY): TensorSpec(shape=(None, 40, 27), dtype=tf.float32, name='pose_sequence')
[2026-05-16 00:24:05]   [tflite] Output Type:
[2026-05-16 00:24:05]   [tflite]   TensorSpec(shape=(None, 2), dtype=tf.float32, name=None)
[2026-05-16 00:24:05]   [tflite] Captures:
[2026-05-16 00:24:05]   [tflite]   126830457108816: TensorSpec(shape=(), dtype=tf.resource, name=None)
[2026-05-16 00:24:05]   [tflite]   126830457109584: TensorSpec(shape=(), dtype=tf.resource, name=None)
[2026-05-16 00:24:05]   [tflite]   126830457109392: TensorSpec(shape=(), dtype=tf.resource, name=None)
[2026-05-16 00:24:05]   [tflite]   126830457109776: TensorSpec(shape=(), dtype=tf.resource, name=None)
[2026-05-16 00:24:05]   [tflite]   126830457108624: TensorSpec(shape=(), dtype=tf.resource, name=None)
[2026-05-16 00:24:05]   [tflite]   126830457110160: TensorSpec(shape=(), dtype=tf.resource, name=None)
[2026-05-16 00:24:05]   [tflite]   126830457109968: TensorSpec(shape=(), dtype=tf.resource, name=None)
[2026-05-16 00:24:05]   [tflite]   126830456471632: TensorSpec(shape=(), dtype=tf.resource, name=None)
[2026-05-16 00:24:05]   [tflite]   126830456472016: TensorSpec(shape=(), dtype=tf.resource, name=None)
[2026-05-16 00:24:05]   [tflite]   126830457109008: TensorSpec(shape=(), dtype=tf.resource, name=None)
[2026-05-16 00:24:05]   [tflite]   126830457110352: TensorSpec(shape=(), dtype=tf.resource, name=None)
[2026-05-16 00:24:05]   [tflite]   126830456472592: TensorSpec(shape=(), dtype=tf.resource, name=None)
[2026-05-16 00:24:05]   [tflite]   126830456472784: TensorSpec(shape=(), dtype=tf.resource, name=None)
[2026-05-16 00:24:05]   [tflite]   126830456472208: TensorSpec(shape=(), dtype=tf.resource, name=None)
[2026-05-16 00:24:05]   [tflite]   126830456472400: TensorSpec(shape=(), dtype=tf.resource, name=None)
[2026-05-16 00:24:05]   [tflite]   126830456473360: TensorSpec(shape=(), dtype=tf.resource, name=None)
[2026-05-16 00:24:05]   [tflite]   126830456474128: TensorSpec(shape=(), dtype=tf.resource, name=None)
[2026-05-16 00:24:05]   [tflite]   126830456473936: TensorSpec(shape=(), dtype=tf.resource, name=None)
[2026-05-16 00:24:05]   [tflite]   126830456474320: TensorSpec(shape=(), dtype=tf.resource, name=None)
[2026-05-16 00:24:05]   [tflite]   126830456473168: TensorSpec(shape=(), dtype=tf.resource, name=None)
[2026-05-16 00:24:05]   [tflite]   126830456474512: TensorSpec(shape=(), dtype=tf.resource, name=None)
[2026-05-16 00:24:05]   [tflite]   126830456475280: TensorSpec(shape=(), dtype=tf.resource, name=None)
[2026-05-16 00:24:05]   [tflite]   126830456475088: TensorSpec(shape=(), dtype=tf.resource, name=None)
[2026-05-16 00:24:05]   [tflite]   126830456475472: TensorSpec(shape=(), dtype=tf.resource, name=None)
[2026-05-16 00:24:05]   [tflite]   126830456473552: TensorSpec(shape=(), dtype=tf.resource, name=None)
[2026-05-16 00:24:05]   [tflite]   126830456474704: TensorSpec(shape=(), dtype=tf.resource, name=None)
[2026-05-16 00:24:05]   [tflite]   126830456476240: TensorSpec(shape=(), dtype=tf.resource, name=None)
[2026-05-16 00:24:05]   [tflite]   126830456476048: TensorSpec(shape=(), dtype=tf.resource, name=None)
[2026-05-16 00:24:05]   [tflite]   126830456476432: TensorSpec(shape=(), dtype=tf.resource, name=None)
[2026-05-16 00:24:05]   [tflite]   126830456471824: TensorSpec(shape=(), dtype=tf.resource, name=None)
[2026-05-16 00:24:05]   [tflite]   126830456475664: TensorSpec(shape=(), dtype=tf.resource, name=None)
[2026-05-16 00:24:05]   [tflite]   126830456476624: TensorSpec(shape=(), dtype=tf.resource, name=None)
[2026-05-16 00:24:05]   [tflite]   126830456476816: TensorSpec(shape=(), dtype=tf.resource, name=None)
[2026-05-16 00:24:05]   [tflite]   126830456477008: TensorSpec(shape=(), dtype=tf.resource, name=None)
[2026-05-16 00:24:05]   [tflite]   126830456477776: TensorSpec(shape=(), dtype=tf.resource, name=None)
[2026-05-16 00:24:05]   [tflite]   126830456474896: TensorSpec(shape=(), dtype=tf.resource, name=None)
[2026-05-16 00:24:05]   [tflite]   126830456477968: TensorSpec(shape=(), dtype=tf.resource, name=None)
[2026-05-16 00:24:05]   [tflite]   126830456478160: TensorSpec(shape=(), dtype=tf.resource, name=None)
[2026-05-16 00:24:05]   [tflite]   126830456477200: TensorSpec(shape=(), dtype=tf.resource, name=None)
[2026-05-16 00:24:05]   [tflite]   126830456477392: TensorSpec(shape=(), dtype=tf.resource, name=None)
[2026-05-16 00:24:05]   [tflite]   126830456478544: TensorSpec(shape=(), dtype=tf.resource, name=None)
[2026-05-16 00:24:05]   [tflite]   126830456479312: TensorSpec(shape=(), dtype=tf.resource, name=None)
[2026-05-16 00:24:05]   [tflite]   126830456479120: TensorSpec(shape=(), dtype=tf.resource, name=None)
[2026-05-16 00:24:05]   [tflite]   126830456479504: TensorSpec(shape=(), dtype=tf.resource, name=None)
[2026-05-16 00:24:05]   [tflite]   126830456477584: TensorSpec(shape=(), dtype=tf.resource, name=None)
[2026-05-16 00:24:05]   [tflite]   126830456478736: TensorSpec(shape=(), dtype=tf.resource, name=None)
[2026-05-16 00:24:05]   [tflite]   126830456479696: TensorSpec(shape=(), dtype=tf.resource, name=None)
[2026-05-16 00:24:05]   [tflite]   126830456479888: TensorSpec(shape=(), dtype=tf.resource, name=None)
[2026-05-16 00:24:05]   [tflite]   126830456480080: TensorSpec(shape=(), dtype=tf.resource, name=None)
[2026-05-16 00:24:05]   [tflite]   126830456480848: TensorSpec(shape=(), dtype=tf.resource, name=None)
[2026-05-16 00:24:05]   [tflite]   126830456478352: TensorSpec(shape=(), dtype=tf.resource, name=None)
[2026-05-16 00:24:05]   [tflite]   126830456481040: TensorSpec(shape=(), dtype=tf.resource, name=None)
[2026-05-16 00:24:05]   [tflite]   126830456481232: TensorSpec(shape=(), dtype=tf.resource, name=None)
[2026-05-16 00:24:05]   [tflite]   126830456480272: TensorSpec(shape=(), dtype=tf.resource, name=None)
[2026-05-16 00:24:05]   [tflite]   126830456480464: TensorSpec(shape=(), dtype=tf.resource, name=None)
[2026-05-16 00:24:05]   [tflite]   126830456481616: TensorSpec(shape=(), dtype=tf.resource, name=None)
[2026-05-16 00:24:05]   [tflite]   126830456482576: TensorSpec(shape=(), dtype=tf.resource, name=None)
[2026-05-16 00:24:05]   [tflite]   126830456482192: TensorSpec(shape=(), dtype=tf.resource, name=None)
[2026-05-16 00:24:05]   [tflite]   126830456483152: TensorSpec(shape=(), dtype=tf.resource, name=None)
[2026-05-16 00:24:05]   [tflite]     int8 OK (150 KB)
[2026-05-16 00:24:05]   [tflite] 
[2026-05-16 00:24:05]   [tflite] Done.
/home/min/Workspace/Graduate-Project/Falling-Model-Development/.venv/lib/python3.13/site-packages/tensorflow/lite/python/interpreter.py:457: UserWarning:     Warning: tf.lite.Interpreter is deprecated and is scheduled for deletion in
    TF 2.20. Please use the LiteRT interpreter from the ai_edge_litert package.
    See the [migration guide](https://ai.google.dev/edge/litert/migration)
    for details.
    
  warnings.warn(_INTERPRETER_DELETION_WARNING)
INFO: Created TensorFlow Lite XNNPACK delegate for CPU.
[2026-05-16 00:24:06] done P18-v04 val_f1=0.8742 (video=0.9560) test_f1=0.8814 (video=0.9551) test_min_pr=0.8694 threshold=0.500 min_consecutive=4
[2026-05-16 00:24:07] OK    P18-v04  test_min_pr=0.8694
[2026-05-16 00:24:07] START P18-v05
WARNING: All log messages before absl::InitializeLog() is called are written to STDERR
I0000 00:00:1778858648.064476  350067 cpu_feature_guard.cc:227] This TensorFlow binary is optimized to use available CPU instructions in performance-critical operations.
To enable the following instructions: AVX2 FMA, in other operations, rebuild TensorFlow with the appropriate compiler flags.
[2026-05-16 00:24:09] loading train split=/home/min/Workspace/Graduate-Project/Falling-Model-Development/dataset/splits_v2_filtered/train.csv
[2026-05-16 00:24:22] train rows=1,274,014 videos=6,344 features=27 data_scope=all
[2026-05-16 00:24:22] loading val split=/home/min/Workspace/Graduate-Project/Falling-Model-Development/dataset/splits_v2_filtered/val.csv
[2026-05-16 00:24:26] val rows=363,918 videos=1,811 features=27 data_scope=all
[2026-05-16 00:24:26] loading test split=/home/min/Workspace/Graduate-Project/Falling-Model-Development/dataset/splits_v2_filtered/test.csv
[2026-05-16 00:24:27] test rows=182,782 videos=911 features=27 data_scope=all
[2026-05-16 00:24:43] train windows=370,921 positive=224,347 videos=6,344
[2026-05-16 00:24:46] val windows=74,251 positive=32,590 videos=1,811
[2026-05-16 00:24:48] test windows=37,351 positive=16,447 videos=911
I0000 00:00:1778858693.835980  350067 gpu_device.cc:2043] Created device /job:localhost/replica:0/task:0/device:GPU:0 with 6096 MB memory:  -> device: 0, name: NVIDIA GeForce RTX 2060 SUPER, pci bus id: 0000:05:00.0, compute capability: 7.5
W0000 00:00:1778858695.353107  350067 cpu_allocator_impl.cc:82] Allocation of 1602378720 exceeds 10% of free system memory.
W0000 00:00:1778858696.705234  350067 cpu_allocator_impl.cc:82] Allocation of 1602378720 exceeds 10% of free system memory.
W0000 00:00:1778858698.978880  350067 cpu_allocator_impl.cc:82] Allocation of 1602378720 exceeds 10% of free system memory.
I0000 00:00:1778858702.574985  350578 service.cc:153] XLA service 0x7ef2b00458c0 initialized for platform CUDA (this does not guarantee that XLA will be used). Devices:
I0000 00:00:1778858702.575006  350578 service.cc:161]   StreamExecutor [0]: NVIDIA GeForce RTX 2060 SUPER, Compute Capability 7.5 (Driver: 13.0.0; Runtime: 12.9.0; Toolkit: 12.5.0; DNN: 9.22.0)
I0000 00:00:1778858702.703629  350578 dump_mlir_util.cc:269] disabling MLIR crash reproducer, set env var `MLIR_CRASH_REPRODUCER_DIRECTORY` to enable.
I0000 00:00:1778858703.195267  350578 cuda_dnn.cc:461] Loaded cuDNN version 92200
I0000 00:00:1778858703.342963  350578 dot_merger.cc:481] Merging Dots in computation: a_inference_one_step_on_data_8870__.85
I0000 00:00:1778858712.415236  350578 device_compiler.h:208] Compiled cluster using XLA!  This line is logged at most once for the lifetime of the process.
I0000 00:00:1778858722.482116  350580 dot_merger.cc:481] Merging Dots in computation: a_inference_one_step_on_data_8870__.85
W0000 00:00:1778858935.489616  350067 cpu_allocator_impl.cc:82] Allocation of 1602378720 exceeds 10% of free system memory.
W0000 00:00:1778858936.873691  350067 cpu_allocator_impl.cc:82] Allocation of 1602378720 exceeds 10% of free system memory.
[2026-05-16 00:30:21] video-level val: videos=1811 f1=0.9586 fall_recall=0.9564 nfall_recall=0.8917 fall_prec=0.9608 nfall_prec=0.8807 min_pr=0.8807 min_consecutive=3
[2026-05-16 00:30:21] video-level test: videos=911 f1=0.9562 fall_recall=0.9670 nfall_recall=0.8490 fall_prec=0.9457 nfall_prec=0.9043 min_pr=0.8490 min_consecutive=3
[2026-05-16 00:30:22] === VAL VIDEO-LEVEL REPORT ===
              precision    recall  f1-score   support

           0     0.8807    0.8917    0.8861       480
           1     0.9608    0.9564    0.9586      1331

    accuracy                         0.9393      1811
   macro avg     0.9207    0.9240    0.9224      1811
weighted avg     0.9395    0.9393    0.9394      1811

[2026-05-16 00:30:22] === TEST VIDEO-LEVEL REPORT ===
              precision    recall  f1-score   support

           0     0.9043    0.8490    0.8758       245
           1     0.9457    0.9670    0.9562       666

    accuracy                         0.9352       911
   macro avg     0.9250    0.9080    0.9160       911
weighted avg     0.9346    0.9352    0.9346       911

[2026-05-16 00:30:27] tflite export subprocess exit=0
[2026-05-16 00:30:27]   [tflite] [P18-v05]
[2026-05-16 00:30:27]   [tflite]   Loading model.keras ...
[2026-05-16 00:30:27]   [tflite]     rebuilding with unroll=True for TFLite compatibility
[2026-05-16 00:30:27]   [tflite] Saved artifact at '/tmp/tmpe9c0vwx3'. The following endpoints are available:
[2026-05-16 00:30:27]   [tflite] 
[2026-05-16 00:30:27]   [tflite] * Endpoint 'serve'
[2026-05-16 00:30:27]   [tflite]   args_0 (POSITIONAL_ONLY): TensorSpec(shape=(None, 40, 27), dtype=tf.float32, name='pose_sequence')
[2026-05-16 00:30:27]   [tflite] Output Type:
[2026-05-16 00:30:27]   [tflite]   TensorSpec(shape=(None, 2), dtype=tf.float32, name=None)
[2026-05-16 00:30:27]   [tflite] Captures:
[2026-05-16 00:30:27]   [tflite]   135642124122448: TensorSpec(shape=(), dtype=tf.resource, name=None)
[2026-05-16 00:30:27]   [tflite]   135642124123216: TensorSpec(shape=(), dtype=tf.resource, name=None)
[2026-05-16 00:30:27]   [tflite]   135642124123024: TensorSpec(shape=(), dtype=tf.resource, name=None)
[2026-05-16 00:30:27]   [tflite]   135642124123408: TensorSpec(shape=(), dtype=tf.resource, name=None)
[2026-05-16 00:30:27]   [tflite]   135642124122256: TensorSpec(shape=(), dtype=tf.resource, name=None)
[2026-05-16 00:30:27]   [tflite]   135642124123792: TensorSpec(shape=(), dtype=tf.resource, name=None)
[2026-05-16 00:30:27]   [tflite]   135642124123600: TensorSpec(shape=(), dtype=tf.resource, name=None)
[2026-05-16 00:30:27]   [tflite]   135642057359440: TensorSpec(shape=(), dtype=tf.resource, name=None)
[2026-05-16 00:30:27]   [tflite]   135642057359824: TensorSpec(shape=(), dtype=tf.resource, name=None)
[2026-05-16 00:30:27]   [tflite]   135642124122640: TensorSpec(shape=(), dtype=tf.resource, name=None)
[2026-05-16 00:30:27]   [tflite]   135642124123984: TensorSpec(shape=(), dtype=tf.resource, name=None)
[2026-05-16 00:30:27]   [tflite]   135642057360400: TensorSpec(shape=(), dtype=tf.resource, name=None)
[2026-05-16 00:30:27]   [tflite]   135642057360592: TensorSpec(shape=(), dtype=tf.resource, name=None)
[2026-05-16 00:30:27]   [tflite]   135642057360016: TensorSpec(shape=(), dtype=tf.resource, name=None)
[2026-05-16 00:30:27]   [tflite]   135642057360208: TensorSpec(shape=(), dtype=tf.resource, name=None)
[2026-05-16 00:30:27]   [tflite]   135642057361168: TensorSpec(shape=(), dtype=tf.resource, name=None)
[2026-05-16 00:30:27]   [tflite]   135642057361936: TensorSpec(shape=(), dtype=tf.resource, name=None)
[2026-05-16 00:30:27]   [tflite]   135642057361744: TensorSpec(shape=(), dtype=tf.resource, name=None)
[2026-05-16 00:30:27]   [tflite]   135642057362128: TensorSpec(shape=(), dtype=tf.resource, name=None)
[2026-05-16 00:30:27]   [tflite]   135642057360976: TensorSpec(shape=(), dtype=tf.resource, name=None)
[2026-05-16 00:30:27]   [tflite]   135642057362320: TensorSpec(shape=(), dtype=tf.resource, name=None)
[2026-05-16 00:30:27]   [tflite]   135642057363088: TensorSpec(shape=(), dtype=tf.resource, name=None)
[2026-05-16 00:30:27]   [tflite]   135642057362896: TensorSpec(shape=(), dtype=tf.resource, name=None)
[2026-05-16 00:30:27]   [tflite]   135642057363280: TensorSpec(shape=(), dtype=tf.resource, name=None)
[2026-05-16 00:30:27]   [tflite]   135642057361360: TensorSpec(shape=(), dtype=tf.resource, name=None)
[2026-05-16 00:30:27]   [tflite]   135642057362512: TensorSpec(shape=(), dtype=tf.resource, name=None)
[2026-05-16 00:30:27]   [tflite]   135642057364048: TensorSpec(shape=(), dtype=tf.resource, name=None)
[2026-05-16 00:30:27]   [tflite]   135642057363856: TensorSpec(shape=(), dtype=tf.resource, name=None)
[2026-05-16 00:30:27]   [tflite]   135642057364240: TensorSpec(shape=(), dtype=tf.resource, name=None)
[2026-05-16 00:30:27]   [tflite]   135642057359632: TensorSpec(shape=(), dtype=tf.resource, name=None)
[2026-05-16 00:30:27]   [tflite]   135642057363472: TensorSpec(shape=(), dtype=tf.resource, name=None)
[2026-05-16 00:30:27]   [tflite]   135642057364432: TensorSpec(shape=(), dtype=tf.resource, name=None)
[2026-05-16 00:30:27]   [tflite]   135642057364624: TensorSpec(shape=(), dtype=tf.resource, name=None)
[2026-05-16 00:30:27]   [tflite]   135642057364816: TensorSpec(shape=(), dtype=tf.resource, name=None)
[2026-05-16 00:30:27]   [tflite]   135642057365584: TensorSpec(shape=(), dtype=tf.resource, name=None)
[2026-05-16 00:30:27]   [tflite]   135642057362704: TensorSpec(shape=(), dtype=tf.resource, name=None)
[2026-05-16 00:30:27]   [tflite]   135642057365776: TensorSpec(shape=(), dtype=tf.resource, name=None)
[2026-05-16 00:30:27]   [tflite]   135642057365968: TensorSpec(shape=(), dtype=tf.resource, name=None)
[2026-05-16 00:30:27]   [tflite]   135642057365008: TensorSpec(shape=(), dtype=tf.resource, name=None)
[2026-05-16 00:30:27]   [tflite]   135642057365200: TensorSpec(shape=(), dtype=tf.resource, name=None)
[2026-05-16 00:30:27]   [tflite]   135642057366352: TensorSpec(shape=(), dtype=tf.resource, name=None)
[2026-05-16 00:30:27]   [tflite]   135642057367120: TensorSpec(shape=(), dtype=tf.resource, name=None)
[2026-05-16 00:30:27]   [tflite]   135642057366928: TensorSpec(shape=(), dtype=tf.resource, name=None)
[2026-05-16 00:30:27]   [tflite]   135642057367312: TensorSpec(shape=(), dtype=tf.resource, name=None)
[2026-05-16 00:30:27]   [tflite]   135642057365392: TensorSpec(shape=(), dtype=tf.resource, name=None)
[2026-05-16 00:30:27]   [tflite]   135642057366544: TensorSpec(shape=(), dtype=tf.resource, name=None)
[2026-05-16 00:30:27]   [tflite]   135642057367504: TensorSpec(shape=(), dtype=tf.resource, name=None)
[2026-05-16 00:30:27]   [tflite]   135642057367696: TensorSpec(shape=(), dtype=tf.resource, name=None)
[2026-05-16 00:30:27]   [tflite]   135642057367888: TensorSpec(shape=(), dtype=tf.resource, name=None)
[2026-05-16 00:30:27]   [tflite]   135642057368656: TensorSpec(shape=(), dtype=tf.resource, name=None)
[2026-05-16 00:30:27]   [tflite]   135642057366160: TensorSpec(shape=(), dtype=tf.resource, name=None)
[2026-05-16 00:30:27]   [tflite]   135642057368848: TensorSpec(shape=(), dtype=tf.resource, name=None)
[2026-05-16 00:30:27]   [tflite]   135642057369040: TensorSpec(shape=(), dtype=tf.resource, name=None)
[2026-05-16 00:30:27]   [tflite]   135642057368080: TensorSpec(shape=(), dtype=tf.resource, name=None)
[2026-05-16 00:30:27]   [tflite]   135642057368272: TensorSpec(shape=(), dtype=tf.resource, name=None)
[2026-05-16 00:30:27]   [tflite]   135642057369424: TensorSpec(shape=(), dtype=tf.resource, name=None)
[2026-05-16 00:30:27]   [tflite]   135642057370384: TensorSpec(shape=(), dtype=tf.resource, name=None)
[2026-05-16 00:30:27]   [tflite]   135642057370000: TensorSpec(shape=(), dtype=tf.resource, name=None)
[2026-05-16 00:30:27]   [tflite]   135642057370960: TensorSpec(shape=(), dtype=tf.resource, name=None)
[2026-05-16 00:30:27]   [tflite]     fp32 OK (436 KB)
[2026-05-16 00:30:27]   [tflite] Saved artifact at '/tmp/tmpkkhht4ln'. The following endpoints are available:
[2026-05-16 00:30:27]   [tflite] 
[2026-05-16 00:30:27]   [tflite] * Endpoint 'serve'
[2026-05-16 00:30:27]   [tflite]   args_0 (POSITIONAL_ONLY): TensorSpec(shape=(None, 40, 27), dtype=tf.float32, name='pose_sequence')
[2026-05-16 00:30:27]   [tflite] Output Type:
[2026-05-16 00:30:27]   [tflite]   TensorSpec(shape=(None, 2), dtype=tf.float32, name=None)
[2026-05-16 00:30:27]   [tflite] Captures:
[2026-05-16 00:30:27]   [tflite]   135642124122448: TensorSpec(shape=(), dtype=tf.resource, name=None)
[2026-05-16 00:30:27]   [tflite]   135642124123216: TensorSpec(shape=(), dtype=tf.resource, name=None)
[2026-05-16 00:30:27]   [tflite]   135642124123024: TensorSpec(shape=(), dtype=tf.resource, name=None)
[2026-05-16 00:30:27]   [tflite]   135642124123408: TensorSpec(shape=(), dtype=tf.resource, name=None)
[2026-05-16 00:30:27]   [tflite]   135642124122256: TensorSpec(shape=(), dtype=tf.resource, name=None)
[2026-05-16 00:30:27]   [tflite]   135642124123792: TensorSpec(shape=(), dtype=tf.resource, name=None)
[2026-05-16 00:30:27]   [tflite]   135642124123600: TensorSpec(shape=(), dtype=tf.resource, name=None)
[2026-05-16 00:30:27]   [tflite]   135642057359440: TensorSpec(shape=(), dtype=tf.resource, name=None)
[2026-05-16 00:30:27]   [tflite]   135642057359824: TensorSpec(shape=(), dtype=tf.resource, name=None)
[2026-05-16 00:30:27]   [tflite]   135642124122640: TensorSpec(shape=(), dtype=tf.resource, name=None)
[2026-05-16 00:30:27]   [tflite]   135642124123984: TensorSpec(shape=(), dtype=tf.resource, name=None)
[2026-05-16 00:30:27]   [tflite]   135642057360400: TensorSpec(shape=(), dtype=tf.resource, name=None)
[2026-05-16 00:30:27]   [tflite]   135642057360592: TensorSpec(shape=(), dtype=tf.resource, name=None)
[2026-05-16 00:30:27]   [tflite]   135642057360016: TensorSpec(shape=(), dtype=tf.resource, name=None)
[2026-05-16 00:30:27]   [tflite]   135642057360208: TensorSpec(shape=(), dtype=tf.resource, name=None)
[2026-05-16 00:30:27]   [tflite]   135642057361168: TensorSpec(shape=(), dtype=tf.resource, name=None)
[2026-05-16 00:30:27]   [tflite]   135642057361936: TensorSpec(shape=(), dtype=tf.resource, name=None)
[2026-05-16 00:30:27]   [tflite]   135642057361744: TensorSpec(shape=(), dtype=tf.resource, name=None)
[2026-05-16 00:30:27]   [tflite]   135642057362128: TensorSpec(shape=(), dtype=tf.resource, name=None)
[2026-05-16 00:30:27]   [tflite]   135642057360976: TensorSpec(shape=(), dtype=tf.resource, name=None)
[2026-05-16 00:30:27]   [tflite]   135642057362320: TensorSpec(shape=(), dtype=tf.resource, name=None)
[2026-05-16 00:30:27]   [tflite]   135642057363088: TensorSpec(shape=(), dtype=tf.resource, name=None)
[2026-05-16 00:30:27]   [tflite]   135642057362896: TensorSpec(shape=(), dtype=tf.resource, name=None)
[2026-05-16 00:30:27]   [tflite]   135642057363280: TensorSpec(shape=(), dtype=tf.resource, name=None)
[2026-05-16 00:30:27]   [tflite]   135642057361360: TensorSpec(shape=(), dtype=tf.resource, name=None)
[2026-05-16 00:30:27]   [tflite]   135642057362512: TensorSpec(shape=(), dtype=tf.resource, name=None)
[2026-05-16 00:30:27]   [tflite]   135642057364048: TensorSpec(shape=(), dtype=tf.resource, name=None)
[2026-05-16 00:30:27]   [tflite]   135642057363856: TensorSpec(shape=(), dtype=tf.resource, name=None)
[2026-05-16 00:30:27]   [tflite]   135642057364240: TensorSpec(shape=(), dtype=tf.resource, name=None)
[2026-05-16 00:30:27]   [tflite]   135642057359632: TensorSpec(shape=(), dtype=tf.resource, name=None)
[2026-05-16 00:30:27]   [tflite]   135642057363472: TensorSpec(shape=(), dtype=tf.resource, name=None)
[2026-05-16 00:30:27]   [tflite]   135642057364432: TensorSpec(shape=(), dtype=tf.resource, name=None)
[2026-05-16 00:30:27]   [tflite]   135642057364624: TensorSpec(shape=(), dtype=tf.resource, name=None)
[2026-05-16 00:30:27]   [tflite]   135642057364816: TensorSpec(shape=(), dtype=tf.resource, name=None)
[2026-05-16 00:30:27]   [tflite]   135642057365584: TensorSpec(shape=(), dtype=tf.resource, name=None)
[2026-05-16 00:30:27]   [tflite]   135642057362704: TensorSpec(shape=(), dtype=tf.resource, name=None)
[2026-05-16 00:30:27]   [tflite]   135642057365776: TensorSpec(shape=(), dtype=tf.resource, name=None)
[2026-05-16 00:30:27]   [tflite]   135642057365968: TensorSpec(shape=(), dtype=tf.resource, name=None)
[2026-05-16 00:30:27]   [tflite]   135642057365008: TensorSpec(shape=(), dtype=tf.resource, name=None)
[2026-05-16 00:30:27]   [tflite]   135642057365200: TensorSpec(shape=(), dtype=tf.resource, name=None)
[2026-05-16 00:30:27]   [tflite]   135642057366352: TensorSpec(shape=(), dtype=tf.resource, name=None)
[2026-05-16 00:30:27]   [tflite]   135642057367120: TensorSpec(shape=(), dtype=tf.resource, name=None)
[2026-05-16 00:30:27]   [tflite]   135642057366928: TensorSpec(shape=(), dtype=tf.resource, name=None)
[2026-05-16 00:30:27]   [tflite]   135642057367312: TensorSpec(shape=(), dtype=tf.resource, name=None)
[2026-05-16 00:30:27]   [tflite]   135642057365392: TensorSpec(shape=(), dtype=tf.resource, name=None)
[2026-05-16 00:30:27]   [tflite]   135642057366544: TensorSpec(shape=(), dtype=tf.resource, name=None)
[2026-05-16 00:30:27]   [tflite]   135642057367504: TensorSpec(shape=(), dtype=tf.resource, name=None)
[2026-05-16 00:30:27]   [tflite]   135642057367696: TensorSpec(shape=(), dtype=tf.resource, name=None)
[2026-05-16 00:30:27]   [tflite]   135642057367888: TensorSpec(shape=(), dtype=tf.resource, name=None)
[2026-05-16 00:30:27]   [tflite]   135642057368656: TensorSpec(shape=(), dtype=tf.resource, name=None)
[2026-05-16 00:30:27]   [tflite]   135642057366160: TensorSpec(shape=(), dtype=tf.resource, name=None)
[2026-05-16 00:30:27]   [tflite]   135642057368848: TensorSpec(shape=(), dtype=tf.resource, name=None)
[2026-05-16 00:30:27]   [tflite]   135642057369040: TensorSpec(shape=(), dtype=tf.resource, name=None)
[2026-05-16 00:30:27]   [tflite]   135642057368080: TensorSpec(shape=(), dtype=tf.resource, name=None)
[2026-05-16 00:30:27]   [tflite]   135642057368272: TensorSpec(shape=(), dtype=tf.resource, name=None)
[2026-05-16 00:30:27]   [tflite]   135642057369424: TensorSpec(shape=(), dtype=tf.resource, name=None)
[2026-05-16 00:30:27]   [tflite]   135642057370384: TensorSpec(shape=(), dtype=tf.resource, name=None)
[2026-05-16 00:30:27]   [tflite]   135642057370000: TensorSpec(shape=(), dtype=tf.resource, name=None)
[2026-05-16 00:30:27]   [tflite]   135642057370960: TensorSpec(shape=(), dtype=tf.resource, name=None)
[2026-05-16 00:30:27]   [tflite]     int8 OK (150 KB)
[2026-05-16 00:30:27]   [tflite] 
[2026-05-16 00:30:27]   [tflite] Done.
/home/min/Workspace/Graduate-Project/Falling-Model-Development/.venv/lib/python3.13/site-packages/tensorflow/lite/python/interpreter.py:457: UserWarning:     Warning: tf.lite.Interpreter is deprecated and is scheduled for deletion in
    TF 2.20. Please use the LiteRT interpreter from the ai_edge_litert package.
    See the [migration guide](https://ai.google.dev/edge/litert/migration)
    for details.
    
  warnings.warn(_INTERPRETER_DELETION_WARNING)
INFO: Created TensorFlow Lite XNNPACK delegate for CPU.
[2026-05-16 00:30:28] done P18-v05 val_f1=0.8636 (video=0.9586) test_f1=0.8736 (video=0.9562) test_min_pr=0.8490 threshold=0.525 min_consecutive=3
[2026-05-16 00:30:29] OK    P18-v05  test_min_pr=0.8490
[2026-05-16 00:30:29] === Phase 18 summary ===
P18-v04            0.8694   0.8838   0.8694   0.9522   0.9580  0.500   4 
  CM: TN=213 FP=32 FN=28 TP=638
P18-v05            0.8490   0.9043   0.8490   0.9457   0.9670  0.525   3 
  CM: TN=208 FP=37 FN=22 TP=644
[2026-05-16 00:30:29] Phase 18 complete — MinPR < 0.92, continuing to Phase 19
[2026-05-16 00:30:29] === Starting Phase 19 (GRU 256,128) ===
[2026-05-16 00:30:29] START P19-v01
WARNING: All log messages before absl::InitializeLog() is called are written to STDERR
I0000 00:00:1778859030.011736  356280 cpu_feature_guard.cc:227] This TensorFlow binary is optimized to use available CPU instructions in performance-critical operations.
To enable the following instructions: AVX2 FMA, in other operations, rebuild TensorFlow with the appropriate compiler flags.
[2026-05-16 00:30:31] loading train split=/home/min/Workspace/Graduate-Project/Falling-Model-Development/dataset/splits_v2_filtered/train.csv
[2026-05-16 00:30:44] train rows=1,274,014 videos=6,344 features=27 data_scope=all
[2026-05-16 00:30:44] loading val split=/home/min/Workspace/Graduate-Project/Falling-Model-Development/dataset/splits_v2_filtered/val.csv
[2026-05-16 00:30:48] val rows=363,918 videos=1,811 features=27 data_scope=all
[2026-05-16 00:30:48] loading test split=/home/min/Workspace/Graduate-Project/Falling-Model-Development/dataset/splits_v2_filtered/test.csv
[2026-05-16 00:30:49] test rows=182,782 videos=911 features=27 data_scope=all
[2026-05-16 00:31:04] train windows=370,921 positive=224,347 videos=6,344
[2026-05-16 00:31:08] val windows=74,251 positive=32,590 videos=1,811
[2026-05-16 00:31:10] test windows=37,351 positive=16,447 videos=911
I0000 00:00:1778859075.236013  356280 gpu_device.cc:2043] Created device /job:localhost/replica:0/task:0/device:GPU:0 with 6096 MB memory:  -> device: 0, name: NVIDIA GeForce RTX 2060 SUPER, pci bus id: 0000:05:00.0, compute capability: 7.5
W0000 00:00:1778859076.724083  356280 cpu_allocator_impl.cc:82] Allocation of 1602378720 exceeds 10% of free system memory.
W0000 00:00:1778859078.095034  356280 cpu_allocator_impl.cc:82] Allocation of 1602378720 exceeds 10% of free system memory.
W0000 00:00:1778859080.353952  356280 cpu_allocator_impl.cc:82] Allocation of 1602378720 exceeds 10% of free system memory.
I0000 00:00:1778859082.933718  356794 cuda_dnn.cc:461] Loaded cuDNN version 92200
W0000 00:00:1778859347.669967  356280 cpu_allocator_impl.cc:82] Allocation of 1602378720 exceeds 10% of free system memory.
W0000 00:00:1778859349.036065  356280 cpu_allocator_impl.cc:82] Allocation of 1602378720 exceeds 10% of free system memory.
[2026-05-16 00:37:15] video-level val: videos=1811 f1=0.9629 fall_recall=0.9639 nfall_recall=0.8938 fall_prec=0.9618 nfall_prec=0.8994 min_pr=0.8938 min_consecutive=3
[2026-05-16 00:37:15] video-level test: videos=911 f1=0.9589 fall_recall=0.9625 nfall_recall=0.8776 fall_prec=0.9553 nfall_prec=0.8958 min_pr=0.8776 min_consecutive=3
[2026-05-16 00:37:16] === VAL VIDEO-LEVEL REPORT ===
              precision    recall  f1-score   support

           0     0.8994    0.8938    0.8966       480
           1     0.9618    0.9639    0.9629      1331

    accuracy                         0.9453      1811
   macro avg     0.9306    0.9288    0.9297      1811
weighted avg     0.9452    0.9453    0.9453      1811

[2026-05-16 00:37:16] === TEST VIDEO-LEVEL REPORT ===
              precision    recall  f1-score   support

           0     0.8958    0.8776    0.8866       245
           1     0.9553    0.9625    0.9589       666

    accuracy                         0.9396       911
   macro avg     0.9256    0.9200    0.9227       911
weighted avg     0.9393    0.9396    0.9394       911

[2026-05-16 00:37:27] tflite export subprocess exit=0
[2026-05-16 00:37:27]   [tflite] [P19-v01]
[2026-05-16 00:37:27]   [tflite]   Loading model.keras ...
[2026-05-16 00:37:27]   [tflite]     rebuilding with unroll=True for TFLite compatibility
[2026-05-16 00:37:27]   [tflite] Saved artifact at '/tmp/tmp1q9nsqtk'. The following endpoints are available:
[2026-05-16 00:37:27]   [tflite] 
[2026-05-16 00:37:27]   [tflite] * Endpoint 'serve'
[2026-05-16 00:37:27]   [tflite]   args_0 (POSITIONAL_ONLY): TensorSpec(shape=(None, 40, 27), dtype=tf.float32, name='pose_sequence')
[2026-05-16 00:37:27]   [tflite] Output Type:
[2026-05-16 00:37:27]   [tflite]   TensorSpec(shape=(None, 2), dtype=tf.float32, name=None)
[2026-05-16 00:37:27]   [tflite] Captures:
[2026-05-16 00:37:27]   [tflite]   132787235935952: TensorSpec(shape=(), dtype=tf.resource, name=None)
[2026-05-16 00:37:27]   [tflite]   132787235936720: TensorSpec(shape=(), dtype=tf.resource, name=None)
[2026-05-16 00:37:27]   [tflite]   132787235936528: TensorSpec(shape=(), dtype=tf.resource, name=None)
[2026-05-16 00:37:27]   [tflite]   132787235936912: TensorSpec(shape=(), dtype=tf.resource, name=None)
[2026-05-16 00:37:27]   [tflite]   132787235934992: TensorSpec(shape=(), dtype=tf.resource, name=None)
[2026-05-16 00:37:27]   [tflite]   132787235937104: TensorSpec(shape=(), dtype=tf.resource, name=None)
[2026-05-16 00:37:27]   [tflite]   132787235937488: TensorSpec(shape=(), dtype=tf.resource, name=None)
[2026-05-16 00:37:27]   [tflite]   132787235937296: TensorSpec(shape=(), dtype=tf.resource, name=None)
[2026-05-16 00:37:27]   [tflite]   132787235936144: TensorSpec(shape=(), dtype=tf.resource, name=None)
[2026-05-16 00:37:27]   [tflite]   132787235937680: TensorSpec(shape=(), dtype=tf.resource, name=None)
[2026-05-16 00:37:27]   [tflite]   132787235938448: TensorSpec(shape=(), dtype=tf.resource, name=None)
[2026-05-16 00:37:27]   [tflite]   132787235939792: TensorSpec(shape=(), dtype=tf.resource, name=None)
[2026-05-16 00:37:27]   [tflite]   132787235938832: TensorSpec(shape=(), dtype=tf.resource, name=None)
[2026-05-16 00:37:27]   [tflite]   132787235939216: TensorSpec(shape=(), dtype=tf.resource, name=None)
[2026-05-16 00:37:27]   [tflite]   132787235938640: TensorSpec(shape=(), dtype=tf.resource, name=None)
[2026-05-16 00:37:27]   [tflite]   132787235940176: TensorSpec(shape=(), dtype=tf.resource, name=None)
[2026-05-16 00:37:27]   [tflite]   132787235939984: TensorSpec(shape=(), dtype=tf.resource, name=None)
[2026-05-16 00:37:27]   [tflite]   132787235940944: TensorSpec(shape=(), dtype=tf.resource, name=None)
[2026-05-16 00:37:27]   [tflite]   132787235937872: TensorSpec(shape=(), dtype=tf.resource, name=None)
[2026-05-16 00:37:27]   [tflite]   132787235940368: TensorSpec(shape=(), dtype=tf.resource, name=None)
[2026-05-16 00:37:27]   [tflite]   132787235941328: TensorSpec(shape=(), dtype=tf.resource, name=None)
[2026-05-16 00:37:27]   [tflite]   132787235941520: TensorSpec(shape=(), dtype=tf.resource, name=None)
[2026-05-16 00:37:27]   [tflite]   132787235939600: TensorSpec(shape=(), dtype=tf.resource, name=None)
[2026-05-16 00:37:27]   [tflite]   132787235942096: TensorSpec(shape=(), dtype=tf.resource, name=None)
[2026-05-16 00:37:27]   [tflite]     fp32 OK (1964 KB)
[2026-05-16 00:37:27]   [tflite] Saved artifact at '/tmp/tmp70kx58g4'. The following endpoints are available:
[2026-05-16 00:37:27]   [tflite] 
[2026-05-16 00:37:27]   [tflite] * Endpoint 'serve'
[2026-05-16 00:37:27]   [tflite]   args_0 (POSITIONAL_ONLY): TensorSpec(shape=(None, 40, 27), dtype=tf.float32, name='pose_sequence')
[2026-05-16 00:37:27]   [tflite] Output Type:
[2026-05-16 00:37:27]   [tflite]   TensorSpec(shape=(None, 2), dtype=tf.float32, name=None)
[2026-05-16 00:37:27]   [tflite] Captures:
[2026-05-16 00:37:27]   [tflite]   132787235935952: TensorSpec(shape=(), dtype=tf.resource, name=None)
[2026-05-16 00:37:27]   [tflite]   132787235936720: TensorSpec(shape=(), dtype=tf.resource, name=None)
[2026-05-16 00:37:27]   [tflite]   132787235936528: TensorSpec(shape=(), dtype=tf.resource, name=None)
[2026-05-16 00:37:27]   [tflite]   132787235936912: TensorSpec(shape=(), dtype=tf.resource, name=None)
[2026-05-16 00:37:27]   [tflite]   132787235934992: TensorSpec(shape=(), dtype=tf.resource, name=None)
[2026-05-16 00:37:27]   [tflite]   132787235937104: TensorSpec(shape=(), dtype=tf.resource, name=None)
[2026-05-16 00:37:27]   [tflite]   132787235937488: TensorSpec(shape=(), dtype=tf.resource, name=None)
[2026-05-16 00:37:27]   [tflite]   132787235937296: TensorSpec(shape=(), dtype=tf.resource, name=None)
[2026-05-16 00:37:27]   [tflite]   132787235936144: TensorSpec(shape=(), dtype=tf.resource, name=None)
[2026-05-16 00:37:27]   [tflite]   132787235937680: TensorSpec(shape=(), dtype=tf.resource, name=None)
[2026-05-16 00:37:27]   [tflite]   132787235938448: TensorSpec(shape=(), dtype=tf.resource, name=None)
[2026-05-16 00:37:27]   [tflite]   132787235939792: TensorSpec(shape=(), dtype=tf.resource, name=None)
[2026-05-16 00:37:27]   [tflite]   132787235938832: TensorSpec(shape=(), dtype=tf.resource, name=None)
[2026-05-16 00:37:27]   [tflite]   132787235939216: TensorSpec(shape=(), dtype=tf.resource, name=None)
[2026-05-16 00:37:27]   [tflite]   132787235938640: TensorSpec(shape=(), dtype=tf.resource, name=None)
[2026-05-16 00:37:27]   [tflite]   132787235940176: TensorSpec(shape=(), dtype=tf.resource, name=None)
[2026-05-16 00:37:27]   [tflite]   132787235939984: TensorSpec(shape=(), dtype=tf.resource, name=None)
[2026-05-16 00:37:27]   [tflite]   132787235940944: TensorSpec(shape=(), dtype=tf.resource, name=None)
[2026-05-16 00:37:27]   [tflite]   132787235937872: TensorSpec(shape=(), dtype=tf.resource, name=None)
[2026-05-16 00:37:27]   [tflite]   132787235940368: TensorSpec(shape=(), dtype=tf.resource, name=None)
[2026-05-16 00:37:27]   [tflite]   132787235941328: TensorSpec(shape=(), dtype=tf.resource, name=None)
[2026-05-16 00:37:27]   [tflite]   132787235941520: TensorSpec(shape=(), dtype=tf.resource, name=None)
[2026-05-16 00:37:27]   [tflite]   132787235939600: TensorSpec(shape=(), dtype=tf.resource, name=None)
[2026-05-16 00:37:27]   [tflite]   132787235942096: TensorSpec(shape=(), dtype=tf.resource, name=None)
[2026-05-16 00:37:27]   [tflite]     int8 OK (2265 KB)
[2026-05-16 00:37:27]   [tflite] 
[2026-05-16 00:37:27]   [tflite] Done.
/home/min/Workspace/Graduate-Project/Falling-Model-Development/.venv/lib/python3.13/site-packages/tensorflow/lite/python/interpreter.py:457: UserWarning:     Warning: tf.lite.Interpreter is deprecated and is scheduled for deletion in
    TF 2.20. Please use the LiteRT interpreter from the ai_edge_litert package.
    See the [migration guide](https://ai.google.dev/edge/litert/migration)
    for details.
    
  warnings.warn(_INTERPRETER_DELETION_WARNING)
INFO: Created TensorFlow Lite XNNPACK delegate for CPU.
[2026-05-16 00:37:30] done P19-v01 val_f1=0.8763 (video=0.9629) test_f1=0.8810 (video=0.9589) test_min_pr=0.8776 threshold=0.525 min_consecutive=3
[2026-05-16 00:37:31] OK    P19-v01  test_min_pr=0.8776
[2026-05-16 00:37:31] START P19-v02
WARNING: All log messages before absl::InitializeLog() is called are written to STDERR
I0000 00:00:1778859452.061001  362081 cpu_feature_guard.cc:227] This TensorFlow binary is optimized to use available CPU instructions in performance-critical operations.
To enable the following instructions: AVX2 FMA, in other operations, rebuild TensorFlow with the appropriate compiler flags.
[2026-05-16 00:37:33] loading train split=/home/min/Workspace/Graduate-Project/Falling-Model-Development/dataset/splits_v2_filtered/train.csv
[2026-05-16 00:37:46] train rows=1,274,014 videos=6,344 features=27 data_scope=all
[2026-05-16 00:37:46] loading val split=/home/min/Workspace/Graduate-Project/Falling-Model-Development/dataset/splits_v2_filtered/val.csv
[2026-05-16 00:37:50] val rows=363,918 videos=1,811 features=27 data_scope=all
[2026-05-16 00:37:50] loading test split=/home/min/Workspace/Graduate-Project/Falling-Model-Development/dataset/splits_v2_filtered/test.csv
[2026-05-16 00:37:52] test rows=182,782 videos=911 features=27 data_scope=all
[2026-05-16 00:38:07] train windows=370,921 positive=224,347 videos=6,344
[2026-05-16 00:38:11] val windows=74,251 positive=32,590 videos=1,811
[2026-05-16 00:38:13] test windows=37,351 positive=16,447 videos=911
I0000 00:00:1778859498.279634  362081 gpu_device.cc:2043] Created device /job:localhost/replica:0/task:0/device:GPU:0 with 6096 MB memory:  -> device: 0, name: NVIDIA GeForce RTX 2060 SUPER, pci bus id: 0000:05:00.0, compute capability: 7.5
W0000 00:00:1778859499.779048  362081 cpu_allocator_impl.cc:82] Allocation of 1602378720 exceeds 10% of free system memory.
W0000 00:00:1778859501.121779  362081 cpu_allocator_impl.cc:82] Allocation of 1602378720 exceeds 10% of free system memory.
W0000 00:00:1778859503.373860  362081 cpu_allocator_impl.cc:82] Allocation of 1602378720 exceeds 10% of free system memory.
I0000 00:00:1778859505.891171  362696 cuda_dnn.cc:461] Loaded cuDNN version 92200
W0000 00:00:1778860054.151628  362081 cpu_allocator_impl.cc:82] Allocation of 1602378720 exceeds 10% of free system memory.
W0000 00:00:1778860055.516956  362081 cpu_allocator_impl.cc:82] Allocation of 1602378720 exceeds 10% of free system memory.
[2026-05-16 00:49:02] video-level val: videos=1811 f1=0.9632 fall_recall=0.9639 nfall_recall=0.8958 fall_prec=0.9625 nfall_prec=0.8996 min_pr=0.8958 min_consecutive=3
[2026-05-16 00:49:03] event-level val: videos=1811 f1=0.9628 fall_recall=0.9632 nfall_recall=0.8958 fall_prec=0.9625 nfall_prec=0.8977 min_pr=0.8958 tolerance_windows=2
[2026-05-16 00:49:03] video-level test: videos=911 f1=0.9647 fall_recall=0.9655 nfall_recall=0.9020 fall_prec=0.9640 nfall_prec=0.9057 min_pr=0.9020 min_consecutive=3
[2026-05-16 00:49:04] event-level test: videos=911 f1=0.9647 fall_recall=0.9655 nfall_recall=0.9020 fall_prec=0.9640 nfall_prec=0.9057 min_pr=0.9020 tolerance_windows=2
[2026-05-16 00:49:04] === VAL VIDEO-LEVEL REPORT ===
              precision    recall  f1-score   support

           0     0.8996    0.8958    0.8977       480
           1     0.9625    0.9639    0.9632      1331

    accuracy                         0.9459      1811
   macro avg     0.9310    0.9299    0.9305      1811
weighted avg     0.9458    0.9459    0.9459      1811

[2026-05-16 00:49:04] === TEST VIDEO-LEVEL REPORT ===
              precision    recall  f1-score   support

           0     0.9057    0.9020    0.9039       245
           1     0.9640    0.9655    0.9647       666

    accuracy                         0.9484       911
   macro avg     0.9349    0.9338    0.9343       911
weighted avg     0.9483    0.9484    0.9484       911

[2026-05-16 00:49:16] tflite export subprocess exit=0
[2026-05-16 00:49:16]   [tflite] [P19-v02]
[2026-05-16 00:49:16]   [tflite]   Loading model.keras ...
[2026-05-16 00:49:16]   [tflite]     rebuilding with unroll=True for TFLite compatibility
[2026-05-16 00:49:16]   [tflite] Saved artifact at '/tmp/tmpeved0edj'. The following endpoints are available:
[2026-05-16 00:49:16]   [tflite] 
[2026-05-16 00:49:16]   [tflite] * Endpoint 'serve'
[2026-05-16 00:49:16]   [tflite]   args_0 (POSITIONAL_ONLY): TensorSpec(shape=(None, 40, 27), dtype=tf.float32, name='pose_sequence')
[2026-05-16 00:49:16]   [tflite] Output Type:
[2026-05-16 00:49:16]   [tflite]   TensorSpec(shape=(None, 2), dtype=tf.float32, name=None)
[2026-05-16 00:49:16]   [tflite] Captures:
[2026-05-16 00:49:16]   [tflite]   136468407588560: TensorSpec(shape=(), dtype=tf.resource, name=None)
[2026-05-16 00:49:16]   [tflite]   136468407589328: TensorSpec(shape=(), dtype=tf.resource, name=None)
[2026-05-16 00:49:16]   [tflite]   136468407589136: TensorSpec(shape=(), dtype=tf.resource, name=None)
[2026-05-16 00:49:16]   [tflite]   136468407589520: TensorSpec(shape=(), dtype=tf.resource, name=None)
[2026-05-16 00:49:16]   [tflite]   136468407587600: TensorSpec(shape=(), dtype=tf.resource, name=None)
[2026-05-16 00:49:16]   [tflite]   136468407589712: TensorSpec(shape=(), dtype=tf.resource, name=None)
[2026-05-16 00:49:16]   [tflite]   136468407590096: TensorSpec(shape=(), dtype=tf.resource, name=None)
[2026-05-16 00:49:16]   [tflite]   136468407589904: TensorSpec(shape=(), dtype=tf.resource, name=None)
[2026-05-16 00:49:16]   [tflite]   136468407588752: TensorSpec(shape=(), dtype=tf.resource, name=None)
[2026-05-16 00:49:16]   [tflite]   136468407590288: TensorSpec(shape=(), dtype=tf.resource, name=None)
[2026-05-16 00:49:16]   [tflite]   136468407591056: TensorSpec(shape=(), dtype=tf.resource, name=None)
[2026-05-16 00:49:16]   [tflite]   136468407592400: TensorSpec(shape=(), dtype=tf.resource, name=None)
[2026-05-16 00:49:16]   [tflite]   136468407591440: TensorSpec(shape=(), dtype=tf.resource, name=None)
[2026-05-16 00:49:16]   [tflite]   136468407591824: TensorSpec(shape=(), dtype=tf.resource, name=None)
[2026-05-16 00:49:16]   [tflite]   136468407591248: TensorSpec(shape=(), dtype=tf.resource, name=None)
[2026-05-16 00:49:16]   [tflite]   136468407592784: TensorSpec(shape=(), dtype=tf.resource, name=None)
[2026-05-16 00:49:16]   [tflite]   136468407592592: TensorSpec(shape=(), dtype=tf.resource, name=None)
[2026-05-16 00:49:16]   [tflite]   136468407593552: TensorSpec(shape=(), dtype=tf.resource, name=None)
[2026-05-16 00:49:16]   [tflite]   136468407590480: TensorSpec(shape=(), dtype=tf.resource, name=None)
[2026-05-16 00:49:16]   [tflite]   136468407592976: TensorSpec(shape=(), dtype=tf.resource, name=None)
[2026-05-16 00:49:16]   [tflite]   136468407593936: TensorSpec(shape=(), dtype=tf.resource, name=None)
[2026-05-16 00:49:16]   [tflite]   136468407594128: TensorSpec(shape=(), dtype=tf.resource, name=None)
[2026-05-16 00:49:16]   [tflite]   136468407592208: TensorSpec(shape=(), dtype=tf.resource, name=None)
[2026-05-16 00:49:16]   [tflite]   136468407594704: TensorSpec(shape=(), dtype=tf.resource, name=None)
[2026-05-16 00:49:16]   [tflite]     fp32 OK (1964 KB)
[2026-05-16 00:49:16]   [tflite] Saved artifact at '/tmp/tmpd23h6lqw'. The following endpoints are available:
[2026-05-16 00:49:16]   [tflite] 
[2026-05-16 00:49:16]   [tflite] * Endpoint 'serve'
[2026-05-16 00:49:16]   [tflite]   args_0 (POSITIONAL_ONLY): TensorSpec(shape=(None, 40, 27), dtype=tf.float32, name='pose_sequence')
[2026-05-16 00:49:16]   [tflite] Output Type:
[2026-05-16 00:49:16]   [tflite]   TensorSpec(shape=(None, 2), dtype=tf.float32, name=None)
[2026-05-16 00:49:16]   [tflite] Captures:
[2026-05-16 00:49:16]   [tflite]   136468407588560: TensorSpec(shape=(), dtype=tf.resource, name=None)
[2026-05-16 00:49:16]   [tflite]   136468407589328: TensorSpec(shape=(), dtype=tf.resource, name=None)
[2026-05-16 00:49:16]   [tflite]   136468407589136: TensorSpec(shape=(), dtype=tf.resource, name=None)
[2026-05-16 00:49:16]   [tflite]   136468407589520: TensorSpec(shape=(), dtype=tf.resource, name=None)
[2026-05-16 00:49:16]   [tflite]   136468407587600: TensorSpec(shape=(), dtype=tf.resource, name=None)
[2026-05-16 00:49:16]   [tflite]   136468407589712: TensorSpec(shape=(), dtype=tf.resource, name=None)
[2026-05-16 00:49:16]   [tflite]   136468407590096: TensorSpec(shape=(), dtype=tf.resource, name=None)
[2026-05-16 00:49:16]   [tflite]   136468407589904: TensorSpec(shape=(), dtype=tf.resource, name=None)
[2026-05-16 00:49:16]   [tflite]   136468407588752: TensorSpec(shape=(), dtype=tf.resource, name=None)
[2026-05-16 00:49:16]   [tflite]   136468407590288: TensorSpec(shape=(), dtype=tf.resource, name=None)
[2026-05-16 00:49:16]   [tflite]   136468407591056: TensorSpec(shape=(), dtype=tf.resource, name=None)
[2026-05-16 00:49:16]   [tflite]   136468407592400: TensorSpec(shape=(), dtype=tf.resource, name=None)
[2026-05-16 00:49:16]   [tflite]   136468407591440: TensorSpec(shape=(), dtype=tf.resource, name=None)
[2026-05-16 00:49:16]   [tflite]   136468407591824: TensorSpec(shape=(), dtype=tf.resource, name=None)
[2026-05-16 00:49:16]   [tflite]   136468407591248: TensorSpec(shape=(), dtype=tf.resource, name=None)
[2026-05-16 00:49:16]   [tflite]   136468407592784: TensorSpec(shape=(), dtype=tf.resource, name=None)
[2026-05-16 00:49:16]   [tflite]   136468407592592: TensorSpec(shape=(), dtype=tf.resource, name=None)
[2026-05-16 00:49:16]   [tflite]   136468407593552: TensorSpec(shape=(), dtype=tf.resource, name=None)
[2026-05-16 00:49:16]   [tflite]   136468407590480: TensorSpec(shape=(), dtype=tf.resource, name=None)
[2026-05-16 00:49:16]   [tflite]   136468407592976: TensorSpec(shape=(), dtype=tf.resource, name=None)
[2026-05-16 00:49:16]   [tflite]   136468407593936: TensorSpec(shape=(), dtype=tf.resource, name=None)
[2026-05-16 00:49:16]   [tflite]   136468407594128: TensorSpec(shape=(), dtype=tf.resource, name=None)
[2026-05-16 00:49:16]   [tflite]   136468407592208: TensorSpec(shape=(), dtype=tf.resource, name=None)
[2026-05-16 00:49:16]   [tflite]   136468407594704: TensorSpec(shape=(), dtype=tf.resource, name=None)
[2026-05-16 00:49:16]   [tflite]     int8 OK (2262 KB)
[2026-05-16 00:49:16]   [tflite] 
[2026-05-16 00:49:16]   [tflite] Done.
/home/min/Workspace/Graduate-Project/Falling-Model-Development/.venv/lib/python3.13/site-packages/tensorflow/lite/python/interpreter.py:457: UserWarning:     Warning: tf.lite.Interpreter is deprecated and is scheduled for deletion in
    TF 2.20. Please use the LiteRT interpreter from the ai_edge_litert package.
    See the [migration guide](https://ai.google.dev/edge/litert/migration)
    for details.
    
  warnings.warn(_INTERPRETER_DELETION_WARNING)
INFO: Created TensorFlow Lite XNNPACK delegate for CPU.
[2026-05-16 00:49:19] done P19-v02 val_f1=0.8718 (video=0.9632) test_f1=0.8788 (video=0.9647) test_min_pr=0.9020 threshold=0.575 min_consecutive=3
[2026-05-16 00:49:21] OK    P19-v02  test_min_pr=0.9020
[2026-05-16 00:49:21] START P19-v03
WARNING: All log messages before absl::InitializeLog() is called are written to STDERR
I0000 00:00:1778860161.974780  371542 cpu_feature_guard.cc:227] This TensorFlow binary is optimized to use available CPU instructions in performance-critical operations.
To enable the following instructions: AVX2 FMA, in other operations, rebuild TensorFlow with the appropriate compiler flags.
[2026-05-16 00:49:23] loading train split=/home/min/Workspace/Graduate-Project/Falling-Model-Development/dataset/splits_v2_filtered/train.csv
[2026-05-16 00:49:36] train rows=1,274,014 videos=6,344 features=27 data_scope=all
[2026-05-16 00:49:36] loading val split=/home/min/Workspace/Graduate-Project/Falling-Model-Development/dataset/splits_v2_filtered/val.csv
[2026-05-16 00:49:40] val rows=363,918 videos=1,811 features=27 data_scope=all
[2026-05-16 00:49:40] loading test split=/home/min/Workspace/Graduate-Project/Falling-Model-Development/dataset/splits_v2_filtered/test.csv
[2026-05-16 00:49:42] test rows=182,782 videos=911 features=27 data_scope=all
[2026-05-16 00:49:58] train windows=370,921 positive=224,347 videos=6,344
[2026-05-16 00:50:01] val windows=74,251 positive=32,590 videos=1,811
[2026-05-16 00:50:03] test windows=37,351 positive=16,447 videos=911
I0000 00:00:1778860209.413343  371542 gpu_device.cc:2043] Created device /job:localhost/replica:0/task:0/device:GPU:0 with 6096 MB memory:  -> device: 0, name: NVIDIA GeForce RTX 2060 SUPER, pci bus id: 0000:05:00.0, compute capability: 7.5
W0000 00:00:1778860211.011780  371542 cpu_allocator_impl.cc:82] Allocation of 1602378720 exceeds 10% of free system memory.
W0000 00:00:1778860212.429572  371542 cpu_allocator_impl.cc:82] Allocation of 1602378720 exceeds 10% of free system memory.
W0000 00:00:1778860214.768415  371542 cpu_allocator_impl.cc:82] Allocation of 1602378720 exceeds 10% of free system memory.
I0000 00:00:1778860217.412300  372111 cuda_dnn.cc:461] Loaded cuDNN version 92200
W0000 00:00:1778860446.633152  371542 cpu_allocator_impl.cc:82] Allocation of 1602378720 exceeds 10% of free system memory.
W0000 00:00:1778860447.998551  371542 cpu_allocator_impl.cc:82] Allocation of 1602378720 exceeds 10% of free system memory.
[2026-05-16 00:55:33] video-level val: videos=1811 f1=0.9613 fall_recall=0.9602 nfall_recall=0.8958 fall_prec=0.9623 nfall_prec=0.8903 min_pr=0.8903 min_consecutive=2
[2026-05-16 00:55:34] event-level val: videos=1811 f1=0.9613 fall_recall=0.9602 nfall_recall=0.8958 fall_prec=0.9623 nfall_prec=0.8903 min_pr=0.8903 tolerance_windows=2
[2026-05-16 00:55:34] video-level test: videos=911 f1=0.9595 fall_recall=0.9610 nfall_recall=0.8857 fall_prec=0.9581 nfall_prec=0.8930 min_pr=0.8857 min_consecutive=2
[2026-05-16 00:55:35] event-level test: videos=911 f1=0.9595 fall_recall=0.9610 nfall_recall=0.8857 fall_prec=0.9581 nfall_prec=0.8930 min_pr=0.8857 tolerance_windows=2
[2026-05-16 00:55:35] === VAL VIDEO-LEVEL REPORT ===
              precision    recall  f1-score   support

           0     0.8903    0.8958    0.8930       480
           1     0.9623    0.9602    0.9613      1331

    accuracy                         0.9431      1811
   macro avg     0.9263    0.9280    0.9272      1811
weighted avg     0.9432    0.9431    0.9432      1811

[2026-05-16 00:55:35] === TEST VIDEO-LEVEL REPORT ===
              precision    recall  f1-score   support

           0     0.8930    0.8857    0.8893       245
           1     0.9581    0.9610    0.9595       666

    accuracy                         0.9407       911
   macro avg     0.9255    0.9233    0.9244       911
weighted avg     0.9406    0.9407    0.9406       911

[2026-05-16 00:55:46] tflite export subprocess exit=0
[2026-05-16 00:55:46]   [tflite] [P19-v03]
[2026-05-16 00:55:46]   [tflite]   Loading model.keras ...
[2026-05-16 00:55:46]   [tflite]     rebuilding with unroll=True for TFLite compatibility
[2026-05-16 00:55:46]   [tflite] Saved artifact at '/tmp/tmpjeomip_e'. The following endpoints are available:
[2026-05-16 00:55:46]   [tflite] 
[2026-05-16 00:55:46]   [tflite] * Endpoint 'serve'
[2026-05-16 00:55:46]   [tflite]   args_0 (POSITIONAL_ONLY): TensorSpec(shape=(None, 40, 27), dtype=tf.float32, name='pose_sequence')
[2026-05-16 00:55:46]   [tflite] Output Type:
[2026-05-16 00:55:46]   [tflite]   TensorSpec(shape=(None, 2), dtype=tf.float32, name=None)
[2026-05-16 00:55:46]   [tflite] Captures:
[2026-05-16 00:55:46]   [tflite]   130985689175568: TensorSpec(shape=(), dtype=tf.resource, name=None)
[2026-05-16 00:55:46]   [tflite]   130985689176336: TensorSpec(shape=(), dtype=tf.resource, name=None)
[2026-05-16 00:55:46]   [tflite]   130985689176144: TensorSpec(shape=(), dtype=tf.resource, name=None)
[2026-05-16 00:55:46]   [tflite]   130985689176528: TensorSpec(shape=(), dtype=tf.resource, name=None)
[2026-05-16 00:55:46]   [tflite]   130985689174608: TensorSpec(shape=(), dtype=tf.resource, name=None)
[2026-05-16 00:55:46]   [tflite]   130985689176720: TensorSpec(shape=(), dtype=tf.resource, name=None)
[2026-05-16 00:55:46]   [tflite]   130985689177104: TensorSpec(shape=(), dtype=tf.resource, name=None)
[2026-05-16 00:55:46]   [tflite]   130985689176912: TensorSpec(shape=(), dtype=tf.resource, name=None)
[2026-05-16 00:55:46]   [tflite]   130985689175760: TensorSpec(shape=(), dtype=tf.resource, name=None)
[2026-05-16 00:55:46]   [tflite]   130985689177296: TensorSpec(shape=(), dtype=tf.resource, name=None)
[2026-05-16 00:55:46]   [tflite]   130985689178064: TensorSpec(shape=(), dtype=tf.resource, name=None)
[2026-05-16 00:55:46]   [tflite]   130985689179408: TensorSpec(shape=(), dtype=tf.resource, name=None)
[2026-05-16 00:55:46]   [tflite]   130985689178448: TensorSpec(shape=(), dtype=tf.resource, name=None)
[2026-05-16 00:55:46]   [tflite]   130985689178832: TensorSpec(shape=(), dtype=tf.resource, name=None)
[2026-05-16 00:55:46]   [tflite]   130985689178256: TensorSpec(shape=(), dtype=tf.resource, name=None)
[2026-05-16 00:55:46]   [tflite]   130985689179792: TensorSpec(shape=(), dtype=tf.resource, name=None)
[2026-05-16 00:55:46]   [tflite]   130985689179600: TensorSpec(shape=(), dtype=tf.resource, name=None)
[2026-05-16 00:55:46]   [tflite]   130985689180560: TensorSpec(shape=(), dtype=tf.resource, name=None)
[2026-05-16 00:55:46]   [tflite]   130985689177488: TensorSpec(shape=(), dtype=tf.resource, name=None)
[2026-05-16 00:55:46]   [tflite]   130985689179984: TensorSpec(shape=(), dtype=tf.resource, name=None)
[2026-05-16 00:55:46]   [tflite]   130985689180944: TensorSpec(shape=(), dtype=tf.resource, name=None)
[2026-05-16 00:55:46]   [tflite]   130985689181136: TensorSpec(shape=(), dtype=tf.resource, name=None)
[2026-05-16 00:55:46]   [tflite]   130985689179216: TensorSpec(shape=(), dtype=tf.resource, name=None)
[2026-05-16 00:55:46]   [tflite]   130985689181712: TensorSpec(shape=(), dtype=tf.resource, name=None)
[2026-05-16 00:55:46]   [tflite]     fp32 OK (1964 KB)
[2026-05-16 00:55:46]   [tflite] Saved artifact at '/tmp/tmpubo3207d'. The following endpoints are available:
[2026-05-16 00:55:46]   [tflite] 
[2026-05-16 00:55:46]   [tflite] * Endpoint 'serve'
[2026-05-16 00:55:46]   [tflite]   args_0 (POSITIONAL_ONLY): TensorSpec(shape=(None, 40, 27), dtype=tf.float32, name='pose_sequence')
[2026-05-16 00:55:46]   [tflite] Output Type:
[2026-05-16 00:55:46]   [tflite]   TensorSpec(shape=(None, 2), dtype=tf.float32, name=None)
[2026-05-16 00:55:46]   [tflite] Captures:
[2026-05-16 00:55:46]   [tflite]   130985689175568: TensorSpec(shape=(), dtype=tf.resource, name=None)
[2026-05-16 00:55:46]   [tflite]   130985689176336: TensorSpec(shape=(), dtype=tf.resource, name=None)
[2026-05-16 00:55:46]   [tflite]   130985689176144: TensorSpec(shape=(), dtype=tf.resource, name=None)
[2026-05-16 00:55:46]   [tflite]   130985689176528: TensorSpec(shape=(), dtype=tf.resource, name=None)
[2026-05-16 00:55:46]   [tflite]   130985689174608: TensorSpec(shape=(), dtype=tf.resource, name=None)
[2026-05-16 00:55:46]   [tflite]   130985689176720: TensorSpec(shape=(), dtype=tf.resource, name=None)
[2026-05-16 00:55:46]   [tflite]   130985689177104: TensorSpec(shape=(), dtype=tf.resource, name=None)
[2026-05-16 00:55:46]   [tflite]   130985689176912: TensorSpec(shape=(), dtype=tf.resource, name=None)
[2026-05-16 00:55:46]   [tflite]   130985689175760: TensorSpec(shape=(), dtype=tf.resource, name=None)
[2026-05-16 00:55:46]   [tflite]   130985689177296: TensorSpec(shape=(), dtype=tf.resource, name=None)
[2026-05-16 00:55:46]   [tflite]   130985689178064: TensorSpec(shape=(), dtype=tf.resource, name=None)
[2026-05-16 00:55:46]   [tflite]   130985689179408: TensorSpec(shape=(), dtype=tf.resource, name=None)
[2026-05-16 00:55:46]   [tflite]   130985689178448: TensorSpec(shape=(), dtype=tf.resource, name=None)
[2026-05-16 00:55:46]   [tflite]   130985689178832: TensorSpec(shape=(), dtype=tf.resource, name=None)
[2026-05-16 00:55:46]   [tflite]   130985689178256: TensorSpec(shape=(), dtype=tf.resource, name=None)
[2026-05-16 00:55:46]   [tflite]   130985689179792: TensorSpec(shape=(), dtype=tf.resource, name=None)
[2026-05-16 00:55:46]   [tflite]   130985689179600: TensorSpec(shape=(), dtype=tf.resource, name=None)
[2026-05-16 00:55:46]   [tflite]   130985689180560: TensorSpec(shape=(), dtype=tf.resource, name=None)
[2026-05-16 00:55:46]   [tflite]   130985689177488: TensorSpec(shape=(), dtype=tf.resource, name=None)
[2026-05-16 00:55:46]   [tflite]   130985689179984: TensorSpec(shape=(), dtype=tf.resource, name=None)
[2026-05-16 00:55:46]   [tflite]   130985689180944: TensorSpec(shape=(), dtype=tf.resource, name=None)
[2026-05-16 00:55:46]   [tflite]   130985689181136: TensorSpec(shape=(), dtype=tf.resource, name=None)
[2026-05-16 00:55:46]   [tflite]   130985689179216: TensorSpec(shape=(), dtype=tf.resource, name=None)
[2026-05-16 00:55:46]   [tflite]   130985689181712: TensorSpec(shape=(), dtype=tf.resource, name=None)
[2026-05-16 00:55:46]   [tflite]     int8 OK (2262 KB)
[2026-05-16 00:55:46]   [tflite] 
[2026-05-16 00:55:46]   [tflite] Done.
/home/min/Workspace/Graduate-Project/Falling-Model-Development/.venv/lib/python3.13/site-packages/tensorflow/lite/python/interpreter.py:457: UserWarning:     Warning: tf.lite.Interpreter is deprecated and is scheduled for deletion in
    TF 2.20. Please use the LiteRT interpreter from the ai_edge_litert package.
    See the [migration guide](https://ai.google.dev/edge/litert/migration)
    for details.
    
  warnings.warn(_INTERPRETER_DELETION_WARNING)
INFO: Created TensorFlow Lite XNNPACK delegate for CPU.
[2026-05-16 00:55:49] done P19-v03 val_f1=0.8613 (video=0.9613) test_f1=0.8676 (video=0.9595) test_min_pr=0.8857 threshold=0.575 min_consecutive=2
[2026-05-16 00:55:50] OK    P19-v03  test_min_pr=0.8857
[2026-05-16 00:55:50] START P19-v04
WARNING: All log messages before absl::InitializeLog() is called are written to STDERR
I0000 00:00:1778860551.404093  376613 cpu_feature_guard.cc:227] This TensorFlow binary is optimized to use available CPU instructions in performance-critical operations.
To enable the following instructions: AVX2 FMA, in other operations, rebuild TensorFlow with the appropriate compiler flags.
[2026-05-16 00:55:52] loading train split=/home/min/Workspace/Graduate-Project/Falling-Model-Development/dataset/splits_v2_filtered/train.csv
[2026-05-16 00:56:05] train rows=1,274,014 videos=6,344 features=27 data_scope=all
[2026-05-16 00:56:05] loading val split=/home/min/Workspace/Graduate-Project/Falling-Model-Development/dataset/splits_v2_filtered/val.csv
[2026-05-16 00:56:09] val rows=363,918 videos=1,811 features=27 data_scope=all
[2026-05-16 00:56:09] loading test split=/home/min/Workspace/Graduate-Project/Falling-Model-Development/dataset/splits_v2_filtered/test.csv
[2026-05-16 00:56:10] test rows=182,782 videos=911 features=27 data_scope=all
[2026-05-16 00:56:26] train windows=370,921 positive=224,347 videos=6,344
[2026-05-16 00:56:29] val windows=74,251 positive=32,590 videos=1,811
[2026-05-16 00:56:31] test windows=37,351 positive=16,447 videos=911
I0000 00:00:1778860596.903342  376613 gpu_device.cc:2043] Created device /job:localhost/replica:0/task:0/device:GPU:0 with 6096 MB memory:  -> device: 0, name: NVIDIA GeForce RTX 2060 SUPER, pci bus id: 0000:05:00.0, compute capability: 7.5
W0000 00:00:1778860598.327412  376613 cpu_allocator_impl.cc:82] Allocation of 1602378720 exceeds 10% of free system memory.
W0000 00:00:1778860599.694688  376613 cpu_allocator_impl.cc:82] Allocation of 1602378720 exceeds 10% of free system memory.
W0000 00:00:1778860601.983293  376613 cpu_allocator_impl.cc:82] Allocation of 1602378720 exceeds 10% of free system memory.
I0000 00:00:1778860604.542643  377012 cuda_dnn.cc:461] Loaded cuDNN version 92200
W0000 00:00:1778860883.211712  376613 cpu_allocator_impl.cc:82] Allocation of 1602378720 exceeds 10% of free system memory.
W0000 00:00:1778860884.538218  376613 cpu_allocator_impl.cc:82] Allocation of 1602378720 exceeds 10% of free system memory.
[2026-05-16 01:02:49] video-level val: videos=1811 f1=0.9617 fall_recall=0.9617 nfall_recall=0.8938 fall_prec=0.9617 nfall_prec=0.8938 min_pr=0.8938 min_consecutive=4
[2026-05-16 01:02:50] event-level val: videos=1811 f1=0.9613 fall_recall=0.9609 nfall_recall=0.8938 fall_prec=0.9617 nfall_prec=0.8919 min_pr=0.8919 tolerance_windows=2
[2026-05-16 01:02:50] video-level test: videos=911 f1=0.9642 fall_recall=0.9715 nfall_recall=0.8816 fall_prec=0.9571 nfall_prec=0.9191 min_pr=0.8816 min_consecutive=4
[2026-05-16 01:02:51] event-level test: videos=911 f1=0.9635 fall_recall=0.9700 nfall_recall=0.8816 fall_prec=0.9570 nfall_prec=0.9153 min_pr=0.8816 tolerance_windows=2
[2026-05-16 01:02:51] === VAL VIDEO-LEVEL REPORT ===
              precision    recall  f1-score   support

           0     0.8938    0.8938    0.8938       480
           1     0.9617    0.9617    0.9617      1331

    accuracy                         0.9437      1811
   macro avg     0.9277    0.9277    0.9277      1811
weighted avg     0.9437    0.9437    0.9437      1811

[2026-05-16 01:02:51] === TEST VIDEO-LEVEL REPORT ===
              precision    recall  f1-score   support

           0     0.9191    0.8816    0.9000       245
           1     0.9571    0.9715    0.9642       666

    accuracy                         0.9473       911
   macro avg     0.9381    0.9266    0.9321       911
weighted avg     0.9469    0.9473    0.9470       911

[2026-05-16 01:03:02] tflite export subprocess exit=0
[2026-05-16 01:03:02]   [tflite] [P19-v04]
[2026-05-16 01:03:02]   [tflite]   Loading model.keras ...
[2026-05-16 01:03:02]   [tflite]     rebuilding with unroll=True for TFLite compatibility
[2026-05-16 01:03:02]   [tflite] Saved artifact at '/tmp/tmpomsxdd9d'. The following endpoints are available:
[2026-05-16 01:03:02]   [tflite] 
[2026-05-16 01:03:02]   [tflite] * Endpoint 'serve'
[2026-05-16 01:03:02]   [tflite]   args_0 (POSITIONAL_ONLY): TensorSpec(shape=(None, 40, 27), dtype=tf.float32, name='pose_sequence')
[2026-05-16 01:03:02]   [tflite] Output Type:
[2026-05-16 01:03:02]   [tflite]   TensorSpec(shape=(None, 2), dtype=tf.float32, name=None)
[2026-05-16 01:03:02]   [tflite] Captures:
[2026-05-16 01:03:02]   [tflite]   128052291163664: TensorSpec(shape=(), dtype=tf.resource, name=None)
[2026-05-16 01:03:02]   [tflite]   128052291164432: TensorSpec(shape=(), dtype=tf.resource, name=None)
[2026-05-16 01:03:02]   [tflite]   128052291164240: TensorSpec(shape=(), dtype=tf.resource, name=None)
[2026-05-16 01:03:02]   [tflite]   128052291164624: TensorSpec(shape=(), dtype=tf.resource, name=None)
[2026-05-16 01:03:02]   [tflite]   128052291162704: TensorSpec(shape=(), dtype=tf.resource, name=None)
[2026-05-16 01:03:02]   [tflite]   128052291164816: TensorSpec(shape=(), dtype=tf.resource, name=None)
[2026-05-16 01:03:02]   [tflite]   128052291165200: TensorSpec(shape=(), dtype=tf.resource, name=None)
[2026-05-16 01:03:02]   [tflite]   128052291165008: TensorSpec(shape=(), dtype=tf.resource, name=None)
[2026-05-16 01:03:02]   [tflite]   128052291163856: TensorSpec(shape=(), dtype=tf.resource, name=None)
[2026-05-16 01:03:02]   [tflite]   128052291165392: TensorSpec(shape=(), dtype=tf.resource, name=None)
[2026-05-16 01:03:02]   [tflite]   128052291166160: TensorSpec(shape=(), dtype=tf.resource, name=None)
[2026-05-16 01:03:02]   [tflite]   128052291167504: TensorSpec(shape=(), dtype=tf.resource, name=None)
[2026-05-16 01:03:02]   [tflite]   128052291166544: TensorSpec(shape=(), dtype=tf.resource, name=None)
[2026-05-16 01:03:02]   [tflite]   128052291166928: TensorSpec(shape=(), dtype=tf.resource, name=None)
[2026-05-16 01:03:02]   [tflite]   128052291166352: TensorSpec(shape=(), dtype=tf.resource, name=None)
[2026-05-16 01:03:02]   [tflite]   128052291167888: TensorSpec(shape=(), dtype=tf.resource, name=None)
[2026-05-16 01:03:02]   [tflite]   128052291167696: TensorSpec(shape=(), dtype=tf.resource, name=None)
[2026-05-16 01:03:02]   [tflite]   128052291168656: TensorSpec(shape=(), dtype=tf.resource, name=None)
[2026-05-16 01:03:02]   [tflite]   128052291165584: TensorSpec(shape=(), dtype=tf.resource, name=None)
[2026-05-16 01:03:02]   [tflite]   128052291168080: TensorSpec(shape=(), dtype=tf.resource, name=None)
[2026-05-16 01:03:02]   [tflite]   128052291169040: TensorSpec(shape=(), dtype=tf.resource, name=None)
[2026-05-16 01:03:02]   [tflite]   128052291169232: TensorSpec(shape=(), dtype=tf.resource, name=None)
[2026-05-16 01:03:02]   [tflite]   128052291167312: TensorSpec(shape=(), dtype=tf.resource, name=None)
[2026-05-16 01:03:02]   [tflite]   128052291169808: TensorSpec(shape=(), dtype=tf.resource, name=None)
[2026-05-16 01:03:02]   [tflite]     fp32 OK (1964 KB)
[2026-05-16 01:03:02]   [tflite] Saved artifact at '/tmp/tmpekzub_p8'. The following endpoints are available:
[2026-05-16 01:03:02]   [tflite] 
[2026-05-16 01:03:02]   [tflite] * Endpoint 'serve'
[2026-05-16 01:03:02]   [tflite]   args_0 (POSITIONAL_ONLY): TensorSpec(shape=(None, 40, 27), dtype=tf.float32, name='pose_sequence')
[2026-05-16 01:03:02]   [tflite] Output Type:
[2026-05-16 01:03:02]   [tflite]   TensorSpec(shape=(None, 2), dtype=tf.float32, name=None)
[2026-05-16 01:03:02]   [tflite] Captures:
[2026-05-16 01:03:02]   [tflite]   128052291163664: TensorSpec(shape=(), dtype=tf.resource, name=None)
[2026-05-16 01:03:02]   [tflite]   128052291164432: TensorSpec(shape=(), dtype=tf.resource, name=None)
[2026-05-16 01:03:02]   [tflite]   128052291164240: TensorSpec(shape=(), dtype=tf.resource, name=None)
[2026-05-16 01:03:02]   [tflite]   128052291164624: TensorSpec(shape=(), dtype=tf.resource, name=None)
[2026-05-16 01:03:02]   [tflite]   128052291162704: TensorSpec(shape=(), dtype=tf.resource, name=None)
[2026-05-16 01:03:02]   [tflite]   128052291164816: TensorSpec(shape=(), dtype=tf.resource, name=None)
[2026-05-16 01:03:02]   [tflite]   128052291165200: TensorSpec(shape=(), dtype=tf.resource, name=None)
[2026-05-16 01:03:02]   [tflite]   128052291165008: TensorSpec(shape=(), dtype=tf.resource, name=None)
[2026-05-16 01:03:02]   [tflite]   128052291163856: TensorSpec(shape=(), dtype=tf.resource, name=None)
[2026-05-16 01:03:02]   [tflite]   128052291165392: TensorSpec(shape=(), dtype=tf.resource, name=None)
[2026-05-16 01:03:02]   [tflite]   128052291166160: TensorSpec(shape=(), dtype=tf.resource, name=None)
[2026-05-16 01:03:02]   [tflite]   128052291167504: TensorSpec(shape=(), dtype=tf.resource, name=None)
[2026-05-16 01:03:02]   [tflite]   128052291166544: TensorSpec(shape=(), dtype=tf.resource, name=None)
[2026-05-16 01:03:02]   [tflite]   128052291166928: TensorSpec(shape=(), dtype=tf.resource, name=None)
[2026-05-16 01:03:02]   [tflite]   128052291166352: TensorSpec(shape=(), dtype=tf.resource, name=None)
[2026-05-16 01:03:02]   [tflite]   128052291167888: TensorSpec(shape=(), dtype=tf.resource, name=None)
[2026-05-16 01:03:02]   [tflite]   128052291167696: TensorSpec(shape=(), dtype=tf.resource, name=None)
[2026-05-16 01:03:02]   [tflite]   128052291168656: TensorSpec(shape=(), dtype=tf.resource, name=None)
[2026-05-16 01:03:02]   [tflite]   128052291165584: TensorSpec(shape=(), dtype=tf.resource, name=None)
[2026-05-16 01:03:02]   [tflite]   128052291168080: TensorSpec(shape=(), dtype=tf.resource, name=None)
[2026-05-16 01:03:02]   [tflite]   128052291169040: TensorSpec(shape=(), dtype=tf.resource, name=None)
[2026-05-16 01:03:02]   [tflite]   128052291169232: TensorSpec(shape=(), dtype=tf.resource, name=None)
[2026-05-16 01:03:02]   [tflite]   128052291167312: TensorSpec(shape=(), dtype=tf.resource, name=None)
[2026-05-16 01:03:02]   [tflite]   128052291169808: TensorSpec(shape=(), dtype=tf.resource, name=None)
[2026-05-16 01:03:02]   [tflite]     int8 OK (2264 KB)
[2026-05-16 01:03:02]   [tflite] 
[2026-05-16 01:03:02]   [tflite] Done.
/home/min/Workspace/Graduate-Project/Falling-Model-Development/.venv/lib/python3.13/site-packages/tensorflow/lite/python/interpreter.py:457: UserWarning:     Warning: tf.lite.Interpreter is deprecated and is scheduled for deletion in
    TF 2.20. Please use the LiteRT interpreter from the ai_edge_litert package.
    See the [migration guide](https://ai.google.dev/edge/litert/migration)
    for details.
    
  warnings.warn(_INTERPRETER_DELETION_WARNING)
INFO: Created TensorFlow Lite XNNPACK delegate for CPU.
[2026-05-16 01:03:06] done P19-v04 val_f1=0.8847 (video=0.9617) test_f1=0.8884 (video=0.9642) test_min_pr=0.8816 threshold=0.500 min_consecutive=4
[2026-05-16 01:03:07] OK    P19-v04  test_min_pr=0.8816
[2026-05-16 01:03:07] === Phase 19 summary ===
P19-v01            0.8776   0.8958   0.8776   0.9553   0.9625  0.525   3 
  CM: TN=215 FP=30 FN=25 TP=641
P19-v02            0.9020   0.9057   0.9020   0.9640   0.9655  0.575   3 
  CM: TN=221 FP=24 FN=23 TP=643
P19-v03            0.8857   0.8930   0.8857   0.9581   0.9610  0.575   2 
  CM: TN=217 FP=28 FN=26 TP=640
P19-v04            0.8816   0.9191   0.8816   0.9571   0.9715  0.500   4 
  CM: TN=216 FP=29 FN=19 TP=647
[2026-05-16 01:03:07] Phase 19 complete — MinPR < 0.92
[2026-05-16 01:03:07] === Overnight run complete ===
[2026-05-16 01:03:07] === Best results across all phases ===
phase19_gru256/P19-v02        MinPR=0.9020 FP=24 FN=23 thr=0.575 mc=3 
phase17_velocity_features/P17-v01        MinPR=0.9020 FP=24 FN=23 thr=0.5499999999999999 mc=3 
phase16_short_epochs/P16-v02        MinPR=0.8980 FP=25 FN=20 thr=0.42499999999999993 mc=4 
phase16_short_epochs/P16-v01        MinPR=0.8980 FP=25 FN=19 thr=0.44999999999999996 mc=5 
phase17_velocity_features/P17-v02        MinPR=0.8939 FP=26 FN=18 thr=0.44999999999999996 mc=4 
phase16_short_epochs/P16-v06        MinPR=0.8898 FP=27 FN=20 thr=0.49999999999999994 mc=3 
phase19_gru256/P19-v03        MinPR=0.8857 FP=28 FN=26 thr=0.575 mc=2 
phase19_gru256/P19-v04        MinPR=0.8816 FP=29 FN=19 thr=0.49999999999999994 mc=4 
phase16_short_epochs/P16-v04        MinPR=0.8816 FP=29 FN=18 thr=0.525 mc=2 
phase19_gru256/P19-v01        MinPR=0.8776 FP=30 FN=25 thr=0.525 mc=3 
phase16_short_epochs/P16-v08        MinPR=0.8776 FP=30 FN=25 thr=0.475 mc=3 
phase18_tcn/P18-v04        MinPR=0.8694 FP=32 FN=28 thr=0.49999999999999994 mc=4 
phase16_short_epochs/P16-v07        MinPR=0.8653 FP=33 FN=19 thr=0.49999999999999994 mc=4 
phase16_short_epochs/P16-v03        MinPR=0.8653 FP=33 FN=22 thr=0.49999999999999994 mc=4 
phase16_short_epochs/P16-v05        MinPR=0.8531 FP=36 FN=16 thr=0.39999999999999997 mc=7 
=== OVERNIGHT DONE ===
[2026-05-16 02:08:10] ===================================================================
[2026-05-16 02:08:10] === Overnight Orchestrator START  target=0.930 ===
[2026-05-16 02:08:10] ===================================================================
[2026-05-16 02:08:10] Waiting for tmux session 'phase21_22' to finish...
[2026-05-16 03:15:41] Session 'phase21_22' done.
[2026-05-16 03:15:41] After P21/P22: global best event MinPR = 0.9227
[2026-05-16 03:15:41] --- Phase 23: GRU(256,128) + event checkpoint ---
[2026-05-16 03:15:41] GPU ready: 17MiB
[2026-05-16 03:15:41] === Phase 23: GRU(256,128) + val_event_min_pr checkpoint + class_balanced ===
[2026-05-16 03:15:41] GPU ready: used=17MiB <= 2200MiB
[2026-05-16 03:15:41] START P23-v01
WARNING: All log messages before absl::InitializeLog() is called are written to STDERR
I0000 00:00:1778868942.388288   29063 cpu_feature_guard.cc:227] This TensorFlow binary is optimized to use available CPU instructions in performance-critical operations.
To enable the following instructions: AVX2 FMA, in other operations, rebuild TensorFlow with the appropriate compiler flags.
[2026-05-16 03:15:43] loading train split=/home/min/Workspace/Graduate-Project/Falling-Model-Development/dataset/splits_v2_class_balanced_filtered/train.csv
[2026-05-16 03:15:55] train rows=1,211,093 videos=6,039 features=27 data_scope=all
[2026-05-16 03:15:55] loading val split=/home/min/Workspace/Graduate-Project/Falling-Model-Development/dataset/splits_v2_class_balanced_filtered/val.csv
[2026-05-16 03:15:58] val rows=344,292 videos=1,714 features=27 data_scope=all
[2026-05-16 03:15:58] loading test split=/home/min/Workspace/Graduate-Project/Falling-Model-Development/dataset/splits_v2_class_balanced_filtered/test.csv
[2026-05-16 03:16:00] test rows=172,209 videos=853 features=27 data_scope=all
[2026-05-16 03:16:13] train windows=353,150 positive=213,662 videos=6,039
[2026-05-16 03:16:16] val windows=70,274 positive=30,106 videos=1,714
[2026-05-16 03:16:18] test windows=34,973 positive=15,069 videos=853
I0000 00:00:1778868980.843873   29063 gpu_device.cc:2043] Created device /job:localhost/replica:0/task:0/device:GPU:0 with 6623 MB memory:  -> device: 0, name: NVIDIA GeForce RTX 2060 SUPER, pci bus id: 0000:05:00.0, compute capability: 7.5
W0000 00:00:1778868981.773458   29063 cpu_allocator_impl.cc:82] Allocation of 1525608000 exceeds 10% of free system memory.
W0000 00:00:1778868983.006173   29063 cpu_allocator_impl.cc:82] Allocation of 1525608000 exceeds 10% of free system memory.
W0000 00:00:1778868984.996960   29063 cpu_allocator_impl.cc:82] Allocation of 1525608000 exceeds 10% of free system memory.
I0000 00:00:1778868987.611983   29128 cuda_dnn.cc:461] Loaded cuDNN version 92200
[2026-05-16 03:39:03] ValMinPR: restored best weights (val_event_min_pr=0.9239)
W0000 00:00:1778870343.735269   29063 cpu_allocator_impl.cc:82] Allocation of 1525608000 exceeds 10% of free system memory.
W0000 00:00:1778870345.058990   29063 cpu_allocator_impl.cc:82] Allocation of 1525608000 exceeds 10% of free system memory.
[2026-05-16 03:40:20] video-level val: videos=1714 f1=0.9714 fall_recall=0.9718 nfall_recall=0.9239 fall_prec=0.9710 nfall_prec=0.9258 min_pr=0.9239 min_consecutive=3
[2026-05-16 03:40:21] event-level val: videos=1714 f1=0.9710 fall_recall=0.9710 nfall_recall=0.9239 fall_prec=0.9710 nfall_prec=0.9239 min_pr=0.9239 tolerance_windows=2
[2026-05-16 03:40:21] video-level test: videos=853 f1=0.9677 fall_recall=0.9662 nfall_recall=0.9181 fall_prec=0.9693 nfall_prec=0.9103 min_pr=0.9103 min_consecutive=3
[2026-05-16 03:40:21] event-level test: videos=853 f1=0.9669 fall_recall=0.9646 nfall_recall=0.9181 fall_prec=0.9693 nfall_prec=0.9064 min_pr=0.9064 tolerance_windows=2
[2026-05-16 03:40:22] === VAL VIDEO-LEVEL REPORT ===
              precision    recall  f1-score   support

           0     0.9258    0.9239    0.9249       473
           1     0.9710    0.9718    0.9714      1241

    accuracy                         0.9586      1714
   macro avg     0.9484    0.9478    0.9481      1714
weighted avg     0.9586    0.9586    0.9586      1714

[2026-05-16 03:40:22] === TEST VIDEO-LEVEL REPORT ===
              precision    recall  f1-score   support

           0     0.9103    0.9181    0.9142       232
           1     0.9693    0.9662    0.9677       621

    accuracy                         0.9531       853
   macro avg     0.9398    0.9421    0.9410       853
weighted avg     0.9532    0.9531    0.9532       853

[2026-05-16 03:40:22] done P23-v01 val_f1=0.8799 (video=0.9714) test_f1=0.8715 (video=0.9677) test_min_pr=0.9103 threshold=0.475 min_consecutive=3
[OK] P23-v01 test_event_min_pr=0.9064 test_video_min_pr=0.9103 thr=0.475 mc=3 thr_eval=event
  event_CM: TN=213 FP=19 FN=22 TP=599
[2026-05-16 03:40:23] GPU ready: used=17MiB <= 2200MiB
[2026-05-16 03:40:23] START P23-v02
WARNING: All log messages before absl::InitializeLog() is called are written to STDERR
I0000 00:00:1778870423.793928   33607 cpu_feature_guard.cc:227] This TensorFlow binary is optimized to use available CPU instructions in performance-critical operations.
To enable the following instructions: AVX2 FMA, in other operations, rebuild TensorFlow with the appropriate compiler flags.
[2026-05-16 03:40:25] loading train split=/home/min/Workspace/Graduate-Project/Falling-Model-Development/dataset/splits_v2_class_balanced_filtered/train.csv
[2026-05-16 03:40:37] train rows=1,211,093 videos=6,039 features=45 data_scope=all
[2026-05-16 03:40:37] loading val split=/home/min/Workspace/Graduate-Project/Falling-Model-Development/dataset/splits_v2_class_balanced_filtered/val.csv
[2026-05-16 03:40:40] val rows=344,292 videos=1,714 features=45 data_scope=all
[2026-05-16 03:40:40] loading test split=/home/min/Workspace/Graduate-Project/Falling-Model-Development/dataset/splits_v2_class_balanced_filtered/test.csv
[2026-05-16 03:40:42] test rows=172,209 videos=853 features=45 data_scope=all
[2026-05-16 03:40:56] train windows=353,150 positive=213,662 videos=6,039
[2026-05-16 03:40:59] val windows=70,274 positive=30,106 videos=1,714
[2026-05-16 03:41:01] test windows=34,973 positive=15,069 videos=853
I0000 00:00:1778870465.550826   33607 gpu_device.cc:2043] Created device /job:localhost/replica:0/task:0/device:GPU:0 with 6623 MB memory:  -> device: 0, name: NVIDIA GeForce RTX 2060 SUPER, pci bus id: 0000:05:00.0, compute capability: 7.5
W0000 00:00:1778870466.606597   33607 cpu_allocator_impl.cc:82] Allocation of 2542680000 exceeds 10% of free system memory.
W0000 00:00:1778870468.670424   33607 cpu_allocator_impl.cc:82] Allocation of 2542680000 exceeds 10% of free system memory.
W0000 00:00:1778870471.318690   33607 cpu_allocator_impl.cc:82] Allocation of 2542680000 exceeds 10% of free system memory.
