video_id,window_index,window_start_frame,window_start_sec,score,binary_at_selected_threshold,label,direction,confidence_mean
00001_H_A_SY_C6,0,180,3.003000020980835,0.25240007042884827,0,1,SY,0.3737390339374542
00001_H_A_SY_C6,2,186,3.1029999256134033,0.2431410402059555,0,1,SY,0.3718917965888977
00001_H_A_SY_C6,4,192,3.203000068664551,0.23349247872829437,0,1,SY,0.3719027638435364
00001_H_A_SY_C6,6,198,3.302999973297119,0.24161933362483978,0,1,SY,0.3705601990222931
00001_H_A_SY_C6,8,204,3.4030001163482666,0.2412084937095642,0,1,SY,0.3720861077308655
00001_H_A_SY_C6,10,210,3.503999948501587,0.2325039952993393,0,1,SY,0.36869168281555176
00001_H_A_SY_C6,12,216,3.6040000915527344,0.2269672155380249,0,1,SY,0.3671424984931946
00001_H_A_SY_C6,14,222,3.7039999961853027,0.22624057531356812,0,1,SY,0.3661572337150574
00001_H_A_SY_C6,16,228,3.803999900817871,0.23338758945465088,0,1,SY,0.366372674703598
00001_H_A_SY_C6,18,234,3.9040000438690186,0.23568817973136902,0,1,SY,0.3632122874259949
00001_H_A_SY_C6,20,240,4.004000186920166,0.2419653981924057,0,1,SY,0.3692050576210022
00001_H_A_SY_C6,22,246,4.104000091552734,0.25061094760894775,0,1,SY,0.3625774681568146
00001_H_A_SY_C6,24,252,4.203999996185303,0.2638545036315918,0,1,SY,0.36259347200393677
00001_H_A_SY_C6,26,258,4.303999900817871,0.27734246850013733,0,1,SY,0.3678607642650604
00001_H_A_SY_C6,28,264,4.4039998054504395,0.26225847005844116,0,1,SY,0.3593345582485199
00001_H_A_SY_C6,30,270,4.505000114440918,0.25856640934944153,0,1,SY,0.35411861538887024
00001_H_A_SY_C6,32,276,4.605000019073486,0.26613280177116394,0,1,SY,0.3261040449142456
00001_H_A_SY_C6,34,282,4.704999923706055,0.27125298976898193,0,1,SY,0.36911800503730774
00001_H_A_SY_C6,36,288,4.804999828338623,0.2761009931564331,0,1,SY,0.38039058446884155
00001_H_A_SY_C6,38,294,4.90500020980835,0.2659297287464142,0,1,SY,0.3874678313732147
00001_H_A_SY_C6,40,300,5.005000114440918,0.25548332929611206,0,1,SY,0.3952123820781708
00001_H_A_SY_C6,42,306,5.105000019073486,0.25859856605529785,0,1,SY,0.40865418314933777
00001_H_A_SY_C6,44,312,5.204999923706055,0.26186490058898926,0,1,SY,0.41570746898651123
00001_H_A_SY_C6,46,318,5.304999828338623,0.2743496000766754,0,1,SY,0.42381277680397034
00001_H_A_SY_C6,48,324,5.40500020980835,0.29262351989746094,0,1,SY,0.4345190227031708
00001_H_A_SY_C6,50,330,5.50600004196167,0.2838103473186493,0,1,SY,0.4441489279270172
00001_H_A_SY_C6,52,336,5.605999946594238,0.28092965483665466,0,1,SY,0.4523921012878418
00001_H_A_SY_C6,54,342,5.705999851226807,0.2881903350353241,0,1,SY,0.46263444423675537
00001_H_A_SY_C6,56,348,5.806000232696533,0.2915761470794678,0,1,SY,0.47077128291130066
00001_H_A_SY_C6,58,354,5.906000137329102,0.30425700545310974,0,1,SY,0.4812210202217102
00001_H_A_SY_C6,60,360,6.00600004196167,0.3303222358226776,0,1,SY,0.4902069866657257
00001_H_A_SY_C6,62,366,6.105999946594238,0.3537020981311798,0,1,SY,0.4962415397167206
00001_H_A_SY_C6,64,372,6.205999851226807,0.40282028913497925,0,1,SY,0.5001799464225769
00001_H_A_SY_C6,66,378,6.306000232696533,0.4623430371284485,0,1,SY,0.46922004222869873
00001_H_A_SY_C6,68,384,6.406000137329102,0.450848788022995,0,1,SY,0.489856094121933
00001_H_A_SY_C6,70,390,6.50600004196167,0.4385431110858917,0,1,SY,0.5172460079193115
00001_H_A_SY_C6,72,396,6.60699987411499,0.4140722155570984,0,1,SY,0.5485456585884094
00001_H_A_SY_C6,74,402,6.706999778747559,0.35440805554389954,0,1,SY,0.502711832523346
00001_H_A_SY_C6,76,408,6.807000160217285,0.3875139653682709,0,1,SY,0.4822659492492676
00001_H_A_SY_C6,78,414,6.9070000648498535,0.38170409202575684,0,1,SY,0.47349852323532104
00001_H_A_SY_C6,80,420,7.006999969482422,0.362452894449234,0,1,SY,0.45607349276542664
00001_H_A_SY_C7,0,180,3.003000020980835,0.26637765765190125,0,1,SY,0.40908288955688477
00001_H_A_SY_C7,2,186,3.1029999256134033,0.2569699287414551,0,1,SY,0.4149216413497925
00001_H_A_SY_C7,4,192,3.203000068664551,0.2525670528411865,0,1,SY,0.4058774411678314
00001_H_A_SY_C7,6,198,3.302999973297119,0.24900546669960022,0,1,SY,0.4069216847419739
00001_H_A_SY_C7,8,204,3.4030001163482666,0.25123095512390137,0,1,SY,0.39806875586509705
00001_H_A_SY_C7,10,210,3.503999948501587,0.2574010193347931,0,1,SY,0.3963489234447479
00001_H_A_SY_C7,12,216,3.6040000915527344,0.2515251040458679,0,1,SY,0.39619743824005127
00001_H_A_SY_C7,14,222,3.7039999961853027,0.2500905394554138,0,1,SY,0.393728643655777
00001_H_A_SY_C7,16,228,3.803999900817871,0.24468804895877838,0,1,SY,0.38796091079711914
00001_H_A_SY_C7,18,234,3.9040000438690186,0.24224931001663208,0,1,SY,0.38416793942451477
00001_H_A_SY_C7,20,240,4.004000186920166,0.23916110396385193,0,1,SY,0.3801041841506958
00001_H_A_SY_C7,22,246,4.104000091552734,0.23729580640792847,0,1,SY,0.3731939494609833
00001_H_A_SY_C7,24,252,4.203999996185303,0.241192027926445,0,1,SY,0.3662295937538147
00001_H_A_SY_C7,26,258,4.303999900817871,0.24067091941833496,0,1,SY,0.35793256759643555
00001_H_A_SY_C7,28,264,4.4039998054504395,0.2445380836725235,0,1,SY,0.3498886525630951
00001_H_A_SY_C7,30,270,4.505000114440918,0.24267087876796722,0,1,SY,0.34373217821121216
00001_H_A_SY_C7,32,276,4.605000019073486,0.23691043257713318,0,1,SY,0.35123541951179504
00001_H_A_SY_C7,34,282,4.704999923706055,0.2516510486602783,0,1,SY,0.3653830587863922
00001_H_A_SY_C7,36,288,4.804999828338623,0.2665298283100128,0,1,SY,0.38986578583717346
00001_H_A_SY_C7,38,294,4.90500020980835,0.273363322019577,0,1,SY,0.42089810967445374
00001_H_A_SY_C7,40,300,5.005000114440918,0.26618492603302,0,1,SY,0.45054754614830017
00001_H_A_SY_C7,42,306,5.105000019073486,0.257180780172348,0,1,SY,0.47062504291534424
00001_H_A_SY_C7,44,312,5.204999923706055,0.24710914492607117,0,1,SY,0.48682311177253723
00001_H_A_SY_C7,46,318,5.304999828338623,0.24233445525169373,0,1,SY,0.4979262053966522
00001_H_A_SY_C7,48,324,5.40500020980835,0.24004864692687988,0,1,SY,0.5122964382171631
00001_H_A_SY_C7,50,330,5.50600004196167,0.24090375006198883,0,1,SY,0.5256679058074951
00001_H_A_SY_C7,52,336,5.605999946594238,0.24276578426361084,0,1,SY,0.5387498736381531
00001_H_A_SY_C7,54,342,5.705999851226807,0.2420625239610672,0,1,SY,0.5536212921142578
00001_H_A_SY_C7,56,348,5.806000232696533,0.25019821524620056,0,1,SY,0.5705852508544922
00001_H_A_SY_C7,58,354,5.906000137329102,0.25924408435821533,0,1,SY,0.5866034626960754
00001_H_A_SY_C7,60,360,6.00600004196167,0.26763880252838135,0,1,SY,0.6016780138015747
00001_H_A_SY_C7,62,366,6.105999946594238,0.2965070605278015,0,1,SY,0.6193630695343018
00001_H_A_SY_C7,64,372,6.205999851226807,0.34932318329811096,0,1,SY,0.6362489461898804
00001_H_A_SY_C7,66,378,6.306000232696533,0.4378049373626709,0,1,SY,0.6531751751899719
00001_H_A_SY_C7,68,384,6.406000137329102,0.49755001068115234,0,1,SY,0.6702062487602234
00001_H_A_SY_C7,70,390,6.50600004196167,0.3935628831386566,0,1,SY,0.6778797507286072
00001_H_A_SY_C7,72,396,6.60699987411499,0.33697378635406494,0,1,SY,0.6788142919540405
00001_H_A_SY_C7,74,402,6.706999778747559,0.2847258150577545,0,1,SY,0.6708498001098633
00001_H_A_SY_C7,76,408,6.807000160217285,0.2530151605606079,0,1,SY,0.6558464765548706
00001_H_A_SY_C7,78,414,6.9070000648498535,0.26548898220062256,0,1,SY,0.6388911604881287
00001_H_A_SY_C7,80,420,7.006999969482422,0.25244399905204773,0,1,SY,0.6249610781669617
00001_H_A_SY_C8,0,180,3.003000020980835,0.22821612656116486,0,1,SY,0.32663261890411377
00001_H_A_SY_C8,2,186,3.1029999256134033,0.23618243634700775,0,1,SY,0.3899150490760803
00001_H_A_SY_C8,4,192,3.203000068664551,0.2528107464313507,0,1,SY,0.3125839829444885
00001_H_A_SY_C8,6,198,3.302999973297119,0.26090946793556213,0,1,SY,0.4043433368206024
00001_H_A_SY_C8,8,204,3.4030001163482666,0.2694016993045807,0,1,SY,0.4208223521709442
00001_H_A_SY_C8,10,210,3.503999948501587,0.2588508129119873,0,1,SY,0.2913268506526947
00001_H_A_SY_C8,12,216,3.6040000915527344,0.2521043121814728,0,1,SY,0.2990289330482483
00001_H_A_SY_C8,14,222,3.7039999961853027,0.2690589129924774,0,1,SY,0.3453076183795929
00001_H_A_SY_C8,16,228,3.803999900817871,0.2727936804294586,0,1,SY,0.48003438115119934
00001_H_A_SY_C8,18,234,3.9040000438690186,0.255769819021225,0,1,SY,0.4671839475631714
00001_H_A_SY_C8,20,240,4.004000186920166,0.24512851238250732,0,1,SY,0.39201515913009644
00001_H_A_SY_C8,22,246,4.104000091552734,0.24109603464603424,0,1,SY,0.3048268258571625
00001_H_A_SY_C8,24,252,4.203999996185303,0.2436719387769699,0,1,SY,0.3623032867908478
00001_H_A_SY_C8,26,258,4.303999900817871,0.2729071378707886,0,1,SY,0.4964524507522583
00001_H_A_SY_C8,28,264,4.4039998054504395,0.27958136796951294,0,1,SY,0.5025438666343689
00001_H_A_SY_C8,30,270,4.505000114440918,0.2679932117462158,0,1,SY,0.3849034309387207
00001_H_A_SY_C8,32,276,4.605000019073486,0.2433764636516571,0,1,SY,0.35689130425453186
00001_H_A_SY_C8,34,282,4.704999923706055,0.27443963289260864,0,1,SY,0.4455969035625458
00001_H_A_SY_C8,36,288,4.804999828338623,0.2623608112335205,0,1,SY,0.5666627883911133
00001_H_A_SY_C8,38,294,4.90500020980835,0.26409396529197693,0,1,SY,0.578345775604248
00001_H_A_SY_C8,40,300,5.005000114440918,0.24038584530353546,0,1,SY,0.5677891373634338
00001_H_A_SY_C8,42,306,5.105000019073486,0.24271757900714874,0,1,SY,0.509113073348999
00001_H_A_SY_C8,44,312,5.204999923706055,0.2670491635799408,0,1,SY,0.5835987329483032
00001_H_A_SY_C8,46,318,5.304999828338623,0.24712084233760834,0,1,SY,0.494922935962677
00001_H_A_SY_C8,48,324,5.40500020980835,0.25615015625953674,0,1,SY,0.48749127984046936
00001_H_A_SY_C8,50,330,5.50600004196167,0.25045618414878845,0,1,SY,0.6236644983291626
00001_H_A_SY_C8,52,336,5.605999946594238,0.3745233118534088,0,1,SY,0.6270836591720581
00001_H_A_SY_C8,54,342,5.705999851226807,0.34105223417282104,0,1,SY,0.5928255915641785
00001_H_A_SY_C8,56,348,5.806000232696533,0.3122127056121826,0,1,SY,0.4706457257270813
00001_H_A_SY_C8,58,354,5.906000137329102,0.27969011664390564,0,1,SY,0.4974267780780792
00001_H_A_SY_C8,60,360,6.00600004196167,0.3039839565753937,0,1,SY,0.5874584317207336
00001_H_A_SY_C8,62,366,6.105999946594238,0.2537172734737396,0,1,SY,0.6892842054367065
00001_H_A_SY_C8,64,372,6.205999851226807,0.2557399868965149,0,1,SY,0.6210290193557739
00001_H_A_SY_C8,66,378,6.306000232696533,0.2631230056285858,0,1,SY,0.5274429321289062
00001_H_A_SY_C8,68,384,6.406000137329102,0.33881276845932007,0,1,SY,0.5525749325752258
00001_H_A_SY_C8,70,390,6.50600004196167,0.32076922059059143,0,1,SY,0.6922644972801208
00001_H_A_SY_C8,72,396,6.60699987411499,0.35174715518951416,0,1,SY,0.7451949119567871
00001_H_A_SY_C8,74,402,6.706999778747559,0.3367784917354584,0,1,SY,0.6784685254096985
00001_H_A_SY_C8,76,408,6.807000160217285,0.30114078521728516,0,1,SY,0.5730369091033936
00001_H_A_SY_C8,78,414,6.9070000648498535,0.38949376344680786,0,1,SY,0.5777440667152405
00001_H_A_SY_C8,80,420,7.006999969482422,0.3199670612812042,0,1,SY,0.5301728844642639
00053_H_A_SY_C6,0,180,3.003000020980835,0.2294253259897232,0,1,SY,0.42816612124443054
00053_H_A_SY_C6,2,186,3.1029999256134033,0.22040417790412903,0,1,SY,0.42982345819473267
00053_H_A_SY_C6,4,192,3.203000068664551,0.2203211933374405,0,1,SY,0.4310018718242645
00053_H_A_SY_C6,6,198,3.302999973297119,0.2317325323820114,0,1,SY,0.43226301670074463
00053_H_A_SY_C6,8,204,3.4030001163482666,0.23129622638225555,0,1,SY,0.4358583986759186
00053_H_A_SY_C6,10,210,3.503999948501587,0.22570164501667023,0,1,SY,0.4374780058860779
00053_H_A_SY_C6,12,216,3.6040000915527344,0.22462038695812225,0,1,SY,0.44498756527900696
00053_H_A_SY_C6,14,222,3.7039999961853027,0.2267751395702362,0,1,SY,0.4526660442352295
00053_H_A_SY_C6,16,228,3.803999900817871,0.2211826890707016,0,1,SY,0.46009117364883423
00053_H_A_SY_C6,18,234,3.9040000438690186,0.21283110976219177,0,1,SY,0.4755581319332123
00053_H_A_SY_C6,20,240,4.004000186920166,0.21192234754562378,0,1,SY,0.479186087846756
00053_H_A_SY_C6,22,246,4.104000091552734,0.2131447196006775,0,1,SY,0.4950273334980011
00053_H_A_SY_C6,24,252,4.203999996185303,0.22520899772644043,0,1,SY,0.5201852917671204
00053_H_A_SY_C6,26,258,4.303999900817871,0.22637993097305298,0,1,SY,0.5454126596450806
00053_H_A_SY_C6,28,264,4.4039998054504395,0.23059089481830597,0,1,SY,0.5693622827529907
00053_H_A_SY_C6,30,270,4.505000114440918,0.23432941734790802,0,1,SY,0.5832198262214661
00053_H_A_SY_C6,32,276,4.605000019073486,0.24375100433826447,0,1,SY,0.5935072898864746
00053_H_A_SY_C6,34,282,4.704999923706055,0.23811236023902893,0,1,SY,0.6045187711715698
00053_H_A_SY_C6,36,288,4.804999828338623,0.24778926372528076,0,1,SY,0.6221721768379211
00053_H_A_SY_C6,38,294,4.90500020980835,0.2638073265552521,0,1,SY,0.635712742805481
00053_H_A_SY_C6,40,300,5.005000114440918,0.2909570336341858,0,1,SY,0.6482820510864258
00053_H_A_SY_C6,42,306,5.105000019073486,0.3080337345600128,0,1,SY,0.6525088548660278
00053_H_A_SY_C6,44,312,5.204999923706055,0.3574325740337372,0,1,SY,0.648484468460083
00053_H_A_SY_C6,46,318,5.304999828338623,0.39394840598106384,0,1,SY,0.6610546708106995
00053_H_A_SY_C6,48,324,5.40500020980835,0.4141371548175812,0,1,SY,0.6688019037246704
00053_H_A_SY_C6,50,330,5.50600004196167,0.33120405673980713,0,1,SY,0.667320728302002
00053_H_A_SY_C6,52,336,5.605999946594238,0.32302728295326233,0,1,SY,0.6666335463523865
00053_H_A_SY_C6,54,342,5.705999851226807,0.3502386212348938,0,1,SY,0.6594870090484619
00053_H_A_SY_C6,56,348,5.806000232696533,0.35061097145080566,0,1,SY,0.6503605246543884
00053_H_A_SY_C6,58,354,5.906000137329102,0.3284629285335541,0,1,SY,0.6359351873397827
00053_H_A_SY_C6,60,360,6.00600004196167,0.30365869402885437,0,1,SY,0.6331260204315186
00053_H_A_SY_C6,62,366,6.105999946594238,0.2880927324295044,0,1,SY,0.6135081052780151
00053_H_A_SY_C6,64,372,6.205999851226807,0.2906547784805298,0,1,SY,0.5924288630485535
00053_H_A_SY_C6,66,378,6.306000232696533,0.28484678268432617,0,1,SY,0.5661671757698059
00053_H_A_SY_C6,68,384,6.406000137329102,0.28148430585861206,0,1,SY,0.5362325310707092
00053_H_A_SY_C6,70,390,6.50600004196167,0.2848716676235199,0,1,SY,0.5241334438323975
00053_H_A_SY_C6,72,396,6.60699987411499,0.27858591079711914,0,1,SY,0.5196011066436768
00053_H_A_SY_C6,74,402,6.706999778747559,0.2821727991104126,0,1,SY,0.5114270448684692
00053_H_A_SY_C6,76,408,6.807000160217285,0.28427016735076904,0,1,SY,0.4955735206604004
00053_H_A_SY_C6,78,414,6.9070000648498535,0.28235265612602234,0,1,SY,0.48396986722946167
00053_H_A_SY_C6,80,420,7.006999969482422,0.2789754271507263,0,1,SY,0.4726456105709076
00053_H_A_SY_C8,0,180,3.003000020980835,0.26474499702453613,0,1,SY,0.4990333914756775
00053_H_A_SY_C8,2,186,3.1029999256134033,0.28535526990890503,0,1,SY,0.49185338616371155
00053_H_A_SY_C8,4,192,3.203000068664551,0.2430586963891983,0,1,SY,0.44840168952941895
00053_H_A_SY_C8,6,198,3.302999973297119,0.2455044984817505,0,1,SY,0.4852266013622284
00053_H_A_SY_C8,8,204,3.4030001163482666,0.23855604231357574,0,1,SY,0.48365411162376404
00053_H_A_SY_C8,10,210,3.503999948501587,0.2290607988834381,0,1,SY,0.4757911264896393
00053_H_A_SY_C8,12,216,3.6040000915527344,0.22250741720199585,0,1,SY,0.4826816916465759
00053_H_A_SY_C8,14,222,3.7039999961853027,0.23015005886554718,0,1,SY,0.5929167866706848
00053_H_A_SY_C8,16,228,3.803999900817871,0.23403149843215942,0,1,SY,0.47035107016563416
00053_H_A_SY_C8,18,234,3.9040000438690186,0.2400219738483429,0,1,SY,0.3771106004714966
00053_H_A_SY_C8,20,240,4.004000186920166,0.24668355286121368,0,1,SY,0.4234030842781067
00053_H_A_SY_C8,22,246,4.104000091552734,0.24985235929489136,0,1,SY,0.5844639539718628
00053_H_A_SY_C8,24,252,4.203999996185303,0.25185900926589966,0,1,SY,0.5579915642738342
00053_H_A_SY_C8,26,258,4.303999900817871,0.26293107867240906,0,1,SY,0.42679563164711
00053_H_A_SY_C8,28,264,4.4039998054504395,0.2684175968170166,0,1,SY,0.523686408996582
00053_H_A_SY_C8,30,270,4.505000114440918,0.28431642055511475,0,1,SY,0.45427149534225464
00053_H_A_SY_C8,32,276,4.605000019073486,0.3029690682888031,0,1,SY,0.5285628437995911
00053_H_A_SY_C8,34,282,4.704999923706055,0.3077484667301178,0,1,SY,0.5237692594528198
00053_H_A_SY_C8,36,288,4.804999828338623,0.30508384108543396,0,1,SY,0.46866023540496826
00053_H_A_SY_C8,38,294,4.90500020980835,0.29892557859420776,0,1,SY,0.4737837016582489
00053_H_A_SY_C8,40,300,5.005000114440918,0.2971031069755554,0,1,SY,0.4577605426311493
00053_H_A_SY_C8,42,306,5.105000019073486,0.29439622163772583,0,1,SY,0.5032017827033997
00053_H_A_SY_C8,44,312,5.204999923706055,0.29739630222320557,0,1,SY,0.493770569562912
00053_H_A_SY_C8,46,318,5.304999828338623,0.30357038974761963,0,1,SY,0.5066840648651123
00053_H_A_SY_C8,48,324,5.40500020980835,0.3065566420555115,0,1,SY,0.5183885097503662
00053_H_A_SY_C8,50,330,5.50600004196167,0.34174323081970215,0,1,SY,0.5319281816482544
00053_H_A_SY_C8,52,336,5.605999946594238,0.26252222061157227,0,1,SY,0.5076855421066284
00053_H_A_SY_C8,54,342,5.705999851226807,0.2704543173313141,0,1,SY,0.3972356617450714
00053_H_A_SY_C8,56,348,5.806000232696533,0.26558682322502136,0,1,SY,0.5011899471282959
00053_H_A_SY_C8,58,354,5.906000137329102,0.27936220169067383,0,1,SY,0.5487686395645142
00053_H_A_SY_C8,60,360,6.00600004196167,0.2902359068393707,0,1,SY,0.5515530109405518
00053_H_A_SY_C8,62,366,6.105999946594238,0.3210044503211975,0,1,SY,0.41671067476272583
00053_H_A_SY_C8,64,372,6.205999851226807,0.29428523778915405,0,1,SY,0.38813087344169617
00053_H_A_SY_C8,66,378,6.306000232696533,0.2907695472240448,0,1,SY,0.4213632345199585
00053_H_A_SY_C8,68,384,6.406000137329102,0.2712371051311493,0,1,SY,0.4257318377494812
00053_H_A_SY_C8,70,390,6.50600004196167,0.26800793409347534,0,1,SY,0.4111919105052948
00053_H_A_SY_C8,72,396,6.60699987411499,0.2860809862613678,0,1,SY,0.40667301416397095
00053_H_A_SY_C8,74,402,6.706999778747559,0.279679536819458,0,1,SY,0.39280250668525696
00053_H_A_SY_C8,76,408,6.807000160217285,0.2498762011528015,0,1,SY,0.4235599935054779
00053_H_A_SY_C8,78,414,6.9070000648498535,0.2571507394313812,0,1,SY,0.4317825436592102
00053_H_A_SY_C8,80,420,7.006999969482422,0.2466125190258026,0,1,SY,0.419027715921402
00217_H_D_FY_C8,0,180,3.0,0.3685142397880554,0,1,FY,0.3677956163883209
00217_H_D_FY_C8,2,186,3.0999999046325684,0.3622868061065674,0,1,FY,0.3651420474052429
00217_H_D_FY_C8,4,192,3.200000047683716,0.3550759255886078,0,1,FY,0.3571886718273163
00217_H_D_FY_C8,6,198,3.299999952316284,0.3584725856781006,0,1,FY,0.3496845066547394
00217_H_D_FY_C8,8,204,3.4000000953674316,0.36845535039901733,0,1,FY,0.34483614563941956
00217_H_D_FY_C8,10,210,3.5,0.3771894872188568,0,1,FY,0.3347010612487793
00217_H_D_FY_C8,12,216,3.5999999046325684,0.3807790279388428,0,1,FY,0.3294784724712372
00217_H_D_FY_C8,14,222,3.700000047683716,0.38460099697113037,0,1,FY,0.3265470862388611
00217_H_D_FY_C8,16,228,3.799999952316284,0.38410845398902893,0,1,FY,0.32296276092529297
00217_H_D_FY_C8,18,234,3.9000000953674316,0.3904464840888977,0,1,FY,0.31873729825019836
00217_H_D_FY_C8,20,240,4.0,0.39546090364456177,0,1,FY,0.3122211992740631
00217_H_D_FY_C8,22,246,4.099999904632568,0.40973135828971863,0,1,FY,0.30378395318984985
00217_H_D_FY_C8,24,252,4.199999809265137,0.45426416397094727,0,1,FY,0.2950976490974426
00217_H_D_FY_C8,26,258,4.300000190734863,0.6070666313171387,1,1,FY,0.2871069610118866
00217_H_D_FY_C8,28,264,4.400000095367432,0.6507360935211182,1,1,FY,0.2783016562461853
00217_H_D_FY_C8,30,270,4.5,0.5233574509620667,0,1,FY,0.27069151401519775
00217_H_D_FY_C8,32,276,4.599999904632568,0.45588114857673645,0,1,FY,0.26030433177948
00217_H_D_FY_C8,34,282,4.699999809265137,0.5061538815498352,0,1,FY,0.23020613193511963
00217_H_D_FY_C8,36,288,4.800000190734863,0.46667972207069397,0,1,FY,0.23514533042907715
00217_H_D_FY_C8,38,294,4.900000095367432,0.5687711834907532,1,1,FY,0.2590727210044861
00217_H_D_FY_C8,40,300,5.0,0.5155519843101501,0,1,FY,0.2554869055747986
00217_H_D_FY_C8,42,306,5.099999904632568,0.39012548327445984,0,1,FY,0.24686577916145325
00217_H_D_FY_C8,44,312,5.199999809265137,0.319670170545578,0,1,FY,0.24427779018878937
00217_H_D_FY_C8,46,318,5.300000190734863,0.33086273074150085,0,1,FY,0.24548771977424622
00217_H_D_FY_C8,48,324,5.400000095367432,0.29428017139434814,0,1,FY,0.24168658256530762
00217_H_D_FY_C8,50,330,5.5,0.28860795497894287,0,1,FY,0.2417660653591156
00217_H_D_FY_C8,52,336,5.599999904632568,0.3098016679286957,0,1,FY,0.23897621035575867
00217_H_D_FY_C8,54,342,5.699999809265137,0.3098072111606598,0,1,FY,0.23284326493740082
00217_H_D_FY_C8,56,348,5.800000190734863,0.2836471199989319,0,1,FY,0.2261454463005066
00217_H_D_FY_C8,58,354,5.900000095367432,0.30598434805870056,0,1,FY,0.22109989821910858
00217_H_D_FY_C8,60,360,6.0,0.3019424378871918,0,1,FY,0.2163510024547577
00217_H_D_FY_C8,62,366,6.099999904632568,0.29761308431625366,0,1,FY,0.2148696482181549
00217_H_D_FY_C8,64,372,6.199999809265137,0.31282344460487366,0,1,FY,0.2133997231721878
00217_H_D_FY_C8,66,378,6.300000190734863,0.3136865496635437,0,1,FY,0.212508887052536
00217_H_D_FY_C8,68,384,6.400000095367432,0.3117902874946594,0,1,FY,0.21228553354740143
00217_H_D_FY_C8,70,390,6.5,0.29231518507003784,0,1,FY,0.21017545461654663
00217_H_D_FY_C8,72,396,6.599999904632568,0.2852064371109009,0,1,FY,0.20948268473148346
00217_H_D_FY_C8,74,402,6.699999809265137,0.2829824984073639,0,1,FY,0.2083899974822998
00217_H_D_FY_C8,76,408,6.800000190734863,0.2975570559501648,0,1,FY,0.20727267861366272
00217_H_D_FY_C8,78,414,6.900000095367432,0.30462411046028137,0,1,FY,0.20561222732067108
00217_H_D_FY_C8,80,420,7.0,0.31319373846054077,0,1,FY,0.20578309893608093
00303_H_A_FY_C5,0,180,3.003000020980835,0.36328426003456116,0,1,FY,0.4799518883228302
00303_H_A_FY_C5,2,186,3.1029999256134033,0.3222925364971161,0,1,FY,0.4807179868221283
00303_H_A_FY_C5,4,192,3.203000068664551,0.3120218813419342,0,1,FY,0.48289844393730164
00303_H_A_FY_C5,6,198,3.302999973297119,0.29255178570747375,0,1,FY,0.4862847328186035
00303_H_A_FY_C5,8,204,3.4030001163482666,0.3489297330379486,0,1,FY,0.4918866455554962
00303_H_A_FY_C5,10,210,3.503999948501587,0.43403691053390503,0,1,FY,0.4961218237876892
00303_H_A_FY_C5,12,216,3.6040000915527344,0.5681747794151306,1,1,FY,0.5030073523521423
00303_H_A_FY_C5,14,222,3.7039999961853027,0.5257120728492737,1,1,FY,0.5108489990234375
00303_H_A_FY_C5,16,228,3.803999900817871,0.5090797543525696,0,1,FY,0.5183178186416626
00303_H_A_FY_C5,18,234,3.9040000438690186,0.5040760636329651,0,1,FY,0.5236418843269348
00303_H_A_FY_C5,20,240,4.004000186920166,0.4421335756778717,0,1,FY,0.5297022461891174
00303_H_A_FY_C5,22,246,4.104000091552734,0.2808437943458557,0,1,FY,0.5352608561515808
00303_H_A_FY_C5,24,252,4.203999996185303,0.20793627202510834,0,1,FY,0.539745569229126
00303_H_A_FY_C5,26,258,4.303999900817871,0.1913881152868271,0,1,FY,0.5464047193527222
00303_H_A_FY_C5,28,264,4.4039998054504395,0.192253977060318,0,1,FY,0.551930844783783
00303_H_A_FY_C5,30,270,4.505000114440918,0.2105957716703415,0,1,FY,0.5573107004165649
00303_H_A_FY_C5,32,276,4.605000019073486,0.20702478289604187,0,1,FY,0.561049222946167
00303_H_A_FY_C5,34,282,4.704999923706055,0.20802366733551025,0,1,FY,0.5614275932312012
00303_H_A_FY_C5,36,288,4.804999828338623,0.19269151985645294,0,1,FY,0.5589613318443298
00303_H_A_FY_C5,38,294,4.90500020980835,0.18523766100406647,0,1,FY,0.5547544956207275
00303_H_A_FY_C5,40,300,5.005000114440918,0.17300666868686676,0,1,FY,0.5520989894866943
00303_H_A_FY_C5,42,306,5.105000019073486,0.16045857965946198,0,1,FY,0.5512591004371643
00303_H_A_FY_C5,44,312,5.204999923706055,0.16313014924526215,0,1,FY,0.550720751285553
00303_H_A_FY_C5,46,318,5.304999828338623,0.16712729632854462,0,1,FY,0.5473654866218567
00303_H_A_FY_C5,48,324,5.40500020980835,0.153017058968544,0,1,FY,0.5439234972000122
00303_H_A_FY_C5,50,330,5.50600004196167,0.15249265730381012,0,1,FY,0.5411854386329651
00303_H_A_FY_C5,52,336,5.605999946594238,0.16552498936653137,0,1,FY,0.5340265035629272
00303_H_A_FY_C5,54,342,5.705999851226807,0.16367849707603455,0,1,FY,0.5277209877967834
00303_H_A_FY_C5,56,348,5.806000232696533,0.15535295009613037,0,1,FY,0.5232085585594177
00303_H_A_FY_C5,58,354,5.906000137329102,0.16234789788722992,0,1,FY,0.5182942152023315
00303_H_A_FY_C5,60,360,6.00600004196167,0.15877582132816315,0,1,FY,0.512694776058197
00303_H_A_FY_C5,62,366,6.105999946594238,0.15382543206214905,0,1,FY,0.5059033036231995
00303_H_A_FY_C5,64,372,6.205999851226807,0.1502811461687088,0,1,FY,0.5013216733932495
00303_H_A_FY_C5,66,378,6.306000232696533,0.15523062646389008,0,1,FY,0.4946548044681549
00303_H_A_FY_C5,68,384,6.406000137329102,0.15499697625637054,0,1,FY,0.4885675609111786
00303_H_A_FY_C5,70,390,6.50600004196167,0.15973027050495148,0,1,FY,0.48209625482559204
00303_H_A_FY_C5,72,396,6.60699987411499,0.17463310062885284,0,1,FY,0.4767312705516815
00303_H_A_FY_C5,74,402,6.706999778747559,0.20211201906204224,0,1,FY,0.47241100668907166
00303_H_A_FY_C5,76,408,6.807000160217285,0.22629792988300323,0,1,FY,0.46676427125930786
00303_H_A_FY_C5,78,414,6.9070000648498535,0.2509404122829437,0,1,FY,0.46422186493873596
00303_H_A_FY_C5,80,420,7.006999969482422,0.2630557715892792,0,1,FY,0.4629676043987274
00303_H_A_FY_C8,0,180,3.003000020980835,0.39034005999565125,0,1,FY,0.526032030582428
00303_H_A_FY_C8,2,186,3.1029999256134033,0.4024884104728699,0,1,FY,0.537705659866333
00303_H_A_FY_C8,4,192,3.203000068664551,0.43086931109428406,0,1,FY,0.5499521493911743
00303_H_A_FY_C8,6,198,3.302999973297119,0.40956011414527893,0,1,FY,0.5586761236190796
00303_H_A_FY_C8,8,204,3.4030001163482666,0.48701733350753784,0,1,FY,0.5659997463226318
00303_H_A_FY_C8,10,210,3.503999948501587,0.5486188530921936,1,1,FY,0.5728275775909424
00303_H_A_FY_C8,12,216,3.6040000915527344,0.48379838466644287,0,1,FY,0.5772937536239624
00303_H_A_FY_C8,14,222,3.7039999961853027,0.4986346662044525,0,1,FY,0.5816686749458313
00303_H_A_FY_C8,16,228,3.803999900817871,0.500393807888031,0,1,FY,0.582697331905365
00303_H_A_FY_C8,18,234,3.9040000438690186,0.47313985228538513,0,1,FY,0.5816766619682312
00303_H_A_FY_C8,20,240,4.004000186920166,0.37911710143089294,0,1,FY,0.582760214805603
00303_H_A_FY_C8,22,246,4.104000091552734,0.3662744462490082,0,1,FY,0.5809131264686584
00303_H_A_FY_C8,24,252,4.203999996185303,0.37172892689704895,0,1,FY,0.5764544010162354
00303_H_A_FY_C8,26,258,4.303999900817871,0.3563425540924072,0,1,FY,0.5695825219154358
00303_H_A_FY_C8,28,264,4.4039998054504395,0.32287436723709106,0,1,FY,0.5617706775665283
00303_H_A_FY_C8,30,270,4.505000114440918,0.27431994676589966,0,1,FY,0.5554405450820923
00303_H_A_FY_C8,32,276,4.605000019073486,0.24721337854862213,0,1,FY,0.5501077175140381
00303_H_A_FY_C8,34,282,4.704999923706055,0.20921824872493744,0,1,FY,0.5419106483459473
00303_H_A_FY_C8,36,288,4.804999828338623,0.18447628617286682,0,1,FY,0.5323927402496338
00303_H_A_FY_C8,38,294,4.90500020980835,0.16978366672992706,0,1,FY,0.5243753790855408
00303_H_A_FY_C8,40,300,5.005000114440918,0.1317148655653,0,1,FY,0.5156804323196411
00303_H_A_FY_C8,42,306,5.105000019073486,0.1184961348772049,0,1,FY,0.5113884210586548
00303_H_A_FY_C8,44,312,5.204999923706055,0.11632885783910751,0,1,FY,0.5087302327156067
00303_H_A_FY_C8,46,318,5.304999828338623,0.11708103865385056,0,1,FY,0.5006803274154663
00303_H_A_FY_C8,48,324,5.40500020980835,0.12324251234531403,0,1,FY,0.49192488193511963
00303_H_A_FY_C8,50,330,5.50600004196167,0.12270119041204453,0,1,FY,0.48635736107826233
00303_H_A_FY_C8,52,336,5.605999946594238,0.11773591488599777,0,1,FY,0.4806503355503082
00303_H_A_FY_C8,54,342,5.705999851226807,0.1169508695602417,0,1,FY,0.4731811583042145
00303_H_A_FY_C8,56,348,5.806000232696533,0.11671850830316544,0,1,FY,0.4664486348628998
00303_H_A_FY_C8,58,354,5.906000137329102,0.11717413365840912,0,1,FY,0.4566922187805176
00303_H_A_FY_C8,60,360,6.00600004196167,0.11577840894460678,0,1,FY,0.44640016555786133
00303_H_A_FY_C8,62,366,6.105999946594238,0.11742173135280609,0,1,FY,0.4386686682701111
00303_H_A_FY_C8,64,372,6.205999851226807,0.11533714830875397,0,1,FY,0.43056347966194153
00303_H_A_FY_C8,66,378,6.306000232696533,0.11299911141395569,0,1,FY,0.4234127402305603
00303_H_A_FY_C8,68,384,6.406000137329102,0.11483457684516907,0,1,FY,0.4171023368835449
00303_H_A_FY_C8,70,390,6.50600004196167,0.1284969300031662,0,1,FY,0.4077179431915283
00303_H_A_FY_C8,72,396,6.60699987411499,0.1297314316034317,0,1,FY,0.39966636896133423
00303_H_A_FY_C8,74,402,6.706999778747559,0.12793636322021484,0,1,FY,0.3924790620803833
00303_H_A_FY_C8,76,408,6.807000160217285,0.1274246871471405,0,1,FY,0.3893519937992096
00303_H_A_FY_C8,78,414,6.9070000648498535,0.12565112113952637,0,1,FY,0.38474103808403015
00303_H_A_FY_C8,80,420,7.006999969482422,0.1258743852376938,0,1,FY,0.3830471336841583
00336_H_A_BY_C7,0,180,3.003000020980835,0.3484409749507904,0,1,BY,0.4771634042263031
00336_H_A_BY_C7,2,186,3.1029999256134033,0.3521091639995575,0,1,BY,0.4678307771682739
00336_H_A_BY_C7,4,192,3.203000068664551,0.4531100392341614,0,1,BY,0.45632079243659973
00336_H_A_BY_C7,6,198,3.302999973297119,0.47458770871162415,0,1,BY,0.44520196318626404
00336_H_A_BY_C7,8,204,3.4030001163482666,0.44522470235824585,0,1,BY,0.4398966431617737
00336_H_A_BY_C7,10,210,3.503999948501587,0.496318519115448,0,1,BY,0.43677428364753723
00336_H_A_BY_C7,12,216,3.6040000915527344,0.5493906736373901,1,1,BY,0.4291723370552063
00336_H_A_BY_C7,14,222,3.7039999961853027,0.3740222752094269,0,1,BY,0.42388996481895447
00336_H_A_BY_C7,16,228,3.803999900817871,0.2884029746055603,0,1,BY,0.42018991708755493
00336_H_A_BY_C7,18,234,3.9040000438690186,0.32562345266342163,0,1,BY,0.4139947295188904
00336_H_A_BY_C7,20,240,4.004000186920166,0.2818964719772339,0,1,BY,0.407241553068161
00336_H_A_BY_C7,22,246,4.104000091552734,0.20836791396141052,0,1,BY,0.39979007840156555
00336_H_A_BY_C7,24,252,4.203999996185303,0.2079031765460968,0,1,BY,0.39082157611846924
00336_H_A_BY_C7,26,258,4.303999900817871,0.15321263670921326,0,1,BY,0.3829529583454132
00336_H_A_BY_C7,28,264,4.4039998054504395,0.1387779414653778,0,1,BY,0.3777630627155304
00336_H_A_BY_C7,30,270,4.505000114440918,0.129518061876297,0,1,BY,0.37232959270477295
00336_H_A_BY_C7,32,276,4.605000019073486,0.14229565858840942,0,1,BY,0.36786749958992004
00336_H_A_BY_C7,34,282,4.704999923706055,0.16545036435127258,0,1,BY,0.36251533031463623
00336_H_A_BY_C7,36,288,4.804999828338623,0.23888933658599854,0,1,BY,0.35699135065078735
00336_H_A_BY_C7,38,294,4.90500020980835,0.2439665049314499,0,1,BY,0.3499121069908142
00336_H_A_BY_C7,40,300,5.005000114440918,0.3342818319797516,0,1,BY,0.34380513429641724
00336_H_A_BY_C7,42,306,5.105000019073486,0.38678112626075745,0,1,BY,0.3401731848716736
00336_H_A_BY_C7,44,312,5.204999923706055,0.3663194477558136,0,1,BY,0.3410947322845459
00336_H_A_BY_C7,46,318,5.304999828338623,0.2767546474933624,0,1,BY,0.343961626291275
00336_H_A_BY_C7,48,324,5.40500020980835,0.2171112298965454,0,1,BY,0.34020936489105225
00336_H_A_BY_C7,50,330,5.50600004196167,0.22525173425674438,0,1,BY,0.34050652384757996
00336_H_A_BY_C7,52,336,5.605999946594238,0.24040158092975616,0,1,BY,0.3424658477306366
00336_H_A_BY_C7,54,342,5.705999851226807,0.23172436654567719,0,1,BY,0.34405916929244995
00336_H_A_BY_C7,56,348,5.806000232696533,0.2386355847120285,0,1,BY,0.3469889461994171
00336_H_A_BY_C7,58,354,5.906000137329102,0.2722693979740143,0,1,BY,0.35155174136161804
00336_H_A_BY_C7,60,360,6.00600004196167,0.2796480357646942,0,1,BY,0.35590681433677673
00336_H_A_BY_C7,62,366,6.105999946594238,0.28614315390586853,0,1,BY,0.3618457317352295
00336_H_A_BY_C7,64,372,6.205999851226807,0.29887717962265015,0,1,BY,0.36836302280426025
00336_H_A_BY_C7,66,378,6.306000232696533,0.33568668365478516,0,1,BY,0.374602347612381
00336_H_A_BY_C7,68,384,6.406000137329102,0.3846856653690338,0,1,BY,0.37942445278167725
00336_H_A_BY_C7,70,390,6.50600004196167,0.4150238335132599,0,1,BY,0.38653215765953064
00336_H_A_BY_C7,72,396,6.60699987411499,0.42285770177841187,0,1,BY,0.3929550051689148
00336_H_A_BY_C7,74,402,6.706999778747559,0.43566328287124634,0,1,BY,0.40008842945098877
00336_H_A_BY_C7,76,408,6.807000160217285,0.4904448390007019,0,1,BY,0.4090487062931061
00336_H_A_BY_C7,78,414,6.9070000648498535,0.4729141294956207,0,1,BY,0.41923004388809204
00336_H_A_BY_C7,80,420,7.006999969482422,0.38604581356048584,0,1,BY,0.4287346601486206
00337_H_A_FY_C8,0,180,3.003000020980835,0.38810741901397705,0,1,FY,0.45697566866874695
00337_H_A_FY_C8,2,186,3.1029999256134033,0.38327887654304504,0,1,FY,0.44823434948921204
00337_H_A_FY_C8,4,192,3.203000068664551,0.361372709274292,0,1,FY,0.4399816691875458
00337_H_A_FY_C8,6,198,3.302999973297119,0.3299906551837921,0,1,FY,0.4340495765209198
00337_H_A_FY_C8,8,204,3.4030001163482666,0.4440067410469055,0,1,FY,0.4281826317310333
00337_H_A_FY_C8,10,210,3.503999948501587,0.4779476523399353,0,1,FY,0.42373353242874146
00337_H_A_FY_C8,12,216,3.6040000915527344,0.40977659821510315,0,1,FY,0.4200288653373718
00337_H_A_FY_C8,14,222,3.7039999961853027,0.34786930680274963,0,1,FY,0.41698986291885376
00337_H_A_FY_C8,16,228,3.803999900817871,0.37712857127189636,0,1,FY,0.4178900718688965
00337_H_A_FY_C8,18,234,3.9040000438690186,0.4944879710674286,0,1,FY,0.41548478603363037
00337_H_A_FY_C8,20,240,4.004000186920166,0.44357097148895264,0,1,FY,0.4132431149482727
00337_H_A_FY_C8,22,246,4.104000091552734,0.4009525775909424,0,1,FY,0.4126676321029663
00337_H_A_FY_C8,24,252,4.203999996185303,0.39774730801582336,0,1,FY,0.4128894507884979
00337_H_A_FY_C8,26,258,4.303999900817871,0.38574036955833435,0,1,FY,0.41520848870277405
00337_H_A_FY_C8,28,264,4.4039998054504395,0.41557198762893677,0,1,FY,0.41968807578086853
00337_H_A_FY_C8,30,270,4.505000114440918,0.4098917245864868,0,1,FY,0.42216017842292786
00337_H_A_FY_C8,32,276,4.605000019073486,0.4116816818714142,0,1,FY,0.4271501898765564
00337_H_A_FY_C8,34,282,4.704999923706055,0.37782925367355347,0,1,FY,0.43216460943222046
00337_H_A_FY_C8,36,288,4.804999828338623,0.4337378442287445,0,1,FY,0.43587130308151245
00337_H_A_FY_C8,38,294,4.90500020980835,0.5002560019493103,0,1,FY,0.44045719504356384
00337_H_A_FY_C8,40,300,5.005000114440918,0.4831034541130066,0,1,FY,0.44773074984550476
00337_H_A_FY_C8,42,306,5.105000019073486,0.4791852831840515,0,1,FY,0.45766255259513855
00337_H_A_FY_C8,44,312,5.204999923706055,0.49216124415397644,0,1,FY,0.46591877937316895
00337_H_A_FY_C8,46,318,5.304999828338623,0.4146345555782318,0,1,FY,0.4751681089401245
00337_H_A_FY_C8,48,324,5.40500020980835,0.38294222950935364,0,1,FY,0.4822196662425995
00337_H_A_FY_C8,50,330,5.50600004196167,0.30053335428237915,0,1,FY,0.49057736992836
00337_H_A_FY_C8,52,336,5.605999946594238,0.2598992586135864,0,1,FY,0.49753597378730774
00337_H_A_FY_C8,54,342,5.705999851226807,0.2706913352012634,0,1,FY,0.5049294233322144
00337_H_A_FY_C8,56,348,5.806000232696533,0.27249735593795776,0,1,FY,0.5083848834037781
00337_H_A_FY_C8,58,354,5.906000137329102,0.25824394822120667,0,1,FY,0.5153799057006836
00337_H_A_FY_C8,60,360,6.00600004196167,0.24219803512096405,0,1,FY,0.5217251777648926
00337_H_A_FY_C8,62,366,6.105999946594238,0.23369111120700836,0,1,FY,0.5253974199295044
00337_H_A_FY_C8,64,372,6.205999851226807,0.21888747811317444,0,1,FY,0.527230978012085
00337_H_A_FY_C8,66,378,6.306000232696533,0.20231826603412628,0,1,FY,0.5283212661743164
00337_H_A_FY_C8,68,384,6.406000137329102,0.2005220651626587,0,1,FY,0.5253287553787231
00337_H_A_FY_C8,70,390,6.50600004196167,0.20892392098903656,0,1,FY,0.5215787291526794
00337_H_A_FY_C8,72,396,6.60699987411499,0.19803842902183533,0,1,FY,0.5168983936309814
00337_H_A_FY_C8,74,402,6.706999778747559,0.18822090327739716,0,1,FY,0.5121874213218689
00337_H_A_FY_C8,76,408,6.807000160217285,0.1770067811012268,0,1,FY,0.5087414383888245
00337_H_A_FY_C8,78,414,6.9070000648498535,0.17579253017902374,0,1,FY,0.5052598714828491
00337_H_A_FY_C8,80,420,7.006999969482422,0.1792527139186859,0,1,FY,0.5018017292022705
00469_H_A_BY_C6,0,180,3.003000020980835,0.4248824417591095,0,1,BY,0.38304421305656433
00469_H_A_BY_C6,2,186,3.1029999256134033,0.37971970438957214,0,1,BY,0.39135217666625977
00469_H_A_BY_C6,4,192,3.203000068664551,0.32116377353668213,0,1,BY,0.3989388346672058
00469_H_A_BY_C6,6,198,3.302999973297119,0.2961396872997284,0,1,BY,0.4060424864292145
00469_H_A_BY_C6,8,204,3.4030001163482666,0.25195783376693726,0,1,BY,0.4107876121997833
00469_H_A_BY_C6,10,210,3.503999948501587,0.2295573353767395,0,1,BY,0.4145910143852234
00469_H_A_BY_C6,12,216,3.6040000915527344,0.2115749567747116,0,1,BY,0.4167648255825043
00469_H_A_BY_C6,14,222,3.7039999961853027,0.19211351871490479,0,1,BY,0.42183050513267517
00469_H_A_BY_C6,16,228,3.803999900817871,0.19098162651062012,0,1,BY,0.4221344292163849
00469_H_A_BY_C6,18,234,3.9040000438690186,0.17935144901275635,0,1,BY,0.4239380657672882
00469_H_A_BY_C6,20,240,4.004000186920166,0.1825956255197525,0,1,BY,0.42508208751678467
00469_H_A_BY_C6,22,246,4.104000091552734,0.1855703592300415,0,1,BY,0.4241902232170105
00469_H_A_BY_C6,24,252,4.203999996185303,0.18663057684898376,0,1,BY,0.4261646270751953
00469_H_A_BY_C6,26,258,4.303999900817871,0.18643271923065186,0,1,BY,0.42615649104118347
00469_H_A_BY_C6,28,264,4.4039998054504395,0.18553133308887482,0,1,BY,0.42676877975463867
00469_H_A_BY_C6,30,270,4.505000114440918,0.1833624690771103,0,1,BY,0.4260298013687134
00469_H_A_BY_C6,32,276,4.605000019073486,0.18949098885059357,0,1,BY,0.4271416664123535
00469_H_A_BY_C6,34,282,4.704999923706055,0.2016027271747589,0,1,BY,0.42341265082359314
00469_H_A_BY_C6,36,288,4.804999828338623,0.20029966533184052,0,1,BY,0.4212011992931366
00469_H_A_BY_C6,38,294,4.90500020980835,0.19930508732795715,0,1,BY,0.42125600576400757
00469_H_A_BY_C6,40,300,5.005000114440918,0.20121429860591888,0,1,BY,0.4215611219406128
00469_H_A_BY_C6,42,306,5.105000019073486,0.21278806030750275,0,1,BY,0.42129820585250854
00469_H_A_BY_C6,44,312,5.204999923706055,0.21314935386180878,0,1,BY,0.4215320646762848
00469_H_A_BY_C6,46,318,5.304999828338623,0.20589804649353027,0,1,BY,0.42204606533050537
00469_H_A_BY_C6,48,324,5.40500020980835,0.1905754804611206,0,1,BY,0.42135128378868103
00469_H_A_BY_C6,50,330,5.50600004196167,0.18471351265907288,0,1,BY,0.41995757818222046
00469_H_A_BY_C6,52,336,5.605999946594238,0.18762870132923126,0,1,BY,0.41784006357192993
00469_H_A_BY_C6,54,342,5.705999851226807,0.18724648654460907,0,1,BY,0.4146887958049774
00469_H_A_BY_C6,56,348,5.806000232696533,0.1893618106842041,0,1,BY,0.41354843974113464
00469_H_A_BY_C6,58,354,5.906000137329102,0.1902242749929428,0,1,BY,0.41399085521698
00469_H_A_BY_C6,60,360,6.00600004196167,0.18992093205451965,0,1,BY,0.41444358229637146
00469_H_A_BY_C6,62,366,6.105999946594238,0.20767633616924286,0,1,BY,0.41569942235946655
00469_H_A_BY_C6,64,372,6.205999851226807,0.21988147497177124,0,1,BY,0.41376909613609314
00469_H_A_BY_C6,66,378,6.306000232696533,0.22354742884635925,0,1,BY,0.4102799594402313
00469_H_A_BY_C6,68,384,6.406000137329102,0.21981073915958405,0,1,BY,0.4052465260028839
00469_H_A_BY_C6,70,390,6.50600004196167,0.2205306887626648,0,1,BY,0.4029555320739746
00469_H_A_BY_C6,72,396,6.60699987411499,0.2061844915151596,0,1,BY,0.4068889915943146
00469_H_A_BY_C6,74,402,6.706999778747559,0.19813470542430878,0,1,BY,0.40479448437690735
00469_H_A_BY_C6,76,408,6.807000160217285,0.20259955525398254,0,1,BY,0.40810537338256836
00469_H_A_BY_C6,78,414,6.9070000648498535,0.20449073612689972,0,1,BY,0.40985843539237976
00469_H_A_BY_C6,80,420,7.006999969482422,0.2073807418346405,0,1,BY,0.40985289216041565
00474_H_A_BY_C5,0,180,3.003000020980835,0.6623806953430176,1,1,BY,0.38873323798179626
00474_H_A_BY_C5,2,186,3.1029999256134033,0.4957760274410248,0,1,BY,0.38443484902381897
00474_H_A_BY_C5,4,192,3.203000068664551,0.3874591588973999,0,1,BY,0.3822394609451294
00474_H_A_BY_C5,6,198,3.302999973297119,0.33321937918663025,0,1,BY,0.383747935295105
00474_H_A_BY_C5,8,204,3.4030001163482666,0.32006898522377014,0,1,BY,0.3968508541584015
00474_H_A_BY_C5,10,210,3.503999948501587,0.3255630433559418,0,1,BY,0.41455498337745667
00474_H_A_BY_C5,12,216,3.6040000915527344,0.3414326012134552,0,1,BY,0.4292386472225189
00474_H_A_BY_C5,14,222,3.7039999961853027,0.3250754475593567,0,1,BY,0.44633662700653076
00474_H_A_BY_C5,16,228,3.803999900817871,0.3197689652442932,0,1,BY,0.46076372265815735
00474_H_A_BY_C5,18,234,3.9040000438690186,0.30532515048980713,0,1,BY,0.46124428510665894
00474_H_A_BY_C5,20,240,4.004000186920166,0.2419736683368683,0,1,BY,0.4457074999809265
00474_H_A_BY_C5,22,246,4.104000091552734,0.2133772373199463,0,1,BY,0.4337034523487091
00474_H_A_BY_C5,24,252,4.203999996185303,0.21039888262748718,0,1,BY,0.4259917438030243
00474_H_A_BY_C5,26,258,4.303999900817871,0.1975896656513214,0,1,BY,0.41008105874061584
00474_H_A_BY_C5,28,264,4.4039998054504395,0.18096619844436646,0,1,BY,0.3935145437717438
00474_H_A_BY_C5,30,270,4.505000114440918,0.17351818084716797,0,1,BY,0.374845415353775
00474_H_A_BY_C5,32,276,4.605000019073486,0.17337116599082947,0,1,BY,0.35625407099723816
00474_H_A_BY_C5,34,282,4.704999923706055,0.16948889195919037,0,1,BY,0.34682270884513855
00474_H_A_BY_C5,36,288,4.804999828338623,0.17843738198280334,0,1,BY,0.35339248180389404
00474_H_A_BY_C5,38,294,4.90500020980835,0.16594158113002777,0,1,BY,0.36880767345428467
00474_H_A_BY_C5,40,300,5.005000114440918,0.15629684925079346,0,1,BY,0.3801986277103424
00474_H_A_BY_C5,42,306,5.105000019073486,0.14889639616012573,0,1,BY,0.3897894620895386
00474_H_A_BY_C5,44,312,5.204999923706055,0.14432287216186523,0,1,BY,0.3990621864795685
00474_H_A_BY_C5,46,318,5.304999828338623,0.14788594841957092,0,1,BY,0.4035181403160095
00474_H_A_BY_C5,48,324,5.40500020980835,0.1281094253063202,0,1,BY,0.40087276697158813
00474_H_A_BY_C5,50,330,5.50600004196167,0.12404845654964447,0,1,BY,0.3963974714279175
00474_H_A_BY_C5,52,336,5.605999946594238,0.12450048327445984,0,1,BY,0.3974776268005371
00474_H_A_BY_C5,54,342,5.705999851226807,0.12469407171010971,0,1,BY,0.4009423851966858
00474_H_A_BY_C5,56,348,5.806000232696533,0.1298886090517044,0,1,BY,0.4017123878002167
00474_H_A_BY_C5,58,354,5.906000137329102,0.1368420422077179,0,1,BY,0.40200603008270264
00474_H_A_BY_C5,60,360,6.00600004196167,0.14214293658733368,0,1,BY,0.4029429852962494
00474_H_A_BY_C5,62,366,6.105999946594238,0.15834055840969086,0,1,BY,0.40352824330329895
00474_H_A_BY_C5,64,372,6.205999851226807,0.16193997859954834,0,1,BY,0.40201807022094727
00474_H_A_BY_C5,66,378,6.306000232696533,0.1596536785364151,0,1,BY,0.39866316318511963
00474_H_A_BY_C5,68,384,6.406000137329102,0.15779730677604675,0,1,BY,0.3975188434123993
00474_H_A_BY_C5,70,390,6.50600004196167,0.18524333834648132,0,1,BY,0.3950791656970978
00474_H_A_BY_C5,72,396,6.60699987411499,0.200529545545578,0,1,BY,0.39416471123695374
00474_H_A_BY_C5,74,402,6.706999778747559,0.2039797157049179,0,1,BY,0.39195409417152405
00474_H_A_BY_C5,76,408,6.807000160217285,0.22273138165473938,0,1,BY,0.38557401299476624
00474_H_A_BY_C5,78,414,6.9070000648498535,0.21055077016353607,0,1,BY,0.3802892565727234
00474_H_A_BY_C5,80,420,7.006999969482422,0.19866116344928741,0,1,BY,0.37897059321403503
00515_H_D_SY_C5,0,180,3.003000020980835,0.3381232023239136,0,1,SY,0.35994839668273926
00515_H_D_SY_C5,2,186,3.1029999256134033,0.36215224862098694,0,1,SY,0.349844366312027
00515_H_D_SY_C5,4,192,3.203000068664551,0.3674554228782654,0,1,SY,0.33791640400886536
00515_H_D_SY_C5,6,198,3.302999973297119,0.35565197467803955,0,1,SY,0.3316156268119812
00515_H_D_SY_C5,8,204,3.4030001163482666,0.3545171618461609,0,1,SY,0.32120704650878906
00515_H_D_SY_C5,10,210,3.503999948501587,0.3554534316062927,0,1,SY,0.3146638572216034
00515_H_D_SY_C5,12,216,3.6040000915527344,0.3719431757926941,0,1,SY,0.3078474998474121
00515_H_D_SY_C5,14,222,3.7039999961853027,0.4159705638885498,0,1,SY,0.3019815683364868
00515_H_D_SY_C5,16,228,3.803999900817871,0.41330114006996155,0,1,SY,0.3023592233657837
00515_H_D_SY_C5,18,234,3.9040000438690186,0.3820764720439911,0,1,SY,0.2996290624141693
00515_H_D_SY_C5,20,240,4.004000186920166,0.3592674732208252,0,1,SY,0.29741278290748596
00515_H_D_SY_C5,22,246,4.104000091552734,0.32363617420196533,0,1,SY,0.29782870411872864
00515_H_D_SY_C5,24,252,4.203999996185303,0.3273158669471741,0,1,SY,0.29844599962234497
00515_H_D_SY_C5,26,258,4.303999900817871,0.3526027202606201,0,1,SY,0.29784852266311646
00515_H_D_SY_C5,28,264,4.4039998054504395,0.361415296792984,0,1,SY,0.2953987121582031
00515_H_D_SY_C5,30,270,4.505000114440918,0.4135935604572296,0,1,SY,0.2905699908733368
00515_H_D_SY_C5,32,276,4.605000019073486,0.39051637053489685,0,1,SY,0.2946167290210724
00515_H_D_SY_C5,34,282,4.704999923706055,0.3911271095275879,0,1,SY,0.29507604241371155
00515_H_D_SY_C5,36,288,4.804999828338623,0.45315423607826233,0,1,SY,0.29754823446273804
00515_H_D_SY_C5,38,294,4.90500020980835,0.39758697152137756,0,1,SY,0.30053216218948364
00515_H_D_SY_C5,40,300,5.005000114440918,0.3040214478969574,0,1,SY,0.30365508794784546
00515_H_D_SY_C5,42,306,5.105000019073486,0.18781745433807373,0,1,SY,0.312558114528656
00515_H_D_SY_C5,44,312,5.204999923706055,0.14296579360961914,0,1,SY,0.32143157720565796
00515_H_D_SY_C5,46,318,5.304999828338623,0.13102000951766968,0,1,SY,0.32096758484840393
00515_H_D_SY_C5,48,324,5.40500020980835,0.1309775710105896,0,1,SY,0.32538658380508423
00515_H_D_SY_C5,50,330,5.50600004196167,0.14230266213417053,0,1,SY,0.3262123763561249
00515_H_D_SY_C5,52,336,5.605999946594238,0.14938758313655853,0,1,SY,0.3270403742790222
00515_H_D_SY_C5,54,342,5.705999851226807,0.15416255593299866,0,1,SY,0.3267246186733246
00515_H_D_SY_C5,56,348,5.806000232696533,0.16025567054748535,0,1,SY,0.32384490966796875
00515_H_D_SY_C5,58,354,5.906000137329102,0.15744146704673767,0,1,SY,0.32335108518600464
00515_H_D_SY_C5,60,360,6.00600004196167,0.1633276492357254,0,1,SY,0.32301950454711914
00515_H_D_SY_C5,62,366,6.105999946594238,0.17928609251976013,0,1,SY,0.32230234146118164
00515_H_D_SY_C5,64,372,6.205999851226807,0.20233052968978882,0,1,SY,0.3215220272541046
00515_H_D_SY_C5,66,378,6.306000232696533,0.21053928136825562,0,1,SY,0.31915372610092163
00515_H_D_SY_C5,68,384,6.406000137329102,0.20789536833763123,0,1,SY,0.3158422112464905
00515_H_D_SY_C5,70,390,6.50600004196167,0.21351312100887299,0,1,SY,0.3147447109222412
00515_H_D_SY_C5,72,396,6.60699987411499,0.22120727598667145,0,1,SY,0.3122803866863251
00515_H_D_SY_C5,74,402,6.706999778747559,0.24292464554309845,0,1,SY,0.3091672658920288
00515_H_D_SY_C5,76,408,6.807000160217285,0.29642555117607117,0,1,SY,0.3085744082927704
00515_H_D_SY_C5,78,414,6.9070000648498535,0.356997549533844,0,1,SY,0.30875468254089355
00515_H_D_SY_C5,80,420,7.006999969482422,0.31521379947662354,0,1,SY,0.30714771151542664
00567_H_D_SY_C7,0,180,3.003000020980835,0.7417125105857849,1,1,SY,0.2138267308473587
00567_H_D_SY_C7,2,186,3.1029999256134033,0.5603110790252686,1,1,SY,0.21181203424930573
00567_H_D_SY_C7,4,192,3.203000068664551,0.4435127079486847,0,1,SY,0.2134302705526352
00567_H_D_SY_C7,6,198,3.302999973297119,0.416631281375885,0,1,SY,0.2261059582233429
00567_H_D_SY_C7,8,204,3.4030001163482666,0.4152451157569885,0,1,SY,0.24969741702079773
00567_H_D_SY_C7,10,210,3.503999948501587,0.3891480565071106,0,1,SY,0.25539717078208923
00567_H_D_SY_C7,12,216,3.6040000915527344,0.39629867672920227,0,1,SY,0.25875023007392883
00567_H_D_SY_C7,14,222,3.7039999961853027,0.351127564907074,0,1,SY,0.25434499979019165
00567_H_D_SY_C7,16,228,3.803999900817871,0.32996395230293274,0,1,SY,0.2531276345252991
00567_H_D_SY_C7,18,234,3.9040000438690186,0.3280010223388672,0,1,SY,0.25444456934928894
00567_H_D_SY_C7,20,240,4.004000186920166,0.333590030670166,0,1,SY,0.19344821572303772
00567_H_D_SY_C7,22,246,4.104000091552734,0.3273048996925354,0,1,SY,0.1936255842447281
00567_H_D_SY_C7,24,252,4.203999996185303,0.32412922382354736,0,1,SY,0.21339187026023865
00567_H_D_SY_C7,26,258,4.303999900817871,0.3232237696647644,0,1,SY,0.23242846131324768
00567_H_D_SY_C7,28,264,4.4039998054504395,0.3120659589767456,0,1,SY,0.26610228419303894
00567_H_D_SY_C7,30,270,4.505000114440918,0.2989548146724701,0,1,SY,0.29603517055511475
00567_H_D_SY_C7,32,276,4.605000019073486,0.3021332919597626,0,1,SY,0.24848023056983948
00567_H_D_SY_C7,34,282,4.704999923706055,0.3227980434894562,0,1,SY,0.2545902132987976
00567_H_D_SY_C7,36,288,4.804999828338623,0.33346378803253174,0,1,SY,0.26014336943626404
00567_H_D_SY_C7,38,294,4.90500020980835,0.34695255756378174,0,1,SY,0.27304577827453613
00567_H_D_SY_C7,40,300,5.005000114440918,0.489158034324646,0,1,SY,0.33227983117103577
00567_H_D_SY_C7,42,306,5.105000019073486,0.5264042615890503,1,1,SY,0.34115415811538696
00567_H_D_SY_C7,44,312,5.204999923706055,0.5284837484359741,1,1,SY,0.3253355324268341
00567_H_D_SY_C7,46,318,5.304999828338623,0.39357924461364746,0,1,SY,0.3022279143333435
00567_H_D_SY_C7,48,324,5.40500020980835,0.265610009431839,0,1,SY,0.30066728591918945
00567_H_D_SY_C7,50,330,5.50600004196167,0.23516473174095154,0,1,SY,0.30578160285949707
00567_H_D_SY_C7,52,336,5.605999946594238,0.22186091542243958,0,1,SY,0.30935144424438477
00567_H_D_SY_C7,54,342,5.705999851226807,0.22875986993312836,0,1,SY,0.31724363565444946
00567_H_D_SY_C7,56,348,5.806000232696533,0.22011873126029968,0,1,SY,0.32191818952560425
00567_H_D_SY_C7,58,354,5.906000137329102,0.20292574167251587,0,1,SY,0.3194807767868042
00567_H_D_SY_C7,60,360,6.00600004196167,0.23748989403247833,0,1,SY,0.3351985514163971
00567_H_D_SY_C7,62,366,6.105999946594238,0.22417500615119934,0,1,SY,0.337536484003067
00567_H_D_SY_C7,64,372,6.205999851226807,0.230218306183815,0,1,SY,0.3461730182170868
00567_H_D_SY_C7,66,378,6.306000232696533,0.24911627173423767,0,1,SY,0.344314306974411
00567_H_D_SY_C7,68,384,6.406000137329102,0.23754453659057617,0,1,SY,0.32788142561912537
00567_H_D_SY_C7,70,390,6.50600004196167,0.19003471732139587,0,1,SY,0.30213046073913574
00567_H_D_SY_C7,72,396,6.60699987411499,0.2246205061674118,0,1,SY,0.35907796025276184
00567_H_D_SY_C7,74,402,6.706999778747559,0.24284669756889343,0,1,SY,0.36012300848960876
00567_H_D_SY_C7,76,408,6.807000160217285,0.21360115706920624,0,1,SY,0.358713835477829
00567_H_D_SY_C7,78,414,6.9070000648498535,0.1734924018383026,0,1,SY,0.35584601759910583
00567_H_D_SY_C7,80,420,7.006999969482422,0.1749279946088791,0,1,SY,0.3520403504371643
00579_H_D_SY_C8,0,180,3.0,0.42687317728996277,0,1,SY,0.4283623695373535
00579_H_D_SY_C8,2,186,3.0999999046325684,0.44324544072151184,0,1,SY,0.42643436789512634
00579_H_D_SY_C8,4,192,3.200000047683716,0.4178243577480316,0,1,SY,0.4287971556186676
00579_H_D_SY_C8,6,198,3.299999952316284,0.37796804308891296,0,1,SY,0.4333324432373047
00579_H_D_SY_C8,8,204,3.4000000953674316,0.3672497570514679,0,1,SY,0.44037118554115295
00579_H_D_SY_C8,10,210,3.5,0.3869361877441406,0,1,SY,0.4476105272769928
00579_H_D_SY_C8,12,216,3.5999999046325684,0.4120183289051056,0,1,SY,0.4561613202095032
00579_H_D_SY_C8,14,222,3.700000047683716,0.3937305808067322,0,1,SY,0.4665673077106476
00579_H_D_SY_C8,16,228,3.799999952316284,0.37902218103408813,0,1,SY,0.4766387939453125
00579_H_D_SY_C8,18,234,3.9000000953674316,0.3596085011959076,0,1,SY,0.48742756247520447
00579_H_D_SY_C8,20,240,4.0,0.3302077651023865,0,1,SY,0.5027491450309753
00579_H_D_SY_C8,22,246,4.099999904632568,0.32787835597991943,0,1,SY,0.5191588401794434
00579_H_D_SY_C8,24,252,4.199999809265137,0.3778918385505676,0,1,SY,0.6354907751083374
00579_H_D_SY_C8,26,258,4.300000190734863,0.3978976905345917,0,1,SY,0.7228502035140991
00579_H_D_SY_C8,28,264,4.400000095367432,0.37449324131011963,0,1,SY,0.6418268084526062
00579_H_D_SY_C8,30,270,4.5,0.352009117603302,0,1,SY,0.6072514057159424
00579_H_D_SY_C8,32,276,4.599999904632568,0.3235400319099426,0,1,SY,0.5971124172210693
00579_H_D_SY_C8,34,282,4.699999809265137,0.30356109142303467,0,1,SY,0.6016845703125
00579_H_D_SY_C8,36,288,4.800000190734863,0.2925504744052887,0,1,SY,0.6052598357200623
00579_H_D_SY_C8,38,294,4.900000095367432,0.2814302146434784,0,1,SY,0.6053338646888733
00579_H_D_SY_C8,40,300,5.0,0.2755430340766907,0,1,SY,0.6047453284263611
00579_H_D_SY_C8,42,306,5.099999904632568,0.2774619162082672,0,1,SY,0.6110204458236694
00579_H_D_SY_C8,44,312,5.199999809265137,0.2741977870464325,0,1,SY,0.615156888961792
00579_H_D_SY_C8,46,318,5.300000190734863,0.27254095673561096,0,1,SY,0.6200674176216125
00579_H_D_SY_C8,48,324,5.400000095367432,0.2623911499977112,0,1,SY,0.6230342388153076
00579_H_D_SY_C8,50,330,5.5,0.2538171112537384,0,1,SY,0.6290310621261597
00579_H_D_SY_C8,52,336,5.599999904632568,0.24763020873069763,0,1,SY,0.6337414979934692
00579_H_D_SY_C8,54,342,5.699999809265137,0.25233253836631775,0,1,SY,0.6368457078933716
00579_H_D_SY_C8,56,348,5.800000190734863,0.25356990098953247,0,1,SY,0.6400114297866821
00579_H_D_SY_C8,58,354,5.900000095367432,0.2621968984603882,0,1,SY,0.6415085196495056
00579_H_D_SY_C8,60,360,6.0,0.26005494594573975,0,1,SY,0.6443890333175659
00579_H_D_SY_C8,62,366,6.099999904632568,0.26282405853271484,0,1,SY,0.648949921131134
00579_H_D_SY_C8,64,372,6.199999809265137,0.26561498641967773,0,1,SY,0.6567902565002441
00579_H_D_SY_C8,66,378,6.300000190734863,0.2664457857608795,0,1,SY,0.6626338362693787
00579_H_D_SY_C8,68,384,6.400000095367432,0.2612003684043884,0,1,SY,0.6712042689323425
00579_H_D_SY_C8,70,390,6.5,0.25889578461647034,0,1,SY,0.6762365698814392
00579_H_D_SY_C8,72,396,6.599999904632568,0.2588212192058563,0,1,SY,0.6795992255210876
00579_H_D_SY_C8,74,402,6.699999809265137,0.26064085960388184,0,1,SY,0.6820375323295593
00579_H_D_SY_C8,76,408,6.800000190734863,0.25962698459625244,0,1,SY,0.6842334270477295
00579_H_D_SY_C8,78,414,6.900000095367432,0.26235440373420715,0,1,SY,0.685841977596283
00579_H_D_SY_C8,80,420,7.0,0.26410111784935,0,1,SY,0.6876011490821838
00650_H_D_SY_C5,0,180,3.003000020980835,0.23108136653900146,0,1,SY,0.46930593252182007
00650_H_D_SY_C5,2,186,3.1029999256134033,0.2219453603029251,0,1,SY,0.4718060791492462
00650_H_D_SY_C5,4,192,3.203000068664551,0.22208499908447266,0,1,SY,0.4721428453922272
00650_H_D_SY_C5,6,198,3.302999973297119,0.22009234130382538,0,1,SY,0.4682486653327942
00650_H_D_SY_C5,8,204,3.4030001163482666,0.2130509316921234,0,1,SY,0.4664284586906433
00650_H_D_SY_C5,10,210,3.503999948501587,0.21939139068126678,0,1,SY,0.4661162197589874
00650_H_D_SY_C5,12,216,3.6040000915527344,0.23084001243114471,0,1,SY,0.4630492329597473
00650_H_D_SY_C5,14,222,3.7039999961853027,0.2527761459350586,0,1,SY,0.4598971903324127
00650_H_D_SY_C5,16,228,3.803999900817871,0.27722829580307007,0,1,SY,0.456087201833725
00650_H_D_SY_C5,18,234,3.9040000438690186,0.26333290338516235,0,1,SY,0.4552195966243744
00650_H_D_SY_C5,20,240,4.004000186920166,0.254364013671875,0,1,SY,0.4408351182937622
00650_H_D_SY_C5,22,246,4.104000091552734,0.253677636384964,0,1,SY,0.4652422070503235
00650_H_D_SY_C5,24,252,4.203999996185303,0.23808178305625916,0,1,SY,0.46602529287338257
00650_H_D_SY_C5,26,258,4.303999900817871,0.22834299504756927,0,1,SY,0.46897056698799133
00650_H_D_SY_C5,28,264,4.4039998054504395,0.2244517058134079,0,1,SY,0.4671032428741455
00650_H_D_SY_C5,30,270,4.505000114440918,0.21527208387851715,0,1,SY,0.46847110986709595
00650_H_D_SY_C5,32,276,4.605000019073486,0.21232561767101288,0,1,SY,0.4687112271785736
00650_H_D_SY_C5,34,282,4.704999923706055,0.21346621215343475,0,1,SY,0.4671434164047241
00650_H_D_SY_C5,36,288,4.804999828338623,0.21414677798748016,0,1,SY,0.46672388911247253
00650_H_D_SY_C5,38,294,4.90500020980835,0.21239817142486572,0,1,SY,0.46567103266716003
00650_H_D_SY_C5,40,300,5.005000114440918,0.21806736290454865,0,1,SY,0.4658729135990143
00650_H_D_SY_C5,42,306,5.105000019073486,0.21660654246807098,0,1,SY,0.46407651901245117
00650_H_D_SY_C5,44,312,5.204999923706055,0.2194017469882965,0,1,SY,0.4622955322265625
00650_H_D_SY_C5,46,318,5.304999828338623,0.2227179855108261,0,1,SY,0.45981234312057495
00650_H_D_SY_C5,48,324,5.40500020980835,0.22327391803264618,0,1,SY,0.4567350745201111
00650_H_D_SY_C5,50,330,5.50600004196167,0.2211022824048996,0,1,SY,0.45440545678138733
00650_H_D_SY_C5,52,336,5.605999946594238,0.2177867889404297,0,1,SY,0.4552794098854065
00650_H_D_SY_C5,54,342,5.705999851226807,0.22441154718399048,0,1,SY,0.4567178189754486
00650_H_D_SY_C5,56,348,5.806000232696533,0.23298540711402893,0,1,SY,0.4594402313232422
00650_H_D_SY_C5,58,354,5.906000137329102,0.23677958548069,0,1,SY,0.46155354380607605
00650_H_D_SY_C5,60,360,6.00600004196167,0.23435017466545105,0,1,SY,0.46584972739219666
00650_H_D_SY_C5,62,366,6.105999946594238,0.24166329205036163,0,1,SY,0.467591255903244
00650_H_D_SY_C5,64,372,6.205999851226807,0.2465553879737854,0,1,SY,0.46639955043792725
00650_H_D_SY_C5,66,378,6.306000232696533,0.24464751780033112,0,1,SY,0.46699702739715576
00650_H_D_SY_C5,68,384,6.406000137329102,0.2405007928609848,0,1,SY,0.46684128046035767
00650_H_D_SY_C5,70,390,6.50600004196167,0.24158555269241333,0,1,SY,0.4653315544128418
00650_H_D_SY_C5,72,396,6.60699987411499,0.24698637425899506,0,1,SY,0.4622158110141754
00650_H_D_SY_C5,74,402,6.706999778747559,0.2513751983642578,0,1,SY,0.4591711163520813
00650_H_D_SY_C5,76,408,6.807000160217285,0.2490643560886383,0,1,SY,0.45674651861190796
00650_H_D_SY_C5,78,414,6.9070000648498535,0.24415035545825958,0,1,SY,0.4544110596179962
00650_H_D_SY_C5,80,420,7.006999969482422,0.2425190657377243,0,1,SY,0.45357632637023926
00665_H_D_FY_C7,0,180,3.0,0.17193377017974854,0,1,FY,0.4777126610279083
00665_H_D_FY_C7,2,186,3.0999999046325684,0.16109830141067505,0,1,FY,0.4700099527835846
00665_H_D_FY_C7,4,192,3.200000047683716,0.1766282469034195,0,1,FY,0.44962841272354126
00665_H_D_FY_C7,6,198,3.299999952316284,0.2164020538330078,0,1,FY,0.4367673695087433
00665_H_D_FY_C7,8,204,3.4000000953674316,0.2501424551010132,0,1,FY,0.4226662516593933
00665_H_D_FY_C7,10,210,3.5,0.27654919028282166,0,1,FY,0.40443965792655945
00665_H_D_FY_C7,12,216,3.5999999046325684,0.29400479793548584,0,1,FY,0.38394469022750854
00665_H_D_FY_C7,14,222,3.700000047683716,0.3064641058444977,0,1,FY,0.3697007894515991
00665_H_D_FY_C7,16,228,3.799999952316284,0.31894397735595703,0,1,FY,0.3457694947719574
00665_H_D_FY_C7,18,234,3.9000000953674316,0.3336465656757355,0,1,FY,0.3175434470176697
00665_H_D_FY_C7,20,240,4.0,0.3421146869659424,0,1,FY,0.2948372960090637
00665_H_D_FY_C7,22,246,4.099999904632568,0.3425530791282654,0,1,FY,0.27621597051620483
00665_H_D_FY_C7,24,252,4.199999809265137,0.3451457619667053,0,1,FY,0.2654692828655243
00665_H_D_FY_C7,26,258,4.300000190734863,0.33911269903182983,0,1,FY,0.25958243012428284
00665_H_D_FY_C7,28,264,4.400000095367432,0.3566190004348755,0,1,FY,0.25490570068359375
00665_H_D_FY_C7,30,270,4.5,0.4200875461101532,0,1,FY,0.2395811676979065
00665_H_D_FY_C7,32,276,4.599999904632568,0.4562907814979553,0,1,FY,0.2206432819366455
00665_H_D_FY_C7,34,282,4.699999809265137,0.46902304887771606,0,1,FY,0.20041826367378235
00665_H_D_FY_C7,36,288,4.800000190734863,0.47075214982032776,0,1,FY,0.1801583468914032
00665_H_D_FY_C7,38,294,4.900000095367432,0.4712693691253662,0,1,FY,0.16051551699638367
00665_H_D_FY_C7,40,300,5.0,0.47658082842826843,0,1,FY,0.14243079721927643
00665_H_D_FY_C7,42,306,5.099999904632568,0.47019457817077637,0,1,FY,0.13304026424884796
00665_H_D_FY_C7,44,312,5.199999809265137,0.4693326950073242,0,1,FY,0.13714279234409332
00665_H_D_FY_C7,46,318,5.300000190734863,0.47440600395202637,0,1,FY,0.12892583012580872
00665_H_D_FY_C7,48,324,5.400000095367432,0.47427523136138916,0,1,FY,0.11887402087450027
00665_H_D_FY_C7,50,330,5.5,0.46088355779647827,0,1,FY,0.11431455612182617
00665_H_D_FY_C7,52,336,5.599999904632568,0.45054954290390015,0,1,FY,0.10829135775566101
00665_H_D_FY_C7,54,342,5.699999809265137,0.427418977022171,0,1,FY,0.1001434326171875
00665_H_D_FY_C7,56,348,5.800000190734863,0.404742568731308,0,1,FY,0.1030392125248909
00665_H_D_FY_C7,58,354,5.900000095367432,0.4301201403141022,0,1,FY,0.10992501676082611
00665_H_D_FY_C7,60,360,6.0,0.42335304617881775,0,1,FY,0.11173667758703232
00665_H_D_FY_C7,62,366,6.099999904632568,0.4591014087200165,0,1,FY,0.11558261513710022
00665_H_D_FY_C7,64,372,6.199999809265137,0.46316781640052795,0,1,FY,0.11956082284450531
00665_H_D_FY_C7,66,378,6.300000190734863,0.49891191720962524,0,1,FY,0.1236257553100586
00665_H_D_FY_C7,68,384,6.400000095367432,0.4996574819087982,0,1,FY,0.12586025893688202
00665_H_D_FY_C7,70,390,6.5,0.5157586336135864,0,1,FY,0.131845161318779
00665_H_D_FY_C7,72,396,6.599999904632568,0.5108168721199036,0,1,FY,0.13778120279312134
00665_H_D_FY_C7,74,402,6.699999809265137,0.5065621137619019,0,1,FY,0.14174094796180725
00665_H_D_FY_C7,76,408,6.800000190734863,0.4919087588787079,0,1,FY,0.14353008568286896
00665_H_D_FY_C7,78,414,6.900000095367432,0.4428853392601013,0,1,FY,0.14485889673233032
00665_H_D_FY_C7,80,420,7.0,0.4579605162143707,0,1,FY,0.14614488184452057
00686_H_D_BY_C5,0,180,3.0,0.3791676461696625,0,1,BY,0.34298402070999146
00686_H_D_BY_C5,2,186,3.0999999046325684,0.37590551376342773,0,1,BY,0.3748328685760498
00686_H_D_BY_C5,4,192,3.200000047683716,0.3165459632873535,0,1,BY,0.3701350688934326
00686_H_D_BY_C5,6,198,3.299999952316284,0.2731980085372925,0,1,BY,0.3660527169704437
00686_H_D_BY_C5,8,204,3.4000000953674316,0.3390328586101532,0,1,BY,0.3638066053390503
00686_H_D_BY_C5,10,210,3.5,0.47721385955810547,0,1,BY,0.3257134258747101
00686_H_D_BY_C5,12,216,3.5999999046325684,0.47280657291412354,0,1,BY,0.3343595862388611
00686_H_D_BY_C5,14,222,3.700000047683716,0.41957756876945496,0,1,BY,0.3537093698978424
00686_H_D_BY_C5,16,228,3.799999952316284,0.3508692681789398,0,1,BY,0.3701971173286438
00686_H_D_BY_C5,18,234,3.9000000953674316,0.3623165488243103,0,1,BY,0.35744619369506836
00686_H_D_BY_C5,20,240,4.0,0.48496106266975403,0,1,BY,0.2972835600376129
00686_H_D_BY_C5,22,246,4.099999904632568,0.579860270023346,1,1,BY,0.23769111931324005
00686_H_D_BY_C5,24,252,4.199999809265137,0.4860762059688568,0,1,BY,0.2658301889896393
00686_H_D_BY_C5,26,258,4.300000190734863,0.42990753054618835,0,1,BY,0.3516958951950073
00686_H_D_BY_C5,28,264,4.400000095367432,0.4002646505832672,0,1,BY,0.4162245988845825
00686_H_D_BY_C5,30,270,4.5,0.44475361704826355,0,1,BY,0.35343438386917114
00686_H_D_BY_C5,32,276,4.599999904632568,0.4506396949291229,0,1,BY,0.3059142231941223
00686_H_D_BY_C5,34,282,4.699999809265137,0.39780622720718384,0,1,BY,0.30769646167755127
00686_H_D_BY_C5,36,288,4.800000190734863,0.3876410722732544,0,1,BY,0.30843430757522583
00686_H_D_BY_C5,38,294,4.900000095367432,0.3897222578525543,0,1,BY,0.3006226122379303
00686_H_D_BY_C5,40,300,5.0,0.4037664830684662,0,1,BY,0.2778990864753723
00686_H_D_BY_C5,42,306,5.099999904632568,0.37314489483833313,0,1,BY,0.26620790362358093
00686_H_D_BY_C5,44,312,5.199999809265137,0.3984965980052948,0,1,BY,0.25421032309532166
00686_H_D_BY_C5,46,318,5.300000190734863,0.3778243660926819,0,1,BY,0.24436815083026886
00686_H_D_BY_C5,48,324,5.400000095367432,0.33608314394950867,0,1,BY,0.25468263030052185
00686_H_D_BY_C5,50,330,5.5,0.3329748511314392,0,1,BY,0.2854585647583008
00686_H_D_BY_C5,52,336,5.599999904632568,0.34380489587783813,0,1,BY,0.32366302609443665
00686_H_D_BY_C5,54,342,5.699999809265137,0.33455994725227356,0,1,BY,0.27172333002090454
00686_H_D_BY_C5,56,348,5.800000190734863,0.37428244948387146,0,1,BY,0.31233590841293335
00686_H_D_BY_C5,58,354,5.900000095367432,0.42067328095436096,0,1,BY,0.3227866291999817
00686_H_D_BY_C5,60,360,6.0,0.3969316780567169,0,1,BY,0.3048776686191559
00686_H_D_BY_C5,62,366,6.099999904632568,0.33277761936187744,0,1,BY,0.3253255784511566
00686_H_D_BY_C5,64,372,6.199999809265137,0.31528493762016296,0,1,BY,0.3506547808647156
00686_H_D_BY_C5,66,378,6.300000190734863,0.309997022151947,0,1,BY,0.31197211146354675
00686_H_D_BY_C5,68,384,6.400000095367432,0.4346344769001007,0,1,BY,0.24012061953544617
00686_H_D_BY_C5,70,390,6.5,0.4369046986103058,0,1,BY,0.2363329976797104
00686_H_D_BY_C5,72,396,6.599999904632568,0.41379493474960327,0,1,BY,0.22441641986370087
00686_H_D_BY_C5,74,402,6.699999809265137,0.3517845869064331,0,1,BY,0.2815048098564148
00686_H_D_BY_C5,76,408,6.800000190734863,0.33736589550971985,0,1,BY,0.2991114556789398
00686_H_D_BY_C5,78,414,6.900000095367432,0.3397928774356842,0,1,BY,0.2683950364589691
00686_H_D_BY_C5,80,420,7.0,0.36015987396240234,0,1,BY,0.28310856223106384
00885_O_E_FY_C8,0,180,3.003000020980835,0.3142351806163788,0,1,FY,0.4721398651599884
00885_O_E_FY_C8,2,186,3.1029999256134033,0.2664114236831665,0,1,FY,0.46445271372795105
00885_O_E_FY_C8,4,192,3.203000068664551,0.22784394025802612,0,1,FY,0.454720139503479
00885_O_E_FY_C8,6,198,3.302999973297119,0.23203353583812714,0,1,FY,0.4468582570552826
00885_O_E_FY_C8,8,204,3.4030001163482666,0.22694000601768494,0,1,FY,0.44025781750679016
00885_O_E_FY_C8,10,210,3.503999948501587,0.2006392478942871,0,1,FY,0.4385867714881897
00885_O_E_FY_C8,12,216,3.6040000915527344,0.20180505514144897,0,1,FY,0.44006314873695374
00885_O_E_FY_C8,14,222,3.7039999961853027,0.19675672054290771,0,1,FY,0.43653053045272827
00885_O_E_FY_C8,16,228,3.803999900817871,0.18536633253097534,0,1,FY,0.4353073835372925
00885_O_E_FY_C8,18,234,3.9040000438690186,0.18124158680438995,0,1,FY,0.4366651177406311
00885_O_E_FY_C8,20,240,4.004000186920166,0.17088425159454346,0,1,FY,0.4366404116153717
00885_O_E_FY_C8,22,246,4.104000091552734,0.17378035187721252,0,1,FY,0.43530166149139404
00885_O_E_FY_C8,24,252,4.203999996185303,0.1786085069179535,0,1,FY,0.43286997079849243
00885_O_E_FY_C8,26,258,4.303999900817871,0.16573254764080048,0,1,FY,0.43142709136009216
00885_O_E_FY_C8,28,264,4.4039998054504395,0.1774962991476059,0,1,FY,0.43038690090179443
00885_O_E_FY_C8,30,270,4.505000114440918,0.17519529163837433,0,1,FY,0.4290786683559418
00885_O_E_FY_C8,32,276,4.605000019073486,0.1808323711156845,0,1,FY,0.4285486936569214
00885_O_E_FY_C8,34,282,4.704999923706055,0.18053017556667328,0,1,FY,0.4256967306137085
00885_O_E_FY_C8,36,288,4.804999828338623,0.18561115860939026,0,1,FY,0.4241730570793152
00885_O_E_FY_C8,38,294,4.90500020980835,0.18109220266342163,0,1,FY,0.42290738224983215
00885_O_E_FY_C8,40,300,5.005000114440918,0.18757516145706177,0,1,FY,0.4252447485923767
00885_O_E_FY_C8,42,306,5.105000019073486,0.16846001148223877,0,1,FY,0.4278486967086792
00885_O_E_FY_C8,44,312,5.204999923706055,0.1593349128961563,0,1,FY,0.43278777599334717
00885_O_E_FY_C8,46,318,5.304999828338623,0.1571289300918579,0,1,FY,0.43701741099357605
00885_O_E_FY_C8,48,324,5.40500020980835,0.16452062129974365,0,1,FY,0.4422835409641266
00885_O_E_FY_C8,50,330,5.50600004196167,0.17478309571743011,0,1,FY,0.4476448893547058
00885_O_E_FY_C8,52,336,5.605999946594238,0.15942269563674927,0,1,FY,0.4527145326137543
00885_O_E_FY_C8,54,342,5.705999851226807,0.1625039428472519,0,1,FY,0.45932379364967346
00885_O_E_FY_C8,56,348,5.806000232696533,0.16279932856559753,0,1,FY,0.46303194761276245
00885_O_E_FY_C8,58,354,5.906000137329102,0.14962831139564514,0,1,FY,0.46658116579055786
00885_O_E_FY_C8,60,360,6.00600004196167,0.15005415678024292,0,1,FY,0.47029969096183777
00885_O_E_FY_C8,62,366,6.105999946594238,0.15256309509277344,0,1,FY,0.4762977957725525
00885_O_E_FY_C8,64,372,6.205999851226807,0.16796469688415527,0,1,FY,0.48279517889022827
00885_O_E_FY_C8,66,378,6.306000232696533,0.16677790880203247,0,1,FY,0.4859943091869354
00885_O_E_FY_C8,68,384,6.406000137329102,0.1666906476020813,0,1,FY,0.4933222532272339
00885_O_E_FY_C8,70,390,6.50600004196167,0.18564999103546143,0,1,FY,0.49988603591918945
00885_O_E_FY_C8,72,396,6.60699987411499,0.1691364049911499,0,1,FY,0.5044804215431213
00885_O_E_FY_C8,74,402,6.706999778747559,0.15961256623268127,0,1,FY,0.5125965476036072
00885_O_E_FY_C8,76,408,6.807000160217285,0.15730597078800201,0,1,FY,0.5170441269874573
00885_O_E_FY_C8,78,414,6.9070000648498535,0.16468419134616852,0,1,FY,0.5209270119667053
00885_O_E_FY_C8,80,420,7.006999969482422,0.18421423435211182,0,1,FY,0.5221580266952515
00886_O_E_SY_C7,0,180,3.003000020980835,0.29305580258369446,0,1,SY,0.5592495203018188
00886_O_E_SY_C7,2,186,3.1029999256134033,0.33134591579437256,0,1,SY,0.5550594925880432
00886_O_E_SY_C7,4,192,3.203000068664551,0.343813955783844,0,1,SY,0.5549991130828857
00886_O_E_SY_C7,6,198,3.302999973297119,0.34793779253959656,0,1,SY,0.5518020391464233
00886_O_E_SY_C7,8,204,3.4030001163482666,0.3577846884727478,0,1,SY,0.5479869246482849
00886_O_E_SY_C7,10,210,3.503999948501587,0.3553365468978882,0,1,SY,0.5432881712913513
00886_O_E_SY_C7,12,216,3.6040000915527344,0.33728182315826416,0,1,SY,0.5434902906417847
00886_O_E_SY_C7,14,222,3.7039999961853027,0.35982707142829895,0,1,SY,0.5394371151924133
00886_O_E_SY_C7,16,228,3.803999900817871,0.4436732232570648,0,1,SY,0.5422372817993164
00886_O_E_SY_C7,18,234,3.9040000438690186,0.42399531602859497,0,1,SY,0.5221511721611023
00886_O_E_SY_C7,20,240,4.004000186920166,0.2503214478492737,0,1,SY,0.5158302187919617
00886_O_E_SY_C7,22,246,4.104000091552734,0.16852988302707672,0,1,SY,0.5053364634513855
00886_O_E_SY_C7,24,252,4.203999996185303,0.14652860164642334,0,1,SY,0.5017496943473816
00886_O_E_SY_C7,26,258,4.303999900817871,0.1440916210412979,0,1,SY,0.5016564130783081
00886_O_E_SY_C7,28,264,4.4039998054504395,0.14847905933856964,0,1,SY,0.49021005630493164
00886_O_E_SY_C7,30,270,4.505000114440918,0.14622531831264496,0,1,SY,0.49119359254837036
00886_O_E_SY_C7,32,276,4.605000019073486,0.1523885875940323,0,1,SY,0.47771766781806946
00886_O_E_SY_C7,34,282,4.704999923706055,0.16192945837974548,0,1,SY,0.47212037444114685
00886_O_E_SY_C7,36,288,4.804999828338623,0.17406266927719116,0,1,SY,0.46939465403556824
00886_O_E_SY_C7,38,294,4.90500020980835,0.19201445579528809,0,1,SY,0.4614529609680176
00886_O_E_SY_C7,40,300,5.005000114440918,0.21312937140464783,0,1,SY,0.4551185667514801
00886_O_E_SY_C7,42,306,5.105000019073486,0.2576875388622284,0,1,SY,0.4455365538597107
00886_O_E_SY_C7,44,312,5.204999923706055,0.2784203886985779,0,1,SY,0.4355943500995636
00886_O_E_SY_C7,46,318,5.304999828338623,0.2753114700317383,0,1,SY,0.42728978395462036
00886_O_E_SY_C7,48,324,5.40500020980835,0.2803165316581726,0,1,SY,0.427190363407135
00886_O_E_SY_C7,50,330,5.50600004196167,0.2539883255958557,0,1,SY,0.421270489692688
00886_O_E_SY_C7,52,336,5.605999946594238,0.2683444321155548,0,1,SY,0.4075625240802765
00886_O_E_SY_C7,54,342,5.705999851226807,0.2615070044994354,0,1,SY,0.39753562211990356
00886_O_E_SY_C7,56,348,5.806000232696533,0.21983279287815094,0,1,SY,0.3815250098705292
00886_O_E_SY_C7,58,354,5.906000137329102,0.17690619826316833,0,1,SY,0.38776862621307373
00886_O_E_SY_C7,60,360,6.00600004196167,0.16299410164356232,0,1,SY,0.3937445282936096
00886_O_E_SY_C7,62,366,6.105999946594238,0.15658777952194214,0,1,SY,0.40221431851387024
00886_O_E_SY_C7,64,372,6.205999851226807,0.15564097464084625,0,1,SY,0.4055006802082062
00886_O_E_SY_C7,66,378,6.306000232696533,0.15407207608222961,0,1,SY,0.4043445587158203
00886_O_E_SY_C7,68,384,6.406000137329102,0.15260158479213715,0,1,SY,0.4126369059085846
00886_O_E_SY_C7,70,390,6.50600004196167,0.15064726769924164,0,1,SY,0.4079941511154175
00886_O_E_SY_C7,72,396,6.60699987411499,0.15520276129245758,0,1,SY,0.4220874011516571
00886_O_E_SY_C7,74,402,6.706999778747559,0.1574115753173828,0,1,SY,0.4227008819580078
00886_O_E_SY_C7,76,408,6.807000160217285,0.16281269490718842,0,1,SY,0.4206676185131073
00886_O_E_SY_C7,78,414,6.9070000648498535,0.16829651594161987,0,1,SY,0.4213634431362152
00886_O_E_SY_C7,80,420,7.006999969482422,0.16751046478748322,0,1,SY,0.429036021232605
00886_O_E_SY_C8,0,180,3.003000020980835,0.4015183746814728,0,1,SY,0.43114861845970154
00886_O_E_SY_C8,2,186,3.1029999256134033,0.43159449100494385,0,1,SY,0.42223256826400757
00886_O_E_SY_C8,4,192,3.203000068664551,0.41756993532180786,0,1,SY,0.4145585298538208
00886_O_E_SY_C8,6,198,3.302999973297119,0.43967390060424805,0,1,SY,0.40720829367637634
00886_O_E_SY_C8,8,204,3.4030001163482666,0.4134151041507721,0,1,SY,0.40174832940101624
00886_O_E_SY_C8,10,210,3.503999948501587,0.40593889355659485,0,1,SY,0.39889755845069885
00886_O_E_SY_C8,12,216,3.6040000915527344,0.3524973392486572,0,1,SY,0.3955726623535156
00886_O_E_SY_C8,14,222,3.7039999961853027,0.2837393879890442,0,1,SY,0.39504867792129517
00886_O_E_SY_C8,16,228,3.803999900817871,0.25754696130752563,0,1,SY,0.39305567741394043
00886_O_E_SY_C8,18,234,3.9040000438690186,0.22954870760440826,0,1,SY,0.3917037546634674
00886_O_E_SY_C8,20,240,4.004000186920166,0.22482578456401825,0,1,SY,0.39516422152519226
00886_O_E_SY_C8,22,246,4.104000091552734,0.21236439049243927,0,1,SY,0.4022640287876129
00886_O_E_SY_C8,24,252,4.203999996185303,0.19943472743034363,0,1,SY,0.41674020886421204
00886_O_E_SY_C8,26,258,4.303999900817871,0.1972140073776245,0,1,SY,0.4310653805732727
00886_O_E_SY_C8,28,264,4.4039998054504395,0.19959722459316254,0,1,SY,0.44765371084213257
00886_O_E_SY_C8,30,270,4.505000114440918,0.21016424894332886,0,1,SY,0.4605008065700531
00886_O_E_SY_C8,32,276,4.605000019073486,0.21376237273216248,0,1,SY,0.4692677855491638
00886_O_E_SY_C8,34,282,4.704999923706055,0.22869271039962769,0,1,SY,0.48353084921836853
00886_O_E_SY_C8,36,288,4.804999828338623,0.252942830324173,0,1,SY,0.49953922629356384
00886_O_E_SY_C8,38,294,4.90500020980835,0.2483157068490982,0,1,SY,0.5141838788986206
00886_O_E_SY_C8,40,300,5.005000114440918,0.27371928095817566,0,1,SY,0.530081033706665
00886_O_E_SY_C8,42,306,5.105000019073486,0.2783803641796112,0,1,SY,0.5430322289466858
00886_O_E_SY_C8,44,312,5.204999923706055,0.28510522842407227,0,1,SY,0.5575858354568481
00886_O_E_SY_C8,46,318,5.304999828338623,0.27419453859329224,0,1,SY,0.5691593885421753
00886_O_E_SY_C8,48,324,5.40500020980835,0.28151944279670715,0,1,SY,0.5763495564460754
00886_O_E_SY_C8,50,330,5.50600004196167,0.2886449098587036,0,1,SY,0.585359513759613
00886_O_E_SY_C8,52,336,5.605999946594238,0.27141231298446655,0,1,SY,0.591620147228241
00886_O_E_SY_C8,54,342,5.705999851226807,0.25618621706962585,0,1,SY,0.6016950607299805
00886_O_E_SY_C8,56,348,5.806000232696533,0.2638028860092163,0,1,SY,0.609980583190918
00886_O_E_SY_C8,58,354,5.906000137329102,0.23164255917072296,0,1,SY,0.6157627105712891
00886_O_E_SY_C8,60,360,6.00600004196167,0.20097941160202026,0,1,SY,0.6151406764984131
00886_O_E_SY_C8,62,366,6.105999946594238,0.1823819875717163,0,1,SY,0.6130179762840271
00886_O_E_SY_C8,64,372,6.205999851226807,0.16186724603176117,0,1,SY,0.6070016026496887
00886_O_E_SY_C8,66,378,6.306000232696533,0.1537729799747467,0,1,SY,0.6017967462539673
00886_O_E_SY_C8,68,384,6.406000137329102,0.14467227458953857,0,1,SY,0.5940288305282593
00886_O_E_SY_C8,70,390,6.50600004196167,0.14007972180843353,0,1,SY,0.5878478288650513
00886_O_E_SY_C8,72,396,6.60699987411499,0.1464473456144333,0,1,SY,0.5837271809577942
00886_O_E_SY_C8,74,402,6.706999778747559,0.15025673806667328,0,1,SY,0.5718774795532227
00886_O_E_SY_C8,76,408,6.807000160217285,0.14868693053722382,0,1,SY,0.5571722388267517
00886_O_E_SY_C8,78,414,6.9070000648498535,0.14497995376586914,0,1,SY,0.5485303997993469
00886_O_E_SY_C8,80,420,7.006999969482422,0.1424676775932312,0,1,SY,0.5415093302726746
01030_O_E_BY_C8,0,180,3.003000020980835,0.4635162353515625,0,1,BY,0.6554054021835327
01030_O_E_BY_C8,2,186,3.1029999256134033,0.35062217712402344,0,1,BY,0.6545912027359009
01030_O_E_BY_C8,4,192,3.203000068664551,0.20836420357227325,0,1,BY,0.6497258543968201
01030_O_E_BY_C8,6,198,3.302999973297119,0.1790928989648819,0,1,BY,0.6482691168785095
01030_O_E_BY_C8,8,204,3.4030001163482666,0.1771765500307083,0,1,BY,0.6490935683250427
01030_O_E_BY_C8,10,210,3.503999948501587,0.17530664801597595,0,1,BY,0.6439532041549683
01030_O_E_BY_C8,12,216,3.6040000915527344,0.17571134865283966,0,1,BY,0.6456571221351624
01030_O_E_BY_C8,14,222,3.7039999961853027,0.17423339188098907,0,1,BY,0.6446638107299805
01030_O_E_BY_C8,16,228,3.803999900817871,0.171626478433609,0,1,BY,0.6410834789276123
01030_O_E_BY_C8,18,234,3.9040000438690186,0.1687081754207611,0,1,BY,0.6409469842910767
01030_O_E_BY_C8,20,240,4.004000186920166,0.1651630401611328,0,1,BY,0.6489390134811401
01030_O_E_BY_C8,22,246,4.104000091552734,0.16681057214736938,0,1,BY,0.6566222906112671
01030_O_E_BY_C8,24,252,4.203999996185303,0.17149358987808228,0,1,BY,0.6560030579566956
01030_O_E_BY_C8,26,258,4.303999900817871,0.17657026648521423,0,1,BY,0.6560572385787964
01030_O_E_BY_C8,28,264,4.4039998054504395,0.17765286564826965,0,1,BY,0.6593128442764282
01030_O_E_BY_C8,30,270,4.505000114440918,0.17826583981513977,0,1,BY,0.6577838659286499
01030_O_E_BY_C8,32,276,4.605000019073486,0.17787815630435944,0,1,BY,0.6610971093177795
01030_O_E_BY_C8,34,282,4.704999923706055,0.18023672699928284,0,1,BY,0.6601161360740662
01030_O_E_BY_C8,36,288,4.804999828338623,0.18277543783187866,0,1,BY,0.6609689593315125
01030_O_E_BY_C8,38,294,4.90500020980835,0.18330009281635284,0,1,BY,0.6595046520233154
01030_O_E_BY_C8,40,300,5.005000114440918,0.18204794824123383,0,1,BY,0.6600673794746399
01030_O_E_BY_C8,42,306,5.105000019073486,0.1815400868654251,0,1,BY,0.6574274897575378
01030_O_E_BY_C8,44,312,5.204999923706055,0.17983819544315338,0,1,BY,0.6599201560020447
01030_O_E_BY_C8,46,318,5.304999828338623,0.1786094754934311,0,1,BY,0.6577024459838867
01030_O_E_BY_C8,48,324,5.40500020980835,0.17820748686790466,0,1,BY,0.6530489921569824
01030_O_E_BY_C8,50,330,5.50600004196167,0.17750249803066254,0,1,BY,0.6506154537200928
01030_O_E_BY_C8,52,336,5.605999946594238,0.17641881108283997,0,1,BY,0.6490640640258789
01030_O_E_BY_C8,54,342,5.705999851226807,0.17548687756061554,0,1,BY,0.6526115536689758
01030_O_E_BY_C8,56,348,5.806000232696533,0.1760917454957962,0,1,BY,0.6566092371940613
01030_O_E_BY_C8,58,354,5.906000137329102,0.17613303661346436,0,1,BY,0.6582576632499695
01030_O_E_BY_C8,60,360,6.00600004196167,0.176535964012146,0,1,BY,0.6549408435821533
01030_O_E_BY_C8,62,366,6.105999946594238,0.1750345528125763,0,1,BY,0.6487970352172852
01030_O_E_BY_C8,64,372,6.205999851226807,0.17336532473564148,0,1,BY,0.6490693688392639
01030_O_E_BY_C8,66,378,6.306000232696533,0.17180678248405457,0,1,BY,0.6456418633460999
01030_O_E_BY_C8,68,384,6.406000137329102,0.17035304009914398,0,1,BY,0.6408528685569763
01030_O_E_BY_C8,70,390,6.50600004196167,0.16889651119709015,0,1,BY,0.6391926407814026
01030_O_E_BY_C8,72,396,6.60699987411499,0.1680908501148224,0,1,BY,0.6373584866523743
01030_O_E_BY_C8,74,402,6.706999778747559,0.16884779930114746,0,1,BY,0.6392291784286499
01030_O_E_BY_C8,76,408,6.807000160217285,0.1682983934879303,0,1,BY,0.6378693580627441
01030_O_E_BY_C8,78,414,6.9070000648498535,0.16749002039432526,0,1,BY,0.6365439891815186
01030_O_E_BY_C8,80,420,7.006999969482422,0.16720807552337646,0,1,BY,0.6370104551315308
01210_O_E_FY_C7,0,180,3.0,0.36949780583381653,0,1,FY,0.4176543056964874
01210_O_E_FY_C7,2,186,3.0999999046325684,0.3749578297138214,0,1,FY,0.3948393166065216
01210_O_E_FY_C7,4,192,3.200000047683716,0.38388046622276306,0,1,FY,0.37442290782928467
01210_O_E_FY_C7,6,198,3.299999952316284,0.3917973041534424,0,1,FY,0.35184991359710693
01210_O_E_FY_C7,8,204,3.4000000953674316,0.40336135029792786,0,1,FY,0.3295261263847351
01210_O_E_FY_C7,10,210,3.5,0.4124685227870941,0,1,FY,0.3079448342323303
01210_O_E_FY_C7,12,216,3.5999999046325684,0.4221270680427551,0,1,FY,0.28641337156295776
01210_O_E_FY_C7,14,222,3.700000047683716,0.43176671862602234,0,1,FY,0.26718541979789734
01210_O_E_FY_C7,16,228,3.799999952316284,0.44379186630249023,0,1,FY,0.24623680114746094
01210_O_E_FY_C7,18,234,3.9000000953674316,0.46127045154571533,0,1,FY,0.2263639271259308
01210_O_E_FY_C7,20,240,4.0,0.4839053750038147,0,1,FY,0.20958548784255981
01210_O_E_FY_C7,22,246,4.099999904632568,0.4690760672092438,0,1,FY,0.19351081550121307
01210_O_E_FY_C7,24,252,4.199999809265137,0.4634454846382141,0,1,FY,0.1787451058626175
01210_O_E_FY_C7,26,258,4.300000190734863,0.49124497175216675,0,1,FY,0.164674311876297
01210_O_E_FY_C7,28,264,4.400000095367432,0.5283603668212891,1,1,FY,0.1475692093372345
01210_O_E_FY_C7,30,270,4.5,0.527799665927887,1,1,FY,0.13107283413410187
01210_O_E_FY_C7,32,276,4.599999904632568,0.5018144249916077,0,1,FY,0.12167976051568985
01210_O_E_FY_C7,34,282,4.699999809265137,0.47827091813087463,0,1,FY,0.11815173178911209
01210_O_E_FY_C7,36,288,4.800000190734863,0.46769464015960693,0,1,FY,0.11638196557760239
01210_O_E_FY_C7,38,294,4.900000095367432,0.4508362412452698,0,1,FY,0.11732684075832367
01210_O_E_FY_C7,40,300,5.0,0.42365536093711853,0,1,FY,0.11999811232089996
01210_O_E_FY_C7,42,306,5.099999904632568,0.3847564160823822,0,1,FY,0.12150564044713974
01210_O_E_FY_C7,44,312,5.199999809265137,0.3530910015106201,0,1,FY,0.12182705104351044
01210_O_E_FY_C7,46,318,5.300000190734863,0.3254210948944092,0,1,FY,0.12124068289995193
01210_O_E_FY_C7,48,324,5.400000095367432,0.31387564539909363,0,1,FY,0.12132228910923004
01210_O_E_FY_C7,50,330,5.5,0.3072318434715271,0,1,FY,0.12124212086200714
01210_O_E_FY_C7,52,336,5.599999904632568,0.30101996660232544,0,1,FY,0.1214844137430191
01210_O_E_FY_C7,54,342,5.699999809265137,0.296733021736145,0,1,FY,0.121429443359375
01210_O_E_FY_C7,56,348,5.800000190734863,0.2939600348472595,0,1,FY,0.12166266143321991
01210_O_E_FY_C7,58,354,5.900000095367432,0.29253801703453064,0,1,FY,0.1222400888800621
01210_O_E_FY_C7,60,360,6.0,0.29044097661972046,0,1,FY,0.12228973954916
01210_O_E_FY_C7,62,366,6.099999904632568,0.2893860340118408,0,1,FY,0.12159234285354614
01210_O_E_FY_C7,64,372,6.199999809265137,0.2891104221343994,0,1,FY,0.12144672870635986
01210_O_E_FY_C7,66,378,6.300000190734863,0.2884771525859833,0,1,FY,0.12297645211219788
01210_O_E_FY_C7,68,384,6.400000095367432,0.28787896037101746,0,1,FY,0.12385925650596619
01210_O_E_FY_C7,70,390,6.5,0.2889348268508911,0,1,FY,0.12400469183921814
01210_O_E_FY_C7,72,396,6.599999904632568,0.28863972425460815,0,1,FY,0.12406682223081589
01210_O_E_FY_C7,74,402,6.699999809265137,0.29003405570983887,0,1,FY,0.1244768351316452
01210_O_E_FY_C7,76,408,6.800000190734863,0.29014697670936584,0,1,FY,0.12504582107067108
01210_O_E_FY_C7,78,414,6.900000095367432,0.29008105397224426,0,1,FY,0.12687771022319794
01210_O_E_FY_C7,80,420,7.0,0.2906935214996338,0,1,FY,0.12804318964481354
01233_O_E_FY_C8,0,180,3.0,0.43939390778541565,0,1,FY,0.25334832072257996
01233_O_E_FY_C8,2,186,3.0999999046325684,0.4342605769634247,0,1,FY,0.2419070303440094
01233_O_E_FY_C8,4,192,3.200000047683716,0.45734962821006775,0,1,FY,0.23708538711071014
01233_O_E_FY_C8,6,198,3.299999952316284,0.4975469410419464,0,1,FY,0.2277446985244751
01233_O_E_FY_C8,8,204,3.4000000953674316,0.4949618875980377,0,1,FY,0.19821763038635254
01233_O_E_FY_C8,10,210,3.5,0.4977452754974365,0,1,FY,0.19716235995292664
01233_O_E_FY_C8,12,216,3.5999999046325684,0.4595673978328705,0,1,FY,0.230568528175354
01233_O_E_FY_C8,14,222,3.700000047683716,0.4400806725025177,0,1,FY,0.24813787639141083
01233_O_E_FY_C8,16,228,3.799999952316284,0.44024208188056946,0,1,FY,0.25195613503456116
01233_O_E_FY_C8,18,234,3.9000000953674316,0.41813957691192627,0,1,FY,0.2487146556377411
01233_O_E_FY_C8,20,240,4.0,0.42029306292533875,0,1,FY,0.24893544614315033
01233_O_E_FY_C8,22,246,4.099999904632568,0.39667123556137085,0,1,FY,0.24777789413928986
01233_O_E_FY_C8,24,252,4.199999809265137,0.387566477060318,0,1,FY,0.2459150105714798
01233_O_E_FY_C8,26,258,4.300000190734863,0.4070243835449219,0,1,FY,0.24590656161308289
01233_O_E_FY_C8,28,264,4.400000095367432,0.41365134716033936,0,1,FY,0.2435626983642578
01233_O_E_FY_C8,30,270,4.5,0.44081005454063416,0,1,FY,0.24352599680423737
01233_O_E_FY_C8,32,276,4.599999904632568,0.43850916624069214,0,1,FY,0.23991063237190247
01233_O_E_FY_C8,34,282,4.699999809265137,0.45449793338775635,0,1,FY,0.23745928704738617
01233_O_E_FY_C8,36,288,4.800000190734863,0.46044692397117615,0,1,FY,0.23474422097206116
01233_O_E_FY_C8,38,294,4.900000095367432,0.46436795592308044,0,1,FY,0.23335476219654083
01233_O_E_FY_C8,40,300,5.0,0.46363547444343567,0,1,FY,0.22962692379951477
01233_O_E_FY_C8,42,306,5.099999904632568,0.4487132430076599,0,1,FY,0.22892077267169952
01233_O_E_FY_C8,44,312,5.199999809265137,0.4491426646709442,0,1,FY,0.22404013574123383
01233_O_E_FY_C8,46,318,5.300000190734863,0.44175657629966736,0,1,FY,0.21993179619312286
01233_O_E_FY_C8,48,324,5.400000095367432,0.4423505961894989,0,1,FY,0.21631719172000885
01233_O_E_FY_C8,50,330,5.5,0.4033176004886627,0,1,FY,0.2119302749633789
01233_O_E_FY_C8,52,336,5.599999904632568,0.3834952116012573,0,1,FY,0.21325980126857758
01233_O_E_FY_C8,54,342,5.699999809265137,0.36987432837486267,0,1,FY,0.21079222857952118
01233_O_E_FY_C8,56,348,5.800000190734863,0.37093743681907654,0,1,FY,0.21481509506702423
01233_O_E_FY_C8,58,354,5.900000095367432,0.36256685853004456,0,1,FY,0.21687303483486176
01233_O_E_FY_C8,60,360,6.0,0.37029963731765747,0,1,FY,0.21888676285743713
01233_O_E_FY_C8,62,366,6.099999904632568,0.366811066865921,0,1,FY,0.21963641047477722
01233_O_E_FY_C8,64,372,6.199999809265137,0.37010160088539124,0,1,FY,0.2197744995355606
01233_O_E_FY_C8,66,378,6.300000190734863,0.37051257491111755,0,1,FY,0.22071532905101776
01233_O_E_FY_C8,68,384,6.400000095367432,0.37227562069892883,0,1,FY,0.22240079939365387
01233_O_E_FY_C8,70,390,6.5,0.37896227836608887,0,1,FY,0.2223590910434723
01233_O_E_FY_C8,72,396,6.599999904632568,0.3892918825149536,0,1,FY,0.2240576595067978
01233_O_E_FY_C8,74,402,6.699999809265137,0.3851968050003052,0,1,FY,0.2262607216835022
01233_O_E_FY_C8,76,408,6.800000190734863,0.3788997530937195,0,1,FY,0.22475989162921906
01233_O_E_FY_C8,78,414,6.900000095367432,0.37541890144348145,0,1,FY,0.22466644644737244
01233_O_E_FY_C8,80,420,7.0,0.38034340739250183,0,1,FY,0.22512416541576385
01241_O_E_FY_C5,0,180,3.0,0.3958558142185211,0,1,FY,0.4247376322746277
01241_O_E_FY_C5,2,186,3.0999999046325684,0.4021487534046173,0,1,FY,0.4180668294429779
01241_O_E_FY_C5,4,192,3.200000047683716,0.41036367416381836,0,1,FY,0.40992286801338196
01241_O_E_FY_C5,6,198,3.299999952316284,0.41398799419403076,0,1,FY,0.4116053283214569
01241_O_E_FY_C5,8,204,3.4000000953674316,0.42945611476898193,0,1,FY,0.4273812472820282
01241_O_E_FY_C5,10,210,3.5,0.4921518564224243,0,1,FY,0.4485667049884796
01241_O_E_FY_C5,12,216,3.5999999046325684,0.49047842621803284,0,1,FY,0.48771268129348755
01241_O_E_FY_C5,14,222,3.700000047683716,0.47936105728149414,0,1,FY,0.5677746534347534
01241_O_E_FY_C5,16,228,3.799999952316284,0.4765561521053314,0,1,FY,0.5383026003837585
01241_O_E_FY_C5,18,234,3.9000000953674316,0.436265230178833,0,1,FY,0.46834275126457214
01241_O_E_FY_C5,20,240,4.0,0.38054078817367554,0,1,FY,0.4436994194984436
01241_O_E_FY_C5,22,246,4.099999904632568,0.3255263864994049,0,1,FY,0.4324703514575958
01241_O_E_FY_C5,24,252,4.199999809265137,0.30129629373550415,0,1,FY,0.4222739636898041
01241_O_E_FY_C5,26,258,4.300000190734863,0.2842572331428528,0,1,FY,0.41633141040802
01241_O_E_FY_C5,28,264,4.400000095367432,0.2800358831882477,0,1,FY,0.4119808077812195
01241_O_E_FY_C5,30,270,4.5,0.2771490216255188,0,1,FY,0.40994584560394287
01241_O_E_FY_C5,32,276,4.599999904632568,0.27602142095565796,0,1,FY,0.40907731652259827
01241_O_E_FY_C5,34,282,4.699999809265137,0.2730230689048767,0,1,FY,0.4085087180137634
01241_O_E_FY_C5,36,288,4.800000190734863,0.2729816138744354,0,1,FY,0.40743523836135864
01241_O_E_FY_C5,38,294,4.900000095367432,0.27632012963294983,0,1,FY,0.40583378076553345
01241_O_E_FY_C5,40,300,5.0,0.28219878673553467,0,1,FY,0.4051395058631897
01241_O_E_FY_C5,42,306,5.099999904632568,0.2883334457874298,0,1,FY,0.4034115970134735
01241_O_E_FY_C5,44,312,5.199999809265137,0.29034262895584106,0,1,FY,0.4038698971271515
01241_O_E_FY_C5,46,318,5.300000190734863,0.2861270010471344,0,1,FY,0.4032342731952667
01241_O_E_FY_C5,48,324,5.400000095367432,0.28071025013923645,0,1,FY,0.40376079082489014
01241_O_E_FY_C5,50,330,5.5,0.2789260745048523,0,1,FY,0.39916929602622986
01241_O_E_FY_C5,52,336,5.599999904632568,0.2795679569244385,0,1,FY,0.3995456397533417
01241_O_E_FY_C5,54,342,5.699999809265137,0.2811550199985504,0,1,FY,0.39915233850479126
01241_O_E_FY_C5,56,348,5.800000190734863,0.28120696544647217,0,1,FY,0.3989468812942505
01241_O_E_FY_C5,58,354,5.900000095367432,0.2825147807598114,0,1,FY,0.3973980247974396
01241_O_E_FY_C5,60,360,6.0,0.282951682806015,0,1,FY,0.3949572741985321
01241_O_E_FY_C5,62,366,6.099999904632568,0.285343199968338,0,1,FY,0.3941970467567444
01241_O_E_FY_C5,64,372,6.199999809265137,0.2826036810874939,0,1,FY,0.3958205282688141
01241_O_E_FY_C5,66,378,6.300000190734863,0.2773585915565491,0,1,FY,0.39727792143821716
01241_O_E_FY_C5,68,384,6.400000095367432,0.2763749063014984,0,1,FY,0.3971208930015564
01241_O_E_FY_C5,70,390,6.5,0.2732566297054291,0,1,FY,0.3955991864204407
01241_O_E_FY_C5,72,396,6.599999904632568,0.27322810888290405,0,1,FY,0.39529848098754883
01241_O_E_FY_C5,74,402,6.699999809265137,0.2721642255783081,0,1,FY,0.396432489156723
01241_O_E_FY_C5,76,408,6.800000190734863,0.2706444561481476,0,1,FY,0.39873021841049194
01241_O_E_FY_C5,78,414,6.900000095367432,0.26970577239990234,0,1,FY,0.40139657258987427
01241_O_E_FY_C5,80,420,7.0,0.2662476897239685,0,1,FY,0.40290841460227966
01274_O_F_FY_C7,0,180,3.003000020980835,0.35367149114608765,0,1,FY,0.4376918375492096
01274_O_F_FY_C7,2,186,3.1029999256134033,0.2656377851963043,0,1,FY,0.43299394845962524
01274_O_F_FY_C7,4,192,3.203000068664551,0.24767975509166718,0,1,FY,0.4273243844509125
01274_O_F_FY_C7,6,198,3.302999973297119,0.2432604432106018,0,1,FY,0.42320922017097473
01274_O_F_FY_C7,8,204,3.4030001163482666,0.2566377818584442,0,1,FY,0.42013952136039734
01274_O_F_FY_C7,10,210,3.503999948501587,0.27187979221343994,0,1,FY,0.41528743505477905
01274_O_F_FY_C7,12,216,3.6040000915527344,0.30176952481269836,0,1,FY,0.4135308563709259
01274_O_F_FY_C7,14,222,3.7039999961853027,0.2632783055305481,0,1,FY,0.4239514172077179
01274_O_F_FY_C7,16,228,3.803999900817871,0.24883665144443512,0,1,FY,0.3873905539512634
01274_O_F_FY_C7,18,234,3.9040000438690186,0.2500901222229004,0,1,FY,0.2611941993236542
01274_O_F_FY_C7,20,240,4.004000186920166,0.2605016827583313,0,1,FY,0.34274134039878845
01274_O_F_FY_C7,22,246,4.104000091552734,0.27255216240882874,0,1,FY,0.3485427796840668
01274_O_F_FY_C7,24,252,4.203999996185303,0.28926193714141846,0,1,FY,0.3769095540046692
01274_O_F_FY_C7,26,258,4.303999900817871,0.3090142607688904,0,1,FY,0.3914823830127716
01274_O_F_FY_C7,28,264,4.4039998054504395,0.2711184620857239,0,1,FY,0.3545485734939575
01274_O_F_FY_C7,30,270,4.505000114440918,0.2501300275325775,0,1,FY,0.3304610252380371
01274_O_F_FY_C7,32,276,4.605000019073486,0.2208809107542038,0,1,FY,0.31920766830444336
01274_O_F_FY_C7,34,282,4.704999923706055,0.21005985140800476,0,1,FY,0.31588900089263916
01274_O_F_FY_C7,36,288,4.804999828338623,0.20482482016086578,0,1,FY,0.31250518560409546
01274_O_F_FY_C7,38,294,4.90500020980835,0.21234679222106934,0,1,FY,0.30915001034736633
01274_O_F_FY_C7,40,300,5.005000114440918,0.21075567603111267,0,1,FY,0.30961135029792786
01274_O_F_FY_C7,42,306,5.105000019073486,0.19652266800403595,0,1,FY,0.3100554347038269
01274_O_F_FY_C7,44,312,5.204999923706055,0.19756996631622314,0,1,FY,0.3138979971408844
01274_O_F_FY_C7,46,318,5.304999828338623,0.20081907510757446,0,1,FY,0.31722354888916016
01274_O_F_FY_C7,48,324,5.40500020980835,0.19405949115753174,0,1,FY,0.32148560881614685
01274_O_F_FY_C7,50,330,5.50600004196167,0.18318983912467957,0,1,FY,0.32767948508262634
01274_O_F_FY_C7,52,336,5.605999946594238,0.18680204451084137,0,1,FY,0.3295087218284607
01274_O_F_FY_C7,54,342,5.705999851226807,0.1869664490222931,0,1,FY,0.32962146401405334
01274_O_F_FY_C7,56,348,5.806000232696533,0.1876758486032486,0,1,FY,0.3317464590072632
01274_O_F_FY_C7,58,354,5.906000137329102,0.18622629344463348,0,1,FY,0.3349766135215759
01274_O_F_FY_C7,60,360,6.00600004196167,0.18614280223846436,0,1,FY,0.33791685104370117
01274_O_F_FY_C7,62,366,6.105999946594238,0.1823762059211731,0,1,FY,0.3411460816860199
01274_O_F_FY_C7,64,372,6.205999851226807,0.18522123992443085,0,1,FY,0.34171369671821594
01274_O_F_FY_C7,66,378,6.306000232696533,0.19632354378700256,0,1,FY,0.3403419852256775
01274_O_F_FY_C7,68,384,6.406000137329102,0.21076570451259613,0,1,FY,0.34049689769744873
01274_O_F_FY_C7,70,390,6.50600004196167,0.22471463680267334,0,1,FY,0.3414343595504761
01274_O_F_FY_C7,72,396,6.60699987411499,0.22638848423957825,0,1,FY,0.3425351679325104
01274_O_F_FY_C7,74,402,6.706999778747559,0.23816800117492676,0,1,FY,0.34127578139305115
01274_O_F_FY_C7,76,408,6.807000160217285,0.2405012995004654,0,1,FY,0.34636783599853516
01274_O_F_FY_C7,78,414,6.9070000648498535,0.24422359466552734,0,1,FY,0.3492226004600525
01274_O_F_FY_C7,80,420,7.006999969482422,0.23369593918323517,0,1,FY,0.3510063886642456
01290_O_F_FY_C5,0,180,3.003000020980835,0.4143679738044739,0,1,FY,0.6075430512428284
01290_O_F_FY_C5,2,186,3.1029999256134033,0.4181986451148987,0,1,FY,0.5861994624137878
01290_O_F_FY_C5,4,192,3.203000068664551,0.3936343789100647,0,1,FY,0.5630738735198975
01290_O_F_FY_C5,6,198,3.302999973297119,0.44718533754348755,0,1,FY,0.5371816754341125
01290_O_F_FY_C5,8,204,3.4030001163482666,0.37950068712234497,0,1,FY,0.5186281204223633
01290_O_F_FY_C5,10,210,3.503999948501587,0.29425084590911865,0,1,FY,0.5071305632591248
01290_O_F_FY_C5,12,216,3.6040000915527344,0.26006218791007996,0,1,FY,0.49341660737991333
01290_O_F_FY_C5,14,222,3.7039999961853027,0.266735702753067,0,1,FY,0.4793587923049927
01290_O_F_FY_C5,16,228,3.803999900817871,0.2580588161945343,0,1,FY,0.4671064615249634
01290_O_F_FY_C5,18,234,3.9040000438690186,0.23971492052078247,0,1,FY,0.453330397605896
01290_O_F_FY_C5,20,240,4.004000186920166,0.2322172075510025,0,1,FY,0.4391566812992096
01290_O_F_FY_C5,22,246,4.104000091552734,0.23724329471588135,0,1,FY,0.4258824586868286
01290_O_F_FY_C5,24,252,4.203999996185303,0.23161791265010834,0,1,FY,0.41417795419692993
01290_O_F_FY_C5,26,258,4.303999900817871,0.22707633674144745,0,1,FY,0.40368735790252686
01290_O_F_FY_C5,28,264,4.4039998054504395,0.23065780103206635,0,1,FY,0.39005568623542786
01290_O_F_FY_C5,30,270,4.505000114440918,0.2412777692079544,0,1,FY,0.3775556683540344
01290_O_F_FY_C5,32,276,4.605000019073486,0.2330910861492157,0,1,FY,0.36617547273635864
01290_O_F_FY_C5,34,282,4.704999923706055,0.23600642383098602,0,1,FY,0.35361146926879883
01290_O_F_FY_C5,36,288,4.804999828338623,0.23105588555335999,0,1,FY,0.3389650583267212
01290_O_F_FY_C5,38,294,4.90500020980835,0.21885842084884644,0,1,FY,0.3209344148635864
01290_O_F_FY_C5,40,300,5.005000114440918,0.20866188406944275,0,1,FY,0.31262558698654175
01290_O_F_FY_C5,42,306,5.105000019073486,0.20046578347682953,0,1,FY,0.3270707428455353
01290_O_F_FY_C5,44,312,5.204999923706055,0.1943894922733307,0,1,FY,0.3444385826587677
01290_O_F_FY_C5,46,318,5.304999828338623,0.20819061994552612,0,1,FY,0.3642330467700958
01290_O_F_FY_C5,48,324,5.40500020980835,0.21659187972545624,0,1,FY,0.37505418062210083
01290_O_F_FY_C5,50,330,5.50600004196167,0.2167370319366455,0,1,FY,0.3793623745441437
01290_O_F_FY_C5,52,336,5.605999946594238,0.21368098258972168,0,1,FY,0.38353338837623596
01290_O_F_FY_C5,54,342,5.705999851226807,0.2007315754890442,0,1,FY,0.3860720694065094
01290_O_F_FY_C5,56,348,5.806000232696533,0.19800633192062378,0,1,FY,0.3875652849674225
01290_O_F_FY_C5,58,354,5.906000137329102,0.1957319676876068,0,1,FY,0.3894854187965393
01290_O_F_FY_C5,60,360,6.00600004196167,0.194111630320549,0,1,FY,0.39099982380867004
01290_O_F_FY_C5,62,366,6.105999946594238,0.18807704746723175,0,1,FY,0.3913511037826538
01290_O_F_FY_C5,64,372,6.205999851226807,0.1889851689338684,0,1,FY,0.3913447856903076
01290_O_F_FY_C5,66,378,6.306000232696533,0.19038459658622742,0,1,FY,0.3899770975112915
01290_O_F_FY_C5,68,384,6.406000137329102,0.19157704710960388,0,1,FY,0.38916540145874023
01290_O_F_FY_C5,70,390,6.50600004196167,0.18945936858654022,0,1,FY,0.3902150094509125
01290_O_F_FY_C5,72,396,6.60699987411499,0.1808028370141983,0,1,FY,0.3894912004470825
01290_O_F_FY_C5,74,402,6.706999778747559,0.18368753790855408,0,1,FY,0.3881596028804779
01290_O_F_FY_C5,76,408,6.807000160217285,0.1789223551750183,0,1,FY,0.38727134466171265
01290_O_F_FY_C5,78,414,6.9070000648498535,0.17048411071300507,0,1,FY,0.38545718789100647
01290_O_F_FY_C5,80,420,7.006999969482422,0.16982077062129974,0,1,FY,0.38342413306236267
01292_O_F_FY_C8,0,180,3.003000020980835,0.34158697724342346,0,1,FY,0.5776180028915405
01292_O_F_FY_C8,2,186,3.1029999256134033,0.3246786296367645,0,1,FY,0.6360893845558167
01292_O_F_FY_C8,4,192,3.203000068664551,0.35569334030151367,0,1,FY,0.7468693852424622
01292_O_F_FY_C8,6,198,3.302999973297119,0.3242243528366089,0,1,FY,0.6392001509666443
01292_O_F_FY_C8,8,204,3.4030001163482666,0.3012789785861969,0,1,FY,0.5702788233757019
01292_O_F_FY_C8,10,210,3.503999948501587,0.2776143550872803,0,1,FY,0.5375930666923523
01292_O_F_FY_C8,12,216,3.6040000915527344,0.2680022716522217,0,1,FY,0.5158717036247253
01292_O_F_FY_C8,14,222,3.7039999961853027,0.315223753452301,0,1,FY,0.4946436583995819
01292_O_F_FY_C8,16,228,3.803999900817871,0.3407503366470337,0,1,FY,0.4772855043411255
01292_O_F_FY_C8,18,234,3.9040000438690186,0.3317142724990845,0,1,FY,0.4616010785102844
01292_O_F_FY_C8,20,240,4.004000186920166,0.3058026432991028,0,1,FY,0.4485480487346649
01292_O_F_FY_C8,22,246,4.104000091552734,0.31339892745018005,0,1,FY,0.43511784076690674
01292_O_F_FY_C8,24,252,4.203999996185303,0.31640931963920593,0,1,FY,0.4228283762931824
01292_O_F_FY_C8,26,258,4.303999900817871,0.31837600469589233,0,1,FY,0.4127088785171509
01292_O_F_FY_C8,28,264,4.4039998054504395,0.3500269055366516,0,1,FY,0.40248405933380127
01292_O_F_FY_C8,30,270,4.505000114440918,0.38950616121292114,0,1,FY,0.3930649757385254
01292_O_F_FY_C8,32,276,4.605000019073486,0.41818878054618835,0,1,FY,0.386324405670166
01292_O_F_FY_C8,34,282,4.704999923706055,0.43409469723701477,0,1,FY,0.3760101795196533
01292_O_F_FY_C8,36,288,4.804999828338623,0.43639642000198364,0,1,FY,0.3599971830844879
01292_O_F_FY_C8,38,294,4.90500020980835,0.42584890127182007,0,1,FY,0.34879070520401
01292_O_F_FY_C8,40,300,5.005000114440918,0.2877117991447449,0,1,FY,0.3500767946243286
01292_O_F_FY_C8,42,306,5.105000019073486,0.2222483605146408,0,1,FY,0.2815728485584259
01292_O_F_FY_C8,44,312,5.204999923706055,0.29886099696159363,0,1,FY,0.15984804928302765
01292_O_F_FY_C8,46,318,5.304999828338623,0.34305137395858765,0,1,FY,0.2558361887931824
01292_O_F_FY_C8,48,324,5.40500020980835,0.32152798771858215,0,1,FY,0.312549889087677
01292_O_F_FY_C8,50,330,5.50600004196167,0.3556526005268097,0,1,FY,0.3305831253528595
01292_O_F_FY_C8,52,336,5.605999946594238,0.27080532908439636,0,1,FY,0.3389681279659271
01292_O_F_FY_C8,54,342,5.705999851226807,0.24064479768276215,0,1,FY,0.34608036279678345
01292_O_F_FY_C8,56,348,5.806000232696533,0.22761650383472443,0,1,FY,0.3496299088001251
01292_O_F_FY_C8,58,354,5.906000137329102,0.22592169046401978,0,1,FY,0.35214632749557495
01292_O_F_FY_C8,60,360,6.00600004196167,0.21640828251838684,0,1,FY,0.3534022271633148
01292_O_F_FY_C8,62,366,6.105999946594238,0.21946993470191956,0,1,FY,0.35163095593452454
01292_O_F_FY_C8,64,372,6.205999851226807,0.22217689454555511,0,1,FY,0.35214245319366455
01292_O_F_FY_C8,66,378,6.306000232696533,0.22531825304031372,0,1,FY,0.3497597277164459
01292_O_F_FY_C8,68,384,6.406000137329102,0.22118030488491058,0,1,FY,0.34862056374549866
01292_O_F_FY_C8,70,390,6.50600004196167,0.22712597250938416,0,1,FY,0.345937043428421
01292_O_F_FY_C8,72,396,6.60699987411499,0.23704107105731964,0,1,FY,0.3416427969932556
01292_O_F_FY_C8,74,402,6.706999778747559,0.24395273625850677,0,1,FY,0.33838099241256714
01292_O_F_FY_C8,76,408,6.807000160217285,0.2445724904537201,0,1,FY,0.3383939564228058
01292_O_F_FY_C8,78,414,6.9070000648498535,0.24799588322639465,0,1,FY,0.33718636631965637
01292_O_F_FY_C8,80,420,7.006999969482422,0.24873259663581848,0,1,FY,0.3347535729408264
01322_O_F_FY_C5,0,180,3.003000020980835,0.6299450993537903,1,1,FY,0.28129345178604126
01322_O_F_FY_C5,2,186,3.1029999256134033,0.5848026275634766,1,1,FY,0.3128334581851959
01322_O_F_FY_C5,4,192,3.203000068664551,0.5036582350730896,0,1,FY,0.2909689247608185
01322_O_F_FY_C5,6,198,3.302999973297119,0.3831082582473755,0,1,FY,0.27056387066841125
01322_O_F_FY_C5,8,204,3.4030001163482666,0.33159708976745605,0,1,FY,0.2615615427494049
01322_O_F_FY_C5,10,210,3.503999948501587,0.3132425844669342,0,1,FY,0.2579535245895386
01322_O_F_FY_C5,12,216,3.6040000915527344,0.30617544054985046,0,1,FY,0.25628334283828735
01322_O_F_FY_C5,14,222,3.7039999961853027,0.30324462056159973,0,1,FY,0.2568070888519287
01322_O_F_FY_C5,16,228,3.803999900817871,0.2944003939628601,0,1,FY,0.25782909989356995
01322_O_F_FY_C5,18,234,3.9040000438690186,0.2970240116119385,0,1,FY,0.2562215030193329
01322_O_F_FY_C5,20,240,4.004000186920166,0.3025083839893341,0,1,FY,0.25268903374671936
01322_O_F_FY_C5,22,246,4.104000091552734,0.30456456542015076,0,1,FY,0.2506309151649475
01322_O_F_FY_C5,24,252,4.203999996185303,0.2888941466808319,0,1,FY,0.2506104111671448
01322_O_F_FY_C5,26,258,4.303999900817871,0.2924576699733734,0,1,FY,0.24864858388900757
01322_O_F_FY_C5,28,264,4.4039998054504395,0.293908953666687,0,1,FY,0.24767564237117767
01322_O_F_FY_C5,30,270,4.505000114440918,0.2890194058418274,0,1,FY,0.24857255816459656
01322_O_F_FY_C5,32,276,4.605000019073486,0.2907346487045288,0,1,FY,0.24696926772594452
01322_O_F_FY_C5,34,282,4.704999923706055,0.29131531715393066,0,1,FY,0.24777887761592865
01322_O_F_FY_C5,36,288,4.804999828338623,0.29076969623565674,0,1,FY,0.24616818130016327
01322_O_F_FY_C5,38,294,4.90500020980835,0.2983969449996948,0,1,FY,0.24564121663570404
01322_O_F_FY_C5,40,300,5.005000114440918,0.29810184240341187,0,1,FY,0.24437643587589264
01322_O_F_FY_C5,42,306,5.105000019073486,0.30882301926612854,0,1,FY,0.24669256806373596
01322_O_F_FY_C5,44,312,5.204999923706055,0.3107771575450897,0,1,FY,0.24726100265979767
01322_O_F_FY_C5,46,318,5.304999828338623,0.31350499391555786,0,1,FY,0.24963633716106415
01322_O_F_FY_C5,48,324,5.40500020980835,0.30312469601631165,0,1,FY,0.2528056204319
01322_O_F_FY_C5,50,330,5.50600004196167,0.298876017332077,0,1,FY,0.25530555844306946
01322_O_F_FY_C5,52,336,5.605999946594238,0.29121726751327515,0,1,FY,0.2573185861110687
01322_O_F_FY_C5,54,342,5.705999851226807,0.299309104681015,0,1,FY,0.25571322441101074
01322_O_F_FY_C5,56,348,5.806000232696533,0.3120122253894806,0,1,FY,0.25442779064178467
01322_O_F_FY_C5,58,354,5.906000137329102,0.3223402500152588,0,1,FY,0.2530723214149475
01322_O_F_FY_C5,60,360,6.00600004196167,0.3180265426635742,0,1,FY,0.2548890709877014
01322_O_F_FY_C5,62,366,6.105999946594238,0.30727729201316833,0,1,FY,0.2559663653373718
01322_O_F_FY_C5,64,372,6.205999851226807,0.30558785796165466,0,1,FY,0.2569032311439514
01322_O_F_FY_C5,66,378,6.306000232696533,0.2952435314655304,0,1,FY,0.2571991980075836
01322_O_F_FY_C5,68,384,6.406000137329102,0.28643158078193665,0,1,FY,0.2566235363483429
01322_O_F_FY_C5,70,390,6.50600004196167,0.2845004200935364,0,1,FY,0.2558623254299164
01322_O_F_FY_C5,72,396,6.60699987411499,0.2853495180606842,0,1,FY,0.2576938271522522
01322_O_F_FY_C5,74,402,6.706999778747559,0.2818320691585541,0,1,FY,0.2618928551673889
01322_O_F_FY_C5,76,408,6.807000160217285,0.27915647625923157,0,1,FY,0.2633915841579437
01322_O_F_FY_C5,78,414,6.9070000648498535,0.27845609188079834,0,1,FY,0.2651476562023163
01322_O_F_FY_C5,80,420,7.006999969482422,0.2817424535751343,0,1,FY,0.26673731207847595
01325_O_F_FY_C5,0,180,3.003000020980835,0.3040337860584259,0,1,FY,0.2870989739894867
01325_O_F_FY_C5,2,186,3.1029999256134033,0.297116756439209,0,1,FY,0.2891828417778015
01325_O_F_FY_C5,4,192,3.203000068664551,0.2937229573726654,0,1,FY,0.2873968183994293
01325_O_F_FY_C5,6,198,3.302999973297119,0.28898248076438904,0,1,FY,0.2858215272426605
01325_O_F_FY_C5,8,204,3.4030001163482666,0.28680065274238586,0,1,FY,0.2834477722644806
01325_O_F_FY_C5,10,210,3.503999948501587,0.28431567549705505,0,1,FY,0.2822088599205017
01325_O_F_FY_C5,12,216,3.6040000915527344,0.28473201394081116,0,1,FY,0.2822081744670868
01325_O_F_FY_C5,14,222,3.7039999961853027,0.28346771001815796,0,1,FY,0.28018394112586975
01325_O_F_FY_C5,16,228,3.803999900817871,0.2854296863079071,0,1,FY,0.2797192633152008
01325_O_F_FY_C5,18,234,3.9040000438690186,0.28912249207496643,0,1,FY,0.2771734595298767
01325_O_F_FY_C5,20,240,4.004000186920166,0.29880425333976746,0,1,FY,0.2748628854751587
01325_O_F_FY_C5,22,246,4.104000091552734,0.2994305491447449,0,1,FY,0.2767309248447418
01325_O_F_FY_C5,24,252,4.203999996185303,0.3035193979740143,0,1,FY,0.2794613838195801
01325_O_F_FY_C5,26,258,4.303999900817871,0.30609726905822754,0,1,FY,0.27680936455726624
01325_O_F_FY_C5,28,264,4.4039998054504395,0.3162623643875122,0,1,FY,0.27656716108322144
01325_O_F_FY_C5,30,270,4.505000114440918,0.3002864420413971,0,1,FY,0.27950623631477356
01325_O_F_FY_C5,32,276,4.605000019073486,0.29101863503456116,0,1,FY,0.2778809070587158
01325_O_F_FY_C5,34,282,4.704999923706055,0.2912641167640686,0,1,FY,0.27686336636543274
01325_O_F_FY_C5,36,288,4.804999828338623,0.29607129096984863,0,1,FY,0.2750742733478546
01325_O_F_FY_C5,38,294,4.90500020980835,0.298745721578598,0,1,FY,0.27628961205482483
01325_O_F_FY_C5,40,300,5.005000114440918,0.30240684747695923,0,1,FY,0.2755345106124878
01325_O_F_FY_C5,42,306,5.105000019073486,0.302616685628891,0,1,FY,0.2773130238056183
01325_O_F_FY_C5,44,312,5.204999923706055,0.29803621768951416,0,1,FY,0.2793302536010742
01325_O_F_FY_C5,46,318,5.304999828338623,0.30195778608322144,0,1,FY,0.2816895842552185
01325_O_F_FY_C5,48,324,5.40500020980835,0.2951240837574005,0,1,FY,0.28494542837142944
01325_O_F_FY_C5,50,330,5.50600004196167,0.2969658374786377,0,1,FY,0.2888950705528259
01325_O_F_FY_C5,52,336,5.605999946594238,0.2957962453365326,0,1,FY,0.2879045307636261
01325_O_F_FY_C5,54,342,5.705999851226807,0.30131667852401733,0,1,FY,0.2886289358139038
01325_O_F_FY_C5,56,348,5.806000232696533,0.30052855610847473,0,1,FY,0.2869924008846283
01325_O_F_FY_C5,58,354,5.906000137329102,0.2998329997062683,0,1,FY,0.28731799125671387
01325_O_F_FY_C5,60,360,6.00600004196167,0.2982012927532196,0,1,FY,0.28619277477264404
01325_O_F_FY_C5,62,366,6.105999946594238,0.2988262474536896,0,1,FY,0.284225732088089
01325_O_F_FY_C5,64,372,6.205999851226807,0.3023516833782196,0,1,FY,0.28354957699775696
01325_O_F_FY_C5,66,378,6.306000232696533,0.30349093675613403,0,1,FY,0.2834637761116028
01325_O_F_FY_C5,68,384,6.406000137329102,0.298799604177475,0,1,FY,0.28208962082862854
01325_O_F_FY_C5,70,390,6.50600004196167,0.29837727546691895,0,1,FY,0.27930209040641785
01325_O_F_FY_C5,72,396,6.60699987411499,0.2945980727672577,0,1,FY,0.280283123254776
01325_O_F_FY_C5,74,402,6.706999778747559,0.28862181305885315,0,1,FY,0.2806674838066101
01325_O_F_FY_C5,76,408,6.807000160217285,0.2886388897895813,0,1,FY,0.28208300471305847
01325_O_F_FY_C5,78,414,6.9070000648498535,0.2919243574142456,0,1,FY,0.28057757019996643
01325_O_F_FY_C5,80,420,7.006999969482422,0.285810649394989,0,1,FY,0.2795352041721344
01356_O_F_BY_C8,0,180,3.0,0.2613610029220581,0,1,BY,0.299530953168869
01356_O_F_BY_C8,2,186,3.0999999046325684,0.2626800835132599,0,1,BY,0.2971052825450897
01356_O_F_BY_C8,4,192,3.200000047683716,0.2545924782752991,0,1,BY,0.29571661353111267
01356_O_F_BY_C8,6,198,3.299999952316284,0.2664790153503418,0,1,BY,0.2927550971508026
01356_O_F_BY_C8,8,204,3.4000000953674316,0.26451370120048523,0,1,BY,0.2886303663253784
01356_O_F_BY_C8,10,210,3.5,0.261739581823349,0,1,BY,0.286237895488739
01356_O_F_BY_C8,12,216,3.5999999046325684,0.2567989230155945,0,1,BY,0.2826296389102936
01356_O_F_BY_C8,14,222,3.700000047683716,0.26740506291389465,0,1,BY,0.27755188941955566
01356_O_F_BY_C8,16,228,3.799999952316284,0.286255806684494,0,1,BY,0.2713873088359833
01356_O_F_BY_C8,18,234,3.9000000953674316,0.3011169135570526,0,1,BY,0.26459985971450806
01356_O_F_BY_C8,20,240,4.0,0.2969358563423157,0,1,BY,0.2734997272491455
01356_O_F_BY_C8,22,246,4.099999904632568,0.2855188548564911,0,1,BY,0.26162904500961304
01356_O_F_BY_C8,24,252,4.199999809265137,0.2760077118873596,0,1,BY,0.25642865896224976
01356_O_F_BY_C8,26,258,4.300000190734863,0.2623577415943146,0,1,BY,0.2550942003726959
01356_O_F_BY_C8,28,264,4.400000095367432,0.2544572949409485,0,1,BY,0.25405800342559814
01356_O_F_BY_C8,30,270,4.5,0.2638871967792511,0,1,BY,0.255757600069046
01356_O_F_BY_C8,32,276,4.599999904632568,0.2568711042404175,0,1,BY,0.2566097378730774
01356_O_F_BY_C8,34,282,4.699999809265137,0.2657189667224884,0,1,BY,0.25685685873031616
01356_O_F_BY_C8,36,288,4.800000190734863,0.2773972749710083,0,1,BY,0.2560111880302429
01356_O_F_BY_C8,38,294,4.900000095367432,0.27567920088768005,0,1,BY,0.2549358308315277
01356_O_F_BY_C8,40,300,5.0,0.26717421412467957,0,1,BY,0.25609809160232544
01356_O_F_BY_C8,42,306,5.099999904632568,0.26720917224884033,0,1,BY,0.2556299567222595
01356_O_F_BY_C8,44,312,5.199999809265137,0.29443567991256714,0,1,BY,0.25744956731796265
01356_O_F_BY_C8,46,318,5.300000190734863,0.3010425865650177,0,1,BY,0.25555357336997986
01356_O_F_BY_C8,48,324,5.400000095367432,0.2971343398094177,0,1,BY,0.25452131032943726
01356_O_F_BY_C8,50,330,5.5,0.290671169757843,0,1,BY,0.25442373752593994
01356_O_F_BY_C8,52,336,5.599999904632568,0.28783899545669556,0,1,BY,0.2585984170436859
01356_O_F_BY_C8,54,342,5.699999809265137,0.2895098626613617,0,1,BY,0.2653506100177765
01356_O_F_BY_C8,56,348,5.800000190734863,0.2881604731082916,0,1,BY,0.2749382555484772
01356_O_F_BY_C8,58,354,5.900000095367432,0.298305481672287,0,1,BY,0.28460702300071716
01356_O_F_BY_C8,60,360,6.0,0.3735222816467285,0,1,BY,0.27963802218437195
01356_O_F_BY_C8,62,366,6.099999904632568,0.3601766526699066,0,1,BY,0.29412251710891724
01356_O_F_BY_C8,64,372,6.199999809265137,0.2814458906650543,0,1,BY,0.3002813458442688
01356_O_F_BY_C8,66,378,6.300000190734863,0.28153085708618164,0,1,BY,0.30154770612716675
01356_O_F_BY_C8,68,384,6.400000095367432,0.26957982778549194,0,1,BY,0.3029189109802246
01356_O_F_BY_C8,70,390,6.5,0.25957193970680237,0,1,BY,0.30257073044776917
01356_O_F_BY_C8,72,396,6.599999904632568,0.24604837596416473,0,1,BY,0.29987961053848267
01356_O_F_BY_C8,74,402,6.699999809265137,0.24725669622421265,0,1,BY,0.2980612814426422
01356_O_F_BY_C8,76,408,6.800000190734863,0.25025033950805664,0,1,BY,0.2919670045375824
01356_O_F_BY_C8,78,414,6.900000095367432,0.26712971925735474,0,1,BY,0.28002408146858215
01356_O_F_BY_C8,80,420,7.0,0.26472732424736023,0,1,BY,0.2724628448486328
01364_O_F_FY_C6,0,180,3.0,0.7911781072616577,1,1,FY,0.4272705018520355
01364_O_F_FY_C6,2,186,3.0999999046325684,0.6966936588287354,1,1,FY,0.45192664861679077
01364_O_F_FY_C6,4,192,3.200000047683716,0.4987655282020569,0,1,FY,0.3926907777786255
01364_O_F_FY_C6,6,198,3.299999952316284,0.43955352902412415,0,1,FY,0.3848534822463989
01364_O_F_FY_C6,8,204,3.4000000953674316,0.3532390296459198,0,1,FY,0.34997040033340454
01364_O_F_FY_C6,10,210,3.5,0.3282502591609955,0,1,FY,0.3307648003101349
01364_O_F_FY_C6,12,216,3.5999999046325684,0.3324810564517975,0,1,FY,0.3316909670829773
01364_O_F_FY_C6,14,222,3.700000047683716,0.34076011180877686,0,1,FY,0.3176792860031128
01364_O_F_FY_C6,16,228,3.799999952316284,0.3440419137477875,0,1,FY,0.32424306869506836
01364_O_F_FY_C6,18,234,3.9000000953674316,0.34785106778144836,0,1,FY,0.3365701138973236
01364_O_F_FY_C6,20,240,4.0,0.3659653067588806,0,1,FY,0.3465096652507782
01364_O_F_FY_C6,22,246,4.099999904632568,0.39770418405532837,0,1,FY,0.35735151171684265
01364_O_F_FY_C6,24,252,4.199999809265137,0.40483900904655457,0,1,FY,0.353813499212265
01364_O_F_FY_C6,26,258,4.300000190734863,0.44460031390190125,0,1,FY,0.3585100769996643
01364_O_F_FY_C6,28,264,4.400000095367432,0.5076887011528015,0,1,FY,0.37305256724357605
01364_O_F_FY_C6,30,270,4.5,0.5121448040008545,0,1,FY,0.3807045519351959
01364_O_F_FY_C6,32,276,4.599999904632568,0.5082104206085205,0,1,FY,0.3886975049972534
01364_O_F_FY_C6,34,282,4.699999809265137,0.4932650923728943,0,1,FY,0.3930843472480774
01364_O_F_FY_C6,36,288,4.800000190734863,0.5031240582466125,0,1,FY,0.4014263451099396
01364_O_F_FY_C6,38,294,4.900000095367432,0.5076588988304138,0,1,FY,0.39036211371421814
01364_O_F_FY_C6,40,300,5.0,0.4805172383785248,0,1,FY,0.351630300283432
01364_O_F_FY_C6,42,306,5.099999904632568,0.36326876282691956,0,1,FY,0.3372812271118164
01364_O_F_FY_C6,44,312,5.199999809265137,0.3323301672935486,0,1,FY,0.38694581389427185
01364_O_F_FY_C6,46,318,5.300000190734863,0.31980299949645996,0,1,FY,0.39143016934394836
01364_O_F_FY_C6,48,324,5.400000095367432,0.3153579533100128,0,1,FY,0.42763572931289673
01364_O_F_FY_C6,50,330,5.5,0.3194643557071686,0,1,FY,0.43800628185272217
01364_O_F_FY_C6,52,336,5.599999904632568,0.31502193212509155,0,1,FY,0.4197622537612915
01364_O_F_FY_C6,54,342,5.699999809265137,0.30656442046165466,0,1,FY,0.4209293723106384
01364_O_F_FY_C6,56,348,5.800000190734863,0.3016597032546997,0,1,FY,0.41059815883636475
01364_O_F_FY_C6,58,354,5.900000095367432,0.2999531924724579,0,1,FY,0.3597540259361267
01364_O_F_FY_C6,60,360,6.0,0.2998931407928467,0,1,FY,0.3499675393104553
01364_O_F_FY_C6,62,366,6.099999904632568,0.2922258675098419,0,1,FY,0.3303784132003784
01364_O_F_FY_C6,64,372,6.199999809265137,0.2879585325717926,0,1,FY,0.35530760884284973
01364_O_F_FY_C6,66,378,6.300000190734863,0.2872849106788635,0,1,FY,0.3634917438030243
01364_O_F_FY_C6,68,384,6.400000095367432,0.27668774127960205,0,1,FY,0.3591017425060272
01364_O_F_FY_C6,70,390,6.5,0.2578292787075043,0,1,FY,0.35120072960853577
01364_O_F_FY_C6,72,396,6.599999904632568,0.24740608036518097,0,1,FY,0.3418337404727936
01364_O_F_FY_C6,74,402,6.699999809265137,0.24514716863632202,0,1,FY,0.3304084241390228
01364_O_F_FY_C6,76,408,6.800000190734863,0.24290220439434052,0,1,FY,0.3216232657432556
01364_O_F_FY_C6,78,414,6.900000095367432,0.24050019681453705,0,1,FY,0.31964975595474243
01364_O_F_FY_C6,80,420,7.0,0.2411092072725296,0,1,FY,0.3281751275062561
01896_Y_A_FY_C5,0,180,3.003000020980835,0.3193860948085785,0,1,FY,0.4386201500892639
01896_Y_A_FY_C5,2,186,3.1029999256134033,0.29255229234695435,0,1,FY,0.3766568601131439
01896_Y_A_FY_C5,4,192,3.203000068664551,0.2950021028518677,0,1,FY,0.3873363137245178
01896_Y_A_FY_C5,6,198,3.302999973297119,0.3018999695777893,0,1,FY,0.3909858167171478
01896_Y_A_FY_C5,8,204,3.4030001163482666,0.28796735405921936,0,1,FY,0.39891913533210754
01896_Y_A_FY_C5,10,210,3.503999948501587,0.27444037795066833,0,1,FY,0.3913339376449585
01896_Y_A_FY_C5,12,216,3.6040000915527344,0.25955939292907715,0,1,FY,0.38600751757621765
01896_Y_A_FY_C5,14,222,3.7039999961853027,0.2632381319999695,0,1,FY,0.4002028703689575
01896_Y_A_FY_C5,16,228,3.803999900817871,0.2671504020690918,0,1,FY,0.4094908535480499
01896_Y_A_FY_C5,18,234,3.9040000438690186,0.26371127367019653,0,1,FY,0.3734569549560547
01896_Y_A_FY_C5,20,240,4.004000186920166,0.2608511745929718,0,1,FY,0.38584375381469727
01896_Y_A_FY_C5,22,246,4.104000091552734,0.25831854343414307,0,1,FY,0.37296897172927856
01896_Y_A_FY_C5,24,252,4.203999996185303,0.2537020146846771,0,1,FY,0.38848453760147095
01896_Y_A_FY_C5,26,258,4.303999900817871,0.25215286016464233,0,1,FY,0.42633259296417236
01896_Y_A_FY_C5,28,264,4.4039998054504395,0.2477698177099228,0,1,FY,0.39199697971343994
01896_Y_A_FY_C5,30,270,4.505000114440918,0.2433817833662033,0,1,FY,0.3660900592803955
01896_Y_A_FY_C5,32,276,4.605000019073486,0.24606448411941528,0,1,FY,0.3808552920818329
01896_Y_A_FY_C5,34,282,4.704999923706055,0.24992865324020386,0,1,FY,0.35331401228904724
01896_Y_A_FY_C5,36,288,4.804999828338623,0.24598734080791473,0,1,FY,0.3702227771282196
01896_Y_A_FY_C5,38,294,4.90500020980835,0.2511983811855316,0,1,FY,0.3721665143966675
01896_Y_A_FY_C5,40,300,5.005000114440918,0.2320159375667572,0,1,FY,0.34392425417900085
01896_Y_A_FY_C5,42,306,5.105000019073486,0.24624186754226685,0,1,FY,0.37865668535232544
01896_Y_A_FY_C5,44,312,5.204999923706055,0.24557612836360931,0,1,FY,0.4005698263645172
01896_Y_A_FY_C5,46,318,5.304999828338623,0.24920284748077393,0,1,FY,0.40577349066734314
01896_Y_A_FY_C5,48,324,5.40500020980835,0.25291305780410767,0,1,FY,0.3770410418510437
01896_Y_A_FY_C5,50,330,5.50600004196167,0.2460465431213379,0,1,FY,0.3663969337940216
01896_Y_A_FY_C5,52,336,5.605999946594238,0.24609896540641785,0,1,FY,0.3895011842250824
01896_Y_A_FY_C5,54,342,5.705999851226807,0.24792832136154175,0,1,FY,0.3802785575389862
01896_Y_A_FY_C5,56,348,5.806000232696533,0.2468634396791458,0,1,FY,0.3430860936641693
01896_Y_A_FY_C5,58,354,5.906000137329102,0.25147774815559387,0,1,FY,0.38362449407577515
01896_Y_A_FY_C5,60,360,6.00600004196167,0.2785027027130127,0,1,FY,0.3966110944747925
01896_Y_A_FY_C5,62,366,6.105999946594238,0.2548554539680481,0,1,FY,0.38638272881507874
01896_Y_A_FY_C5,64,372,6.205999851226807,0.2609504461288452,0,1,FY,0.38230422139167786
01896_Y_A_FY_C5,66,378,6.306000232696533,0.24919572472572327,0,1,FY,0.3355370759963989
01896_Y_A_FY_C5,68,384,6.406000137329102,0.25944891571998596,0,1,FY,0.4162212014198303
01896_Y_A_FY_C5,70,390,6.50600004196167,0.2815881073474884,0,1,FY,0.41510772705078125
01896_Y_A_FY_C5,72,396,6.60699987411499,0.2731029689311981,0,1,FY,0.3758634924888611
01896_Y_A_FY_C5,74,402,6.706999778747559,0.27424728870391846,0,1,FY,0.3879113793373108
01896_Y_A_FY_C5,76,408,6.807000160217285,0.2737506031990051,0,1,FY,0.4009939432144165
01896_Y_A_FY_C5,78,414,6.9070000648498535,0.2682514488697052,0,1,FY,0.4018152058124542
01896_Y_A_FY_C5,80,420,7.006999969482422,0.2713446319103241,0,1,FY,0.4093477427959442
01902_Y_A_BY_C8,0,180,3.003000020980835,0.1874570995569229,0,1,BY,0.48756077885627747
01902_Y_A_BY_C8,2,186,3.1029999256134033,0.19211220741271973,0,1,BY,0.49499133229255676
01902_Y_A_BY_C8,4,192,3.203000068664551,0.19247214496135712,0,1,BY,0.5072735548019409
01902_Y_A_BY_C8,6,198,3.302999973297119,0.18690729141235352,0,1,BY,0.489094614982605
01902_Y_A_BY_C8,8,204,3.4030001163482666,0.1789633184671402,0,1,BY,0.4841783344745636
01902_Y_A_BY_C8,10,210,3.503999948501587,0.18236856162548065,0,1,BY,0.4948282539844513
01902_Y_A_BY_C8,12,216,3.6040000915527344,0.1848757117986679,0,1,BY,0.498543381690979
01902_Y_A_BY_C8,14,222,3.7039999961853027,0.18265070021152496,0,1,BY,0.5014644861221313
01902_Y_A_BY_C8,16,228,3.803999900817871,0.16797037422657013,0,1,BY,0.5037394762039185
01902_Y_A_BY_C8,18,234,3.9040000438690186,0.16486209630966187,0,1,BY,0.4958062469959259
01902_Y_A_BY_C8,20,240,4.004000186920166,0.1679011732339859,0,1,BY,0.5001595616340637
01902_Y_A_BY_C8,22,246,4.104000091552734,0.16696958243846893,0,1,BY,0.5019859075546265
01902_Y_A_BY_C8,24,252,4.203999996185303,0.16377988457679749,0,1,BY,0.5027126669883728
01902_Y_A_BY_C8,26,258,4.303999900817871,0.15891578793525696,0,1,BY,0.5034679174423218
01902_Y_A_BY_C8,28,264,4.4039998054504395,0.1576923429965973,0,1,BY,0.49933353066444397
01902_Y_A_BY_C8,30,270,4.505000114440918,0.1567569077014923,0,1,BY,0.49557095766067505
01902_Y_A_BY_C8,32,276,4.605000019073486,0.15436936914920807,0,1,BY,0.4918244183063507
01902_Y_A_BY_C8,34,282,4.704999923706055,0.153212770819664,0,1,BY,0.48666101694107056
01902_Y_A_BY_C8,36,288,4.804999828338623,0.15027333796024323,0,1,BY,0.48443570733070374
01902_Y_A_BY_C8,38,294,4.90500020980835,0.14499983191490173,0,1,BY,0.48075562715530396
01902_Y_A_BY_C8,40,300,5.005000114440918,0.1418582648038864,0,1,BY,0.47456496953964233
01902_Y_A_BY_C8,42,306,5.105000019073486,0.1424015611410141,0,1,BY,0.4696459472179413
01902_Y_A_BY_C8,44,312,5.204999923706055,0.12981773912906647,0,1,BY,0.45691341161727905
01902_Y_A_BY_C8,46,318,5.304999828338623,0.13695049285888672,0,1,BY,0.4658147096633911
01902_Y_A_BY_C8,48,324,5.40500020980835,0.14450837671756744,0,1,BY,0.46480709314346313
01902_Y_A_BY_C8,50,330,5.50600004196167,0.14874084293842316,0,1,BY,0.46749940514564514
01902_Y_A_BY_C8,52,336,5.605999946594238,0.15455779433250427,0,1,BY,0.4646361172199249
01902_Y_A_BY_C8,54,342,5.705999851226807,0.155677929520607,0,1,BY,0.46255195140838623
01902_Y_A_BY_C8,56,348,5.806000232696533,0.13826271891593933,0,1,BY,0.4518212080001831
01902_Y_A_BY_C8,58,354,5.906000137329102,0.1560588926076889,0,1,BY,0.4599756896495819
01902_Y_A_BY_C8,60,360,6.00600004196167,0.168220654129982,0,1,BY,0.457303911447525
01902_Y_A_BY_C8,62,366,6.105999946594238,0.17146719992160797,0,1,BY,0.45195281505584717
01902_Y_A_BY_C8,64,372,6.205999851226807,0.1665356308221817,0,1,BY,0.44592565298080444
01902_Y_A_BY_C8,66,378,6.306000232696533,0.15708282589912415,0,1,BY,0.4439687132835388
01902_Y_A_BY_C8,68,384,6.406000137329102,0.1562851369380951,0,1,BY,0.4444625973701477
01902_Y_A_BY_C8,70,390,6.50600004196167,0.16060607135295868,0,1,BY,0.44663187861442566
01902_Y_A_BY_C8,72,396,6.60699987411499,0.16041059792041779,0,1,BY,0.4499010741710663
01902_Y_A_BY_C8,74,402,6.706999778747559,0.17173123359680176,0,1,BY,0.4532189965248108
01902_Y_A_BY_C8,76,408,6.807000160217285,0.16690677404403687,0,1,BY,0.45049595832824707
01902_Y_A_BY_C8,78,414,6.9070000648498535,0.1628883183002472,0,1,BY,0.4518204629421234
01902_Y_A_BY_C8,80,420,7.006999969482422,0.16874684393405914,0,1,BY,0.4491986930370331
01913_Y_E_BY_C8,0,180,3.003000020980835,0.5126820206642151,0,1,BY,0.44590678811073303
01913_Y_E_BY_C8,2,186,3.1029999256134033,0.4157258868217468,0,1,BY,0.43114620447158813
01913_Y_E_BY_C8,4,192,3.203000068664551,0.34359678626060486,0,1,BY,0.41667667031288147
01913_Y_E_BY_C8,6,198,3.302999973297119,0.17652320861816406,0,1,BY,0.40110504627227783
01913_Y_E_BY_C8,8,204,3.4030001163482666,0.14560428261756897,0,1,BY,0.3943605124950409
01913_Y_E_BY_C8,10,210,3.503999948501587,0.13367542624473572,0,1,BY,0.39696183800697327
01913_Y_E_BY_C8,12,216,3.6040000915527344,0.12773026525974274,0,1,BY,0.4054088592529297
01913_Y_E_BY_C8,14,222,3.7039999961853027,0.1296265572309494,0,1,BY,0.4246937334537506
01913_Y_E_BY_C8,16,228,3.803999900817871,0.15932156145572662,0,1,BY,0.4431479573249817
01913_Y_E_BY_C8,18,234,3.9040000438690186,0.22600191831588745,0,1,BY,0.45428264141082764
01913_Y_E_BY_C8,20,240,4.004000186920166,0.2330692708492279,0,1,BY,0.4603187143802643
01913_Y_E_BY_C8,22,246,4.104000091552734,0.1720925122499466,0,1,BY,0.46090444922447205
01913_Y_E_BY_C8,24,252,4.203999996185303,0.1369379162788391,0,1,BY,0.4660906493663788
01913_Y_E_BY_C8,26,258,4.303999900817871,0.13027431070804596,0,1,BY,0.48115208745002747
01913_Y_E_BY_C8,28,264,4.4039998054504395,0.152705579996109,0,1,BY,0.49740350246429443
01913_Y_E_BY_C8,30,270,4.505000114440918,0.19731298089027405,0,1,BY,0.5087183117866516
01913_Y_E_BY_C8,32,276,4.605000019073486,0.18707597255706787,0,1,BY,0.511602520942688
01913_Y_E_BY_C8,34,282,4.704999923706055,0.16223075985908508,0,1,BY,0.5042287111282349
01913_Y_E_BY_C8,36,288,4.804999828338623,0.1571083664894104,0,1,BY,0.4992336630821228
01913_Y_E_BY_C8,38,294,4.90500020980835,0.1470099240541458,0,1,BY,0.4985617697238922
01913_Y_E_BY_C8,40,300,5.005000114440918,0.13785752654075623,0,1,BY,0.49441325664520264
01913_Y_E_BY_C8,42,306,5.105000019073486,0.1372203677892685,0,1,BY,0.49582985043525696
01913_Y_E_BY_C8,44,312,5.204999923706055,0.13418692350387573,0,1,BY,0.49968641996383667
01913_Y_E_BY_C8,46,318,5.304999828338623,0.12805163860321045,0,1,BY,0.5013949275016785
01913_Y_E_BY_C8,48,324,5.40500020980835,0.1255563646554947,0,1,BY,0.5041150450706482
01913_Y_E_BY_C8,50,330,5.50600004196167,0.11974380910396576,0,1,BY,0.5073313117027283
01913_Y_E_BY_C8,52,336,5.605999946594238,0.10954668372869492,0,1,BY,0.5100488662719727
01913_Y_E_BY_C8,54,342,5.705999851226807,0.10811103880405426,0,1,BY,0.5057309865951538
01913_Y_E_BY_C8,56,348,5.806000232696533,0.10259067267179489,0,1,BY,0.5041671991348267
01913_Y_E_BY_C8,58,354,5.906000137329102,0.09856852889060974,0,1,BY,0.5038678646087646
01913_Y_E_BY_C8,60,360,6.00600004196167,0.09509990364313126,0,1,BY,0.5024747252464294
01913_Y_E_BY_C8,62,366,6.105999946594238,0.0960620567202568,0,1,BY,0.4951741397380829
01913_Y_E_BY_C8,64,372,6.205999851226807,0.0948602706193924,0,1,BY,0.48841315507888794
01913_Y_E_BY_C8,66,378,6.306000232696533,0.0911276638507843,0,1,BY,0.4785286784172058
01913_Y_E_BY_C8,68,384,6.406000137329102,0.0905069038271904,0,1,BY,0.47071367502212524
01913_Y_E_BY_C8,70,390,6.50600004196167,0.08874917030334473,0,1,BY,0.46225255727767944
01913_Y_E_BY_C8,72,396,6.60699987411499,0.08973872661590576,0,1,BY,0.4562280476093292
01913_Y_E_BY_C8,74,402,6.706999778747559,0.09299647063016891,0,1,BY,0.45803242921829224
01913_Y_E_BY_C8,76,408,6.807000160217285,0.09664235264062881,0,1,BY,0.45610836148262024
01913_Y_E_BY_C8,78,414,6.9070000648498535,0.09672237187623978,0,1,BY,0.4475615322589874
01913_Y_E_BY_C8,80,420,7.006999969482422,0.09825567156076431,0,1,BY,0.4406340718269348
01956_Y_A_FY_C5,0,180,3.003000020980835,0.3086014688014984,0,1,FY,0.3674360513687134
01956_Y_A_FY_C5,2,186,3.1029999256134033,0.2971651554107666,0,1,FY,0.36509084701538086
01956_Y_A_FY_C5,4,192,3.203000068664551,0.3484853506088257,0,1,FY,0.35930973291397095
01956_Y_A_FY_C5,6,198,3.302999973297119,0.30084139108657837,0,1,FY,0.3593660593032837
01956_Y_A_FY_C5,8,204,3.4030001163482666,0.3154894709587097,0,1,FY,0.3549237847328186
01956_Y_A_FY_C5,10,210,3.503999948501587,0.2891823649406433,0,1,FY,0.3528352975845337
01956_Y_A_FY_C5,12,216,3.6040000915527344,0.2766209542751312,0,1,FY,0.35090580582618713
01956_Y_A_FY_C5,14,222,3.7039999961853027,0.27408531308174133,0,1,FY,0.3535580635070801
01956_Y_A_FY_C5,16,228,3.803999900817871,0.27487850189208984,0,1,FY,0.3558003306388855
01956_Y_A_FY_C5,18,234,3.9040000438690186,0.2747182250022888,0,1,FY,0.3510548174381256
01956_Y_A_FY_C5,20,240,4.004000186920166,0.2649780511856079,0,1,FY,0.35188013315200806
01956_Y_A_FY_C5,22,246,4.104000091552734,0.2640901505947113,0,1,FY,0.3491990566253662
01956_Y_A_FY_C5,24,252,4.203999996185303,0.2567930221557617,0,1,FY,0.3470841646194458
01956_Y_A_FY_C5,26,258,4.303999900817871,0.24559243023395538,0,1,FY,0.34754079580307007
01956_Y_A_FY_C5,28,264,4.4039998054504395,0.24632547795772552,0,1,FY,0.3464142978191376
01956_Y_A_FY_C5,30,270,4.505000114440918,0.2516814172267914,0,1,FY,0.3428554832935333
01956_Y_A_FY_C5,32,276,4.605000019073486,0.2794301211833954,0,1,FY,0.33809980750083923
01956_Y_A_FY_C5,34,282,4.704999923706055,0.32013261318206787,0,1,FY,0.3372618556022644
01956_Y_A_FY_C5,36,288,4.804999828338623,0.33329060673713684,0,1,FY,0.33599910140037537
01956_Y_A_FY_C5,38,294,4.90500020980835,0.34681475162506104,0,1,FY,0.33976447582244873
01956_Y_A_FY_C5,40,300,5.005000114440918,0.34626463055610657,0,1,FY,0.33906298875808716
01956_Y_A_FY_C5,42,306,5.105000019073486,0.3415435552597046,0,1,FY,0.33340325951576233
01956_Y_A_FY_C5,44,312,5.204999923706055,0.34297120571136475,0,1,FY,0.3290763795375824
01956_Y_A_FY_C5,46,318,5.304999828338623,0.33034202456474304,0,1,FY,0.32100817561149597
01956_Y_A_FY_C5,48,324,5.40500020980835,0.32972195744514465,0,1,FY,0.32159772515296936
01956_Y_A_FY_C5,50,330,5.50600004196167,0.32842177152633667,0,1,FY,0.32075509428977966
01956_Y_A_FY_C5,52,336,5.605999946594238,0.3371667265892029,0,1,FY,0.3215429186820984
01956_Y_A_FY_C5,54,342,5.705999851226807,0.3351115584373474,0,1,FY,0.32178959250450134
01956_Y_A_FY_C5,56,348,5.806000232696533,0.34049707651138306,0,1,FY,0.321090430021286
01956_Y_A_FY_C5,58,354,5.906000137329102,0.37085509300231934,0,1,FY,0.3231726884841919
01956_Y_A_FY_C5,60,360,6.00600004196167,0.3799923062324524,0,1,FY,0.3213193714618683
01956_Y_A_FY_C5,62,366,6.105999946594238,0.4164738953113556,0,1,FY,0.32161542773246765
01956_Y_A_FY_C5,64,372,6.205999851226807,0.4495990574359894,0,1,FY,0.32190313935279846
01956_Y_A_FY_C5,66,378,6.306000232696533,0.4754638671875,0,1,FY,0.32009008526802063
01956_Y_A_FY_C5,68,384,6.406000137329102,0.5341702699661255,1,1,FY,0.319421648979187
01956_Y_A_FY_C5,70,390,6.50600004196167,0.5201501250267029,0,1,FY,0.3205735385417938
01956_Y_A_FY_C5,72,396,6.60699987411499,0.48639050126075745,0,1,FY,0.3221414387226105
01956_Y_A_FY_C5,74,402,6.706999778747559,0.46069085597991943,0,1,FY,0.32012930512428284
01956_Y_A_FY_C5,76,408,6.807000160217285,0.388619065284729,0,1,FY,0.3205631673336029
01956_Y_A_FY_C5,78,414,6.9070000648498535,0.32580918073654175,0,1,FY,0.31646692752838135
01956_Y_A_FY_C5,80,420,7.006999969482422,0.31662455201148987,0,1,FY,0.3166992962360382
02001_H_A_SY_C7,0,180,3.003000020980835,0.3405287563800812,0,1,SY,0.36391571164131165
02001_H_A_SY_C7,2,186,3.1029999256134033,0.3316352665424347,0,1,SY,0.3328118324279785
02001_H_A_SY_C7,4,192,3.203000068664551,0.31864675879478455,0,1,SY,0.36119791865348816
02001_H_A_SY_C7,6,198,3.302999973297119,0.31395411491394043,0,1,SY,0.37418729066848755
02001_H_A_SY_C7,8,204,3.4030001163482666,0.2867971360683441,0,1,SY,0.36476051807403564
02001_H_A_SY_C7,10,210,3.503999948501587,0.27802562713623047,0,1,SY,0.3596874177455902
02001_H_A_SY_C7,12,216,3.6040000915527344,0.28090348839759827,0,1,SY,0.35392552614212036
02001_H_A_SY_C7,14,222,3.7039999961853027,0.2756034731864929,0,1,SY,0.3516305387020111
02001_H_A_SY_C7,16,228,3.803999900817871,0.28073737025260925,0,1,SY,0.3509741425514221
02001_H_A_SY_C7,18,234,3.9040000438690186,0.2832433879375458,0,1,SY,0.34612205624580383
02001_H_A_SY_C7,20,240,4.004000186920166,0.28212055563926697,0,1,SY,0.3322504758834839
02001_H_A_SY_C7,22,246,4.104000091552734,0.2799395024776459,0,1,SY,0.3302941918373108
02001_H_A_SY_C7,24,252,4.203999996185303,0.27765536308288574,0,1,SY,0.3416915833950043
02001_H_A_SY_C7,26,258,4.303999900817871,0.28998857736587524,0,1,SY,0.36256587505340576
02001_H_A_SY_C7,28,264,4.4039998054504395,0.3128332197666168,0,1,SY,0.3378754258155823
02001_H_A_SY_C7,30,270,4.505000114440918,0.3205792009830475,0,1,SY,0.34925711154937744
02001_H_A_SY_C7,32,276,4.605000019073486,0.3084472417831421,0,1,SY,0.37811553478240967
02001_H_A_SY_C7,34,282,4.704999923706055,0.29955270886421204,0,1,SY,0.39890551567077637
02001_H_A_SY_C7,36,288,4.804999828338623,0.2876642048358917,0,1,SY,0.41135910153388977
02001_H_A_SY_C7,38,294,4.90500020980835,0.28146687150001526,0,1,SY,0.4202378988265991
02001_H_A_SY_C7,40,300,5.005000114440918,0.27032142877578735,0,1,SY,0.4306192100048065
02001_H_A_SY_C7,42,306,5.105000019073486,0.2565220296382904,0,1,SY,0.46124109625816345
02001_H_A_SY_C7,44,312,5.204999923706055,0.25537240505218506,0,1,SY,0.4858497977256775
02001_H_A_SY_C7,46,318,5.304999828338623,0.25571104884147644,0,1,SY,0.47497016191482544
02001_H_A_SY_C7,48,324,5.40500020980835,0.2577507197856903,0,1,SY,0.45921406149864197
02001_H_A_SY_C7,50,330,5.50600004196167,0.24705229699611664,0,1,SY,0.4478062093257904
02001_H_A_SY_C7,52,336,5.605999946594238,0.25404295325279236,0,1,SY,0.44527003169059753
02001_H_A_SY_C7,54,342,5.705999851226807,0.273210734128952,0,1,SY,0.4428599178791046
02001_H_A_SY_C7,56,348,5.806000232696533,0.27655452489852905,0,1,SY,0.44160953164100647
02001_H_A_SY_C7,58,354,5.906000137329102,0.27272680401802063,0,1,SY,0.4436606168746948
02001_H_A_SY_C7,60,360,6.00600004196167,0.25475698709487915,0,1,SY,0.4258722960948944
02001_H_A_SY_C7,62,366,6.105999946594238,0.2450392246246338,0,1,SY,0.46174728870391846
02001_H_A_SY_C7,64,372,6.205999851226807,0.2448444366455078,0,1,SY,0.445614755153656
02001_H_A_SY_C7,66,378,6.306000232696533,0.22597092390060425,0,1,SY,0.42055612802505493
02001_H_A_SY_C7,68,384,6.406000137329102,0.25317317247390747,0,1,SY,0.44205787777900696
02001_H_A_SY_C7,70,390,6.50600004196167,0.25817251205444336,0,1,SY,0.42967647314071655
02001_H_A_SY_C7,72,396,6.60699987411499,0.21880459785461426,0,1,SY,0.4013490378856659
02001_H_A_SY_C7,74,402,6.706999778747559,0.22193126380443573,0,1,SY,0.3842358887195587
02001_H_A_SY_C7,76,408,6.807000160217285,0.20782418549060822,0,1,SY,0.39012277126312256
02001_H_A_SY_C7,78,414,6.9070000648498535,0.23820652067661285,0,1,SY,0.3778340518474579
02001_H_A_SY_C7,80,420,7.006999969482422,0.2635999619960785,0,1,SY,0.3771621286869049
02031_H_A_FY_C7,0,180,3.003000020980835,0.2613283097743988,0,1,FY,0.43369677662849426
02031_H_A_FY_C7,2,186,3.1029999256134033,0.26096275448799133,0,1,FY,0.445809006690979
02031_H_A_FY_C7,4,192,3.203000068664551,0.2635961174964905,0,1,FY,0.4232395589351654
02031_H_A_FY_C7,6,198,3.302999973297119,0.2763075828552246,0,1,FY,0.4367051124572754
02031_H_A_FY_C7,8,204,3.4030001163482666,0.24931615591049194,0,1,FY,0.41941773891448975
02031_H_A_FY_C7,10,210,3.503999948501587,0.255585640668869,0,1,FY,0.46407461166381836
02031_H_A_FY_C7,12,216,3.6040000915527344,0.2580397427082062,0,1,FY,0.4179286062717438
02031_H_A_FY_C7,14,222,3.7039999961853027,0.2645103931427002,0,1,FY,0.4086495339870453
02031_H_A_FY_C7,16,228,3.803999900817871,0.26208382844924927,0,1,FY,0.41647040843963623
02031_H_A_FY_C7,18,234,3.9040000438690186,0.2606300413608551,0,1,FY,0.4369076192378998
02031_H_A_FY_C7,20,240,4.004000186920166,0.263823002576828,0,1,FY,0.4347243309020996
02031_H_A_FY_C7,22,246,4.104000091552734,0.2672242522239685,0,1,FY,0.43867745995521545
02031_H_A_FY_C7,24,252,4.203999996185303,0.27641215920448303,0,1,FY,0.44582274556159973
02031_H_A_FY_C7,26,258,4.303999900817871,0.2631526589393616,0,1,FY,0.44590139389038086
02031_H_A_FY_C7,28,264,4.4039998054504395,0.25660476088523865,0,1,FY,0.4458256959915161
02031_H_A_FY_C7,30,270,4.505000114440918,0.2518652379512787,0,1,FY,0.4837029278278351
02031_H_A_FY_C7,32,276,4.605000019073486,0.2501128017902374,0,1,FY,0.47222381830215454
02031_H_A_FY_C7,34,282,4.704999923706055,0.2519241273403168,0,1,FY,0.43150126934051514
02031_H_A_FY_C7,36,288,4.804999828338623,0.25644341111183167,0,1,FY,0.43727922439575195
02031_H_A_FY_C7,38,294,4.90500020980835,0.24947641789913177,0,1,FY,0.43528997898101807
02031_H_A_FY_C7,40,300,5.005000114440918,0.25861111283302307,0,1,FY,0.4535650610923767
02031_H_A_FY_C7,42,306,5.105000019073486,0.25444817543029785,0,1,FY,0.43523499369621277
02031_H_A_FY_C7,44,312,5.204999923706055,0.26403021812438965,0,1,FY,0.44656509160995483
02031_H_A_FY_C7,46,318,5.304999828338623,0.2684490978717804,0,1,FY,0.43053680658340454
02031_H_A_FY_C7,48,324,5.40500020980835,0.29638251662254333,0,1,FY,0.42166757583618164
02031_H_A_FY_C7,50,330,5.50600004196167,0.27873605489730835,0,1,FY,0.3920154869556427
02031_H_A_FY_C7,52,336,5.605999946594238,0.2758750915527344,0,1,FY,0.45221853256225586
02031_H_A_FY_C7,54,342,5.705999851226807,0.2766636312007904,0,1,FY,0.4622623026371002
02031_H_A_FY_C7,56,348,5.806000232696533,0.3105942904949188,0,1,FY,0.45190301537513733
02031_H_A_FY_C7,58,354,5.906000137329102,0.2787330448627472,0,1,FY,0.43850409984588623
02031_H_A_FY_C7,60,360,6.00600004196167,0.2638285160064697,0,1,FY,0.4458964169025421
02031_H_A_FY_C7,62,366,6.105999946594238,0.263042151927948,0,1,FY,0.444947212934494
02031_H_A_FY_C7,64,372,6.205999851226807,0.2696343660354614,0,1,FY,0.4424552619457245
02031_H_A_FY_C7,66,378,6.306000232696533,0.2611849904060364,0,1,FY,0.4258160889148712
02031_H_A_FY_C7,68,384,6.406000137329102,0.2630354166030884,0,1,FY,0.4709942638874054
02031_H_A_FY_C7,70,390,6.50600004196167,0.2674205005168915,0,1,FY,0.42275428771972656
02031_H_A_FY_C7,72,396,6.60699987411499,0.266135573387146,0,1,FY,0.4696689546108246
02031_H_A_FY_C7,74,402,6.706999778747559,0.2962554097175598,0,1,FY,0.5187498331069946
02031_H_A_FY_C7,76,408,6.807000160217285,0.289784699678421,0,1,FY,0.45420363545417786
02031_H_A_FY_C7,78,414,6.9070000648498535,0.28219884634017944,0,1,FY,0.4221166968345642
02031_H_A_FY_C7,80,420,7.006999969482422,0.2766653299331665,0,1,FY,0.4009987711906433
02032_H_A_SY_C8,0,180,3.003000020980835,0.7265697121620178,1,1,SY,0.5272432565689087
02032_H_A_SY_C8,2,186,3.1029999256134033,0.6137783527374268,1,1,SY,0.5310921669006348
02032_H_A_SY_C8,4,192,3.203000068664551,0.46677547693252563,0,1,SY,0.5462470054626465
02032_H_A_SY_C8,6,198,3.302999973297119,0.37641584873199463,0,1,SY,0.5649926662445068
02032_H_A_SY_C8,8,204,3.4030001163482666,0.3759514093399048,0,1,SY,0.5995902419090271
02032_H_A_SY_C8,10,210,3.503999948501587,0.3413790464401245,0,1,SY,0.5967086553573608
02032_H_A_SY_C8,12,216,3.6040000915527344,0.34405410289764404,0,1,SY,0.6105741858482361
02032_H_A_SY_C8,14,222,3.7039999961853027,0.34263816475868225,0,1,SY,0.6271591782569885
02032_H_A_SY_C8,16,228,3.803999900817871,0.3117482662200928,0,1,SY,0.6385167241096497
02032_H_A_SY_C8,18,234,3.9040000438690186,0.29691919684410095,0,1,SY,0.6629417538642883
02032_H_A_SY_C8,20,240,4.004000186920166,0.29298555850982666,0,1,SY,0.672663152217865
02032_H_A_SY_C8,22,246,4.104000091552734,0.2795931398868561,0,1,SY,0.6660061478614807
02032_H_A_SY_C8,24,252,4.203999996185303,0.28018316626548767,0,1,SY,0.6803578734397888
02032_H_A_SY_C8,26,258,4.303999900817871,0.285270094871521,0,1,SY,0.7014438509941101
02032_H_A_SY_C8,28,264,4.4039998054504395,0.2910679280757904,0,1,SY,0.7452260255813599
02032_H_A_SY_C8,30,270,4.505000114440918,0.2840799391269684,0,1,SY,0.7751595377922058
02032_H_A_SY_C8,32,276,4.605000019073486,0.2712947726249695,0,1,SY,0.7595682144165039
02032_H_A_SY_C8,34,282,4.704999923706055,0.2715177834033966,0,1,SY,0.7742277383804321
02032_H_A_SY_C8,36,288,4.804999828338623,0.2850446105003357,0,1,SY,0.7922923564910889
02032_H_A_SY_C8,38,294,4.90500020980835,0.2993198037147522,0,1,SY,0.8214182257652283
02032_H_A_SY_C8,40,300,5.005000114440918,0.31269603967666626,0,1,SY,0.8592932820320129
02032_H_A_SY_C8,42,306,5.105000019073486,0.3200940489768982,0,1,SY,0.8784127831459045
02032_H_A_SY_C8,44,312,5.204999923706055,0.3175370395183563,0,1,SY,0.8820270895957947
02032_H_A_SY_C8,46,318,5.304999828338623,0.30614173412323,0,1,SY,0.8627708554267883
02032_H_A_SY_C8,48,324,5.40500020980835,0.30543026328086853,0,1,SY,0.8703989386558533
02032_H_A_SY_C8,50,330,5.50600004196167,0.2975713610649109,0,1,SY,0.8811435103416443
02032_H_A_SY_C8,52,336,5.605999946594238,0.28359073400497437,0,1,SY,0.900852620601654
02032_H_A_SY_C8,54,342,5.705999851226807,0.2773139774799347,0,1,SY,0.8938941359519958
02032_H_A_SY_C8,56,348,5.806000232696533,0.2737688720226288,0,1,SY,0.8924789428710938
02032_H_A_SY_C8,58,354,5.906000137329102,0.270995169878006,0,1,SY,0.8889321088790894
02032_H_A_SY_C8,60,360,6.00600004196167,0.27551770210266113,0,1,SY,0.8896717429161072
02032_H_A_SY_C8,62,366,6.105999946594238,0.2815699875354767,0,1,SY,0.8880093693733215
02032_H_A_SY_C8,64,372,6.205999851226807,0.28396719694137573,0,1,SY,0.8697667717933655
02032_H_A_SY_C8,66,378,6.306000232696533,0.27867552638053894,0,1,SY,0.859153687953949
02032_H_A_SY_C8,68,384,6.406000137329102,0.27033257484436035,0,1,SY,0.8479124307632446
02032_H_A_SY_C8,70,390,6.50600004196167,0.267286479473114,0,1,SY,0.8436377048492432
02032_H_A_SY_C8,72,396,6.60699987411499,0.2649458348751068,0,1,SY,0.8369401693344116
02032_H_A_SY_C8,74,402,6.706999778747559,0.25834545493125916,0,1,SY,0.8263128399848938
02032_H_A_SY_C8,76,408,6.807000160217285,0.25374993681907654,0,1,SY,0.8211866617202759
02032_H_A_SY_C8,78,414,6.9070000648498535,0.2463473677635193,0,1,SY,0.814992368221283
02032_H_A_SY_C8,80,420,7.006999969482422,0.24272163212299347,0,1,SY,0.8049312829971313
02033_H_A_BY_C7,0,180,3.003000020980835,0.2843357026576996,0,1,BY,0.4098627269268036
02033_H_A_BY_C7,2,186,3.1029999256134033,0.27710068225860596,0,1,BY,0.37892946600914
02033_H_A_BY_C7,4,192,3.203000068664551,0.27900367975234985,0,1,BY,0.383772611618042
02033_H_A_BY_C7,6,198,3.302999973297119,0.2797333300113678,0,1,BY,0.39972373843193054
02033_H_A_BY_C7,8,204,3.4030001163482666,0.27659285068511963,0,1,BY,0.43320125341415405
02033_H_A_BY_C7,10,210,3.503999948501587,0.26433005928993225,0,1,BY,0.4230923056602478
02033_H_A_BY_C7,12,216,3.6040000915527344,0.26760050654411316,0,1,BY,0.42933300137519836
02033_H_A_BY_C7,14,222,3.7039999961853027,0.2740214169025421,0,1,BY,0.42670658230781555
02033_H_A_BY_C7,16,228,3.803999900817871,0.27420756220817566,0,1,BY,0.4223179221153259
02033_H_A_BY_C7,18,234,3.9040000438690186,0.2520252466201782,0,1,BY,0.41359084844589233
02033_H_A_BY_C7,20,240,4.004000186920166,0.25549808144569397,0,1,BY,0.44673284888267517
02033_H_A_BY_C7,22,246,4.104000091552734,0.2576911151409149,0,1,BY,0.4369141161441803
02033_H_A_BY_C7,24,252,4.203999996185303,0.2625957727432251,0,1,BY,0.42989128828048706
02033_H_A_BY_C7,26,258,4.303999900817871,0.2758069932460785,0,1,BY,0.4231857359409332
02033_H_A_BY_C7,28,264,4.4039998054504395,0.27501222491264343,0,1,BY,0.42687928676605225
02033_H_A_BY_C7,30,270,4.505000114440918,0.2776986062526703,0,1,BY,0.4133315980434418
02033_H_A_BY_C7,32,276,4.605000019073486,0.26022228598594666,0,1,BY,0.419235497713089
02033_H_A_BY_C7,34,282,4.704999923706055,0.2690315246582031,0,1,BY,0.39922285079956055
02033_H_A_BY_C7,36,288,4.804999828338623,0.28618377447128296,0,1,BY,0.416051983833313
02033_H_A_BY_C7,38,294,4.90500020980835,0.2845025956630707,0,1,BY,0.371628075838089
02033_H_A_BY_C7,40,300,5.005000114440918,0.28802192211151123,0,1,BY,0.4227496385574341
02033_H_A_BY_C7,42,306,5.105000019073486,0.2876725494861603,0,1,BY,0.4495047628879547
02033_H_A_BY_C7,44,312,5.204999923706055,0.27609923481941223,0,1,BY,0.4299708604812622
02033_H_A_BY_C7,46,318,5.304999828338623,0.28586119413375854,0,1,BY,0.4164254069328308
02033_H_A_BY_C7,48,324,5.40500020980835,0.27724435925483704,0,1,BY,0.3860437273979187
02033_H_A_BY_C7,50,330,5.50600004196167,0.2811996042728424,0,1,BY,0.39691153168678284
02033_H_A_BY_C7,52,336,5.605999946594238,0.27074411511421204,0,1,BY,0.39323604106903076
02033_H_A_BY_C7,54,342,5.705999851226807,0.27446499466896057,0,1,BY,0.4046212434768677
02033_H_A_BY_C7,56,348,5.806000232696533,0.27785173058509827,0,1,BY,0.4010011553764343
02033_H_A_BY_C7,58,354,5.906000137329102,0.2840476930141449,0,1,BY,0.39534154534339905
02033_H_A_BY_C7,60,360,6.00600004196167,0.2866808772087097,0,1,BY,0.3985859751701355
02033_H_A_BY_C7,62,366,6.105999946594238,0.27929577231407166,0,1,BY,0.39963313937187195
02033_H_A_BY_C7,64,372,6.205999851226807,0.2726719379425049,0,1,BY,0.3976672291755676
02033_H_A_BY_C7,66,378,6.306000232696533,0.2796402871608734,0,1,BY,0.4053961932659149
02033_H_A_BY_C7,68,384,6.406000137329102,0.26678088307380676,0,1,BY,0.4004775285720825
02033_H_A_BY_C7,70,390,6.50600004196167,0.2706556022167206,0,1,BY,0.4110596179962158
02033_H_A_BY_C7,72,396,6.60699987411499,0.255977988243103,0,1,BY,0.3991655707359314
02033_H_A_BY_C7,74,402,6.706999778747559,0.26720669865608215,0,1,BY,0.40327927470207214
02033_H_A_BY_C7,76,408,6.807000160217285,0.27154532074928284,0,1,BY,0.41700294613838196
02033_H_A_BY_C7,78,414,6.9070000648498535,0.282272070646286,0,1,BY,0.3732054531574249
02033_H_A_BY_C7,80,420,7.006999969482422,0.29598045349121094,0,1,BY,0.36123156547546387
02044_H_A_BY_C8,0,180,3.003000020980835,0.21116763353347778,0,1,BY,0.3804166913032532
02044_H_A_BY_C8,2,186,3.1029999256134033,0.18819285929203033,0,1,BY,0.3600764870643616
02044_H_A_BY_C8,4,192,3.203000068664551,0.1878940463066101,0,1,BY,0.3411669135093689
02044_H_A_BY_C8,6,198,3.302999973297119,0.19054202735424042,0,1,BY,0.3020550608634949
02044_H_A_BY_C8,8,204,3.4030001163482666,0.17850129306316376,0,1,BY,0.23140667378902435
02044_H_A_BY_C8,10,210,3.503999948501587,0.16639769077301025,0,1,BY,0.1920761913061142
02044_H_A_BY_C8,12,216,3.6040000915527344,0.16450679302215576,0,1,BY,0.3367295563220978
02044_H_A_BY_C8,14,222,3.7039999961853027,0.1726018339395523,0,1,BY,0.325808584690094
02044_H_A_BY_C8,16,228,3.803999900817871,0.17399874329566956,0,1,BY,0.30203479528427124
02044_H_A_BY_C8,18,234,3.9040000438690186,0.17673875391483307,0,1,BY,0.2847680151462555
02044_H_A_BY_C8,20,240,4.004000186920166,0.18588796257972717,0,1,BY,0.27248576283454895
02044_H_A_BY_C8,22,246,4.104000091552734,0.18433956801891327,0,1,BY,0.27343231439590454
02044_H_A_BY_C8,24,252,4.203999996185303,0.19279208779335022,0,1,BY,0.2648928463459015
02044_H_A_BY_C8,26,258,4.303999900817871,0.25268828868865967,0,1,BY,0.2510906159877777
02044_H_A_BY_C8,28,264,4.4039998054504395,0.2806563973426819,0,1,BY,0.25594455003738403
02044_H_A_BY_C8,30,270,4.505000114440918,0.19826386868953705,0,1,BY,0.34059426188468933
02044_H_A_BY_C8,32,276,4.605000019073486,0.20327791571617126,0,1,BY,0.2441955804824829
02044_H_A_BY_C8,34,282,4.704999923706055,0.23298442363739014,0,1,BY,0.2469731867313385
02044_H_A_BY_C8,36,288,4.804999828338623,0.2545876204967499,0,1,BY,0.22860297560691833
02044_H_A_BY_C8,38,294,4.90500020980835,0.32710200548171997,0,1,BY,0.20272856950759888
02044_H_A_BY_C8,40,300,5.005000114440918,0.38061049580574036,0,1,BY,0.2406599074602127
02044_H_A_BY_C8,42,306,5.105000019073486,0.41448065638542175,0,1,BY,0.2537304759025574
02044_H_A_BY_C8,44,312,5.204999923706055,0.4538578987121582,0,1,BY,0.26701274514198303
02044_H_A_BY_C8,46,318,5.304999828338623,0.3827638328075409,0,1,BY,0.30248409509658813
02044_H_A_BY_C8,48,324,5.40500020980835,0.36333009600639343,0,1,BY,0.37160763144493103
02044_H_A_BY_C8,50,330,5.50600004196167,0.30859795212745667,0,1,BY,0.4093322455883026
02044_H_A_BY_C8,52,336,5.605999946594238,0.322349488735199,0,1,BY,0.2628524899482727
02044_H_A_BY_C8,54,342,5.705999851226807,0.35847213864326477,0,1,BY,0.27743828296661377
02044_H_A_BY_C8,56,348,5.806000232696533,0.35955122113227844,0,1,BY,0.3033234775066376
02044_H_A_BY_C8,58,354,5.906000137329102,0.34108924865722656,0,1,BY,0.32567375898361206
02044_H_A_BY_C8,60,360,6.00600004196167,0.3602224290370941,0,1,BY,0.3422205150127411
02044_H_A_BY_C8,62,366,6.105999946594238,0.3790712356567383,0,1,BY,0.3525945544242859
02044_H_A_BY_C8,64,372,6.205999851226807,0.4001942574977875,0,1,BY,0.36072301864624023
02044_H_A_BY_C8,66,378,6.306000232696533,0.4213714301586151,0,1,BY,0.3694237470626831
02044_H_A_BY_C8,68,384,6.406000137329102,0.5143211483955383,0,1,BY,0.38024911284446716
02044_H_A_BY_C8,70,390,6.50600004196167,0.46524375677108765,0,1,BY,0.3832968771457672
02044_H_A_BY_C8,72,396,6.60699987411499,0.38363948464393616,0,1,BY,0.39184629917144775
02044_H_A_BY_C8,74,402,6.706999778747559,0.3752094805240631,0,1,BY,0.40535980463027954
02044_H_A_BY_C8,76,408,6.807000160217285,0.30986732244491577,0,1,BY,0.4072486162185669
02044_H_A_BY_C8,78,414,6.9070000648498535,0.20847100019454956,0,1,BY,0.4085492789745331
02044_H_A_BY_C8,80,420,7.006999969482422,0.18815752863883972,0,1,BY,0.40971678495407104
02050_H_A_FY_C8,0,180,3.003000020980835,0.22452323138713837,0,1,FY,0.5821331739425659
02050_H_A_FY_C8,2,186,3.1029999256134033,0.22847501933574677,0,1,FY,0.5879031419754028
02050_H_A_FY_C8,4,192,3.203000068664551,0.21778647601604462,0,1,FY,0.5960404276847839
02050_H_A_FY_C8,6,198,3.302999973297119,0.21132192015647888,0,1,FY,0.60343337059021
02050_H_A_FY_C8,8,204,3.4030001163482666,0.22075623273849487,0,1,FY,0.6123806834220886
02050_H_A_FY_C8,10,210,3.503999948501587,0.21956655383110046,0,1,FY,0.625134289264679
02050_H_A_FY_C8,12,216,3.6040000915527344,0.21682903170585632,0,1,FY,0.6374071836471558
02050_H_A_FY_C8,14,222,3.7039999961853027,0.2164478451013565,0,1,FY,0.6495803594589233
02050_H_A_FY_C8,16,228,3.803999900817871,0.21899563074111938,0,1,FY,0.6636127233505249
02050_H_A_FY_C8,18,234,3.9040000438690186,0.22230224311351776,0,1,FY,0.6754793524742126
02050_H_A_FY_C8,20,240,4.004000186920166,0.22874347865581512,0,1,FY,0.686815619468689
02050_H_A_FY_C8,22,246,4.104000091552734,0.26417431235313416,0,1,FY,0.7004034519195557
02050_H_A_FY_C8,24,252,4.203999996185303,0.30011045932769775,0,1,FY,0.7111294865608215
02050_H_A_FY_C8,26,258,4.303999900817871,0.2824695408344269,0,1,FY,0.7230160236358643
02050_H_A_FY_C8,28,264,4.4039998054504395,0.26869484782218933,0,1,FY,0.7313386797904968
02050_H_A_FY_C8,30,270,4.505000114440918,0.25791433453559875,0,1,FY,0.7368457317352295
02050_H_A_FY_C8,32,276,4.605000019073486,0.2447148710489273,0,1,FY,0.7403510808944702
02050_H_A_FY_C8,34,282,4.704999923706055,0.24540351331233978,0,1,FY,0.7416982054710388
02050_H_A_FY_C8,36,288,4.804999828338623,0.2375623881816864,0,1,FY,0.7427612543106079
02050_H_A_FY_C8,38,294,4.90500020980835,0.2308167666196823,0,1,FY,0.7389822006225586
02050_H_A_FY_C8,40,300,5.005000114440918,0.22491896152496338,0,1,FY,0.733546257019043
02050_H_A_FY_C8,42,306,5.105000019073486,0.21051301062107086,0,1,FY,0.7239671349525452
02050_H_A_FY_C8,44,312,5.204999923706055,0.19535011053085327,0,1,FY,0.7139536738395691
02050_H_A_FY_C8,46,318,5.304999828338623,0.19431225955486298,0,1,FY,0.7026780247688293
02050_H_A_FY_C8,48,324,5.40500020980835,0.19312137365341187,0,1,FY,0.6881599426269531
02050_H_A_FY_C8,50,330,5.50600004196167,0.19172197580337524,0,1,FY,0.6732935309410095
02050_H_A_FY_C8,52,336,5.605999946594238,0.18737748265266418,0,1,FY,0.6534692645072937
02050_H_A_FY_C8,54,342,5.705999851226807,0.18397961556911469,0,1,FY,0.6363434791564941
02050_H_A_FY_C8,56,348,5.806000232696533,0.18273279070854187,0,1,FY,0.6165196299552917
02050_H_A_FY_C8,58,354,5.906000137329102,0.18220463395118713,0,1,FY,0.6019240617752075
02050_H_A_FY_C8,60,360,6.00600004196167,0.18901364505290985,0,1,FY,0.581840455532074
02050_H_A_FY_C8,62,366,6.105999946594238,0.20004674792289734,0,1,FY,0.567339301109314
02050_H_A_FY_C8,64,372,6.205999851226807,0.1973714530467987,0,1,FY,0.5549368858337402
02050_H_A_FY_C8,66,378,6.306000232696533,0.20170630514621735,0,1,FY,0.5436071157455444
02050_H_A_FY_C8,68,384,6.406000137329102,0.20383070409297943,0,1,FY,0.5294876098632812
02050_H_A_FY_C8,70,390,6.50600004196167,0.20732378959655762,0,1,FY,0.5176116824150085
02050_H_A_FY_C8,72,396,6.60699987411499,0.22115111351013184,0,1,FY,0.5137394666671753
02050_H_A_FY_C8,74,402,6.706999778747559,0.23642028868198395,0,1,FY,0.5044694542884827
02050_H_A_FY_C8,76,408,6.807000160217285,0.2296050786972046,0,1,FY,0.48889583349227905
02050_H_A_FY_C8,78,414,6.9070000648498535,0.24217131733894348,0,1,FY,0.47397831082344055
02050_H_A_FY_C8,80,420,7.006999969482422,0.24761034548282623,0,1,FY,0.46471837162971497
02051_H_A_SY_C8,0,180,3.003000020980835,0.326326847076416,0,1,SY,0.5723513960838318
02051_H_A_SY_C8,2,186,3.1029999256134033,0.26246848702430725,0,1,SY,0.5742207169532776
02051_H_A_SY_C8,4,192,3.203000068664551,0.2549075782299042,0,1,SY,0.5774665474891663
02051_H_A_SY_C8,6,198,3.302999973297119,0.26747065782546997,0,1,SY,0.5767136216163635
02051_H_A_SY_C8,8,204,3.4030001163482666,0.2540939748287201,0,1,SY,0.5775136947631836
02051_H_A_SY_C8,10,210,3.503999948501587,0.2600085437297821,0,1,SY,0.5777457356452942
02051_H_A_SY_C8,12,216,3.6040000915527344,0.2590993642807007,0,1,SY,0.5767271518707275
02051_H_A_SY_C8,14,222,3.7039999961853027,0.2725314199924469,0,1,SY,0.5741662979125977
02051_H_A_SY_C8,16,228,3.803999900817871,0.2583414614200592,0,1,SY,0.5710659623146057
02051_H_A_SY_C8,18,234,3.9040000438690186,0.25533488392829895,0,1,SY,0.5651026964187622
02051_H_A_SY_C8,20,240,4.004000186920166,0.24650241434574127,0,1,SY,0.5598527193069458
02051_H_A_SY_C8,22,246,4.104000091552734,0.22852757573127747,0,1,SY,0.5551283359527588
02051_H_A_SY_C8,24,252,4.203999996185303,0.21742817759513855,0,1,SY,0.5518734455108643
02051_H_A_SY_C8,26,258,4.303999900817871,0.19683188199996948,0,1,SY,0.5451626181602478
02051_H_A_SY_C8,28,264,4.4039998054504395,0.19804129004478455,0,1,SY,0.5410119295120239
02051_H_A_SY_C8,30,270,4.505000114440918,0.20184914767742157,0,1,SY,0.5357515811920166
02051_H_A_SY_C8,32,276,4.605000019073486,0.20084208250045776,0,1,SY,0.526743471622467
02051_H_A_SY_C8,34,282,4.704999923706055,0.19596560299396515,0,1,SY,0.5184743404388428
02051_H_A_SY_C8,36,288,4.804999828338623,0.19435153901576996,0,1,SY,0.5104049444198608
02051_H_A_SY_C8,38,294,4.90500020980835,0.18954680860042572,0,1,SY,0.49355146288871765
02051_H_A_SY_C8,40,300,5.005000114440918,0.20123597979545593,0,1,SY,0.48468780517578125
02051_H_A_SY_C8,42,306,5.105000019073486,0.21551764011383057,0,1,SY,0.47294899821281433
02051_H_A_SY_C8,44,312,5.204999923706055,0.2218003123998642,0,1,SY,0.463178426027298
02051_H_A_SY_C8,46,318,5.304999828338623,0.22711311280727386,0,1,SY,0.4543261229991913
02051_H_A_SY_C8,48,324,5.40500020980835,0.23417675495147705,0,1,SY,0.44640207290649414
02051_H_A_SY_C8,50,330,5.50600004196167,0.24890786409378052,0,1,SY,0.4398450255393982
02051_H_A_SY_C8,52,336,5.605999946594238,0.25227826833724976,0,1,SY,0.4332103431224823
02051_H_A_SY_C8,54,342,5.705999851226807,0.25250259041786194,0,1,SY,0.4301239848136902
02051_H_A_SY_C8,56,348,5.806000232696533,0.24908122420310974,0,1,SY,0.42878860235214233
02051_H_A_SY_C8,58,354,5.906000137329102,0.23948219418525696,0,1,SY,0.42835405468940735
02051_H_A_SY_C8,60,360,6.00600004196167,0.2508060038089752,0,1,SY,0.4294264018535614
02051_H_A_SY_C8,62,366,6.105999946594238,0.26536333560943604,0,1,SY,0.4288109540939331
02051_H_A_SY_C8,64,372,6.205999851226807,0.2423049360513687,0,1,SY,0.4272456169128418
02051_H_A_SY_C8,66,378,6.306000232696533,0.2321750372648239,0,1,SY,0.42718514800071716
02051_H_A_SY_C8,68,384,6.406000137329102,0.24300596117973328,0,1,SY,0.42809364199638367
02051_H_A_SY_C8,70,390,6.50600004196167,0.25297877192497253,0,1,SY,0.4287523925304413
02051_H_A_SY_C8,72,396,6.60699987411499,0.23165257275104523,0,1,SY,0.430864155292511
02051_H_A_SY_C8,74,402,6.706999778747559,0.24072018265724182,0,1,SY,0.4338398873806
02051_H_A_SY_C8,76,408,6.807000160217285,0.23707255721092224,0,1,SY,0.43061283230781555
02051_H_A_SY_C8,78,414,6.9070000648498535,0.21134419739246368,0,1,SY,0.43982383608818054
02051_H_A_SY_C8,80,420,7.006999969482422,0.2066648155450821,0,1,SY,0.4413507282733917
02136_H_A_BY_C5,0,180,3.003000020980835,0.2284710854291916,0,1,BY,0.312210351228714
02136_H_A_BY_C5,2,186,3.1029999256134033,0.22052213549613953,0,1,BY,0.3138926923274994
02136_H_A_BY_C5,4,192,3.203000068664551,0.23886005580425262,0,1,BY,0.31248292326927185
02136_H_A_BY_C5,6,198,3.302999973297119,0.24883882701396942,0,1,BY,0.30990228056907654
02136_H_A_BY_C5,8,204,3.4030001163482666,0.25381749868392944,0,1,BY,0.30643191933631897
02136_H_A_BY_C5,10,210,3.503999948501587,0.24642400443553925,0,1,BY,0.3022291362285614
02136_H_A_BY_C5,12,216,3.6040000915527344,0.24202167987823486,0,1,BY,0.299214243888855
02136_H_A_BY_C5,14,222,3.7039999961853027,0.24482139945030212,0,1,BY,0.2966240644454956
02136_H_A_BY_C5,16,228,3.803999900817871,0.24385419487953186,0,1,BY,0.29323238134384155
02136_H_A_BY_C5,18,234,3.9040000438690186,0.24410903453826904,0,1,BY,0.29091501235961914
02136_H_A_BY_C5,20,240,4.004000186920166,0.24030417203903198,0,1,BY,0.29062390327453613
02136_H_A_BY_C5,22,246,4.104000091552734,0.2364664226770401,0,1,BY,0.2908723056316376
02136_H_A_BY_C5,24,252,4.203999996185303,0.23799829185009003,0,1,BY,0.29027754068374634
02136_H_A_BY_C5,26,258,4.303999900817871,0.24268364906311035,0,1,BY,0.28897756338119507
02136_H_A_BY_C5,28,264,4.4039998054504395,0.2489618957042694,0,1,BY,0.28875693678855896
02136_H_A_BY_C5,30,270,4.505000114440918,0.24029643833637238,0,1,BY,0.28994837403297424
02136_H_A_BY_C5,32,276,4.605000019073486,0.23583324253559113,0,1,BY,0.2925950884819031
02136_H_A_BY_C5,34,282,4.704999923706055,0.22781121730804443,0,1,BY,0.2936488389968872
02136_H_A_BY_C5,36,288,4.804999828338623,0.2302710860967636,0,1,BY,0.29696959257125854
02136_H_A_BY_C5,38,294,4.90500020980835,0.23029060661792755,0,1,BY,0.2990131080150604
02136_H_A_BY_C5,40,300,5.005000114440918,0.2331005185842514,0,1,BY,0.30080655217170715
02136_H_A_BY_C5,42,306,5.105000019073486,0.22812412679195404,0,1,BY,0.3036372661590576
02136_H_A_BY_C5,44,312,5.204999923706055,0.22815021872520447,0,1,BY,0.30530983209609985
02136_H_A_BY_C5,46,318,5.304999828338623,0.23242901265621185,0,1,BY,0.3060477077960968
02136_H_A_BY_C5,48,324,5.40500020980835,0.22991003096103668,0,1,BY,0.3072480857372284
02136_H_A_BY_C5,50,330,5.50600004196167,0.22631478309631348,0,1,BY,0.3093310594558716
02136_H_A_BY_C5,52,336,5.605999946594238,0.23174874484539032,0,1,BY,0.31080877780914307
02136_H_A_BY_C5,54,342,5.705999851226807,0.22866009175777435,0,1,BY,0.3108450472354889
02136_H_A_BY_C5,56,348,5.806000232696533,0.2241000235080719,0,1,BY,0.3118128180503845
02136_H_A_BY_C5,58,354,5.906000137329102,0.2216631919145584,0,1,BY,0.3138638138771057
02136_H_A_BY_C5,60,360,6.00600004196167,0.23245741426944733,0,1,BY,0.3142920732498169
02136_H_A_BY_C5,62,366,6.105999946594238,0.23503649234771729,0,1,BY,0.31301140785217285
02136_H_A_BY_C5,64,372,6.205999851226807,0.23352375626564026,0,1,BY,0.31213778257369995
02136_H_A_BY_C5,66,378,6.306000232696533,0.22995032370090485,0,1,BY,0.31358808279037476
02136_H_A_BY_C5,68,384,6.406000137329102,0.23699751496315002,0,1,BY,0.31389403343200684
02136_H_A_BY_C5,70,390,6.50600004196167,0.2368069887161255,0,1,BY,0.3153960704803467
02136_H_A_BY_C5,72,396,6.60699987411499,0.2313055694103241,0,1,BY,0.3157534897327423
02136_H_A_BY_C5,74,402,6.706999778747559,0.23085571825504303,0,1,BY,0.31703680753707886
02136_H_A_BY_C5,76,408,6.807000160217285,0.23298881947994232,0,1,BY,0.31837695837020874
02136_H_A_BY_C5,78,414,6.9070000648498535,0.22662681341171265,0,1,BY,0.31948742270469666
02136_H_A_BY_C5,80,420,7.006999969482422,0.23726756870746613,0,1,BY,0.31979021430015564
02210_H_A_FY_C7,0,180,3.0,0.39638012647628784,0,1,FY,0.35113608837127686
02210_H_A_FY_C7,2,186,3.0999999046325684,0.4278697073459625,0,1,FY,0.3470851480960846
02210_H_A_FY_C7,4,192,3.200000047683716,0.4384259283542633,0,1,FY,0.3405083417892456
02210_H_A_FY_C7,6,198,3.299999952316284,0.45349693298339844,0,1,FY,0.327849805355072
02210_H_A_FY_C7,8,204,3.4000000953674316,0.4750020503997803,0,1,FY,0.30811789631843567
02210_H_A_FY_C7,10,210,3.5,0.49381449818611145,0,1,FY,0.2901844382286072
02210_H_A_FY_C7,12,216,3.5999999046325684,0.49748465418815613,0,1,FY,0.2173023819923401
02210_H_A_FY_C7,14,222,3.700000047683716,0.5037009716033936,0,1,FY,0.18072503805160522
02210_H_A_FY_C7,16,228,3.799999952316284,0.5004772543907166,0,1,FY,0.21107813715934753
02210_H_A_FY_C7,18,234,3.9000000953674316,0.4631365239620209,0,1,FY,0.225533589720726
02210_H_A_FY_C7,20,240,4.0,0.4411444365978241,0,1,FY,0.25165581703186035
02210_H_A_FY_C7,22,246,4.099999904632568,0.3835080862045288,0,1,FY,0.2600363790988922
02210_H_A_FY_C7,24,252,4.199999809265137,0.34361669421195984,0,1,FY,0.24507135152816772
02210_H_A_FY_C7,26,258,4.300000190734863,0.32538795471191406,0,1,FY,0.28093090653419495
02210_H_A_FY_C7,28,264,4.400000095367432,0.3377089202404022,0,1,FY,0.27562183141708374
02210_H_A_FY_C7,30,270,4.5,0.3366876244544983,0,1,FY,0.2754707336425781
02210_H_A_FY_C7,32,276,4.599999904632568,0.32248204946517944,0,1,FY,0.2737484872341156
02210_H_A_FY_C7,34,282,4.699999809265137,0.3212956190109253,0,1,FY,0.275556743144989
02210_H_A_FY_C7,36,288,4.800000190734863,0.32310572266578674,0,1,FY,0.27830803394317627
02210_H_A_FY_C7,38,294,4.900000095367432,0.32349342107772827,0,1,FY,0.2793041169643402
02210_H_A_FY_C7,40,300,5.0,0.3198557198047638,0,1,FY,0.27762570977211
02210_H_A_FY_C7,42,306,5.099999904632568,0.31275567412376404,0,1,FY,0.2771170139312744
02210_H_A_FY_C7,44,312,5.199999809265137,0.31387341022491455,0,1,FY,0.2731587588787079
02210_H_A_FY_C7,46,318,5.300000190734863,0.30950257182121277,0,1,FY,0.27794960141181946
02210_H_A_FY_C7,48,324,5.400000095367432,0.30519890785217285,0,1,FY,0.27715063095092773
02210_H_A_FY_C7,50,330,5.5,0.30158567428588867,0,1,FY,0.277732253074646
02210_H_A_FY_C7,52,336,5.599999904632568,0.2909506857395172,0,1,FY,0.27739742398262024
02210_H_A_FY_C7,54,342,5.699999809265137,0.29590174555778503,0,1,FY,0.2775419354438782
02210_H_A_FY_C7,56,348,5.800000190734863,0.2994294762611389,0,1,FY,0.28019243478775024
02210_H_A_FY_C7,58,354,5.900000095367432,0.2895781099796295,0,1,FY,0.2863689959049225
02210_H_A_FY_C7,60,360,6.0,0.29305824637413025,0,1,FY,0.27357274293899536
02210_H_A_FY_C7,62,366,6.099999904632568,0.3101622760295868,0,1,FY,0.26926809549331665
02210_H_A_FY_C7,64,372,6.199999809265137,0.3036095201969147,0,1,FY,0.28938260674476624
02210_H_A_FY_C7,66,378,6.300000190734863,0.3104468286037445,0,1,FY,0.2643575966358185
02210_H_A_FY_C7,68,384,6.400000095367432,0.3190223276615143,0,1,FY,0.2638740837574005
02210_H_A_FY_C7,70,390,6.5,0.3213297724723816,0,1,FY,0.2642453908920288
02210_H_A_FY_C7,72,396,6.599999904632568,0.3236750662326813,0,1,FY,0.2685847282409668
02210_H_A_FY_C7,74,402,6.699999809265137,0.32484766840934753,0,1,FY,0.2684621214866638
02210_H_A_FY_C7,76,408,6.800000190734863,0.3250010311603546,0,1,FY,0.2685464322566986
02210_H_A_FY_C7,78,414,6.900000095367432,0.31657674908638,0,1,FY,0.26967257261276245
02210_H_A_FY_C7,80,420,7.0,0.31491920351982117,0,1,FY,0.27261456847190857
02246_H_A_FY_C5,0,180,3.003000020980835,0.2732296288013458,0,1,FY,0.35193392634391785
02246_H_A_FY_C5,2,186,3.1029999256134033,0.33115682005882263,0,1,FY,0.3404695689678192
02246_H_A_FY_C5,4,192,3.203000068664551,0.43682199716567993,0,1,FY,0.32611119747161865
02246_H_A_FY_C5,6,198,3.302999973297119,0.3521197736263275,0,1,FY,0.3149415850639343
02246_H_A_FY_C5,8,204,3.4030001163482666,0.3311706781387329,0,1,FY,0.312886506319046
02246_H_A_FY_C5,10,210,3.503999948501587,0.3345101773738861,0,1,FY,0.3083752989768982
02246_H_A_FY_C5,12,216,3.6040000915527344,0.3707573413848877,0,1,FY,0.30244386196136475
02246_H_A_FY_C5,14,222,3.7039999961853027,0.35390278697013855,0,1,FY,0.29451557993888855
02246_H_A_FY_C5,16,228,3.803999900817871,0.37331444025039673,0,1,FY,0.2805989980697632
02246_H_A_FY_C5,18,234,3.9040000438690186,0.39838021993637085,0,1,FY,0.2659175992012024
02246_H_A_FY_C5,20,240,4.004000186920166,0.42571255564689636,0,1,FY,0.2515065371990204
02246_H_A_FY_C5,22,246,4.104000091552734,0.4435708820819855,0,1,FY,0.24528640508651733
02246_H_A_FY_C5,24,252,4.203999996185303,0.47056254744529724,0,1,FY,0.24320340156555176
02246_H_A_FY_C5,26,258,4.303999900817871,0.4711107611656189,0,1,FY,0.2546384334564209
02246_H_A_FY_C5,28,264,4.4039998054504395,0.4663148522377014,0,1,FY,0.24598850309848785
02246_H_A_FY_C5,30,270,4.505000114440918,0.4597518742084503,0,1,FY,0.2461494505405426
02246_H_A_FY_C5,32,276,4.605000019073486,0.4558030068874359,0,1,FY,0.2450203001499176
02246_H_A_FY_C5,34,282,4.704999923706055,0.45342010259628296,0,1,FY,0.2585331201553345
02246_H_A_FY_C5,36,288,4.804999828338623,0.47153037786483765,0,1,FY,0.2661930322647095
02246_H_A_FY_C5,38,294,4.90500020980835,0.4790378510951996,0,1,FY,0.25743648409843445
02246_H_A_FY_C5,40,300,5.005000114440918,0.47953951358795166,0,1,FY,0.2522945702075958
02246_H_A_FY_C5,42,306,5.105000019073486,0.5001037120819092,0,1,FY,0.2551285922527313
02246_H_A_FY_C5,44,312,5.204999923706055,0.5072712898254395,0,1,FY,0.26282086968421936
02246_H_A_FY_C5,46,318,5.304999828338623,0.5090445876121521,0,1,FY,0.267551451921463
02246_H_A_FY_C5,48,324,5.40500020980835,0.3853391408920288,0,1,FY,0.2671799659729004
02246_H_A_FY_C5,50,330,5.50600004196167,0.267707496881485,0,1,FY,0.26988041400909424
02246_H_A_FY_C5,52,336,5.605999946594238,0.24010279774665833,0,1,FY,0.27505549788475037
02246_H_A_FY_C5,54,342,5.705999851226807,0.23215174674987793,0,1,FY,0.2784069776535034
02246_H_A_FY_C5,56,348,5.806000232696533,0.22135242819786072,0,1,FY,0.2801491916179657
02246_H_A_FY_C5,58,354,5.906000137329102,0.22355502843856812,0,1,FY,0.28011253476142883
02246_H_A_FY_C5,60,360,6.00600004196167,0.24778705835342407,0,1,FY,0.281155526638031
02246_H_A_FY_C5,62,366,6.105999946594238,0.2503660023212433,0,1,FY,0.2830490171909332
02246_H_A_FY_C5,64,372,6.205999851226807,0.2405335009098053,0,1,FY,0.28285831212997437
02246_H_A_FY_C5,66,378,6.306000232696533,0.2444918006658554,0,1,FY,0.2817099392414093
02246_H_A_FY_C5,68,384,6.406000137329102,0.22946278750896454,0,1,FY,0.2801145911216736
02246_H_A_FY_C5,70,390,6.50600004196167,0.2407248467206955,0,1,FY,0.28116580843925476
02246_H_A_FY_C5,72,396,6.60699987411499,0.24870292842388153,0,1,FY,0.2809566855430603
02246_H_A_FY_C5,74,402,6.706999778747559,0.2598711848258972,0,1,FY,0.2815890312194824
02246_H_A_FY_C5,76,408,6.807000160217285,0.2548723816871643,0,1,FY,0.280028373003006
02246_H_A_FY_C5,78,414,6.9070000648498535,0.2505967915058136,0,1,FY,0.27844128012657166
02246_H_A_FY_C5,80,420,7.006999969482422,0.2483207881450653,0,1,FY,0.28631141781806946
02253_H_A_BY_C5,0,180,3.003000020980835,0.23714666068553925,0,1,BY,0.3328360617160797
02253_H_A_BY_C5,2,186,3.1029999256134033,0.21851089596748352,0,1,BY,0.33682143688201904
02253_H_A_BY_C5,4,192,3.203000068664551,0.212213397026062,0,1,BY,0.3310542106628418
02253_H_A_BY_C5,6,198,3.302999973297119,0.2271321713924408,0,1,BY,0.33188626170158386
02253_H_A_BY_C5,8,204,3.4030001163482666,0.24379652738571167,0,1,BY,0.3432353436946869
02253_H_A_BY_C5,10,210,3.503999948501587,0.2538919746875763,0,1,BY,0.3475184142589569
02253_H_A_BY_C5,12,216,3.6040000915527344,0.306851327419281,0,1,BY,0.3353576362133026
02253_H_A_BY_C5,14,222,3.7039999961853027,0.34021878242492676,0,1,BY,0.3529677093029022
02253_H_A_BY_C5,16,228,3.803999900817871,0.35163551568984985,0,1,BY,0.35623496770858765
02253_H_A_BY_C5,18,234,3.9040000438690186,0.3660014867782593,0,1,BY,0.3524051904678345
02253_H_A_BY_C5,20,240,4.004000186920166,0.36479538679122925,0,1,BY,0.35480159521102905
02253_H_A_BY_C5,22,246,4.104000091552734,0.3759893476963043,0,1,BY,0.35726505517959595
02253_H_A_BY_C5,24,252,4.203999996185303,0.3888337314128876,0,1,BY,0.3714434802532196
02253_H_A_BY_C5,26,258,4.303999900817871,0.4082096219062805,0,1,BY,0.35765498876571655
02253_H_A_BY_C5,28,264,4.4039998054504395,0.3277447819709778,0,1,BY,0.3430871069431305
02253_H_A_BY_C5,30,270,4.505000114440918,0.34485629200935364,0,1,BY,0.34142112731933594
02253_H_A_BY_C5,32,276,4.605000019073486,0.36248528957366943,0,1,BY,0.34590014815330505
02253_H_A_BY_C5,34,282,4.704999923706055,0.36661043763160706,0,1,BY,0.35146987438201904
02253_H_A_BY_C5,36,288,4.804999828338623,0.3476264178752899,0,1,BY,0.3554469645023346
02253_H_A_BY_C5,38,294,4.90500020980835,0.3332166075706482,0,1,BY,0.3665781617164612
02253_H_A_BY_C5,40,300,5.005000114440918,0.379824161529541,0,1,BY,0.3661995828151703
02253_H_A_BY_C5,42,306,5.105000019073486,0.42985257506370544,0,1,BY,0.3627639412879944
02253_H_A_BY_C5,44,312,5.204999923706055,0.5191128849983215,0,1,BY,0.3695724606513977
02253_H_A_BY_C5,46,318,5.304999828338623,0.5917128324508667,1,1,BY,0.3665497601032257
02253_H_A_BY_C5,48,324,5.40500020980835,0.5970134735107422,1,1,BY,0.356124609708786
02253_H_A_BY_C5,50,330,5.50600004196167,0.4675805866718292,0,1,BY,0.35257723927497864
02253_H_A_BY_C5,52,336,5.605999946594238,0.4794861376285553,0,1,BY,0.36747652292251587
02253_H_A_BY_C5,54,342,5.705999851226807,0.3955997824668884,0,1,BY,0.35129645466804504
02253_H_A_BY_C5,56,348,5.806000232696533,0.3558700978755951,0,1,BY,0.3504771888256073
02253_H_A_BY_C5,58,354,5.906000137329102,0.3261966109275818,0,1,BY,0.35452911257743835
02253_H_A_BY_C5,60,360,6.00600004196167,0.3100939095020294,0,1,BY,0.3554237484931946
02253_H_A_BY_C5,62,366,6.105999946594238,0.2967089116573334,0,1,BY,0.35601696372032166
02253_H_A_BY_C5,64,372,6.205999851226807,0.2864547669887543,0,1,BY,0.35483211278915405
02253_H_A_BY_C5,66,378,6.306000232696533,0.2680485248565674,0,1,BY,0.35544803738594055
02253_H_A_BY_C5,68,384,6.406000137329102,0.2611216902732849,0,1,BY,0.3569999635219574
02253_H_A_BY_C5,70,390,6.50600004196167,0.2602742910385132,0,1,BY,0.3567081093788147
02253_H_A_BY_C5,72,396,6.60699987411499,0.26042574644088745,0,1,BY,0.34652596712112427
02253_H_A_BY_C5,74,402,6.706999778747559,0.2664180397987366,0,1,BY,0.33089157938957214
02253_H_A_BY_C5,76,408,6.807000160217285,0.2699418365955353,0,1,BY,0.34675365686416626
02253_H_A_BY_C5,78,414,6.9070000648498535,0.265677809715271,0,1,BY,0.33392712473869324
02253_H_A_BY_C5,80,420,7.006999969482422,0.26121094822883606,0,1,BY,0.33507615327835083
02261_H_A_BY_C8,0,180,3.003000020980835,0.32462939620018005,0,1,BY,0.3114423155784607
02261_H_A_BY_C8,2,186,3.1029999256134033,0.32665684819221497,0,1,BY,0.3115755617618561
02261_H_A_BY_C8,4,192,3.203000068664551,0.32666680216789246,0,1,BY,0.3119736611843109
02261_H_A_BY_C8,6,198,3.302999973297119,0.33461683988571167,0,1,BY,0.3133656084537506
02261_H_A_BY_C8,8,204,3.4030001163482666,0.35143256187438965,0,1,BY,0.3141881227493286
02261_H_A_BY_C8,10,210,3.503999948501587,0.3415115177631378,0,1,BY,0.31478723883628845
02261_H_A_BY_C8,12,216,3.6040000915527344,0.3228965997695923,0,1,BY,0.31580889225006104
02261_H_A_BY_C8,14,222,3.7039999961853027,0.3158252239227295,0,1,BY,0.31671395897865295
02261_H_A_BY_C8,16,228,3.803999900817871,0.306292325258255,0,1,BY,0.3171033561229706
02261_H_A_BY_C8,18,234,3.9040000438690186,0.29197707772254944,0,1,BY,0.31743863224983215
02261_H_A_BY_C8,20,240,4.004000186920166,0.2950689494609833,0,1,BY,0.31479236483573914
02261_H_A_BY_C8,22,246,4.104000091552734,0.30548298358917236,0,1,BY,0.3135291039943695
02261_H_A_BY_C8,24,252,4.203999996185303,0.29568254947662354,0,1,BY,0.313791960477829
02261_H_A_BY_C8,26,258,4.303999900817871,0.29079729318618774,0,1,BY,0.3130626976490021
02261_H_A_BY_C8,28,264,4.4039998054504395,0.2857484519481659,0,1,BY,0.31390106678009033
02261_H_A_BY_C8,30,270,4.505000114440918,0.29704856872558594,0,1,BY,0.31215670704841614
02261_H_A_BY_C8,32,276,4.605000019073486,0.3106417655944824,0,1,BY,0.31149420142173767
02261_H_A_BY_C8,34,282,4.704999923706055,0.30911773443222046,0,1,BY,0.31256935000419617
02261_H_A_BY_C8,36,288,4.804999828338623,0.29985275864601135,0,1,BY,0.31445595622062683
02261_H_A_BY_C8,38,294,4.90500020980835,0.29210028052330017,0,1,BY,0.31523722410202026
02261_H_A_BY_C8,40,300,5.005000114440918,0.2929272949695587,0,1,BY,0.3173093795776367
02261_H_A_BY_C8,42,306,5.105000019073486,0.29501864314079285,0,1,BY,0.3178353011608124
02261_H_A_BY_C8,44,312,5.204999923706055,0.30328357219696045,0,1,BY,0.3170061409473419
02261_H_A_BY_C8,46,318,5.304999828338623,0.3073968291282654,0,1,BY,0.3154129385948181
02261_H_A_BY_C8,48,324,5.40500020980835,0.3248128890991211,0,1,BY,0.31349852681159973
02261_H_A_BY_C8,50,330,5.50600004196167,0.3360838294029236,0,1,BY,0.31238067150115967
02261_H_A_BY_C8,52,336,5.605999946594238,0.33484581112861633,0,1,BY,0.3122798204421997
02261_H_A_BY_C8,54,342,5.705999851226807,0.34118103981018066,0,1,BY,0.31038936972618103
02261_H_A_BY_C8,56,348,5.806000232696533,0.33393049240112305,0,1,BY,0.3101446032524109
02261_H_A_BY_C8,58,354,5.906000137329102,0.31265535950660706,0,1,BY,0.3100426495075226
02261_H_A_BY_C8,60,360,6.00600004196167,0.31837987899780273,0,1,BY,0.31124696135520935
02261_H_A_BY_C8,62,366,6.105999946594238,0.32721513509750366,0,1,BY,0.31117698550224304
02261_H_A_BY_C8,64,372,6.205999851226807,0.33965128660202026,0,1,BY,0.31157079339027405
02261_H_A_BY_C8,66,378,6.306000232696533,0.34425804018974304,0,1,BY,0.3111766278743744
02261_H_A_BY_C8,68,384,6.406000137329102,0.326918363571167,0,1,BY,0.3112376034259796
02261_H_A_BY_C8,70,390,6.50600004196167,0.33161690831184387,0,1,BY,0.3132498562335968
02261_H_A_BY_C8,72,396,6.60699987411499,0.3349047303199768,0,1,BY,0.31335538625717163
02261_H_A_BY_C8,74,402,6.706999778747559,0.3178611397743225,0,1,BY,0.31174150109291077
02261_H_A_BY_C8,76,408,6.807000160217285,0.2967047393321991,0,1,BY,0.31001609563827515
02261_H_A_BY_C8,78,414,6.9070000648498535,0.3029077649116516,0,1,BY,0.31005099415779114
02261_H_A_BY_C8,80,420,7.006999969482422,0.2772475779056549,0,1,BY,0.3102911710739136
02301_H_A_SY_C8,0,180,3.0,0.33689799904823303,0,1,SY,0.46510687470436096
02301_H_A_SY_C8,2,186,3.0999999046325684,0.335558146238327,0,1,SY,0.4556576907634735
02301_H_A_SY_C8,4,192,3.200000047683716,0.3300446569919586,0,1,SY,0.4467187225818634
02301_H_A_SY_C8,6,198,3.299999952316284,0.3359655439853668,0,1,SY,0.4348341226577759
02301_H_A_SY_C8,8,204,3.4000000953674316,0.3456055521965027,0,1,SY,0.4222177267074585
02301_H_A_SY_C8,10,210,3.5,0.3524239957332611,0,1,SY,0.4046895205974579
02301_H_A_SY_C8,12,216,3.5999999046325684,0.36230963468551636,0,1,SY,0.3805163502693176
02301_H_A_SY_C8,14,222,3.700000047683716,0.359673410654068,0,1,SY,0.35103940963745117
02301_H_A_SY_C8,16,228,3.799999952316284,0.36164483428001404,0,1,SY,0.3239574730396271
02301_H_A_SY_C8,18,234,3.9000000953674316,0.3787088394165039,0,1,SY,0.29749980568885803
02301_H_A_SY_C8,20,240,4.0,0.39145246148109436,0,1,SY,0.27536213397979736
02301_H_A_SY_C8,22,246,4.099999904632568,0.40342020988464355,0,1,SY,0.2569032311439514
02301_H_A_SY_C8,24,252,4.199999809265137,0.41862210631370544,0,1,SY,0.24074570834636688
02301_H_A_SY_C8,26,258,4.300000190734863,0.45124244689941406,0,1,SY,0.22961491346359253
02301_H_A_SY_C8,28,264,4.400000095367432,0.4815846383571625,0,1,SY,0.23221592605113983
02301_H_A_SY_C8,30,270,4.5,0.5124168992042542,0,1,SY,0.23759602010250092
02301_H_A_SY_C8,32,276,4.599999904632568,0.5047994256019592,0,1,SY,0.2150922566652298
02301_H_A_SY_C8,34,282,4.699999809265137,0.4997306168079376,0,1,SY,0.18933433294296265
02301_H_A_SY_C8,36,288,4.800000190734863,0.5075675249099731,0,1,SY,0.18390724062919617
02301_H_A_SY_C8,38,294,4.900000095367432,0.5071194171905518,0,1,SY,0.1775766909122467
02301_H_A_SY_C8,40,300,5.0,0.48501208424568176,0,1,SY,0.17298780381679535
02301_H_A_SY_C8,42,306,5.099999904632568,0.4537321925163269,0,1,SY,0.17301008105278015
02301_H_A_SY_C8,44,312,5.199999809265137,0.3602748215198517,0,1,SY,0.17337451875209808
02301_H_A_SY_C8,46,318,5.300000190734863,0.3251686990261078,0,1,SY,0.17229586839675903
02301_H_A_SY_C8,48,324,5.400000095367432,0.3198898732662201,0,1,SY,0.171710804104805
02301_H_A_SY_C8,50,330,5.5,0.3379126191139221,0,1,SY,0.1718304455280304
02301_H_A_SY_C8,52,336,5.599999904632568,0.41733816266059875,0,1,SY,0.17123635113239288
02301_H_A_SY_C8,54,342,5.699999809265137,0.36535918712615967,0,1,SY,0.16970109939575195
02301_H_A_SY_C8,56,348,5.800000190734863,0.2999829649925232,0,1,SY,0.16916963458061218
02301_H_A_SY_C8,58,354,5.900000095367432,0.2833774983882904,0,1,SY,0.16962239146232605
02301_H_A_SY_C8,60,360,6.0,0.27902403473854065,0,1,SY,0.16914695501327515
02301_H_A_SY_C8,62,366,6.099999904632568,0.2777138352394104,0,1,SY,0.16954471170902252
02301_H_A_SY_C8,64,372,6.199999809265137,0.27684229612350464,0,1,SY,0.17100641131401062
02301_H_A_SY_C8,66,378,6.300000190734863,0.27584943175315857,0,1,SY,0.17293688654899597
02301_H_A_SY_C8,68,384,6.400000095367432,0.2953827679157257,0,1,SY,0.17145822942256927
02301_H_A_SY_C8,70,390,6.5,0.30277496576309204,0,1,SY,0.17045322060585022
02301_H_A_SY_C8,72,396,6.599999904632568,0.2944470942020416,0,1,SY,0.1702403575181961
02301_H_A_SY_C8,74,402,6.699999809265137,0.29655882716178894,0,1,SY,0.17161107063293457
02301_H_A_SY_C8,76,408,6.800000190734863,0.3049743175506592,0,1,SY,0.17144547402858734
02301_H_A_SY_C8,78,414,6.900000095367432,0.29693958163261414,0,1,SY,0.17035242915153503
02301_H_A_SY_C8,80,420,7.0,0.29476451873779297,0,1,SY,0.17063488066196442
02369_H_A_FY_C7,0,180,3.0,0.3040182888507843,0,1,FY,0.3546932339668274
02369_H_A_FY_C7,2,186,3.0999999046325684,0.3259592354297638,0,1,FY,0.35029345750808716
02369_H_A_FY_C7,4,192,3.200000047683716,0.3373106122016907,0,1,FY,0.3456037640571594
02369_H_A_FY_C7,6,198,3.299999952316284,0.34368324279785156,0,1,FY,0.34018081426620483
02369_H_A_FY_C7,8,204,3.4000000953674316,0.3204091787338257,0,1,FY,0.33214110136032104
02369_H_A_FY_C7,10,210,3.5,0.2978094220161438,0,1,FY,0.3308693766593933
02369_H_A_FY_C7,12,216,3.5999999046325684,0.3001338243484497,0,1,FY,0.33108699321746826
02369_H_A_FY_C7,14,222,3.700000047683716,0.30402541160583496,0,1,FY,0.3332292139530182
02369_H_A_FY_C7,16,228,3.799999952316284,0.3262762725353241,0,1,FY,0.33586663007736206
02369_H_A_FY_C7,18,234,3.9000000953674316,0.401906818151474,0,1,FY,0.3396267294883728
02369_H_A_FY_C7,20,240,4.0,0.4412459135055542,0,1,FY,0.34247884154319763
02369_H_A_FY_C7,22,246,4.099999904632568,0.349816232919693,0,1,FY,0.3472435474395752
02369_H_A_FY_C7,24,252,4.199999809265137,0.31240200996398926,0,1,FY,0.3509844243526459
02369_H_A_FY_C7,26,258,4.300000190734863,0.32147344946861267,0,1,FY,0.35748565196990967
02369_H_A_FY_C7,28,264,4.400000095367432,0.35173913836479187,0,1,FY,0.3620658814907074
02369_H_A_FY_C7,30,270,4.5,0.4266282916069031,0,1,FY,0.3690587282180786
02369_H_A_FY_C7,32,276,4.599999904632568,0.4356478750705719,0,1,FY,0.37548500299453735
02369_H_A_FY_C7,34,282,4.699999809265137,0.3889785408973694,0,1,FY,0.3705746829509735
02369_H_A_FY_C7,36,288,4.800000190734863,0.3578065037727356,0,1,FY,0.38637804985046387
02369_H_A_FY_C7,38,294,4.900000095367432,0.3924545347690582,0,1,FY,0.398040771484375
02369_H_A_FY_C7,40,300,5.0,0.40070050954818726,0,1,FY,0.3973887264728546
02369_H_A_FY_C7,42,306,5.099999904632568,0.45650702714920044,0,1,FY,0.4025273621082306
02369_H_A_FY_C7,44,312,5.199999809265137,0.41377347707748413,0,1,FY,0.4074367880821228
02369_H_A_FY_C7,46,318,5.300000190734863,0.3590930998325348,0,1,FY,0.4122757911682129
02369_H_A_FY_C7,48,324,5.400000095367432,0.24180206656455994,0,1,FY,0.4221609830856323
02369_H_A_FY_C7,50,330,5.5,0.18435074388980865,0,1,FY,0.42380043864250183
02369_H_A_FY_C7,52,336,5.599999904632568,0.17449676990509033,0,1,FY,0.42500975728034973
02369_H_A_FY_C7,54,342,5.699999809265137,0.17514747381210327,0,1,FY,0.42553770542144775
02369_H_A_FY_C7,56,348,5.800000190734863,0.17263437807559967,0,1,FY,0.426662415266037
02369_H_A_FY_C7,58,354,5.900000095367432,0.16388006508350372,0,1,FY,0.4274504780769348
02369_H_A_FY_C7,60,360,6.0,0.173218235373497,0,1,FY,0.4267336428165436
02369_H_A_FY_C7,62,366,6.099999904632568,0.2646169066429138,0,1,FY,0.4240889251232147
02369_H_A_FY_C7,64,372,6.199999809265137,0.25981977581977844,0,1,FY,0.4251575171947479
02369_H_A_FY_C7,66,378,6.300000190734863,0.19590021669864655,0,1,FY,0.42502763867378235
02369_H_A_FY_C7,68,384,6.400000095367432,0.19604726135730743,0,1,FY,0.4210280478000641
02369_H_A_FY_C7,70,390,6.5,0.20231173932552338,0,1,FY,0.4161774516105652
02369_H_A_FY_C7,72,396,6.599999904632568,0.2171841412782669,0,1,FY,0.4101497232913971
02369_H_A_FY_C7,74,402,6.699999809265137,0.23549404740333557,0,1,FY,0.404771625995636
02369_H_A_FY_C7,76,408,6.800000190734863,0.25990912318229675,0,1,FY,0.3979846239089966
02369_H_A_FY_C7,78,414,6.900000095367432,0.2687515318393707,0,1,FY,0.3930315375328064
02369_H_A_FY_C7,80,420,7.0,0.2866404950618744,0,1,FY,0.3886328339576721
02369_H_A_FY_C8,0,180,3.0,0.40309280157089233,0,1,FY,0.2874488830566406
02369_H_A_FY_C8,2,186,3.0999999046325684,0.40093836188316345,0,1,FY,0.28763628005981445
02369_H_A_FY_C8,4,192,3.200000047683716,0.40171751379966736,0,1,FY,0.28800228238105774
02369_H_A_FY_C8,6,198,3.299999952316284,0.39255133271217346,0,1,FY,0.2898623049259186
02369_H_A_FY_C8,8,204,3.4000000953674316,0.40329885482788086,0,1,FY,0.29095837473869324
02369_H_A_FY_C8,10,210,3.5,0.425154447555542,0,1,FY,0.2992238700389862
02369_H_A_FY_C8,12,216,3.5999999046325684,0.40651535987854004,0,1,FY,0.2990691363811493
02369_H_A_FY_C8,14,222,3.700000047683716,0.388704389333725,0,1,FY,0.2972162067890167
02369_H_A_FY_C8,16,228,3.799999952316284,0.3829230070114136,0,1,FY,0.29667916893959045
02369_H_A_FY_C8,18,234,3.9000000953674316,0.38140788674354553,0,1,FY,0.293424516916275
02369_H_A_FY_C8,20,240,4.0,0.3818666636943817,0,1,FY,0.2922305166721344
02369_H_A_FY_C8,22,246,4.099999904632568,0.38172829151153564,0,1,FY,0.2903972268104553
02369_H_A_FY_C8,24,252,4.199999809265137,0.3813152313232422,0,1,FY,0.29196789860725403
02369_H_A_FY_C8,26,258,4.300000190734863,0.38392385840415955,0,1,FY,0.2912217974662781
02369_H_A_FY_C8,28,264,4.400000095367432,0.3862197697162628,0,1,FY,0.29364675283432007
02369_H_A_FY_C8,30,270,4.5,0.38468730449676514,0,1,FY,0.2963058650493622
02369_H_A_FY_C8,32,276,4.599999904632568,0.3806357979774475,0,1,FY,0.30006417632102966
02369_H_A_FY_C8,34,282,4.699999809265137,0.38799402117729187,0,1,FY,0.2993732988834381
02369_H_A_FY_C8,36,288,4.800000190734863,0.38502660393714905,0,1,FY,0.2996039390563965
02369_H_A_FY_C8,38,294,4.900000095367432,0.3807137608528137,0,1,FY,0.30082252621650696
02369_H_A_FY_C8,40,300,5.0,0.3815760016441345,0,1,FY,0.30372947454452515
02369_H_A_FY_C8,42,306,5.099999904632568,0.3809797465801239,0,1,FY,0.3055139183998108
02369_H_A_FY_C8,44,312,5.199999809265137,0.39970552921295166,0,1,FY,0.3063841164112091
02369_H_A_FY_C8,46,318,5.300000190734863,0.412368506193161,0,1,FY,0.30530035495758057
02369_H_A_FY_C8,48,324,5.400000095367432,0.41729605197906494,0,1,FY,0.30353087186813354
02369_H_A_FY_C8,50,330,5.5,0.4038396179676056,0,1,FY,0.3034414052963257
02369_H_A_FY_C8,52,336,5.599999904632568,0.39505285024642944,0,1,FY,0.30287256836891174
02369_H_A_FY_C8,54,342,5.699999809265137,0.3944219648838043,0,1,FY,0.30114448070526123
02369_H_A_FY_C8,56,348,5.800000190734863,0.39212822914123535,0,1,FY,0.30158013105392456
02369_H_A_FY_C8,58,354,5.900000095367432,0.40166330337524414,0,1,FY,0.30046340823173523
02369_H_A_FY_C8,60,360,6.0,0.4058225750923157,0,1,FY,0.2985824644565582
02369_H_A_FY_C8,62,366,6.099999904632568,0.4034353494644165,0,1,FY,0.29752910137176514
02369_H_A_FY_C8,64,372,6.199999809265137,0.3946739137172699,0,1,FY,0.2968156039714813
02369_H_A_FY_C8,66,378,6.300000190734863,0.39072126150131226,0,1,FY,0.2966887056827545
02369_H_A_FY_C8,68,384,6.400000095367432,0.3883626163005829,0,1,FY,0.2945826053619385
02369_H_A_FY_C8,70,390,6.5,0.3954613506793976,0,1,FY,0.2883806824684143
02369_H_A_FY_C8,72,396,6.599999904632568,0.3909514248371124,0,1,FY,0.288777619600296
02369_H_A_FY_C8,74,402,6.699999809265137,0.384673535823822,0,1,FY,0.28595876693725586
02369_H_A_FY_C8,76,408,6.800000190734863,0.38554805517196655,0,1,FY,0.2883143424987793
02369_H_A_FY_C8,78,414,6.900000095367432,0.37682342529296875,0,1,FY,0.28831925988197327
02369_H_A_FY_C8,80,420,7.0,0.3697371184825897,0,1,FY,0.2863679528236389
02433_H_A_FY_C8,0,180,3.0,0.43269777297973633,0,1,FY,0.31086310744285583
02433_H_A_FY_C8,2,186,3.0999999046325684,0.43167373538017273,0,1,FY,0.3084540069103241
02433_H_A_FY_C8,4,192,3.200000047683716,0.4312264621257782,0,1,FY,0.308529794216156
02433_H_A_FY_C8,6,198,3.299999952316284,0.42968830466270447,0,1,FY,0.30904772877693176
02433_H_A_FY_C8,8,204,3.4000000953674316,0.4284442365169525,0,1,FY,0.30739349126815796
02433_H_A_FY_C8,10,210,3.5,0.41806480288505554,0,1,FY,0.3059668242931366
02433_H_A_FY_C8,12,216,3.5999999046325684,0.4136661887168884,0,1,FY,0.3024657070636749
02433_H_A_FY_C8,14,222,3.700000047683716,0.42354732751846313,0,1,FY,0.3017546832561493
02433_H_A_FY_C8,16,228,3.799999952316284,0.4212035834789276,0,1,FY,0.3013773560523987
02433_H_A_FY_C8,18,234,3.9000000953674316,0.4265667796134949,0,1,FY,0.3001081943511963
02433_H_A_FY_C8,20,240,4.0,0.4226563274860382,0,1,FY,0.2988142967224121
02433_H_A_FY_C8,22,246,4.099999904632568,0.4244929850101471,0,1,FY,0.29712384939193726
02433_H_A_FY_C8,24,252,4.199999809265137,0.4240754246711731,0,1,FY,0.29551562666893005
02433_H_A_FY_C8,26,258,4.300000190734863,0.4176013469696045,0,1,FY,0.2945685386657715
02433_H_A_FY_C8,28,264,4.400000095367432,0.4169219732284546,0,1,FY,0.29382336139678955
02433_H_A_FY_C8,30,270,4.5,0.406860888004303,0,1,FY,0.29715490341186523
02433_H_A_FY_C8,32,276,4.599999904632568,0.38531482219696045,0,1,FY,0.29844042658805847
02433_H_A_FY_C8,34,282,4.699999809265137,0.37454113364219666,0,1,FY,0.29807037115097046
02433_H_A_FY_C8,36,288,4.800000190734863,0.3649313449859619,0,1,FY,0.3001408278942108
02433_H_A_FY_C8,38,294,4.900000095367432,0.3749288022518158,0,1,FY,0.2992289364337921
02433_H_A_FY_C8,40,300,5.0,0.39408910274505615,0,1,FY,0.30054470896720886
02433_H_A_FY_C8,42,306,5.099999904632568,0.3958512246608734,0,1,FY,0.30258819460868835
02433_H_A_FY_C8,44,312,5.199999809265137,0.38447824120521545,0,1,FY,0.30180126428604126
02433_H_A_FY_C8,46,318,5.300000190734863,0.39432528614997864,0,1,FY,0.3028225898742676
02433_H_A_FY_C8,48,324,5.400000095367432,0.40089672803878784,0,1,FY,0.3022477924823761
02433_H_A_FY_C8,50,330,5.5,0.40771228075027466,0,1,FY,0.3060687482357025
02433_H_A_FY_C8,52,336,5.599999904632568,0.4121089577674866,0,1,FY,0.30833303928375244
02433_H_A_FY_C8,54,342,5.699999809265137,0.42088815569877625,0,1,FY,0.30636975169181824
02433_H_A_FY_C8,56,348,5.800000190734863,0.4234115779399872,0,1,FY,0.3069741427898407
02433_H_A_FY_C8,58,354,5.900000095367432,0.41565173864364624,0,1,FY,0.30918893218040466
02433_H_A_FY_C8,60,360,6.0,0.4190451204776764,0,1,FY,0.3099057078361511
02433_H_A_FY_C8,62,366,6.099999904632568,0.4242642819881439,0,1,FY,0.3090944290161133
02433_H_A_FY_C8,64,372,6.199999809265137,0.4175385534763336,0,1,FY,0.3099979758262634
02433_H_A_FY_C8,66,378,6.300000190734863,0.4124631881713867,0,1,FY,0.3092442452907562
02433_H_A_FY_C8,68,384,6.400000095367432,0.4238176643848419,0,1,FY,0.30758175253868103
02433_H_A_FY_C8,70,390,6.5,0.4212234914302826,0,1,FY,0.30709341168403625
02433_H_A_FY_C8,72,396,6.599999904632568,0.42810362577438354,0,1,FY,0.30580317974090576
02433_H_A_FY_C8,74,402,6.699999809265137,0.42544224858283997,0,1,FY,0.3047744631767273
02433_H_A_FY_C8,76,408,6.800000190734863,0.43118366599082947,0,1,FY,0.3042970299720764
02433_H_A_FY_C8,78,414,6.900000095367432,0.44089066982269287,0,1,FY,0.3040269911289215
02433_H_A_FY_C8,80,420,7.0,0.4239729940891266,0,1,FY,0.30381712317466736
02454_H_A_SY_C8,0,180,3.0,0.43984588980674744,0,1,SY,0.30590271949768066
02454_H_A_SY_C8,2,186,3.0999999046325684,0.43826448917388916,0,1,SY,0.30614662170410156
02454_H_A_SY_C8,4,192,3.200000047683716,0.441372811794281,0,1,SY,0.30786845088005066
02454_H_A_SY_C8,6,198,3.299999952316284,0.4484485685825348,0,1,SY,0.3084370493888855
02454_H_A_SY_C8,8,204,3.4000000953674316,0.4382379353046417,0,1,SY,0.307553231716156
02454_H_A_SY_C8,10,210,3.5,0.4366297721862793,0,1,SY,0.31095200777053833
02454_H_A_SY_C8,12,216,3.5999999046325684,0.43160760402679443,0,1,SY,0.3131031394004822
02454_H_A_SY_C8,14,222,3.700000047683716,0.41723230481147766,0,1,SY,0.3116700053215027
02454_H_A_SY_C8,16,228,3.799999952316284,0.42292872071266174,0,1,SY,0.3116687834262848
02454_H_A_SY_C8,18,234,3.9000000953674316,0.4370555877685547,0,1,SY,0.31107231974601746
02454_H_A_SY_C8,20,240,4.0,0.43591955304145813,0,1,SY,0.31307750940322876
02454_H_A_SY_C8,22,246,4.099999904632568,0.4389715790748596,0,1,SY,0.31553879380226135
02454_H_A_SY_C8,24,252,4.199999809265137,0.4372253119945526,0,1,SY,0.3155668079853058
02454_H_A_SY_C8,26,258,4.300000190734863,0.43664222955703735,0,1,SY,0.3173167407512665
02454_H_A_SY_C8,28,264,4.400000095367432,0.4330044388771057,0,1,SY,0.3169703483581543
02454_H_A_SY_C8,30,270,4.5,0.43187186121940613,0,1,SY,0.31380340456962585
02454_H_A_SY_C8,32,276,4.599999904632568,0.4361819326877594,0,1,SY,0.3123908042907715
02454_H_A_SY_C8,34,282,4.699999809265137,0.43388161063194275,0,1,SY,0.3111545443534851
02454_H_A_SY_C8,36,288,4.800000190734863,0.43560993671417236,0,1,SY,0.3090551197528839
02454_H_A_SY_C8,38,294,4.900000095367432,0.44237276911735535,0,1,SY,0.308557391166687
02454_H_A_SY_C8,40,300,5.0,0.45059120655059814,0,1,SY,0.3062371611595154
02454_H_A_SY_C8,42,306,5.099999904632568,0.45350492000579834,0,1,SY,0.30398768186569214
02454_H_A_SY_C8,44,312,5.199999809265137,0.45246103405952454,0,1,SY,0.3037620484828949
02454_H_A_SY_C8,46,318,5.300000190734863,0.45413556694984436,0,1,SY,0.3047589957714081
02454_H_A_SY_C8,48,324,5.400000095367432,0.4445778429508209,0,1,SY,0.3037360608577728
02454_H_A_SY_C8,50,330,5.5,0.43382981419563293,0,1,SY,0.3024967610836029
02454_H_A_SY_C8,52,336,5.599999904632568,0.43695810437202454,0,1,SY,0.3016394376754761
02454_H_A_SY_C8,54,342,5.699999809265137,0.445892870426178,0,1,SY,0.30133676528930664
02454_H_A_SY_C8,56,348,5.800000190734863,0.4499599039554596,0,1,SY,0.3008114695549011
02454_H_A_SY_C8,58,354,5.900000095367432,0.4518733322620392,0,1,SY,0.3021928668022156
02454_H_A_SY_C8,60,360,6.0,0.44278597831726074,0,1,SY,0.30048662424087524
02454_H_A_SY_C8,62,366,6.099999904632568,0.4269675612449646,0,1,SY,0.2999762296676636
02454_H_A_SY_C8,64,372,6.199999809265137,0.4313108026981354,0,1,SY,0.3004365563392639
02454_H_A_SY_C8,66,378,6.300000190734863,0.43737074732780457,0,1,SY,0.2993679344654083
02454_H_A_SY_C8,68,384,6.400000095367432,0.42822039127349854,0,1,SY,0.30027517676353455
02454_H_A_SY_C8,70,390,6.5,0.4146512746810913,0,1,SY,0.30136480927467346
02454_H_A_SY_C8,72,396,6.599999904632568,0.41658976674079895,0,1,SY,0.2994728982448578
02454_H_A_SY_C8,74,402,6.699999809265137,0.4099411964416504,0,1,SY,0.29949286580085754
02454_H_A_SY_C8,76,408,6.800000190734863,0.38443273305892944,0,1,SY,0.299894243478775
02454_H_A_SY_C8,78,414,6.900000095367432,0.3751291334629059,0,1,SY,0.2988497316837311
02454_H_A_SY_C8,80,420,7.0,0.3944567143917084,0,1,SY,0.2990439832210541
02496_H_A_BY_C7,0,180,3.0,0.45724591612815857,0,1,BY,0.2581625282764435
02496_H_A_BY_C7,2,186,3.0999999046325684,0.3397490978240967,0,1,BY,0.2395400106906891
02496_H_A_BY_C7,4,192,3.200000047683716,0.3073709011077881,0,1,BY,0.25261226296424866
02496_H_A_BY_C7,6,198,3.299999952316284,0.3069608807563782,0,1,BY,0.2557046413421631
02496_H_A_BY_C7,8,204,3.4000000953674316,0.2853568196296692,0,1,BY,0.25290247797966003
02496_H_A_BY_C7,10,210,3.5,0.2845951318740845,0,1,BY,0.2532722055912018
02496_H_A_BY_C7,12,216,3.5999999046325684,0.2865459620952606,0,1,BY,0.25202468037605286
02496_H_A_BY_C7,14,222,3.700000047683716,0.28387880325317383,0,1,BY,0.2492687702178955
02496_H_A_BY_C7,16,228,3.799999952316284,0.29843270778656006,0,1,BY,0.24812908470630646
02496_H_A_BY_C7,18,234,3.9000000953674316,0.2810414433479309,0,1,BY,0.24390409886837006
02496_H_A_BY_C7,20,240,4.0,0.2813340127468109,0,1,BY,0.2445104420185089
02496_H_A_BY_C7,22,246,4.099999904632568,0.28421786427497864,0,1,BY,0.24515487253665924
02496_H_A_BY_C7,24,252,4.199999809265137,0.28080347180366516,0,1,BY,0.24387215077877045
02496_H_A_BY_C7,26,258,4.300000190734863,0.28452178835868835,0,1,BY,0.24472792446613312
02496_H_A_BY_C7,28,264,4.400000095367432,0.2793785631656647,0,1,BY,0.24352340400218964
02496_H_A_BY_C7,30,270,4.5,0.28393927216529846,0,1,BY,0.2608681619167328
02496_H_A_BY_C7,32,276,4.599999904632568,0.2940811812877655,0,1,BY,0.26369649171829224
02496_H_A_BY_C7,34,282,4.699999809265137,0.30298200249671936,0,1,BY,0.25643637776374817
02496_H_A_BY_C7,36,288,4.800000190734863,0.31422069668769836,0,1,BY,0.25896868109703064
02496_H_A_BY_C7,38,294,4.900000095367432,0.3169265687465668,0,1,BY,0.2781239151954651
02496_H_A_BY_C7,40,300,5.0,0.3250274062156677,0,1,BY,0.30528491735458374
02496_H_A_BY_C7,42,306,5.099999904632568,0.32045888900756836,0,1,BY,0.3115135133266449
02496_H_A_BY_C7,44,312,5.199999809265137,0.2877909243106842,0,1,BY,0.31463712453842163
02496_H_A_BY_C7,46,318,5.300000190734863,0.26648661494255066,0,1,BY,0.32163551449775696
02496_H_A_BY_C7,48,324,5.400000095367432,0.26958125829696655,0,1,BY,0.32665887475013733
02496_H_A_BY_C7,50,330,5.5,0.2661425471305847,0,1,BY,0.32729020714759827
02496_H_A_BY_C7,52,336,5.599999904632568,0.26279404759407043,0,1,BY,0.3281024992465973
02496_H_A_BY_C7,54,342,5.699999809265137,0.2565847337245941,0,1,BY,0.329024076461792
02496_H_A_BY_C7,56,348,5.800000190734863,0.2596821188926697,0,1,BY,0.3302161395549774
02496_H_A_BY_C7,58,354,5.900000095367432,0.2553749084472656,0,1,BY,0.331021785736084
02496_H_A_BY_C7,60,360,6.0,0.2602791488170624,0,1,BY,0.3327392339706421
02496_H_A_BY_C7,62,366,6.099999904632568,0.26177653670310974,0,1,BY,0.33300110697746277
02496_H_A_BY_C7,64,372,6.199999809265137,0.27119389176368713,0,1,BY,0.3328324258327484
02496_H_A_BY_C7,66,378,6.300000190734863,0.27600815892219543,0,1,BY,0.3334394693374634
02496_H_A_BY_C7,68,384,6.400000095367432,0.28145089745521545,0,1,BY,0.3334539234638214
02496_H_A_BY_C7,70,390,6.5,0.2804453372955322,0,1,BY,0.3226194977760315
02496_H_A_BY_C7,72,396,6.599999904632568,0.28415647149086,0,1,BY,0.31914642453193665
02496_H_A_BY_C7,74,402,6.699999809265137,0.2762318551540375,0,1,BY,0.32010310888290405
02496_H_A_BY_C7,76,408,6.800000190734863,0.2791467607021332,0,1,BY,0.31783992052078247
02496_H_A_BY_C7,78,414,6.900000095367432,0.3028188943862915,0,1,BY,0.2999136447906494
02496_H_A_BY_C7,80,420,7.0,0.29193320870399475,0,1,BY,0.2786707282066345
02512_H_A_BY_C7,0,180,3.0,0.49072229862213135,0,1,BY,0.37861716747283936
02512_H_A_BY_C7,2,186,3.0999999046325684,0.5954196453094482,1,1,BY,0.3524341285228729
02512_H_A_BY_C7,4,192,3.200000047683716,0.6247981786727905,1,1,BY,0.31900814175605774
02512_H_A_BY_C7,6,198,3.299999952316284,0.495761513710022,0,1,BY,0.3050515353679657
02512_H_A_BY_C7,8,204,3.4000000953674316,0.4555530548095703,0,1,BY,0.29680684208869934
02512_H_A_BY_C7,10,210,3.5,0.34630128741264343,0,1,BY,0.2921890616416931
02512_H_A_BY_C7,12,216,3.5999999046325684,0.3220326006412506,0,1,BY,0.2913661003112793
02512_H_A_BY_C7,14,222,3.700000047683716,0.31859728693962097,0,1,BY,0.29479968547821045
02512_H_A_BY_C7,16,228,3.799999952316284,0.31902289390563965,0,1,BY,0.2955557703971863
02512_H_A_BY_C7,18,234,3.9000000953674316,0.31464505195617676,0,1,BY,0.29839563369750977
02512_H_A_BY_C7,20,240,4.0,0.3222178816795349,0,1,BY,0.29903751611709595
02512_H_A_BY_C7,22,246,4.099999904632568,0.3231923580169678,0,1,BY,0.29972460865974426
02512_H_A_BY_C7,24,252,4.199999809265137,0.3130945861339569,0,1,BY,0.3001011610031128
02512_H_A_BY_C7,26,258,4.300000190734863,0.3081895112991333,0,1,BY,0.30330219864845276
02512_H_A_BY_C7,28,264,4.400000095367432,0.3036419749259949,0,1,BY,0.3051316440105438
02512_H_A_BY_C7,30,270,4.5,0.30262306332588196,0,1,BY,0.3050616383552551
02512_H_A_BY_C7,32,276,4.599999904632568,0.3063049018383026,0,1,BY,0.305558443069458
02512_H_A_BY_C7,34,282,4.699999809265137,0.3122008442878723,0,1,BY,0.30379414558410645
02512_H_A_BY_C7,36,288,4.800000190734863,0.3070330321788788,0,1,BY,0.30149349570274353
02512_H_A_BY_C7,38,294,4.900000095367432,0.3040129244327545,0,1,BY,0.2989552915096283
02512_H_A_BY_C7,40,300,5.0,0.3016711473464966,0,1,BY,0.2909117043018341
02512_H_A_BY_C7,42,306,5.099999904632568,0.2976638972759247,0,1,BY,0.28710582852363586
02512_H_A_BY_C7,44,312,5.199999809265137,0.2948293685913086,0,1,BY,0.2847065329551697
02512_H_A_BY_C7,46,318,5.300000190734863,0.2904519736766815,0,1,BY,0.28004997968673706
02512_H_A_BY_C7,48,324,5.400000095367432,0.2868138551712036,0,1,BY,0.2792704403400421
02512_H_A_BY_C7,50,330,5.5,0.2801227569580078,0,1,BY,0.27774298191070557
02512_H_A_BY_C7,52,336,5.599999904632568,0.2704273462295532,0,1,BY,0.27672579884529114
02512_H_A_BY_C7,54,342,5.699999809265137,0.2702045440673828,0,1,BY,0.2746083736419678
02512_H_A_BY_C7,56,348,5.800000190734863,0.2841898500919342,0,1,BY,0.2756211459636688
02512_H_A_BY_C7,58,354,5.900000095367432,0.29129111766815186,0,1,BY,0.27409443259239197
02512_H_A_BY_C7,60,360,6.0,0.2872050106525421,0,1,BY,0.27518391609191895
02512_H_A_BY_C7,62,366,6.099999904632568,0.29221031069755554,0,1,BY,0.27424001693725586
02512_H_A_BY_C7,64,372,6.199999809265137,0.2981944680213928,0,1,BY,0.2747960686683655
02512_H_A_BY_C7,66,378,6.300000190734863,0.31175893545150757,0,1,BY,0.2735567092895508
02512_H_A_BY_C7,68,384,6.400000095367432,0.32016870379447937,0,1,BY,0.27236583828926086
02512_H_A_BY_C7,70,390,6.5,0.3205229341983795,0,1,BY,0.272909939289093
02512_H_A_BY_C7,72,396,6.599999904632568,0.3168521225452423,0,1,BY,0.27045488357543945
02512_H_A_BY_C7,74,402,6.699999809265137,0.31881803274154663,0,1,BY,0.27123501896858215
02512_H_A_BY_C7,76,408,6.800000190734863,0.32065093517303467,0,1,BY,0.27188560366630554
02512_H_A_BY_C7,78,414,6.900000095367432,0.3155457079410553,0,1,BY,0.273774117231369
02512_H_A_BY_C7,80,420,7.0,0.3197684586048126,0,1,BY,0.28085145354270935
02530_H_A_BY_C7,0,180,3.0,0.43361467123031616,0,1,BY,0.3357681632041931
02530_H_A_BY_C7,2,186,3.0999999046325684,0.4377804398536682,0,1,BY,0.3299848437309265
02530_H_A_BY_C7,4,192,3.200000047683716,0.4540032148361206,0,1,BY,0.32441794872283936
02530_H_A_BY_C7,6,198,3.299999952316284,0.45549461245536804,0,1,BY,0.31867551803588867
02530_H_A_BY_C7,8,204,3.4000000953674316,0.45642992854118347,0,1,BY,0.3128671646118164
02530_H_A_BY_C7,10,210,3.5,0.4645244777202606,0,1,BY,0.30674606561660767
02530_H_A_BY_C7,12,216,3.5999999046325684,0.478748619556427,0,1,BY,0.29953956604003906
02530_H_A_BY_C7,14,222,3.700000047683716,0.5067235231399536,0,1,BY,0.2959742248058319
02530_H_A_BY_C7,16,228,3.799999952316284,0.5685973167419434,1,1,BY,0.3103507459163666
02530_H_A_BY_C7,18,234,3.9000000953674316,0.5162129998207092,0,1,BY,0.34299662709236145
02530_H_A_BY_C7,20,240,4.0,0.5111967325210571,0,1,BY,0.3004506230354309
02530_H_A_BY_C7,22,246,4.099999904632568,0.5025491714477539,0,1,BY,0.3521181643009186
02530_H_A_BY_C7,24,252,4.199999809265137,0.5043671131134033,0,1,BY,0.3218673765659332
02530_H_A_BY_C7,26,258,4.300000190734863,0.49040278792381287,0,1,BY,0.28903278708457947
02530_H_A_BY_C7,28,264,4.400000095367432,0.44443073868751526,0,1,BY,0.27380141615867615
02530_H_A_BY_C7,30,270,4.5,0.3545023500919342,0,1,BY,0.3036591410636902
02530_H_A_BY_C7,32,276,4.599999904632568,0.33029788732528687,0,1,BY,0.27102184295654297
02530_H_A_BY_C7,34,282,4.699999809265137,0.3207210898399353,0,1,BY,0.3035576343536377
02530_H_A_BY_C7,36,288,4.800000190734863,0.316418319940567,0,1,BY,0.3368738293647766
02530_H_A_BY_C7,38,294,4.900000095367432,0.32356807589530945,0,1,BY,0.26051783561706543
02530_H_A_BY_C7,40,300,5.0,0.32915055751800537,0,1,BY,0.28185412287712097
02530_H_A_BY_C7,42,306,5.099999904632568,0.3392215073108673,0,1,BY,0.3141975998878479
02530_H_A_BY_C7,44,312,5.199999809265137,0.3476407825946808,0,1,BY,0.30727922916412354
02530_H_A_BY_C7,46,318,5.300000190734863,0.32969456911087036,0,1,BY,0.3173734247684479
02530_H_A_BY_C7,48,324,5.400000095367432,0.33385169506073,0,1,BY,0.26324111223220825
02530_H_A_BY_C7,50,330,5.5,0.3442921042442322,0,1,BY,0.21988283097743988
02530_H_A_BY_C7,52,336,5.599999904632568,0.3426901400089264,0,1,BY,0.24693213403224945
02530_H_A_BY_C7,54,342,5.699999809265137,0.31491148471832275,0,1,BY,0.27044960856437683
02530_H_A_BY_C7,56,348,5.800000190734863,0.302896648645401,0,1,BY,0.28377193212509155
02530_H_A_BY_C7,58,354,5.900000095367432,0.2800343930721283,0,1,BY,0.2922315299510956
02530_H_A_BY_C7,60,360,6.0,0.2645293176174164,0,1,BY,0.2979831099510193
02530_H_A_BY_C7,62,366,6.099999904632568,0.26162829995155334,0,1,BY,0.3025450110435486
02530_H_A_BY_C7,64,372,6.199999809265137,0.272001713514328,0,1,BY,0.3055770993232727
02530_H_A_BY_C7,66,378,6.300000190734863,0.2861548364162445,0,1,BY,0.3076176047325134
02530_H_A_BY_C7,68,384,6.400000095367432,0.27864697575569153,0,1,BY,0.30837777256965637
02530_H_A_BY_C7,70,390,6.5,0.26500204205513,0,1,BY,0.27394774556159973
02530_H_A_BY_C7,72,396,6.599999904632568,0.2586853504180908,0,1,BY,0.3039337992668152
02530_H_A_BY_C7,74,402,6.699999809265137,0.24170880019664764,0,1,BY,0.26959463953971863
02530_H_A_BY_C7,76,408,6.800000190734863,0.25501716136932373,0,1,BY,0.2357448935508728
02530_H_A_BY_C7,78,414,6.900000095367432,0.2538163363933563,0,1,BY,0.3138405978679657
02530_H_A_BY_C7,80,420,7.0,0.25327566266059875,0,1,BY,0.2934257388114929
02547_H_D_SY_C5,0,180,3.003000020980835,0.4025043249130249,0,1,SY,0.3457992672920227
02547_H_D_SY_C5,2,186,3.1029999256134033,0.4512064754962921,0,1,SY,0.339508593082428
02547_H_D_SY_C5,4,192,3.203000068664551,0.43039628863334656,0,1,SY,0.34018266201019287
02547_H_D_SY_C5,6,198,3.302999973297119,0.4342547059059143,0,1,SY,0.3331938087940216
02547_H_D_SY_C5,8,204,3.4030001163482666,0.3901289999485016,0,1,SY,0.3313848674297333
02547_H_D_SY_C5,10,210,3.503999948501587,0.405278742313385,0,1,SY,0.3353334963321686
02547_H_D_SY_C5,12,216,3.6040000915527344,0.34723058342933655,0,1,SY,0.33475109934806824
02547_H_D_SY_C5,14,222,3.7039999961853027,0.32361745834350586,0,1,SY,0.3340187072753906
02547_H_D_SY_C5,16,228,3.803999900817871,0.3229539394378662,0,1,SY,0.33079779148101807
02547_H_D_SY_C5,18,234,3.9040000438690186,0.30432140827178955,0,1,SY,0.3259844183921814
02547_H_D_SY_C5,20,240,4.004000186920166,0.30250245332717896,0,1,SY,0.3284756541252136
02547_H_D_SY_C5,22,246,4.104000091552734,0.326691597700119,0,1,SY,0.32521921396255493
02547_H_D_SY_C5,24,252,4.203999996185303,0.3363056182861328,0,1,SY,0.32574036717414856
02547_H_D_SY_C5,26,258,4.303999900817871,0.3200998902320862,0,1,SY,0.3278675973415375
02547_H_D_SY_C5,28,264,4.4039998054504395,0.3001914918422699,0,1,SY,0.330210417509079
02547_H_D_SY_C5,30,270,4.505000114440918,0.31905487179756165,0,1,SY,0.3314739763736725
02547_H_D_SY_C5,32,276,4.605000019073486,0.3732353448867798,0,1,SY,0.3366095721721649
02547_H_D_SY_C5,34,282,4.704999923706055,0.3991360068321228,0,1,SY,0.3406074047088623
02547_H_D_SY_C5,36,288,4.804999828338623,0.4226829409599304,0,1,SY,0.33829423785209656
02547_H_D_SY_C5,38,294,4.90500020980835,0.3997407555580139,0,1,SY,0.3354032635688782
02547_H_D_SY_C5,40,300,5.005000114440918,0.4068155884742737,0,1,SY,0.33005291223526
02547_H_D_SY_C5,42,306,5.105000019073486,0.395977258682251,0,1,SY,0.3241516649723053
02547_H_D_SY_C5,44,312,5.204999923706055,0.39609602093696594,0,1,SY,0.32136040925979614
02547_H_D_SY_C5,46,318,5.304999828338623,0.34066033363342285,0,1,SY,0.3209669888019562
02547_H_D_SY_C5,48,324,5.40500020980835,0.30213767290115356,0,1,SY,0.3250965476036072
02547_H_D_SY_C5,50,330,5.50600004196167,0.28282177448272705,0,1,SY,0.3277849555015564
02547_H_D_SY_C5,52,336,5.605999946594238,0.245799720287323,0,1,SY,0.33116546273231506
02547_H_D_SY_C5,54,342,5.705999851226807,0.23388001322746277,0,1,SY,0.33357641100883484
02547_H_D_SY_C5,56,348,5.806000232696533,0.21501776576042175,0,1,SY,0.3368450999259949
02547_H_D_SY_C5,58,354,5.906000137329102,0.21234777569770813,0,1,SY,0.3385845720767975
02547_H_D_SY_C5,60,360,6.00600004196167,0.21761950850486755,0,1,SY,0.3404392600059509
02547_H_D_SY_C5,62,366,6.105999946594238,0.22154836356639862,0,1,SY,0.34070640802383423
02547_H_D_SY_C5,64,372,6.205999851226807,0.22370107471942902,0,1,SY,0.3415210247039795
02547_H_D_SY_C5,66,378,6.306000232696533,0.219581738114357,0,1,SY,0.3410099446773529
02547_H_D_SY_C5,68,384,6.406000137329102,0.21590273082256317,0,1,SY,0.33963441848754883
02547_H_D_SY_C5,70,390,6.50600004196167,0.219248428940773,0,1,SY,0.33916836977005005
02547_H_D_SY_C5,72,396,6.60699987411499,0.22339992225170135,0,1,SY,0.3352070152759552
02547_H_D_SY_C5,74,402,6.706999778747559,0.22735700011253357,0,1,SY,0.333755761384964
02547_H_D_SY_C5,76,408,6.807000160217285,0.23296450078487396,0,1,SY,0.3337772786617279
02547_H_D_SY_C5,78,414,6.9070000648498535,0.23356911540031433,0,1,SY,0.331621915102005
02547_H_D_SY_C5,80,420,7.006999969482422,0.2260919064283371,0,1,SY,0.3316551148891449
02550_H_D_FY_C7,0,180,3.003000020980835,0.3589317798614502,0,1,FY,0.3211882710456848
02550_H_D_FY_C7,2,186,3.1029999256134033,0.3800801634788513,0,1,FY,0.3245852291584015
02550_H_D_FY_C7,4,192,3.203000068664551,0.3897155821323395,0,1,FY,0.31390219926834106
02550_H_D_FY_C7,6,198,3.302999973297119,0.41156893968582153,0,1,FY,0.2986789643764496
02550_H_D_FY_C7,8,204,3.4030001163482666,0.3969556391239166,0,1,FY,0.31743061542510986
02550_H_D_FY_C7,10,210,3.503999948501587,0.38357871770858765,0,1,FY,0.3291693329811096
02550_H_D_FY_C7,12,216,3.6040000915527344,0.43472224473953247,0,1,FY,0.33687764406204224
02550_H_D_FY_C7,14,222,3.7039999961853027,0.40480318665504456,0,1,FY,0.3399416506290436
02550_H_D_FY_C7,16,228,3.803999900817871,0.42399081587791443,0,1,FY,0.342168927192688
02550_H_D_FY_C7,18,234,3.9040000438690186,0.39693960547447205,0,1,FY,0.3439180254936218
02550_H_D_FY_C7,20,240,4.004000186920166,0.39715316891670227,0,1,FY,0.34309259057044983
02550_H_D_FY_C7,22,246,4.104000091552734,0.391358345746994,0,1,FY,0.34088608622550964
02550_H_D_FY_C7,24,252,4.203999996185303,0.37215763330459595,0,1,FY,0.34065115451812744
02550_H_D_FY_C7,26,258,4.303999900817871,0.3840232193470001,0,1,FY,0.33836033940315247
02550_H_D_FY_C7,28,264,4.4039998054504395,0.40687206387519836,0,1,FY,0.33764392137527466
02550_H_D_FY_C7,30,270,4.505000114440918,0.4146365225315094,0,1,FY,0.3349311947822571
02550_H_D_FY_C7,32,276,4.605000019073486,0.418438196182251,0,1,FY,0.3339202404022217
02550_H_D_FY_C7,34,282,4.704999923706055,0.42535290122032166,0,1,FY,0.3324837386608124
02550_H_D_FY_C7,36,288,4.804999828338623,0.41756969690322876,0,1,FY,0.3223850131034851
02550_H_D_FY_C7,38,294,4.90500020980835,0.34788116812705994,0,1,FY,0.3164058029651642
02550_H_D_FY_C7,40,300,5.005000114440918,0.30434852838516235,0,1,FY,0.31364452838897705
02550_H_D_FY_C7,42,306,5.105000019073486,0.3069341778755188,0,1,FY,0.31051918864250183
02550_H_D_FY_C7,44,312,5.204999923706055,0.31756046414375305,0,1,FY,0.3198479115962982
02550_H_D_FY_C7,46,318,5.304999828338623,0.2670519948005676,0,1,FY,0.3329334557056427
02550_H_D_FY_C7,48,324,5.40500020980835,0.2608591616153717,0,1,FY,0.31733784079551697
02550_H_D_FY_C7,50,330,5.50600004196167,0.2600540816783905,0,1,FY,0.31010934710502625
02550_H_D_FY_C7,52,336,5.605999946594238,0.26289868354797363,0,1,FY,0.3056599795818329
02550_H_D_FY_C7,54,342,5.705999851226807,0.27081549167633057,0,1,FY,0.30341559648513794
02550_H_D_FY_C7,56,348,5.806000232696533,0.27291786670684814,0,1,FY,0.3025768995285034
02550_H_D_FY_C7,58,354,5.906000137329102,0.264254093170166,0,1,FY,0.3002721965312958
02550_H_D_FY_C7,60,360,6.00600004196167,0.2603958249092102,0,1,FY,0.30092018842697144
02550_H_D_FY_C7,62,366,6.105999946594238,0.26515689492225647,0,1,FY,0.30399957299232483
02550_H_D_FY_C7,64,372,6.205999851226807,0.2691532373428345,0,1,FY,0.30533331632614136
02550_H_D_FY_C7,66,378,6.306000232696533,0.26589930057525635,0,1,FY,0.30329573154449463
02550_H_D_FY_C7,68,384,6.406000137329102,0.2672273516654968,0,1,FY,0.30015647411346436
02550_H_D_FY_C7,70,390,6.50600004196167,0.26427483558654785,0,1,FY,0.30025219917297363
02550_H_D_FY_C7,72,396,6.60699987411499,0.2593304514884949,0,1,FY,0.29856276512145996
02550_H_D_FY_C7,74,402,6.706999778747559,0.2674597501754761,0,1,FY,0.2986901104450226
02550_H_D_FY_C7,76,408,6.807000160217285,0.2481851428747177,0,1,FY,0.30045652389526367
02550_H_D_FY_C7,78,414,6.9070000648498535,0.25672122836112976,0,1,FY,0.29947975277900696
02550_H_D_FY_C7,80,420,7.006999969482422,0.26437506079673767,0,1,FY,0.29937881231307983
02551_H_D_SY_C6,0,180,3.003000020980835,0.364213228225708,0,1,SY,0.3509519696235657
02551_H_D_SY_C6,2,186,3.1029999256134033,0.3890461027622223,0,1,SY,0.2952796220779419
02551_H_D_SY_C6,4,192,3.203000068664551,0.36524930596351624,0,1,SY,0.3457772135734558
02551_H_D_SY_C6,6,198,3.302999973297119,0.4084959626197815,0,1,SY,0.36237362027168274
02551_H_D_SY_C6,8,204,3.4030001163482666,0.3967571556568146,0,1,SY,0.339210569858551
02551_H_D_SY_C6,10,210,3.503999948501587,0.40565595030784607,0,1,SY,0.32094302773475647
02551_H_D_SY_C6,12,216,3.6040000915527344,0.4573526084423065,0,1,SY,0.3080942630767822
02551_H_D_SY_C6,14,222,3.7039999961853027,0.45047855377197266,0,1,SY,0.30283281207084656
02551_H_D_SY_C6,16,228,3.803999900817871,0.4743112027645111,0,1,SY,0.30836644768714905
02551_H_D_SY_C6,18,234,3.9040000438690186,0.44982072710990906,0,1,SY,0.32510465383529663
02551_H_D_SY_C6,20,240,4.004000186920166,0.3049134612083435,0,1,SY,0.3045673370361328
02551_H_D_SY_C6,22,246,4.104000091552734,0.2503497302532196,0,1,SY,0.28716370463371277
02551_H_D_SY_C6,24,252,4.203999996185303,0.22877085208892822,0,1,SY,0.3424994647502899
02551_H_D_SY_C6,26,258,4.303999900817871,0.2184937298297882,0,1,SY,0.327667236328125
02551_H_D_SY_C6,28,264,4.4039998054504395,0.19654962420463562,0,1,SY,0.3371317684650421
02551_H_D_SY_C6,30,270,4.505000114440918,0.1870187371969223,0,1,SY,0.3335177004337311
02551_H_D_SY_C6,32,276,4.605000019073486,0.18607209622859955,0,1,SY,0.32511377334594727
02551_H_D_SY_C6,34,282,4.704999923706055,0.22286391258239746,0,1,SY,0.34283575415611267
02551_H_D_SY_C6,36,288,4.804999828338623,0.32558673620224,0,1,SY,0.32624053955078125
02551_H_D_SY_C6,38,294,4.90500020980835,0.26584258675575256,0,1,SY,0.3093034029006958
02551_H_D_SY_C6,40,300,5.005000114440918,0.21992526948451996,0,1,SY,0.2784753441810608
02551_H_D_SY_C6,42,306,5.105000019073486,0.19744683802127838,0,1,SY,0.36490368843078613
02551_H_D_SY_C6,44,312,5.204999923706055,0.2613341212272644,0,1,SY,0.31290945410728455
02551_H_D_SY_C6,46,318,5.304999828338623,0.3193683624267578,0,1,SY,0.2814572751522064
02551_H_D_SY_C6,48,324,5.40500020980835,0.3439847528934479,0,1,SY,0.3276100158691406
02551_H_D_SY_C6,50,330,5.50600004196167,0.33862224221229553,0,1,SY,0.3521333932876587
02551_H_D_SY_C6,52,336,5.605999946594238,0.3354761600494385,0,1,SY,0.36015066504478455
02551_H_D_SY_C6,54,342,5.705999851226807,0.24203598499298096,0,1,SY,0.3622298836708069
02551_H_D_SY_C6,56,348,5.806000232696533,0.24918779730796814,0,1,SY,0.3661154806613922
02551_H_D_SY_C6,58,354,5.906000137329102,0.28308314085006714,0,1,SY,0.36274340748786926
02551_H_D_SY_C6,60,360,6.00600004196167,0.2501332461833954,0,1,SY,0.3835591673851013
02551_H_D_SY_C6,62,366,6.105999946594238,0.229484423995018,0,1,SY,0.37221112847328186
02551_H_D_SY_C6,64,372,6.205999851226807,0.2848518192768097,0,1,SY,0.2861502468585968
02551_H_D_SY_C6,66,378,6.306000232696533,0.2921745777130127,0,1,SY,0.30702322721481323
02551_H_D_SY_C6,68,384,6.406000137329102,0.3759213089942932,0,1,SY,0.3697536885738373
02551_H_D_SY_C6,70,390,6.50600004196167,0.37871745228767395,0,1,SY,0.3727550804615021
02551_H_D_SY_C6,72,396,6.60699987411499,0.3409278094768524,0,1,SY,0.34068939089775085
02551_H_D_SY_C6,74,402,6.706999778747559,0.341827392578125,0,1,SY,0.38508012890815735
02551_H_D_SY_C6,76,408,6.807000160217285,0.320700466632843,0,1,SY,0.36909276247024536
02551_H_D_SY_C6,78,414,6.9070000648498535,0.3045976758003235,0,1,SY,0.3919646739959717
02551_H_D_SY_C6,80,420,7.006999969482422,0.27438780665397644,0,1,SY,0.4082293212413788
02651_H_A_SY_C5,0,180,3.0,0.34376922249794006,0,1,SY,0.3268004059791565
02651_H_A_SY_C5,2,186,3.0999999046325684,0.3660047948360443,0,1,SY,0.32193583250045776
02651_H_A_SY_C5,4,192,3.200000047683716,0.4022432565689087,0,1,SY,0.30458948016166687
02651_H_A_SY_C5,6,198,3.299999952316284,0.46301308274269104,0,1,SY,0.31798893213272095
02651_H_A_SY_C5,8,204,3.4000000953674316,0.5473679304122925,1,1,SY,0.3050016462802887
02651_H_A_SY_C5,10,210,3.5,0.5073219537734985,0,1,SY,0.2940163016319275
02651_H_A_SY_C5,12,216,3.5999999046325684,0.42326727509498596,0,1,SY,0.2897830903530121
02651_H_A_SY_C5,14,222,3.700000047683716,0.3598167896270752,0,1,SY,0.28919079899787903
02651_H_A_SY_C5,16,228,3.799999952316284,0.3399922549724579,0,1,SY,0.2998393476009369
02651_H_A_SY_C5,18,234,3.9000000953674316,0.33482784032821655,0,1,SY,0.30729496479034424
02651_H_A_SY_C5,20,240,4.0,0.31121402978897095,0,1,SY,0.31453922390937805
02651_H_A_SY_C5,22,246,4.099999904632568,0.3098736107349396,0,1,SY,0.32133179903030396
02651_H_A_SY_C5,24,252,4.199999809265137,0.31203189492225647,0,1,SY,0.3301057517528534
02651_H_A_SY_C5,26,258,4.300000190734863,0.34213921427726746,0,1,SY,0.33544400334358215
02651_H_A_SY_C5,28,264,4.400000095367432,0.34988072514533997,0,1,SY,0.3429678678512573
02651_H_A_SY_C5,30,270,4.5,0.3533773422241211,0,1,SY,0.3596622049808502
02651_H_A_SY_C5,32,276,4.599999904632568,0.3209661543369293,0,1,SY,0.3711868226528168
02651_H_A_SY_C5,34,282,4.699999809265137,0.3289927840232849,0,1,SY,0.3733362853527069
02651_H_A_SY_C5,36,288,4.800000190734863,0.3384237289428711,0,1,SY,0.38681232929229736
02651_H_A_SY_C5,38,294,4.900000095367432,0.37238654494285583,0,1,SY,0.4012705087661743
02651_H_A_SY_C5,40,300,5.0,0.39735734462738037,0,1,SY,0.40797215700149536
02651_H_A_SY_C5,42,306,5.099999904632568,0.3958575427532196,0,1,SY,0.41915199160575867
02651_H_A_SY_C5,44,312,5.199999809265137,0.3149951994419098,0,1,SY,0.43698441982269287
02651_H_A_SY_C5,46,318,5.300000190734863,0.2947985827922821,0,1,SY,0.4236825406551361
02651_H_A_SY_C5,48,324,5.400000095367432,0.2213805615901947,0,1,SY,0.4402797222137451
02651_H_A_SY_C5,50,330,5.5,0.18369600176811218,0,1,SY,0.4468599855899811
02651_H_A_SY_C5,52,336,5.599999904632568,0.17698349058628082,0,1,SY,0.4509994387626648
02651_H_A_SY_C5,54,342,5.699999809265137,0.1532921940088272,0,1,SY,0.4522760212421417
02651_H_A_SY_C5,56,348,5.800000190734863,0.1405574381351471,0,1,SY,0.4497925639152527
02651_H_A_SY_C5,58,354,5.900000095367432,0.13641037046909332,0,1,SY,0.44804906845092773
02651_H_A_SY_C5,60,360,6.0,0.13458524644374847,0,1,SY,0.4482751488685608
02651_H_A_SY_C5,62,366,6.099999904632568,0.14306063950061798,0,1,SY,0.4465177655220032
02651_H_A_SY_C5,64,372,6.199999809265137,0.15146346390247345,0,1,SY,0.4417867064476013
02651_H_A_SY_C5,66,378,6.300000190734863,0.14619597792625427,0,1,SY,0.43356186151504517
02651_H_A_SY_C5,68,384,6.400000095367432,0.1462564468383789,0,1,SY,0.4249493479728699
02651_H_A_SY_C5,70,390,6.5,0.14080990850925446,0,1,SY,0.4193698465824127
02651_H_A_SY_C5,72,396,6.599999904632568,0.14046470820903778,0,1,SY,0.413138210773468
02651_H_A_SY_C5,74,402,6.699999809265137,0.14700345695018768,0,1,SY,0.4059616029262543
02651_H_A_SY_C5,76,408,6.800000190734863,0.15734906494617462,0,1,SY,0.4017370045185089
02651_H_A_SY_C5,78,414,6.900000095367432,0.1715320199728012,0,1,SY,0.3993528485298157
02651_H_A_SY_C5,80,420,7.0,0.1918688416481018,0,1,SY,0.3986656963825226
02654_H_A_FY_C7,0,180,3.0,0.3829366862773895,0,1,FY,0.2962130308151245
02654_H_A_FY_C7,2,186,3.0999999046325684,0.4265662133693695,0,1,FY,0.2984377145767212
02654_H_A_FY_C7,4,192,3.200000047683716,0.43085232377052307,0,1,FY,0.34667620062828064
02654_H_A_FY_C7,6,198,3.299999952316284,0.38044682145118713,0,1,FY,0.34160253405570984
02654_H_A_FY_C7,8,204,3.4000000953674316,0.3828085660934448,0,1,FY,0.3536413311958313
02654_H_A_FY_C7,10,210,3.5,0.3924311399459839,0,1,FY,0.4486308991909027
02654_H_A_FY_C7,12,216,3.5999999046325684,0.3694135248661041,0,1,FY,0.433786004781723
02654_H_A_FY_C7,14,222,3.700000047683716,0.36436912417411804,0,1,FY,0.37733733654022217
02654_H_A_FY_C7,16,228,3.799999952316284,0.36429423093795776,0,1,FY,0.33550557494163513
02654_H_A_FY_C7,18,234,3.9000000953674316,0.3483487665653229,0,1,FY,0.2905808985233307
02654_H_A_FY_C7,20,240,4.0,0.3202749788761139,0,1,FY,0.2415749877691269
02654_H_A_FY_C7,22,246,4.099999904632568,0.35918548703193665,0,1,FY,0.25553908944129944
02654_H_A_FY_C7,24,252,4.199999809265137,0.41867029666900635,0,1,FY,0.2919807732105255
02654_H_A_FY_C7,26,258,4.300000190734863,0.46814894676208496,0,1,FY,0.31516098976135254
02654_H_A_FY_C7,28,264,4.400000095367432,0.48371508717536926,0,1,FY,0.3222152292728424
02654_H_A_FY_C7,30,270,4.5,0.4851900041103363,0,1,FY,0.3261920213699341
02654_H_A_FY_C7,32,276,4.599999904632568,0.4796743094921112,0,1,FY,0.3271864056587219
02654_H_A_FY_C7,34,282,4.699999809265137,0.47547459602355957,0,1,FY,0.3328649401664734
02654_H_A_FY_C7,36,288,4.800000190734863,0.5556294322013855,1,1,FY,0.3330785632133484
02654_H_A_FY_C7,38,294,4.900000095367432,0.46937456727027893,0,1,FY,0.33124932646751404
02654_H_A_FY_C7,40,300,5.0,0.37278175354003906,0,1,FY,0.38852980732917786
02654_H_A_FY_C7,42,306,5.099999904632568,0.3737044334411621,0,1,FY,0.39000219106674194
02654_H_A_FY_C7,44,312,5.199999809265137,0.465047150850296,0,1,FY,0.35017386078834534
02654_H_A_FY_C7,46,318,5.300000190734863,0.3696697950363159,0,1,FY,0.3685913383960724
02654_H_A_FY_C7,48,324,5.400000095367432,0.2858920097351074,0,1,FY,0.37980177998542786
02654_H_A_FY_C7,50,330,5.5,0.23518966138362885,0,1,FY,0.3810986280441284
02654_H_A_FY_C7,52,336,5.599999904632568,0.17357628047466278,0,1,FY,0.3857305347919464
02654_H_A_FY_C7,54,342,5.699999809265137,0.14980363845825195,0,1,FY,0.39311692118644714
02654_H_A_FY_C7,56,348,5.800000190734863,0.12461480498313904,0,1,FY,0.4035980701446533
02654_H_A_FY_C7,58,354,5.900000095367432,0.1191440150141716,0,1,FY,0.4090576171875
02654_H_A_FY_C7,60,360,6.0,0.11433205753564835,0,1,FY,0.42060691118240356
02654_H_A_FY_C7,62,366,6.099999904632568,0.11977282166481018,0,1,FY,0.42921310663223267
02654_H_A_FY_C7,64,372,6.199999809265137,0.1202392727136612,0,1,FY,0.43166273832321167
02654_H_A_FY_C7,66,378,6.300000190734863,0.12499497830867767,0,1,FY,0.43281784653663635
02654_H_A_FY_C7,68,384,6.400000095367432,0.12623822689056396,0,1,FY,0.4319296181201935
02654_H_A_FY_C7,70,390,6.5,0.1262785941362381,0,1,FY,0.4337135851383209
02654_H_A_FY_C7,72,396,6.599999904632568,0.12856829166412354,0,1,FY,0.43446052074432373
02654_H_A_FY_C7,74,402,6.699999809265137,0.12877118587493896,0,1,FY,0.4323115944862366
02654_H_A_FY_C7,76,408,6.800000190734863,0.1337304264307022,0,1,FY,0.4298805296421051
02654_H_A_FY_C7,78,414,6.900000095367432,0.13756121695041656,0,1,FY,0.4301462769508362
02654_H_A_FY_C7,80,420,7.0,0.14338476955890656,0,1,FY,0.4316776692867279
02702_H_A_FY_C5,0,180,3.003000020980835,0.6012083888053894,1,1,FY,0.41588523983955383
02702_H_A_FY_C5,2,186,3.1029999256134033,0.5391712784767151,1,1,FY,0.4063057005405426
02702_H_A_FY_C5,4,192,3.203000068664551,0.46697601675987244,0,1,FY,0.39450764656066895
02702_H_A_FY_C5,6,198,3.302999973297119,0.44041115045547485,0,1,FY,0.3783981204032898
02702_H_A_FY_C5,8,204,3.4030001163482666,0.4736645519733429,0,1,FY,0.35930752754211426
02702_H_A_FY_C5,10,210,3.503999948501587,0.5067369341850281,0,1,FY,0.3395077586174011
02702_H_A_FY_C5,12,216,3.6040000915527344,0.5065386891365051,0,1,FY,0.32314252853393555
02702_H_A_FY_C5,14,222,3.7039999961853027,0.46731144189834595,0,1,FY,0.30629974603652954
02702_H_A_FY_C5,16,228,3.803999900817871,0.42272910475730896,0,1,FY,0.2932674288749695
02702_H_A_FY_C5,18,234,3.9040000438690186,0.37443986535072327,0,1,FY,0.28001320362091064
02702_H_A_FY_C5,20,240,4.004000186920166,0.3364716172218323,0,1,FY,0.27502673864364624
02702_H_A_FY_C5,22,246,4.104000091552734,0.3219616413116455,0,1,FY,0.29395657777786255
02702_H_A_FY_C5,24,252,4.203999996185303,0.47215235233306885,0,1,FY,0.4028521180152893
02702_H_A_FY_C5,26,258,4.303999900817871,0.456204891204834,0,1,FY,0.4372258186340332
02702_H_A_FY_C5,28,264,4.4039998054504395,0.4814620018005371,0,1,FY,0.3592616617679596
02702_H_A_FY_C5,30,270,4.505000114440918,0.42196089029312134,0,1,FY,0.3181517720222473
02702_H_A_FY_C5,32,276,4.605000019073486,0.34182947874069214,0,1,FY,0.30404460430145264
02702_H_A_FY_C5,34,282,4.704999923706055,0.2486705183982849,0,1,FY,0.2995118796825409
02702_H_A_FY_C5,36,288,4.804999828338623,0.22738653421401978,0,1,FY,0.29652875661849976
02702_H_A_FY_C5,38,294,4.90500020980835,0.2327176183462143,0,1,FY,0.2963518798351288
02702_H_A_FY_C5,40,300,5.005000114440918,0.22675342857837677,0,1,FY,0.2955988943576813
02702_H_A_FY_C5,42,306,5.105000019073486,0.21918998658657074,0,1,FY,0.2970544397830963
02702_H_A_FY_C5,44,312,5.204999923706055,0.2023945152759552,0,1,FY,0.2964649200439453
02702_H_A_FY_C5,46,318,5.304999828338623,0.19022881984710693,0,1,FY,0.296051949262619
02702_H_A_FY_C5,48,324,5.40500020980835,0.18436770141124725,0,1,FY,0.29582515358924866
02702_H_A_FY_C5,50,330,5.50600004196167,0.1886105239391327,0,1,FY,0.29592788219451904
02702_H_A_FY_C5,52,336,5.605999946594238,0.19447532296180725,0,1,FY,0.2964939475059509
02702_H_A_FY_C5,54,342,5.705999851226807,0.19603048264980316,0,1,FY,0.2985406219959259
02702_H_A_FY_C5,56,348,5.806000232696533,0.18118999898433685,0,1,FY,0.2998840808868408
02702_H_A_FY_C5,58,354,5.906000137329102,0.1731567680835724,0,1,FY,0.29909956455230713
02702_H_A_FY_C5,60,360,6.00600004196167,0.16588528454303741,0,1,FY,0.2972390055656433
02702_H_A_FY_C5,62,366,6.105999946594238,0.16376368701457977,0,1,FY,0.29749128222465515
02702_H_A_FY_C5,64,372,6.205999851226807,0.1746947169303894,0,1,FY,0.2948622703552246
02702_H_A_FY_C5,66,378,6.306000232696533,0.193020299077034,0,1,FY,0.2934493124485016
02702_H_A_FY_C5,68,384,6.406000137329102,0.21492600440979004,0,1,FY,0.292674720287323
02702_H_A_FY_C5,70,390,6.50600004196167,0.22154107689857483,0,1,FY,0.2913484573364258
02702_H_A_FY_C5,72,396,6.60699987411499,0.20906634628772736,0,1,FY,0.2901366949081421
02702_H_A_FY_C5,74,402,6.706999778747559,0.22046130895614624,0,1,FY,0.2887163460254669
02702_H_A_FY_C5,76,408,6.807000160217285,0.21962769329547882,0,1,FY,0.287432998418808
02702_H_A_FY_C5,78,414,6.9070000648498535,0.20233154296875,0,1,FY,0.28925418853759766
02702_H_A_FY_C5,80,420,7.006999969482422,0.2014920562505722,0,1,FY,0.28526076674461365
02801_H_D_FY_C6,0,180,3.003000020980835,0.37001848220825195,0,1,FY,0.37128186225891113
02801_H_D_FY_C6,2,186,3.1029999256134033,0.3777863383293152,0,1,FY,0.37282148003578186
02801_H_D_FY_C6,4,192,3.203000068664551,0.37187740206718445,0,1,FY,0.3760133385658264
02801_H_D_FY_C6,6,198,3.302999973297119,0.35128527879714966,0,1,FY,0.3801502585411072
02801_H_D_FY_C6,8,204,3.4030001163482666,0.3397778272628784,0,1,FY,0.3834720551967621
02801_H_D_FY_C6,10,210,3.503999948501587,0.35511842370033264,0,1,FY,0.38373374938964844
02801_H_D_FY_C6,12,216,3.6040000915527344,0.3680521249771118,0,1,FY,0.38114187121391296
02801_H_D_FY_C6,14,222,3.7039999961853027,0.3817901313304901,0,1,FY,0.3777276873588562
02801_H_D_FY_C6,16,228,3.803999900817871,0.3935141861438751,0,1,FY,0.3759671449661255
02801_H_D_FY_C6,18,234,3.9040000438690186,0.354951947927475,0,1,FY,0.4209451377391815
02801_H_D_FY_C6,20,240,4.004000186920166,0.4021252393722534,0,1,FY,0.3751591444015503
02801_H_D_FY_C6,22,246,4.104000091552734,0.3987347483634949,0,1,FY,0.37611839175224304
02801_H_D_FY_C6,24,252,4.203999996185303,0.32541558146476746,0,1,FY,0.3858695924282074
02801_H_D_FY_C6,26,258,4.303999900817871,0.2832912504673004,0,1,FY,0.3941446840763092
02801_H_D_FY_C6,28,264,4.4039998054504395,0.25229066610336304,0,1,FY,0.3982272148132324
02801_H_D_FY_C6,30,270,4.505000114440918,0.22572433948516846,0,1,FY,0.39870163798332214
02801_H_D_FY_C6,32,276,4.605000019073486,0.22818174958229065,0,1,FY,0.39985164999961853
02801_H_D_FY_C6,34,282,4.704999923706055,0.22446614503860474,0,1,FY,0.39897555112838745
02801_H_D_FY_C6,36,288,4.804999828338623,0.21686558425426483,0,1,FY,0.39810651540756226
02801_H_D_FY_C6,38,294,4.90500020980835,0.20382258296012878,0,1,FY,0.399858683347702
02801_H_D_FY_C6,40,300,5.005000114440918,0.19281437993049622,0,1,FY,0.40271398425102234
02801_H_D_FY_C6,42,306,5.105000019073486,0.19316495954990387,0,1,FY,0.40122711658477783
02801_H_D_FY_C6,44,312,5.204999923706055,0.19079145789146423,0,1,FY,0.3989681601524353
02801_H_D_FY_C6,46,318,5.304999828338623,0.19513143599033356,0,1,FY,0.3964001536369324
02801_H_D_FY_C6,48,324,5.40500020980835,0.20538069307804108,0,1,FY,0.3950386047363281
02801_H_D_FY_C6,50,330,5.50600004196167,0.21096299588680267,0,1,FY,0.39557406306266785
02801_H_D_FY_C6,52,336,5.605999946594238,0.21939179301261902,0,1,FY,0.3954915702342987
02801_H_D_FY_C6,54,342,5.705999851226807,0.21794383227825165,0,1,FY,0.39610522985458374
02801_H_D_FY_C6,56,348,5.806000232696533,0.21370552480220795,0,1,FY,0.39949095249176025
02801_H_D_FY_C6,58,354,5.906000137329102,0.22389909625053406,0,1,FY,0.40287894010543823
02801_H_D_FY_C6,60,360,6.00600004196167,0.2278878092765808,0,1,FY,0.4047892987728119
02801_H_D_FY_C6,62,366,6.105999946594238,0.22195221483707428,0,1,FY,0.40600186586380005
02801_H_D_FY_C6,64,372,6.205999851226807,0.231144979596138,0,1,FY,0.40772706270217896
02801_H_D_FY_C6,66,378,6.306000232696533,0.2585151791572571,0,1,FY,0.40648218989372253
02801_H_D_FY_C6,68,384,6.406000137329102,0.23603418469429016,0,1,FY,0.4074726402759552
02801_H_D_FY_C6,70,390,6.50600004196167,0.22481848299503326,0,1,FY,0.40962281823158264
02801_H_D_FY_C6,72,396,6.60699987411499,0.21024546027183533,0,1,FY,0.4119751453399658
02801_H_D_FY_C6,74,402,6.706999778747559,0.2042788565158844,0,1,FY,0.4129165709018707
02801_H_D_FY_C6,76,408,6.807000160217285,0.20208270847797394,0,1,FY,0.41268882155418396
02801_H_D_FY_C6,78,414,6.9070000648498535,0.20081645250320435,0,1,FY,0.410921186208725
02801_H_D_FY_C6,80,420,7.006999969482422,0.19776533544063568,0,1,FY,0.40998128056526184
02857_H_D_FY_C6,0,180,3.003000020980835,0.4466766119003296,0,1,FY,0.3753586709499359
02857_H_D_FY_C6,2,186,3.1029999256134033,0.41893380880355835,0,1,FY,0.3709186911582947
02857_H_D_FY_C6,4,192,3.203000068664551,0.3723822236061096,0,1,FY,0.3650096356868744
02857_H_D_FY_C6,6,198,3.302999973297119,0.328682005405426,0,1,FY,0.35026443004608154
02857_H_D_FY_C6,8,204,3.4030001163482666,0.269267737865448,0,1,FY,0.3368776738643646
02857_H_D_FY_C6,10,210,3.503999948501587,0.2648106515407562,0,1,FY,0.3350735008716583
02857_H_D_FY_C6,12,216,3.6040000915527344,0.25034213066101074,0,1,FY,0.33061397075653076
02857_H_D_FY_C6,14,222,3.7039999961853027,0.2484254688024521,0,1,FY,0.32889387011528015
02857_H_D_FY_C6,16,228,3.803999900817871,0.24607503414154053,0,1,FY,0.3234483003616333
02857_H_D_FY_C6,18,234,3.9040000438690186,0.23641517758369446,0,1,FY,0.31715747714042664
02857_H_D_FY_C6,20,240,4.004000186920166,0.23717162013053894,0,1,FY,0.3119085729122162
02857_H_D_FY_C6,22,246,4.104000091552734,0.2434927374124527,0,1,FY,0.3054448962211609
02857_H_D_FY_C6,24,252,4.203999996185303,0.2551213502883911,0,1,FY,0.3003444969654083
02857_H_D_FY_C6,26,258,4.303999900817871,0.2637086510658264,0,1,FY,0.30399414896965027
02857_H_D_FY_C6,28,264,4.4039998054504395,0.2605213224887848,0,1,FY,0.2932627499103546
02857_H_D_FY_C6,30,270,4.505000114440918,0.2712106704711914,0,1,FY,0.2829511761665344
02857_H_D_FY_C6,32,276,4.605000019073486,0.2677922546863556,0,1,FY,0.27476799488067627
02857_H_D_FY_C6,34,282,4.704999923706055,0.2618636190891266,0,1,FY,0.2688520550727844
02857_H_D_FY_C6,36,288,4.804999828338623,0.26534146070480347,0,1,FY,0.26444724202156067
02857_H_D_FY_C6,38,294,4.90500020980835,0.2782371938228607,0,1,FY,0.2654174864292145
02857_H_D_FY_C6,40,300,5.005000114440918,0.29795727133750916,0,1,FY,0.26329171657562256
02857_H_D_FY_C6,42,306,5.105000019073486,0.3184988498687744,0,1,FY,0.26148805022239685
02857_H_D_FY_C6,44,312,5.204999923706055,0.3331167697906494,0,1,FY,0.26239436864852905
02857_H_D_FY_C6,46,318,5.304999828338623,0.314554363489151,0,1,FY,0.2604278028011322
02857_H_D_FY_C6,48,324,5.40500020980835,0.2965102791786194,0,1,FY,0.26607921719551086
02857_H_D_FY_C6,50,330,5.50600004196167,0.27960172295570374,0,1,FY,0.26151183247566223
02857_H_D_FY_C6,52,336,5.605999946594238,0.27172407507896423,0,1,FY,0.25934964418411255
02857_H_D_FY_C6,54,342,5.705999851226807,0.27973347902297974,0,1,FY,0.253478080034256
02857_H_D_FY_C6,56,348,5.806000232696533,0.2816258668899536,0,1,FY,0.2547644376754761
02857_H_D_FY_C6,58,354,5.906000137329102,0.27148619294166565,0,1,FY,0.2536776661872864
02857_H_D_FY_C6,60,360,6.00600004196167,0.2639979124069214,0,1,FY,0.25350067019462585
02857_H_D_FY_C6,62,366,6.105999946594238,0.26449936628341675,0,1,FY,0.25207680463790894
02857_H_D_FY_C6,64,372,6.205999851226807,0.2591586410999298,0,1,FY,0.24775606393814087
02857_H_D_FY_C6,66,378,6.306000232696533,0.2496001124382019,0,1,FY,0.23671868443489075
02857_H_D_FY_C6,68,384,6.406000137329102,0.2702191174030304,0,1,FY,0.24357107281684875
02857_H_D_FY_C6,70,390,6.50600004196167,0.2847280502319336,0,1,FY,0.24879223108291626
02857_H_D_FY_C6,72,396,6.60699987411499,0.2874428629875183,0,1,FY,0.2503044307231903
02857_H_D_FY_C6,74,402,6.706999778747559,0.2820761203765869,0,1,FY,0.24902375042438507
02857_H_D_FY_C6,76,408,6.807000160217285,0.26187750697135925,0,1,FY,0.24871037900447845
02857_H_D_FY_C6,78,414,6.9070000648498535,0.26548683643341064,0,1,FY,0.2442115843296051
02857_H_D_FY_C6,80,420,7.006999969482422,0.26010632514953613,0,1,FY,0.242448091506958
02955_L_F_FY_C5,0,180,3.0,0.36906492710113525,0,1,FY,0.3033183515071869
02955_L_F_FY_C5,2,186,3.0999999046325684,0.3242577910423279,0,1,FY,0.3295159339904785
02955_L_F_FY_C5,4,192,3.200000047683716,0.4083541929721832,0,1,FY,0.411160945892334
02955_L_F_FY_C5,6,198,3.299999952316284,0.522159218788147,0,1,FY,0.4223960340023041
02955_L_F_FY_C5,8,204,3.4000000953674316,0.3696245849132538,0,1,FY,0.3551192879676819
02955_L_F_FY_C5,10,210,3.5,0.45668500661849976,0,1,FY,0.4149358570575714
02955_L_F_FY_C5,12,216,3.5999999046325684,0.3327777683734894,0,1,FY,0.3434288501739502
02955_L_F_FY_C5,14,222,3.700000047683716,0.3216390907764435,0,1,FY,0.3671797811985016
02955_L_F_FY_C5,16,228,3.799999952316284,0.2730765640735626,0,1,FY,0.36863377690315247
02955_L_F_FY_C5,18,234,3.9000000953674316,0.20718061923980713,0,1,FY,0.3276088833808899
02955_L_F_FY_C5,20,240,4.0,0.16451489925384521,0,1,FY,0.32446005940437317
02955_L_F_FY_C5,22,246,4.099999904632568,0.25897133350372314,0,1,FY,0.3469720780849457
02955_L_F_FY_C5,24,252,4.199999809265137,0.2465260773897171,0,1,FY,0.3733657896518707
02955_L_F_FY_C5,26,258,4.300000190734863,0.3583280146121979,0,1,FY,0.3732067942619324
02955_L_F_FY_C5,28,264,4.400000095367432,0.27053582668304443,0,1,FY,0.3299533724784851
02955_L_F_FY_C5,30,270,4.5,0.3099052608013153,0,1,FY,0.3648431599140167
02955_L_F_FY_C5,32,276,4.599999904632568,0.3155345916748047,0,1,FY,0.3735969662666321
02955_L_F_FY_C5,34,282,4.699999809265137,0.36051368713378906,0,1,FY,0.3899685740470886
02955_L_F_FY_C5,36,288,4.800000190734863,0.3608987629413605,0,1,FY,0.39662352204322815
02955_L_F_FY_C5,38,294,4.900000095367432,0.26230525970458984,0,1,FY,0.3907020688056946
02955_L_F_FY_C5,40,300,5.0,0.1773827075958252,0,1,FY,0.4417283236980438
02955_L_F_FY_C5,42,306,5.099999904632568,0.17270007729530334,0,1,FY,0.363786906003952
02955_L_F_FY_C5,44,312,5.199999809265137,0.17644403874874115,0,1,FY,0.3044910430908203
02955_L_F_FY_C5,46,318,5.300000190734863,0.23309944570064545,0,1,FY,0.3439911901950836
02955_L_F_FY_C5,48,324,5.400000095367432,0.19320684671401978,0,1,FY,0.37830650806427
02955_L_F_FY_C5,50,330,5.5,0.23308977484703064,0,1,FY,0.3096751868724823
02955_L_F_FY_C5,52,336,5.599999904632568,0.28021714091300964,0,1,FY,0.37211155891418457
02955_L_F_FY_C5,54,342,5.699999809265137,0.35868480801582336,0,1,FY,0.34899887442588806
02955_L_F_FY_C5,56,348,5.800000190734863,0.24244359135627747,0,1,FY,0.3336236774921417
02955_L_F_FY_C5,58,354,5.900000095367432,0.21378715336322784,0,1,FY,0.35471874475479126
02955_L_F_FY_C5,60,360,6.0,0.18035686016082764,0,1,FY,0.3736395835876465
02955_L_F_FY_C5,62,366,6.099999904632568,0.33672699332237244,0,1,FY,0.4095322787761688
02955_L_F_FY_C5,64,372,6.199999809265137,0.23106729984283447,0,1,FY,0.3161003887653351
02955_L_F_FY_C5,66,378,6.300000190734863,0.2034207433462143,0,1,FY,0.30991169810295105
02955_L_F_FY_C5,68,384,6.400000095367432,0.16862566769123077,0,1,FY,0.3322480022907257
02955_L_F_FY_C5,70,390,6.5,0.1768232136964798,0,1,FY,0.2978115677833557
02955_L_F_FY_C5,72,396,6.599999904632568,0.17575351893901825,0,1,FY,0.2917718291282654
02955_L_F_FY_C5,74,402,6.699999809265137,0.21524839103221893,0,1,FY,0.28593382239341736
02955_L_F_FY_C5,76,408,6.800000190734863,0.25746726989746094,0,1,FY,0.35820597410202026
02955_L_F_FY_C5,78,414,6.900000095367432,0.20473647117614746,0,1,FY,0.3541189432144165
02955_L_F_FY_C5,80,420,7.0,0.20561380684375763,0,1,FY,0.3117850422859192
