video_id,window_index,window_start_frame,window_start_sec,score,binary_at_selected_threshold,label,direction,confidence_mean
00030_H_A_N_C5,0,180,3.003000020980835,0.4317811131477356,0,0,N,0.3529786765575409
00030_H_A_N_C5,2,186,3.1029999256134033,0.36870691180229187,0,0,N,0.3496302366256714
00030_H_A_N_C5,4,192,3.203000068664551,0.3169182538986206,0,0,N,0.3505505323410034
00030_H_A_N_C5,6,198,3.302999973297119,0.3066887855529785,0,0,N,0.3530443608760834
00030_H_A_N_C5,8,204,3.4030001163482666,0.3038027584552765,0,0,N,0.35822293162345886
00030_H_A_N_C5,10,210,3.503999948501587,0.3132266104221344,0,0,N,0.3602391481399536
00030_H_A_N_C5,12,216,3.6040000915527344,0.34835007786750793,0,0,N,0.35726597905158997
00030_H_A_N_C5,14,222,3.7039999961853027,0.35079050064086914,0,0,N,0.3522948920726776
00030_H_A_N_C5,16,228,3.803999900817871,0.31039223074913025,0,0,N,0.352029949426651
00030_H_A_N_C5,18,234,3.9040000438690186,0.2716875970363617,0,0,N,0.36154183745384216
00030_H_A_N_C5,20,240,4.004000186920166,0.2505249083042145,0,0,N,0.36483070254325867
00030_H_A_N_C5,22,246,4.104000091552734,0.2904532551765442,0,0,N,0.3616717457771301
00030_H_A_N_C5,24,252,4.203999996185303,0.32854053378105164,0,0,N,0.3582204580307007
00030_H_A_N_C5,26,258,4.303999900817871,0.39370253682136536,0,0,N,0.3526588976383209
00030_H_A_N_C5,28,264,4.4039998054504395,0.462787926197052,0,0,N,0.3475474417209625
00030_H_A_N_C5,30,270,4.505000114440918,0.5421574711799622,1,0,N,0.3379574120044708
00030_H_A_N_C5,32,276,4.605000019073486,0.623531699180603,1,0,N,0.30643796920776367
00030_H_A_N_C5,34,282,4.704999923706055,0.647291898727417,1,0,N,0.28254467248916626
00030_H_A_N_C5,36,288,4.804999828338623,0.6479071974754333,1,0,N,0.31739017367362976
00030_H_A_N_C5,38,294,4.90500020980835,0.6364491581916809,1,0,N,0.32012292742729187
00030_H_A_N_C5,40,300,5.005000114440918,0.627002477645874,1,0,N,0.32446417212486267
00030_H_A_N_C5,42,306,5.105000019073486,0.6405988931655884,1,0,N,0.34173285961151123
00030_H_A_N_C5,44,312,5.204999923706055,0.6565325260162354,1,0,N,0.3355948030948639
00030_H_A_N_C5,46,318,5.304999828338623,0.66695636510849,1,0,N,0.3156024217605591
00030_H_A_N_C5,48,324,5.40500020980835,0.6253320574760437,1,0,N,0.3168593943119049
00030_H_A_N_C5,50,330,5.50600004196167,0.4731829762458801,0,0,N,0.31563472747802734
00030_H_A_N_C5,52,336,5.605999946594238,0.46450725197792053,0,0,N,0.3312959372997284
00030_H_A_N_C5,54,342,5.705999851226807,0.5580111742019653,1,0,N,0.3851567506790161
00030_H_A_N_C5,56,348,5.806000232696533,0.5104176998138428,0,0,N,0.3456493020057678
00030_H_A_N_C5,58,354,5.906000137329102,0.458606094121933,0,0,N,0.2943563163280487
00030_H_A_N_C5,60,360,6.00600004196167,0.3128732740879059,0,0,N,0.26884111762046814
00030_H_A_N_C5,62,366,6.105999946594238,0.2525295615196228,0,0,N,0.25544384121894836
00030_H_A_N_C5,64,372,6.205999851226807,0.21043166518211365,0,0,N,0.25069460272789
00030_H_A_N_C5,66,378,6.306000232696533,0.20949453115463257,0,0,N,0.24676814675331116
00030_H_A_N_C5,68,384,6.406000137329102,0.14334537088871002,0,0,N,0.2452993541955948
00030_H_A_N_C5,70,390,6.50600004196167,0.10374472290277481,0,0,N,0.24796070158481598
00030_H_A_N_C5,72,396,6.60699987411499,0.09394225478172302,0,0,N,0.27512046694755554
00030_H_A_N_C5,74,402,6.706999778747559,0.10514842718839645,0,0,N,0.3001452684402466
00030_H_A_N_C5,76,408,6.807000160217285,0.1067652776837349,0,0,N,0.265531063079834
00030_H_A_N_C5,78,414,6.9070000648498535,0.12588880956172943,0,0,N,0.2643912434577942
00030_H_A_N_C5,80,420,7.006999969482422,0.1218964010477066,0,0,N,0.26393064856529236
00065_H_A_N_C8,0,180,3.003000020980835,0.14071503281593323,0,0,N,0.4533511698246002
00065_H_A_N_C8,2,186,3.1029999256134033,0.21980763971805573,0,0,N,0.45006629824638367
00065_H_A_N_C8,4,192,3.203000068664551,0.34022846817970276,0,0,N,0.4492740333080292
00065_H_A_N_C8,6,198,3.302999973297119,0.33224791288375854,0,0,N,0.45458510518074036
00065_H_A_N_C8,8,204,3.4030001163482666,0.3894073963165283,0,0,N,0.46120432019233704
00065_H_A_N_C8,10,210,3.503999948501587,0.4538491368293762,0,0,N,0.46073129773139954
00065_H_A_N_C8,12,216,3.6040000915527344,0.4033992886543274,0,0,N,0.4563429057598114
00065_H_A_N_C8,14,222,3.7039999961853027,0.48533234000205994,0,0,N,0.4504660665988922
00065_H_A_N_C8,16,228,3.803999900817871,0.5960598587989807,1,0,N,0.44336050748825073
00065_H_A_N_C8,18,234,3.9040000438690186,0.6025450229644775,1,0,N,0.4352262616157532
00065_H_A_N_C8,20,240,4.004000186920166,0.6060618758201599,1,0,N,0.4305388629436493
00065_H_A_N_C8,22,246,4.104000091552734,0.5571423768997192,1,0,N,0.43305307626724243
00065_H_A_N_C8,24,252,4.203999996185303,0.5986169576644897,1,0,N,0.435717910528183
00065_H_A_N_C8,26,258,4.303999900817871,0.615239679813385,1,0,N,0.43945252895355225
00065_H_A_N_C8,28,264,4.4039998054504395,0.6005218029022217,1,0,N,0.4459781348705292
00065_H_A_N_C8,30,270,4.505000114440918,0.6965159177780151,1,0,N,0.4484826326370239
00065_H_A_N_C8,32,276,4.605000019073486,0.7043439149856567,1,0,N,0.45158499479293823
00065_H_A_N_C8,34,282,4.704999923706055,0.6705970168113708,1,0,N,0.4557313621044159
00065_H_A_N_C8,36,288,4.804999828338623,0.6346694231033325,1,0,N,0.4554998278617859
00065_H_A_N_C8,38,294,4.90500020980835,0.6871927976608276,1,0,N,0.45319730043411255
00065_H_A_N_C8,40,300,5.005000114440918,0.6845355033874512,1,0,N,0.4518183469772339
00065_H_A_N_C8,42,306,5.105000019073486,0.7365017533302307,1,0,N,0.4490332007408142
00065_H_A_N_C8,44,312,5.204999923706055,0.7256208062171936,1,0,N,0.4465194642543793
00065_H_A_N_C8,46,318,5.304999828338623,0.7227874994277954,1,0,N,0.44687333703041077
00065_H_A_N_C8,48,324,5.40500020980835,0.6788161396980286,1,0,N,0.44426828622817993
00065_H_A_N_C8,50,330,5.50600004196167,0.6344085335731506,1,0,N,0.43979236483573914
00065_H_A_N_C8,52,336,5.605999946594238,0.4311884641647339,0,0,N,0.4370218813419342
00065_H_A_N_C8,54,342,5.705999851226807,0.40089190006256104,0,0,N,0.4318878948688507
00065_H_A_N_C8,56,348,5.806000232696533,0.41671469807624817,0,0,N,0.426344633102417
00065_H_A_N_C8,58,354,5.906000137329102,0.3618704676628113,0,0,N,0.420539528131485
00065_H_A_N_C8,60,360,6.00600004196167,0.3280599117279053,0,0,N,0.4157525897026062
00065_H_A_N_C8,62,366,6.105999946594238,0.3064669966697693,0,0,N,0.4106255769729614
00065_H_A_N_C8,64,372,6.205999851226807,0.2141249179840088,0,0,N,0.4056697487831116
00065_H_A_N_C8,66,378,6.306000232696533,0.21960532665252686,0,0,N,0.40071165561676025
00065_H_A_N_C8,68,384,6.406000137329102,0.19472886621952057,0,0,N,0.3960423767566681
00065_H_A_N_C8,70,390,6.50600004196167,0.15738680958747864,0,0,N,0.39638757705688477
00065_H_A_N_C8,72,396,6.60699987411499,0.16836369037628174,0,0,N,0.39627736806869507
00065_H_A_N_C8,74,402,6.706999778747559,0.15051153302192688,0,0,N,0.3920678496360779
00065_H_A_N_C8,76,408,6.807000160217285,0.1343051642179489,0,0,N,0.38817325234413147
00065_H_A_N_C8,78,414,6.9070000648498535,0.1276242882013321,0,0,N,0.3842533528804779
00065_H_A_N_C8,80,420,7.006999969482422,0.12030020356178284,0,0,N,0.3797071576118469
00103_H_A_N_C5,0,180,3.003000020980835,0.312472939491272,0,0,N,0.6208451986312866
00103_H_A_N_C5,2,186,3.1029999256134033,0.3212015628814697,0,0,N,0.5950586795806885
00103_H_A_N_C5,4,192,3.203000068664551,0.2728130519390106,0,0,N,0.5700006484985352
00103_H_A_N_C5,6,198,3.302999973297119,0.27854886651039124,0,0,N,0.5531808733940125
00103_H_A_N_C5,8,204,3.4030001163482666,0.30831244587898254,0,0,N,0.5489034056663513
00103_H_A_N_C5,10,210,3.503999948501587,0.3024485409259796,0,0,N,0.5298721194267273
00103_H_A_N_C5,12,216,3.6040000915527344,0.3105981945991516,0,0,N,0.5161759853363037
00103_H_A_N_C5,14,222,3.7039999961853027,0.3670932948589325,0,0,N,0.4917817711830139
00103_H_A_N_C5,16,228,3.803999900817871,0.43254217505455017,0,0,N,0.46738603711128235
00103_H_A_N_C5,18,234,3.9040000438690186,0.5036651492118835,0,0,N,0.4487256705760956
00103_H_A_N_C5,20,240,4.004000186920166,0.5481385588645935,1,0,N,0.4417004883289337
00103_H_A_N_C5,22,246,4.104000091552734,0.5842691659927368,1,0,N,0.4424947202205658
00103_H_A_N_C5,24,252,4.203999996185303,0.6067487597465515,1,0,N,0.44238802790641785
00103_H_A_N_C5,26,258,4.303999900817871,0.6152886748313904,1,0,N,0.4426918029785156
00103_H_A_N_C5,28,264,4.4039998054504395,0.6129992008209229,1,0,N,0.4379926025867462
00103_H_A_N_C5,30,270,4.505000114440918,0.6034520864486694,1,0,N,0.4307370185852051
00103_H_A_N_C5,32,276,4.605000019073486,0.6005859375,1,0,N,0.4190395772457123
00103_H_A_N_C5,34,282,4.704999923706055,0.5834527611732483,1,0,N,0.4175754487514496
00103_H_A_N_C5,36,288,4.804999828338623,0.6311050653457642,1,0,N,0.4209703803062439
00103_H_A_N_C5,38,294,4.90500020980835,0.647545337677002,1,0,N,0.4275612235069275
00103_H_A_N_C5,40,300,5.005000114440918,0.6131413578987122,1,0,N,0.4414157569408417
00103_H_A_N_C5,42,306,5.105000019073486,0.5724988579750061,1,0,N,0.46349647641181946
00103_H_A_N_C5,44,312,5.204999923706055,0.5423896312713623,1,0,N,0.483559250831604
00103_H_A_N_C5,46,318,5.304999828338623,0.4570145308971405,0,0,N,0.49626895785331726
00103_H_A_N_C5,48,324,5.40500020980835,0.39578142762184143,0,0,N,0.48519986867904663
00103_H_A_N_C5,50,330,5.50600004196167,0.3975604772567749,0,0,N,0.49490949511528015
00103_H_A_N_C5,52,336,5.605999946594238,0.368266761302948,0,0,N,0.5040586590766907
00103_H_A_N_C5,54,342,5.705999851226807,0.464449942111969,0,0,N,0.5203945636749268
00103_H_A_N_C5,56,348,5.806000232696533,0.5376756191253662,1,0,N,0.5323210954666138
00103_H_A_N_C5,58,354,5.906000137329102,0.5220281481742859,0,0,N,0.5362074375152588
00103_H_A_N_C5,60,360,6.00600004196167,0.4606040120124817,0,0,N,0.5241673588752747
00103_H_A_N_C5,62,366,6.105999946594238,0.3917161226272583,0,0,N,0.4928121268749237
00103_H_A_N_C5,64,372,6.205999851226807,0.3232390582561493,0,0,N,0.46713829040527344
00103_H_A_N_C5,66,378,6.306000232696533,0.25727546215057373,0,0,N,0.4771978557109833
00103_H_A_N_C5,68,384,6.406000137329102,0.2264505922794342,0,0,N,0.47248104214668274
00103_H_A_N_C5,70,390,6.50600004196167,0.2054165154695511,0,0,N,0.46522343158721924
00103_H_A_N_C5,72,396,6.60699987411499,0.19286611676216125,0,0,N,0.45656514167785645
00103_H_A_N_C5,74,402,6.706999778747559,0.18479399383068085,0,0,N,0.448377788066864
00103_H_A_N_C5,76,408,6.807000160217285,0.18155629932880402,0,0,N,0.4443281888961792
00103_H_A_N_C5,78,414,6.9070000648498535,0.18046104907989502,0,0,N,0.43737921118736267
00103_H_A_N_C5,80,420,7.006999969482422,0.17956200242042542,0,0,N,0.43310263752937317
00121_H_A_N_C5,0,180,3.003000020980835,0.47381919622421265,0,0,N,0.4592513144016266
00121_H_A_N_C5,2,186,3.1029999256134033,0.5174039006233215,0,0,N,0.45756271481513977
00121_H_A_N_C5,4,192,3.203000068664551,0.5329530239105225,1,0,N,0.4338468909263611
00121_H_A_N_C5,6,198,3.302999973297119,0.5475823283195496,1,0,N,0.41494035720825195
00121_H_A_N_C5,8,204,3.4030001163482666,0.5733351707458496,1,0,N,0.4133979082107544
00121_H_A_N_C5,10,210,3.503999948501587,0.6410780549049377,1,0,N,0.40057244896888733
00121_H_A_N_C5,12,216,3.6040000915527344,0.6935272812843323,1,0,N,0.3989947736263275
00121_H_A_N_C5,14,222,3.7039999961853027,0.7208274602890015,1,0,N,0.3904532492160797
00121_H_A_N_C5,16,228,3.803999900817871,0.7180001139640808,1,0,N,0.3905101716518402
00121_H_A_N_C5,18,234,3.9040000438690186,0.5810769200325012,1,0,N,0.39964166283607483
00121_H_A_N_C5,20,240,4.004000186920166,0.5471151471138,1,0,N,0.4186829924583435
00121_H_A_N_C5,22,246,4.104000091552734,0.5519230365753174,1,0,N,0.4399856925010681
00121_H_A_N_C5,24,252,4.203999996185303,0.583345353603363,1,0,N,0.4495145082473755
00121_H_A_N_C5,26,258,4.303999900817871,0.6255847811698914,1,0,N,0.43565037846565247
00121_H_A_N_C5,28,264,4.4039998054504395,0.5967280268669128,1,0,N,0.4683939218521118
00121_H_A_N_C5,30,270,4.505000114440918,0.6051831841468811,1,0,N,0.5052400231361389
00121_H_A_N_C5,32,276,4.605000019073486,0.6004055142402649,1,0,N,0.49751102924346924
00121_H_A_N_C5,34,282,4.704999923706055,0.5252406597137451,1,0,N,0.5004662871360779
00121_H_A_N_C5,36,288,4.804999828338623,0.4761091470718384,0,0,N,0.5377337336540222
00121_H_A_N_C5,38,294,4.90500020980835,0.40366873145103455,0,0,N,0.5396860837936401
00121_H_A_N_C5,40,300,5.005000114440918,0.36287060379981995,0,0,N,0.5243706703186035
00121_H_A_N_C5,42,306,5.105000019073486,0.32111793756484985,0,0,N,0.5064148902893066
00121_H_A_N_C5,44,312,5.204999923706055,0.285338819026947,0,0,N,0.5266239643096924
00121_H_A_N_C5,46,318,5.304999828338623,0.23788049817085266,0,0,N,0.5272265672683716
00121_H_A_N_C5,48,324,5.40500020980835,0.23614861071109772,0,0,N,0.5170692801475525
00121_H_A_N_C5,50,330,5.50600004196167,0.25834447145462036,0,0,N,0.49954110383987427
00121_H_A_N_C5,52,336,5.605999946594238,0.25318828225135803,0,0,N,0.48325154185295105
00121_H_A_N_C5,54,342,5.705999851226807,0.22926169633865356,0,0,N,0.47658365964889526
00121_H_A_N_C5,56,348,5.806000232696533,0.22081434726715088,0,0,N,0.4680001437664032
00121_H_A_N_C5,58,354,5.906000137329102,0.228120818734169,0,0,N,0.4617503583431244
00121_H_A_N_C5,60,360,6.00600004196167,0.23249301314353943,0,0,N,0.4566863179206848
00121_H_A_N_C5,62,366,6.105999946594238,0.22903309762477875,0,0,N,0.4543209969997406
00121_H_A_N_C5,64,372,6.205999851226807,0.23102501034736633,0,0,N,0.4645916521549225
00121_H_A_N_C5,66,378,6.306000232696533,0.22616420686244965,0,0,N,0.4796024262905121
00121_H_A_N_C5,68,384,6.406000137329102,0.23151937127113342,0,0,N,0.4801419973373413
00121_H_A_N_C5,70,390,6.50600004196167,0.2555108666419983,0,0,N,0.4655859172344208
00121_H_A_N_C5,72,396,6.60699987411499,0.2577473223209381,0,0,N,0.45084136724472046
00121_H_A_N_C5,74,402,6.706999778747559,0.24636077880859375,0,0,N,0.4542500674724579
00121_H_A_N_C5,76,408,6.807000160217285,0.22552847862243652,0,0,N,0.4589129686355591
00121_H_A_N_C5,78,414,6.9070000648498535,0.21590064465999603,0,0,N,0.44692885875701904
00121_H_A_N_C5,80,420,7.006999969482422,0.2264573723077774,0,0,N,0.44079115986824036
00160_H_A_N_C7,0,180,3.003000020980835,0.40700092911720276,0,0,N,0.6140863299369812
00160_H_A_N_C7,2,186,3.1029999256134033,0.4352085590362549,0,0,N,0.6199416518211365
00160_H_A_N_C7,4,192,3.203000068664551,0.4667587876319885,0,0,N,0.6258623600006104
00160_H_A_N_C7,6,198,3.302999973297119,0.5690906047821045,1,0,N,0.6294186115264893
00160_H_A_N_C7,8,204,3.4030001163482666,0.7740310430526733,1,0,N,0.6320965886116028
00160_H_A_N_C7,10,210,3.503999948501587,0.9071709513664246,1,0,N,0.6325553059577942
00160_H_A_N_C7,12,216,3.6040000915527344,0.9379759430885315,1,0,N,0.628023624420166
00160_H_A_N_C7,14,222,3.7039999961853027,0.9474475979804993,1,0,N,0.6197766065597534
00160_H_A_N_C7,16,228,3.803999900817871,0.9362274408340454,1,0,N,0.6083804368972778
00160_H_A_N_C7,18,234,3.9040000438690186,0.9149434566497803,1,0,N,0.5921673774719238
00160_H_A_N_C7,20,240,4.004000186920166,0.8586843013763428,1,0,N,0.5757961869239807
00160_H_A_N_C7,22,246,4.104000091552734,0.8843167424201965,1,0,N,0.5624821782112122
00160_H_A_N_C7,24,252,4.203999996185303,0.8943650722503662,1,0,N,0.5485609173774719
00160_H_A_N_C7,26,258,4.303999900817871,0.9078493714332581,1,0,N,0.5347121953964233
00160_H_A_N_C7,28,264,4.4039998054504395,0.9188916683197021,1,0,N,0.5238522291183472
00160_H_A_N_C7,30,270,4.505000114440918,0.9241673350334167,1,0,N,0.5137943625450134
00160_H_A_N_C7,32,276,4.605000019073486,0.9293553829193115,1,0,N,0.5073816180229187
00160_H_A_N_C7,34,282,4.704999923706055,0.9310545921325684,1,0,N,0.5014896988868713
00160_H_A_N_C7,36,288,4.804999828338623,0.9294149875640869,1,0,N,0.49152347445487976
00160_H_A_N_C7,38,294,4.90500020980835,0.9290115237236023,1,0,N,0.4767378866672516
00160_H_A_N_C7,40,300,5.005000114440918,0.9315095543861389,1,0,N,0.45766958594322205
00160_H_A_N_C7,42,306,5.105000019073486,0.9316975474357605,1,0,N,0.4397895038127899
00160_H_A_N_C7,44,312,5.204999923706055,0.930557370185852,1,0,N,0.42403340339660645
00160_H_A_N_C7,46,318,5.304999828338623,0.9155051708221436,1,0,N,0.41149401664733887
00160_H_A_N_C7,48,324,5.40500020980835,0.8841944336891174,1,0,N,0.3981285095214844
00160_H_A_N_C7,50,330,5.50600004196167,0.8146678805351257,1,0,N,0.3886558413505554
00160_H_A_N_C7,52,336,5.605999946594238,0.6896371245384216,1,0,N,0.3831537067890167
00160_H_A_N_C7,54,342,5.705999851226807,0.5370128750801086,1,0,N,0.381536602973938
00160_H_A_N_C7,56,348,5.806000232696533,0.4397757053375244,0,0,N,0.3812519609928131
00160_H_A_N_C7,58,354,5.906000137329102,0.3925095498561859,0,0,N,0.38199523091316223
00160_H_A_N_C7,60,360,6.00600004196167,0.2581748068332672,0,0,N,0.3817095458507538
00160_H_A_N_C7,62,366,6.105999946594238,0.20163610577583313,0,0,N,0.3797299563884735
00160_H_A_N_C7,64,372,6.205999851226807,0.15855857729911804,0,0,N,0.37565210461616516
00160_H_A_N_C7,66,378,6.306000232696533,0.13779008388519287,0,0,N,0.3715671896934509
00160_H_A_N_C7,68,384,6.406000137329102,0.12859749794006348,0,0,N,0.36616626381874084
00160_H_A_N_C7,70,390,6.50600004196167,0.1334967166185379,0,0,N,0.3614148497581482
00160_H_A_N_C7,72,396,6.60699987411499,0.13540641963481903,0,0,N,0.35627856850624084
00160_H_A_N_C7,74,402,6.706999778747559,0.13899114727973938,0,0,N,0.35547390580177307
00160_H_A_N_C7,76,408,6.807000160217285,0.14274615049362183,0,0,N,0.3557271659374237
00160_H_A_N_C7,78,414,6.9070000648498535,0.15288294851779938,0,0,N,0.3555934429168701
00160_H_A_N_C7,80,420,7.006999969482422,0.15512758493423462,0,0,N,0.3557419776916504
00180_H_A_N_C7,0,180,3.003000020980835,0.2020222693681717,0,0,N,0.5785118341445923
00180_H_A_N_C7,2,186,3.1029999256134033,0.20239758491516113,0,0,N,0.5788465738296509
00180_H_A_N_C7,4,192,3.203000068664551,0.19041232764720917,0,0,N,0.5797394514083862
00180_H_A_N_C7,6,198,3.302999973297119,0.1904381662607193,0,0,N,0.5796531438827515
00180_H_A_N_C7,8,204,3.4030001163482666,0.18106600642204285,0,0,N,0.5810291767120361
00180_H_A_N_C7,10,210,3.503999948501587,0.20870980620384216,0,0,N,0.5801695585250854
00180_H_A_N_C7,12,216,3.6040000915527344,0.2985123097896576,0,0,N,0.5781142115592957
00180_H_A_N_C7,14,222,3.7039999961853027,0.31706440448760986,0,0,N,0.5773012042045593
00180_H_A_N_C7,16,228,3.803999900817871,0.27824866771698,0,0,N,0.5747631788253784
00180_H_A_N_C7,18,234,3.9040000438690186,0.24898448586463928,0,0,N,0.5674769282341003
00180_H_A_N_C7,20,240,4.004000186920166,0.2053845077753067,0,0,N,0.5560033917427063
00180_H_A_N_C7,22,246,4.104000091552734,0.18957781791687012,0,0,N,0.5495537519454956
00180_H_A_N_C7,24,252,4.203999996185303,0.1655450165271759,0,0,N,0.5490281581878662
00180_H_A_N_C7,26,258,4.303999900817871,0.17059573531150818,0,0,N,0.5511929988861084
00180_H_A_N_C7,28,264,4.4039998054504395,0.18139439821243286,0,0,N,0.5539892315864563
00180_H_A_N_C7,30,270,4.505000114440918,0.17457866668701172,0,0,N,0.5552831888198853
00180_H_A_N_C7,32,276,4.605000019073486,0.18255795538425446,0,0,N,0.5577384829521179
00180_H_A_N_C7,34,282,4.704999923706055,0.18515713512897491,0,0,N,0.5573941469192505
00180_H_A_N_C7,36,288,4.804999828338623,0.19439682364463806,0,0,N,0.5586786270141602
00180_H_A_N_C7,38,294,4.90500020980835,0.23585145175457,0,0,N,0.5619784593582153
00180_H_A_N_C7,40,300,5.005000114440918,0.33840060234069824,0,0,N,0.5658761858940125
00180_H_A_N_C7,42,306,5.105000019073486,0.47390666604042053,0,0,N,0.5680989623069763
00180_H_A_N_C7,44,312,5.204999923706055,0.6230292320251465,1,0,N,0.5677769780158997
00180_H_A_N_C7,46,318,5.304999828338623,0.5719197392463684,1,0,N,0.561897873878479
00180_H_A_N_C7,48,324,5.40500020980835,0.6238633990287781,1,0,N,0.5576005578041077
00180_H_A_N_C7,50,330,5.50600004196167,0.8067672252655029,1,0,N,0.5535627007484436
00180_H_A_N_C7,52,336,5.605999946594238,0.7740896344184875,1,0,N,0.5526870489120483
00180_H_A_N_C7,54,342,5.705999851226807,0.48326575756073,0,0,N,0.5537548661231995
00180_H_A_N_C7,56,348,5.806000232696533,0.4113611578941345,0,0,N,0.5595967769622803
00180_H_A_N_C7,58,354,5.906000137329102,0.3700976073741913,0,0,N,0.56960529088974
00180_H_A_N_C7,60,360,6.00600004196167,0.3276849091053009,0,0,N,0.5878096222877502
00180_H_A_N_C7,62,366,6.105999946594238,0.2740077078342438,0,0,N,0.6010233163833618
00180_H_A_N_C7,64,372,6.205999851226807,0.225918710231781,0,0,N,0.6072072386741638
00180_H_A_N_C7,66,378,6.306000232696533,0.20253309607505798,0,0,N,0.6049954891204834
00180_H_A_N_C7,68,384,6.406000137329102,0.19021937251091003,0,0,N,0.6005170941352844
00180_H_A_N_C7,70,390,6.50600004196167,0.1734056919813156,0,0,N,0.5950404405593872
00180_H_A_N_C7,72,396,6.60699987411499,0.15356269478797913,0,0,N,0.5936228632926941
00180_H_A_N_C7,74,402,6.706999778747559,0.14144466817378998,0,0,N,0.593220591545105
00180_H_A_N_C7,76,408,6.807000160217285,0.14763444662094116,0,0,N,0.5929574966430664
00180_H_A_N_C7,78,414,6.9070000648498535,0.14064595103263855,0,0,N,0.5918896198272705
00180_H_A_N_C7,80,420,7.006999969482422,0.1282660961151123,0,0,N,0.5891989469528198
00306_H_A_N_C5,0,180,3.003000020980835,0.599979817867279,1,0,N,0.35456767678260803
00306_H_A_N_C5,2,186,3.1029999256134033,0.6935113072395325,1,0,N,0.35742607712745667
00306_H_A_N_C5,4,192,3.203000068664551,0.6015267968177795,1,0,N,0.3607850670814514
00306_H_A_N_C5,6,198,3.302999973297119,0.38134968280792236,0,0,N,0.3654323220252991
00306_H_A_N_C5,8,204,3.4030001163482666,0.33657941222190857,0,0,N,0.36986514925956726
00306_H_A_N_C5,10,210,3.503999948501587,0.3074268102645874,0,0,N,0.37538155913352966
00306_H_A_N_C5,12,216,3.6040000915527344,0.332631379365921,0,0,N,0.37854111194610596
00306_H_A_N_C5,14,222,3.7039999961853027,0.33815303444862366,0,0,N,0.3774752616882324
00306_H_A_N_C5,16,228,3.803999900817871,0.32708197832107544,0,0,N,0.3784090578556061
00306_H_A_N_C5,18,234,3.9040000438690186,0.31126299500465393,0,0,N,0.37645021080970764
00306_H_A_N_C5,20,240,4.004000186920166,0.3065699636936188,0,0,N,0.3760693073272705
00306_H_A_N_C5,22,246,4.104000091552734,0.32753655314445496,0,0,N,0.3732544779777527
00306_H_A_N_C5,24,252,4.203999996185303,0.37351810932159424,0,0,N,0.37539222836494446
00306_H_A_N_C5,26,258,4.303999900817871,0.497171550989151,0,0,N,0.37652069330215454
00306_H_A_N_C5,28,264,4.4039998054504395,0.5599644184112549,1,0,N,0.3800191283226013
00306_H_A_N_C5,30,270,4.505000114440918,0.5893179178237915,1,0,N,0.37962791323661804
00306_H_A_N_C5,32,276,4.605000019073486,0.562415599822998,1,0,N,0.38079774379730225
00306_H_A_N_C5,34,282,4.704999923706055,0.49158450961112976,0,0,N,0.382429838180542
00306_H_A_N_C5,36,288,4.804999828338623,0.3794836699962616,0,0,N,0.3826645314693451
00306_H_A_N_C5,38,294,4.90500020980835,0.32843250036239624,0,0,N,0.38745149970054626
00306_H_A_N_C5,40,300,5.005000114440918,0.2790764272212982,0,0,N,0.39304259419441223
00306_H_A_N_C5,42,306,5.105000019073486,0.3206266760826111,0,0,N,0.39732852578163147
00306_H_A_N_C5,44,312,5.204999923706055,0.3296787142753601,0,0,N,0.3998374938964844
00306_H_A_N_C5,46,318,5.304999828338623,0.3246234059333801,0,0,N,0.3998222053050995
00306_H_A_N_C5,48,324,5.40500020980835,0.3356296718120575,0,0,N,0.3996632993221283
00306_H_A_N_C5,50,330,5.50600004196167,0.3130868375301361,0,0,N,0.3997797966003418
00306_H_A_N_C5,52,336,5.605999946594238,0.2896665632724762,0,0,N,0.4035200774669647
00306_H_A_N_C5,54,342,5.705999851226807,0.2076699435710907,0,0,N,0.4082255959510803
00306_H_A_N_C5,56,348,5.806000232696533,0.1724501997232437,0,0,N,0.41095539927482605
00306_H_A_N_C5,58,354,5.906000137329102,0.15313562750816345,0,0,N,0.414563924074173
00306_H_A_N_C5,60,360,6.00600004196167,0.15208202600479126,0,0,N,0.4180421531200409
00306_H_A_N_C5,62,366,6.105999946594238,0.1483476459980011,0,0,N,0.42071956396102905
00306_H_A_N_C5,64,372,6.205999851226807,0.14549191296100616,0,0,N,0.4209747314453125
00306_H_A_N_C5,66,378,6.306000232696533,0.1314048022031784,0,0,N,0.42227235436439514
00306_H_A_N_C5,68,384,6.406000137329102,0.12043646723031998,0,0,N,0.4217225909233093
00306_H_A_N_C5,70,390,6.50600004196167,0.11308769881725311,0,0,N,0.4216292202472687
00306_H_A_N_C5,72,396,6.60699987411499,0.11160586029291153,0,0,N,0.423734188079834
00306_H_A_N_C5,74,402,6.706999778747559,0.11268603801727295,0,0,N,0.42460328340530396
00306_H_A_N_C5,76,408,6.807000160217285,0.11204033344984055,0,0,N,0.4290377199649811
00306_H_A_N_C5,78,414,6.9070000648498535,0.12425599247217178,0,0,N,0.42929407954216003
00306_H_A_N_C5,80,420,7.006999969482422,0.11724903434515,0,0,N,0.42904382944107056
00346_H_A_N_C7,0,180,3.003000020980835,0.6146010160446167,1,0,N,0.4604041576385498
00346_H_A_N_C7,2,186,3.1029999256134033,0.7315676212310791,1,0,N,0.4658398926258087
00346_H_A_N_C7,4,192,3.203000068664551,0.7448123097419739,1,0,N,0.4687175750732422
00346_H_A_N_C7,6,198,3.302999973297119,0.6460080146789551,1,0,N,0.4703996479511261
00346_H_A_N_C7,8,204,3.4030001163482666,0.5546247363090515,1,0,N,0.474674254655838
00346_H_A_N_C7,10,210,3.503999948501587,0.5231901407241821,0,0,N,0.48319727182388306
00346_H_A_N_C7,12,216,3.6040000915527344,0.4577972888946533,0,0,N,0.48943719267845154
00346_H_A_N_C7,14,222,3.7039999961853027,0.41984111070632935,0,0,N,0.4911690652370453
00346_H_A_N_C7,16,228,3.803999900817871,0.4040069282054901,0,0,N,0.4906255602836609
00346_H_A_N_C7,18,234,3.9040000438690186,0.3550245463848114,0,0,N,0.4861219525337219
00346_H_A_N_C7,20,240,4.004000186920166,0.3581133484840393,0,0,N,0.4827471077442169
00346_H_A_N_C7,22,246,4.104000091552734,0.3784034848213196,0,0,N,0.481009304523468
00346_H_A_N_C7,24,252,4.203999996185303,0.34086674451828003,0,0,N,0.47597894072532654
00346_H_A_N_C7,26,258,4.303999900817871,0.34332531690597534,0,0,N,0.47362083196640015
00346_H_A_N_C7,28,264,4.4039998054504395,0.30260396003723145,0,0,N,0.4657076597213745
00346_H_A_N_C7,30,270,4.505000114440918,0.19480562210083008,0,0,N,0.4596686065196991
00346_H_A_N_C7,32,276,4.605000019073486,0.1382605880498886,0,0,N,0.4523768126964569
00346_H_A_N_C7,34,282,4.704999923706055,0.1493424028158188,0,0,N,0.44605544209480286
00346_H_A_N_C7,36,288,4.804999828338623,0.13382931053638458,0,0,N,0.4384782612323761
00346_H_A_N_C7,38,294,4.90500020980835,0.10139868408441544,0,0,N,0.43251436948776245
00346_H_A_N_C7,40,300,5.005000114440918,0.10081648826599121,0,0,N,0.42720144987106323
00346_H_A_N_C7,42,306,5.105000019073486,0.11379584670066833,0,0,N,0.42330941557884216
00346_H_A_N_C7,44,312,5.204999923706055,0.15102942287921906,0,0,N,0.4208149015903473
00346_H_A_N_C7,46,318,5.304999828338623,0.14789193868637085,0,0,N,0.4167773723602295
00346_H_A_N_C7,48,324,5.40500020980835,0.13185067474842072,0,0,N,0.4138997495174408
00346_H_A_N_C7,50,330,5.50600004196167,0.119425468146801,0,0,N,0.4079305827617645
00346_H_A_N_C7,52,336,5.605999946594238,0.11593887209892273,0,0,N,0.4045300781726837
00346_H_A_N_C7,54,342,5.705999851226807,0.11534390598535538,0,0,N,0.4015797972679138
00346_H_A_N_C7,56,348,5.806000232696533,0.12083590775728226,0,0,N,0.4004935920238495
00346_H_A_N_C7,58,354,5.906000137329102,0.12019924074411392,0,0,N,0.4026724398136139
00346_H_A_N_C7,60,360,6.00600004196167,0.12287245690822601,0,0,N,0.4032018780708313
00346_H_A_N_C7,62,366,6.105999946594238,0.12417624890804291,0,0,N,0.4062545895576477
00346_H_A_N_C7,64,372,6.205999851226807,0.12368474900722504,0,0,N,0.4101211130619049
00346_H_A_N_C7,66,378,6.306000232696533,0.1208261102437973,0,0,N,0.41144177317619324
00346_H_A_N_C7,68,384,6.406000137329102,0.12973032891750336,0,0,N,0.41585060954093933
00346_H_A_N_C7,70,390,6.50600004196167,0.13188529014587402,0,0,N,0.4166572690010071
00346_H_A_N_C7,72,396,6.60699987411499,0.1318136304616928,0,0,N,0.4161340892314911
00346_H_A_N_C7,74,402,6.706999778747559,0.13239823281764984,0,0,N,0.4144290089607239
00346_H_A_N_C7,76,408,6.807000160217285,0.13850325345993042,0,0,N,0.41440901160240173
00346_H_A_N_C7,78,414,6.9070000648498535,0.1454143524169922,0,0,N,0.4144277274608612
00346_H_A_N_C7,80,420,7.006999969482422,0.14608201384544373,0,0,N,0.4143640398979187
00529_H_D_N_C7,0,180,3.003000020980835,0.5355450510978699,1,0,N,0.5828641057014465
00529_H_D_N_C7,2,186,3.1029999256134033,0.5400642156600952,1,0,N,0.57185298204422
00529_H_D_N_C7,4,192,3.203000068664551,0.5311622023582458,1,0,N,0.5622164607048035
00529_H_D_N_C7,6,198,3.302999973297119,0.523811399936676,0,0,N,0.5530757308006287
00529_H_D_N_C7,8,204,3.4030001163482666,0.5331444144248962,1,0,N,0.5410152673721313
00529_H_D_N_C7,10,210,3.503999948501587,0.5787137150764465,1,0,N,0.5276204943656921
00529_H_D_N_C7,12,216,3.6040000915527344,0.613918125629425,1,0,N,0.5074936151504517
00529_H_D_N_C7,14,222,3.7039999961853027,0.5959954261779785,1,0,N,0.4991458058357239
00529_H_D_N_C7,16,228,3.803999900817871,0.5577924251556396,1,0,N,0.49798551201820374
00529_H_D_N_C7,18,234,3.9040000438690186,0.6024165153503418,1,0,N,0.4963393211364746
00529_H_D_N_C7,20,240,4.004000186920166,0.5228491425514221,0,0,N,0.49521604180336
00529_H_D_N_C7,22,246,4.104000091552734,0.3974984586238861,0,0,N,0.4964134693145752
00529_H_D_N_C7,24,252,4.203999996185303,0.24157312512397766,0,0,N,0.5026116371154785
00529_H_D_N_C7,26,258,4.303999900817871,0.19862990081310272,0,0,N,0.5162932276725769
00529_H_D_N_C7,28,264,4.4039998054504395,0.17921702563762665,0,0,N,0.5263059139251709
00529_H_D_N_C7,30,270,4.505000114440918,0.16700397431850433,0,0,N,0.5295000076293945
00529_H_D_N_C7,32,276,4.605000019073486,0.16464686393737793,0,0,N,0.5292419195175171
00529_H_D_N_C7,34,282,4.704999923706055,0.16384299099445343,0,0,N,0.5226385593414307
00529_H_D_N_C7,36,288,4.804999828338623,0.14267663657665253,0,0,N,0.516082227230072
00529_H_D_N_C7,38,294,4.90500020980835,0.14958904683589935,0,0,N,0.5086957216262817
00529_H_D_N_C7,40,300,5.005000114440918,0.13721925020217896,0,0,N,0.49961453676223755
00529_H_D_N_C7,42,306,5.105000019073486,0.12621843814849854,0,0,N,0.4963919222354889
00529_H_D_N_C7,44,312,5.204999923706055,0.12766146659851074,0,0,N,0.49723556637763977
00529_H_D_N_C7,46,318,5.304999828338623,0.12692655622959137,0,0,N,0.5011756420135498
00529_H_D_N_C7,48,324,5.40500020980835,0.12900999188423157,0,0,N,0.5078688859939575
00529_H_D_N_C7,50,330,5.50600004196167,0.12019814550876617,0,0,N,0.5106244683265686
00529_H_D_N_C7,52,336,5.605999946594238,0.12416137009859085,0,0,N,0.5153830051422119
00529_H_D_N_C7,54,342,5.705999851226807,0.13333658874034882,0,0,N,0.5182679891586304
00529_H_D_N_C7,56,348,5.806000232696533,0.14340950548648834,0,0,N,0.5148487687110901
00529_H_D_N_C7,58,354,5.906000137329102,0.14311334490776062,0,0,N,0.5085378885269165
00529_H_D_N_C7,60,360,6.00600004196167,0.14635339379310608,0,0,N,0.49822789430618286
00529_H_D_N_C7,62,366,6.105999946594238,0.15965844690799713,0,0,N,0.48914635181427
00529_H_D_N_C7,64,372,6.205999851226807,0.17631740868091583,0,0,N,0.47983551025390625
00529_H_D_N_C7,66,378,6.306000232696533,0.2502320110797882,0,0,N,0.4723190367221832
00529_H_D_N_C7,68,384,6.406000137329102,0.3237879276275635,0,0,N,0.4634498059749603
00529_H_D_N_C7,70,390,6.50600004196167,0.34292709827423096,0,0,N,0.4589690864086151
00529_H_D_N_C7,72,396,6.60699987411499,0.4050690829753876,0,0,N,0.45585548877716064
00529_H_D_N_C7,74,402,6.706999778747559,0.45067986845970154,0,0,N,0.4552224576473236
00529_H_D_N_C7,76,408,6.807000160217285,0.39001402258872986,0,0,N,0.45814642310142517
00529_H_D_N_C7,78,414,6.9070000648498535,0.35583335161209106,0,0,N,0.4680273234844208
00529_H_D_N_C7,80,420,7.006999969482422,0.351603239774704,0,0,N,0.47796228528022766
00533_H_D_N_C7,0,180,3.003000020980835,0.9115926027297974,1,0,N,0.5166887640953064
00533_H_D_N_C7,2,186,3.1029999256134033,0.8845638036727905,1,0,N,0.5087270736694336
00533_H_D_N_C7,4,192,3.203000068664551,0.7375643849372864,1,0,N,0.5097132921218872
00533_H_D_N_C7,6,198,3.302999973297119,0.5877482295036316,1,0,N,0.5198302268981934
00533_H_D_N_C7,8,204,3.4030001163482666,0.518463671207428,0,0,N,0.5198259949684143
00533_H_D_N_C7,10,210,3.503999948501587,0.4485165476799011,0,0,N,0.5159355401992798
00533_H_D_N_C7,12,216,3.6040000915527344,0.38110604882240295,0,0,N,0.511256992816925
00533_H_D_N_C7,14,222,3.7039999961853027,0.34919217228889465,0,0,N,0.5119000673294067
00533_H_D_N_C7,16,228,3.803999900817871,0.3449615240097046,0,0,N,0.5062863826751709
00533_H_D_N_C7,18,234,3.9040000438690186,0.3343086242675781,0,0,N,0.5021878480911255
00533_H_D_N_C7,20,240,4.004000186920166,0.33701595664024353,0,0,N,0.5006080865859985
00533_H_D_N_C7,22,246,4.104000091552734,0.3639317750930786,0,0,N,0.49570727348327637
00533_H_D_N_C7,24,252,4.203999996185303,0.34077584743499756,0,0,N,0.48846858739852905
00533_H_D_N_C7,26,258,4.303999900817871,0.3166458308696747,0,0,N,0.4841371178627014
00533_H_D_N_C7,28,264,4.4039998054504395,0.3329239785671234,0,0,N,0.4848749041557312
00533_H_D_N_C7,30,270,4.505000114440918,0.5927639007568359,1,0,N,0.4879961311817169
00533_H_D_N_C7,32,276,4.605000019073486,0.6665177345275879,1,0,N,0.49309641122817993
00533_H_D_N_C7,34,282,4.704999923706055,0.6871247291564941,1,0,N,0.5000245571136475
00533_H_D_N_C7,36,288,4.804999828338623,0.5708261728286743,1,0,N,0.5089350938796997
00533_H_D_N_C7,38,294,4.90500020980835,0.26291951537132263,0,0,N,0.5267136693000793
00533_H_D_N_C7,40,300,5.005000114440918,0.09503761678934097,0,0,N,0.5397141575813293
00533_H_D_N_C7,42,306,5.105000019073486,0.09390623867511749,0,0,N,0.555679976940155
00533_H_D_N_C7,44,312,5.204999923706055,0.08943220227956772,0,0,N,0.5671288967132568
00533_H_D_N_C7,46,318,5.304999828338623,0.09426712244749069,0,0,N,0.5666213035583496
00533_H_D_N_C7,48,324,5.40500020980835,0.10340774059295654,0,0,N,0.5718816518783569
00533_H_D_N_C7,50,330,5.50600004196167,0.10874225199222565,0,0,N,0.5797303318977356
00533_H_D_N_C7,52,336,5.605999946594238,0.1108185350894928,0,0,N,0.5874533653259277
00533_H_D_N_C7,54,342,5.705999851226807,0.11662356555461884,0,0,N,0.5911019444465637
00533_H_D_N_C7,56,348,5.806000232696533,0.11882171779870987,0,0,N,0.5935787558555603
00533_H_D_N_C7,58,354,5.906000137329102,0.11931471526622772,0,0,N,0.5941215753555298
00533_H_D_N_C7,60,360,6.00600004196167,0.1250946819782257,0,0,N,0.596692681312561
00533_H_D_N_C7,62,366,6.105999946594238,0.1421966403722763,0,0,N,0.5997437238693237
00533_H_D_N_C7,64,372,6.205999851226807,0.15960942208766937,0,0,N,0.6036723852157593
00533_H_D_N_C7,66,378,6.306000232696533,0.16678769886493683,0,0,N,0.6070163249969482
00533_H_D_N_C7,68,384,6.406000137329102,0.17489944398403168,0,0,N,0.60759437084198
00533_H_D_N_C7,70,390,6.50600004196167,0.17216819524765015,0,0,N,0.6097373366355896
00533_H_D_N_C7,72,396,6.60699987411499,0.1757771074771881,0,0,N,0.6094399094581604
00533_H_D_N_C7,74,402,6.706999778747559,0.1848377287387848,0,0,N,0.6113425493240356
00533_H_D_N_C7,76,408,6.807000160217285,0.19542305171489716,0,0,N,0.6124252676963806
00533_H_D_N_C7,78,414,6.9070000648498535,0.20002995431423187,0,0,N,0.6125546097755432
00533_H_D_N_C7,80,420,7.006999969482422,0.20287556946277618,0,0,N,0.6122442483901978
00551_H_D_N_C5,0,180,3.003000020980835,0.3364965617656708,0,0,N,0.43695423007011414
00551_H_D_N_C5,2,186,3.1029999256134033,0.3080296814441681,0,0,N,0.42853879928588867
00551_H_D_N_C5,4,192,3.203000068664551,0.28790992498397827,0,0,N,0.420702189207077
00551_H_D_N_C5,6,198,3.302999973297119,0.28301265835762024,0,0,N,0.4110422730445862
00551_H_D_N_C5,8,204,3.4030001163482666,0.27274054288864136,0,0,N,0.4011516571044922
00551_H_D_N_C5,10,210,3.503999948501587,0.26928743720054626,0,0,N,0.3935295045375824
00551_H_D_N_C5,12,216,3.6040000915527344,0.2435319870710373,0,0,N,0.38632965087890625
00551_H_D_N_C5,14,222,3.7039999961853027,0.22952063381671906,0,0,N,0.3785661458969116
00551_H_D_N_C5,16,228,3.803999900817871,0.22732295095920563,0,0,N,0.37795448303222656
00551_H_D_N_C5,18,234,3.9040000438690186,0.22263945639133453,0,0,N,0.40896838903427124
00551_H_D_N_C5,20,240,4.004000186920166,0.24806301295757294,0,0,N,0.3931841254234314
00551_H_D_N_C5,22,246,4.104000091552734,0.26825594902038574,0,0,N,0.38403618335723877
00551_H_D_N_C5,24,252,4.203999996185303,0.30022814869880676,0,0,N,0.37569209933280945
00551_H_D_N_C5,26,258,4.303999900817871,0.3476184904575348,0,0,N,0.3416905105113983
00551_H_D_N_C5,28,264,4.4039998054504395,0.42625507712364197,0,0,N,0.33534082770347595
00551_H_D_N_C5,30,270,4.505000114440918,0.6533434391021729,1,0,N,0.2932063341140747
00551_H_D_N_C5,32,276,4.605000019073486,0.6872844099998474,1,0,N,0.2976420223712921
00551_H_D_N_C5,34,282,4.704999923706055,0.6662036180496216,1,0,N,0.3202725946903229
00551_H_D_N_C5,36,288,4.804999828338623,0.6294788122177124,1,0,N,0.29718920588493347
00551_H_D_N_C5,38,294,4.90500020980835,0.5053401589393616,0,0,N,0.2923106253147125
00551_H_D_N_C5,40,300,5.005000114440918,0.43896350264549255,0,0,N,0.3095405697822571
00551_H_D_N_C5,42,306,5.105000019073486,0.3932044208049774,0,0,N,0.3237208127975464
00551_H_D_N_C5,44,312,5.204999923706055,0.33276376128196716,0,0,N,0.3367338478565216
00551_H_D_N_C5,46,318,5.304999828338623,0.28744253516197205,0,0,N,0.35086899995803833
00551_H_D_N_C5,48,324,5.40500020980835,0.2793354094028473,0,0,N,0.36771732568740845
00551_H_D_N_C5,50,330,5.50600004196167,0.3089156150817871,0,0,N,0.41228607296943665
00551_H_D_N_C5,52,336,5.605999946594238,0.3140259087085724,0,0,N,0.4483628273010254
00551_H_D_N_C5,54,342,5.705999851226807,0.30032336711883545,0,0,N,0.40664854645729065
00551_H_D_N_C5,56,348,5.806000232696533,0.2855844497680664,0,0,N,0.40065181255340576
00551_H_D_N_C5,58,354,5.906000137329102,0.3253464996814728,0,0,N,0.4097072184085846
00551_H_D_N_C5,60,360,6.00600004196167,0.3140527904033661,0,0,N,0.32986077666282654
00551_H_D_N_C5,62,366,6.105999946594238,0.2568646967411041,0,0,N,0.3941539227962494
00551_H_D_N_C5,64,372,6.205999851226807,0.2155855894088745,0,0,N,0.4475376605987549
00551_H_D_N_C5,66,378,6.306000232696533,0.2034807801246643,0,0,N,0.38201746344566345
00551_H_D_N_C5,68,384,6.406000137329102,0.203034907579422,0,0,N,0.3709242045879364
00551_H_D_N_C5,70,390,6.50600004196167,0.21627332270145416,0,0,N,0.387923002243042
00551_H_D_N_C5,72,396,6.60699987411499,0.21827878057956696,0,0,N,0.41714540123939514
00551_H_D_N_C5,74,402,6.706999778747559,0.2082851380109787,0,0,N,0.44783976674079895
00551_H_D_N_C5,76,408,6.807000160217285,0.2309943586587906,0,0,N,0.4182228147983551
00551_H_D_N_C5,78,414,6.9070000648498535,0.23777295649051666,0,0,N,0.426899254322052
00551_H_D_N_C5,80,420,7.006999969482422,0.22347646951675415,0,0,N,0.39110293984413147
00599_H_D_N_C7,0,180,3.0,0.1826332062482834,0,0,N,0.5158572793006897
00599_H_D_N_C7,2,186,3.0999999046325684,0.17473429441452026,0,0,N,0.5137767195701599
00599_H_D_N_C7,4,192,3.200000047683716,0.18096540868282318,0,0,N,0.5099402666091919
00599_H_D_N_C7,6,198,3.299999952316284,0.16919949650764465,0,0,N,0.503894031047821
00599_H_D_N_C7,8,204,3.4000000953674316,0.1489579826593399,0,0,N,0.49654126167297363
00599_H_D_N_C7,10,210,3.5,0.1521371454000473,0,0,N,0.4882468283176422
00599_H_D_N_C7,12,216,3.5999999046325684,0.15645283460617065,0,0,N,0.47885024547576904
00599_H_D_N_C7,14,222,3.700000047683716,0.14921991527080536,0,0,N,0.47019246220588684
00599_H_D_N_C7,16,228,3.799999952316284,0.1409376859664917,0,0,N,0.4622572064399719
00599_H_D_N_C7,18,234,3.9000000953674316,0.12955357134342194,0,0,N,0.45328524708747864
00599_H_D_N_C7,20,240,4.0,0.14803919196128845,0,0,N,0.44817861914634705
00599_H_D_N_C7,22,246,4.099999904632568,0.16716735064983368,0,0,N,0.4419793486595154
00599_H_D_N_C7,24,252,4.199999809265137,0.1709395796060562,0,0,N,0.43672892451286316
00599_H_D_N_C7,26,258,4.300000190734863,0.18505704402923584,0,0,N,0.43006065487861633
00599_H_D_N_C7,28,264,4.400000095367432,0.20312313735485077,0,0,N,0.41861745715141296
00599_H_D_N_C7,30,270,4.5,0.22394384443759918,0,0,N,0.4036562740802765
00599_H_D_N_C7,32,276,4.599999904632568,0.24837712943553925,0,0,N,0.38588765263557434
00599_H_D_N_C7,34,282,4.699999809265137,0.2768494486808777,0,0,N,0.36815184354782104
00599_H_D_N_C7,36,288,4.800000190734863,0.3044629693031311,0,0,N,0.3470483124256134
00599_H_D_N_C7,38,294,4.900000095367432,0.32163509726524353,0,0,N,0.32601219415664673
00599_H_D_N_C7,40,300,5.0,0.33590999245643616,0,0,N,0.30705058574676514
00599_H_D_N_C7,42,306,5.099999904632568,0.3504526913166046,0,0,N,0.29030802845954895
00599_H_D_N_C7,44,312,5.199999809265137,0.38385429978370667,0,0,N,0.2795485854148865
00599_H_D_N_C7,46,318,5.300000190734863,0.44593214988708496,0,0,N,0.2683095335960388
00599_H_D_N_C7,48,324,5.400000095367432,0.492575079202652,0,0,N,0.25850623846054077
00599_H_D_N_C7,50,330,5.5,0.5194922685623169,0,0,N,0.25225841999053955
00599_H_D_N_C7,52,336,5.599999904632568,0.538375735282898,1,0,N,0.2476142942905426
00599_H_D_N_C7,54,342,5.699999809265137,0.5611063838005066,1,0,N,0.23022231459617615
00599_H_D_N_C7,56,348,5.800000190734863,0.5791729092597961,1,0,N,0.21943296492099762
00599_H_D_N_C7,58,354,5.900000095367432,0.5861029624938965,1,0,N,0.21350036561489105
00599_H_D_N_C7,60,360,6.0,0.5942034721374512,1,0,N,0.20691585540771484
00599_H_D_N_C7,62,366,6.099999904632568,0.5940669775009155,1,0,N,0.19707931578159332
00599_H_D_N_C7,64,372,6.199999809265137,0.5893185138702393,1,0,N,0.18612900376319885
00599_H_D_N_C7,66,378,6.300000190734863,0.584447979927063,1,0,N,0.17956463992595673
00599_H_D_N_C7,68,384,6.400000095367432,0.5653453469276428,1,0,N,0.1769580841064453
00599_H_D_N_C7,70,390,6.5,0.542683482170105,1,0,N,0.17637674510478973
00599_H_D_N_C7,72,396,6.599999904632568,0.5391520261764526,1,0,N,0.17587009072303772
00599_H_D_N_C7,74,402,6.699999809265137,0.5235598087310791,0,0,N,0.17344102263450623
00599_H_D_N_C7,76,408,6.800000190734863,0.5256734490394592,1,0,N,0.1744004637002945
00599_H_D_N_C7,78,414,6.900000095367432,0.4701975882053375,0,0,N,0.1786220520734787
00599_H_D_N_C7,80,420,7.0,0.4332970082759857,0,0,N,0.18258781731128693
00612_H_D_N_C5,0,180,3.0,0.848876416683197,1,0,N,0.43012669682502747
00612_H_D_N_C5,2,186,3.0999999046325684,0.8444905281066895,1,0,N,0.42928552627563477
00612_H_D_N_C5,4,192,3.200000047683716,0.850999653339386,1,0,N,0.42831873893737793
00612_H_D_N_C5,6,198,3.299999952316284,0.8371108770370483,1,0,N,0.4287806749343872
00612_H_D_N_C5,8,204,3.4000000953674316,0.8030682802200317,1,0,N,0.4292271137237549
00612_H_D_N_C5,10,210,3.5,0.7841057777404785,1,0,N,0.4274909496307373
00612_H_D_N_C5,12,216,3.5999999046325684,0.7430906891822815,1,0,N,0.4289116859436035
00612_H_D_N_C5,14,222,3.700000047683716,0.7768555879592896,1,0,N,0.4330313801765442
00612_H_D_N_C5,16,228,3.799999952316284,0.7010467648506165,1,0,N,0.435679167509079
00612_H_D_N_C5,18,234,3.9000000953674316,0.553217887878418,1,0,N,0.43712472915649414
00612_H_D_N_C5,20,240,4.0,0.49842530488967896,0,0,N,0.4373599588871002
00612_H_D_N_C5,22,246,4.099999904632568,0.4915286898612976,0,0,N,0.4370585083961487
00612_H_D_N_C5,24,252,4.199999809265137,0.4700818657875061,0,0,N,0.4364781677722931
00612_H_D_N_C5,26,258,4.300000190734863,0.28973907232284546,0,0,N,0.43440940976142883
00612_H_D_N_C5,28,264,4.400000095367432,0.1934293657541275,0,0,N,0.4350062906742096
00612_H_D_N_C5,30,270,4.5,0.14839185774326324,0,0,N,0.4348297119140625
00612_H_D_N_C5,32,276,4.599999904632568,0.1362757384777069,0,0,N,0.43341362476348877
00612_H_D_N_C5,34,282,4.699999809265137,0.12846441566944122,0,0,N,0.4338282644748688
00612_H_D_N_C5,36,288,4.800000190734863,0.12576943635940552,0,0,N,0.43189188838005066
00612_H_D_N_C5,38,294,4.900000095367432,0.12360971421003342,0,0,N,0.42808499932289124
00612_H_D_N_C5,40,300,5.0,0.12033224105834961,0,0,N,0.4226987957954407
00612_H_D_N_C5,42,306,5.099999904632568,0.11988338083028793,0,0,N,0.41610684990882874
00612_H_D_N_C5,44,312,5.199999809265137,0.11817290633916855,0,0,N,0.4101177752017975
00612_H_D_N_C5,46,318,5.300000190734863,0.13806156814098358,0,0,N,0.4056766629219055
00612_H_D_N_C5,48,324,5.400000095367432,0.12374172359704971,0,0,N,0.4007266163825989
00612_H_D_N_C5,50,330,5.5,0.12389618903398514,0,0,N,0.40289536118507385
00612_H_D_N_C5,52,336,5.599999904632568,0.12394250184297562,0,0,N,0.4045105278491974
00612_H_D_N_C5,54,342,5.699999809265137,0.12655596435070038,0,0,N,0.4046999514102936
00612_H_D_N_C5,56,348,5.800000190734863,0.11792192608118057,0,0,N,0.4025518298149109
00612_H_D_N_C5,58,354,5.900000095367432,0.10402784496545792,0,0,N,0.4032289385795593
00612_H_D_N_C5,60,360,6.0,0.10377234220504761,0,0,N,0.4033122956752777
00612_H_D_N_C5,62,366,6.099999904632568,0.10425706207752228,0,0,N,0.40575647354125977
00612_H_D_N_C5,64,372,6.199999809265137,0.10401805490255356,0,0,N,0.40620294213294983
00612_H_D_N_C5,66,378,6.300000190734863,0.11526304483413696,0,0,N,0.40594545006752014
00612_H_D_N_C5,68,384,6.400000095367432,0.1276465803384781,0,0,N,0.4016471803188324
00612_H_D_N_C5,70,390,6.5,0.12729260325431824,0,0,N,0.3973449766635895
00612_H_D_N_C5,72,396,6.599999904632568,0.11810050159692764,0,0,N,0.4005733132362366
00612_H_D_N_C5,74,402,6.699999809265137,0.11598338186740875,0,0,N,0.4043704569339752
00612_H_D_N_C5,76,408,6.800000190734863,0.126196026802063,0,0,N,0.40900349617004395
00612_H_D_N_C5,78,414,6.900000095367432,0.12648269534111023,0,0,N,0.4146745502948761
00612_H_D_N_C5,80,420,7.0,0.13083386421203613,0,0,N,0.4242083728313446
00699_H_D_N_C8,0,180,3.0,0.22773225605487823,0,0,N,0.49435970187187195
00699_H_D_N_C8,2,186,3.0999999046325684,0.279096782207489,0,0,N,0.4875493347644806
00699_H_D_N_C8,4,192,3.200000047683716,0.4150371551513672,0,0,N,0.46894827485084534
00699_H_D_N_C8,6,198,3.299999952316284,0.6173005104064941,1,0,N,0.44447484612464905
00699_H_D_N_C8,8,204,3.4000000953674316,0.6174454689025879,1,0,N,0.40058213472366333
00699_H_D_N_C8,10,210,3.5,0.6506189107894897,1,0,N,0.3281666040420532
00699_H_D_N_C8,12,216,3.5999999046325684,0.7607755064964294,1,0,N,0.3258502185344696
00699_H_D_N_C8,14,222,3.700000047683716,0.8621948957443237,1,0,N,0.35275256633758545
00699_H_D_N_C8,16,228,3.799999952316284,0.8909762501716614,1,0,N,0.36085647344589233
00699_H_D_N_C8,18,234,3.9000000953674316,0.9070459604263306,1,0,N,0.3545956611633301
00699_H_D_N_C8,20,240,4.0,0.9141778945922852,1,0,N,0.34505435824394226
00699_H_D_N_C8,22,246,4.099999904632568,0.9151206612586975,1,0,N,0.3355761170387268
00699_H_D_N_C8,24,252,4.199999809265137,0.9213252067565918,1,0,N,0.3249770402908325
00699_H_D_N_C8,26,258,4.300000190734863,0.924618124961853,1,0,N,0.3247246742248535
00699_H_D_N_C8,28,264,4.400000095367432,0.9115541577339172,1,0,N,0.3160105049610138
00699_H_D_N_C8,30,270,4.5,0.8641461730003357,1,0,N,0.2901574969291687
00699_H_D_N_C8,32,276,4.599999904632568,0.9047815799713135,1,0,N,0.29128462076187134
00699_H_D_N_C8,34,282,4.699999809265137,0.9104045033454895,1,0,N,0.31452539563179016
00699_H_D_N_C8,36,288,4.800000190734863,0.9130042195320129,1,0,N,0.31630223989486694
00699_H_D_N_C8,38,294,4.900000095367432,0.8817599415779114,1,0,N,0.28253185749053955
00699_H_D_N_C8,40,300,5.0,0.7590184807777405,1,0,N,0.2466116100549698
00699_H_D_N_C8,42,306,5.099999904632568,0.48153242468833923,0,0,N,0.2315865159034729
00699_H_D_N_C8,44,312,5.199999809265137,0.34934255480766296,0,0,N,0.23243539035320282
00699_H_D_N_C8,46,318,5.300000190734863,0.3618231415748596,0,0,N,0.23932704329490662
00699_H_D_N_C8,48,324,5.400000095367432,0.3308238387107849,0,0,N,0.2542153596878052
00699_H_D_N_C8,50,330,5.5,0.25339275598526,0,0,N,0.29495203495025635
00699_H_D_N_C8,52,336,5.599999904632568,0.24140076339244843,0,0,N,0.35123705863952637
00699_H_D_N_C8,54,342,5.699999809265137,0.2424653023481369,0,0,N,0.3119361996650696
00699_H_D_N_C8,56,348,5.800000190734863,0.24783045053482056,0,0,N,0.27977806329727173
00699_H_D_N_C8,58,354,5.900000095367432,0.2509467303752899,0,0,N,0.2652449607849121
00699_H_D_N_C8,60,360,6.0,0.2612355351448059,0,0,N,0.25372472405433655
00699_H_D_N_C8,62,366,6.099999904632568,0.2682478725910187,0,0,N,0.2484772503376007
00699_H_D_N_C8,64,372,6.199999809265137,0.27301642298698425,0,0,N,0.24329592287540436
00699_H_D_N_C8,66,378,6.300000190734863,0.292151540517807,0,0,N,0.2277243733406067
00699_H_D_N_C8,68,384,6.400000095367432,0.3085545599460602,0,0,N,0.22507064044475555
00699_H_D_N_C8,70,390,6.5,0.29624807834625244,0,0,N,0.2384815663099289
00699_H_D_N_C8,72,396,6.599999904632568,0.2843322157859802,0,0,N,0.23045197129249573
00699_H_D_N_C8,74,402,6.699999809265137,0.29903092980384827,0,0,N,0.2040538638830185
00699_H_D_N_C8,76,408,6.800000190734863,0.3335396349430084,0,0,N,0.19463017582893372
00699_H_D_N_C8,78,414,6.900000095367432,0.3381640911102295,0,0,N,0.2131674885749817
00699_H_D_N_C8,80,420,7.0,0.2785348892211914,0,0,N,0.23435282707214355
00962_O_E_N_C5,0,180,3.003000020980835,0.5282447934150696,1,0,N,0.6397156715393066
00962_O_E_N_C5,2,186,3.1029999256134033,0.6019418239593506,1,0,N,0.6331726908683777
00962_O_E_N_C5,4,192,3.203000068664551,0.6130185723304749,1,0,N,0.6270866990089417
00962_O_E_N_C5,6,198,3.302999973297119,0.48329004645347595,0,0,N,0.6183983683586121
00962_O_E_N_C5,8,204,3.4030001163482666,0.3015470802783966,0,0,N,0.6068205237388611
00962_O_E_N_C5,10,210,3.503999948501587,0.27928823232650757,0,0,N,0.5955382585525513
00962_O_E_N_C5,12,216,3.6040000915527344,0.2649114429950714,0,0,N,0.583104133605957
00962_O_E_N_C5,14,222,3.7039999961853027,0.28253990411758423,0,0,N,0.5715821385383606
00962_O_E_N_C5,16,228,3.803999900817871,0.2869867980480194,0,0,N,0.5657364726066589
00962_O_E_N_C5,18,234,3.9040000438690186,0.2609810531139374,0,0,N,0.5594218969345093
00962_O_E_N_C5,20,240,4.004000186920166,0.2504904270172119,0,0,N,0.5521495342254639
00962_O_E_N_C5,22,246,4.104000091552734,0.2508563995361328,0,0,N,0.5447313785552979
00962_O_E_N_C5,24,252,4.203999996185303,0.22951805591583252,0,0,N,0.5376916527748108
00962_O_E_N_C5,26,258,4.303999900817871,0.20005010068416595,0,0,N,0.5336570739746094
00962_O_E_N_C5,28,264,4.4039998054504395,0.1513739973306656,0,0,N,0.5309575200080872
00962_O_E_N_C5,30,270,4.505000114440918,0.12320832908153534,0,0,N,0.5284866690635681
00962_O_E_N_C5,32,276,4.605000019073486,0.12811364233493805,0,0,N,0.5273990035057068
00962_O_E_N_C5,34,282,4.704999923706055,0.17030921578407288,0,0,N,0.5280122756958008
00962_O_E_N_C5,36,288,4.804999828338623,0.18400685489177704,0,0,N,0.5298413038253784
00962_O_E_N_C5,38,294,4.90500020980835,0.14610017836093903,0,0,N,0.5363661646842957
00962_O_E_N_C5,40,300,5.005000114440918,0.13972686231136322,0,0,N,0.550693929195404
00962_O_E_N_C5,42,306,5.105000019073486,0.1788216233253479,0,0,N,0.5630862712860107
00962_O_E_N_C5,44,312,5.204999923706055,0.18806056678295135,0,0,N,0.5740654468536377
00962_O_E_N_C5,46,318,5.304999828338623,0.18434183299541473,0,0,N,0.5857568383216858
00962_O_E_N_C5,48,324,5.40500020980835,0.1773478239774704,0,0,N,0.5989634394645691
00962_O_E_N_C5,50,330,5.50600004196167,0.15195366740226746,0,0,N,0.6128054857254028
00962_O_E_N_C5,52,336,5.605999946594238,0.1372445672750473,0,0,N,0.626621663570404
00962_O_E_N_C5,54,342,5.705999851226807,0.13265910744667053,0,0,N,0.6406413316726685
00962_O_E_N_C5,56,348,5.806000232696533,0.12163708359003067,0,0,N,0.6487846374511719
00962_O_E_N_C5,58,354,5.906000137329102,0.1180327758193016,0,0,N,0.6573910713195801
00962_O_E_N_C5,60,360,6.00600004196167,0.12636850774288177,0,0,N,0.6659740209579468
00962_O_E_N_C5,62,366,6.105999946594238,0.13417181372642517,0,0,N,0.6745989918708801
00962_O_E_N_C5,64,372,6.205999851226807,0.13145707547664642,0,0,N,0.6818695664405823
00962_O_E_N_C5,66,378,6.306000232696533,0.1369730830192566,0,0,N,0.6847841739654541
00962_O_E_N_C5,68,384,6.406000137329102,0.13185808062553406,0,0,N,0.6873321533203125
00962_O_E_N_C5,70,390,6.50600004196167,0.1294214427471161,0,0,N,0.6891336441040039
00962_O_E_N_C5,72,396,6.60699987411499,0.1302855908870697,0,0,N,0.6901888251304626
00962_O_E_N_C5,74,402,6.706999778747559,0.13016320765018463,0,0,N,0.6896953582763672
00962_O_E_N_C5,76,408,6.807000160217285,0.12677976489067078,0,0,N,0.6902560591697693
00962_O_E_N_C5,78,414,6.9070000648498535,0.1290351301431656,0,0,N,0.6915419697761536
00962_O_E_N_C5,80,420,7.006999969482422,0.13381969928741455,0,0,N,0.6904206871986389
00962_O_E_N_C8,0,180,3.003000020980835,0.7178314328193665,1,0,N,0.45950910449028015
00962_O_E_N_C8,2,186,3.1029999256134033,0.8207769393920898,1,0,N,0.45509907603263855
00962_O_E_N_C8,4,192,3.203000068664551,0.8773831129074097,1,0,N,0.4557991027832031
00962_O_E_N_C8,6,198,3.302999973297119,0.8863387107849121,1,0,N,0.45917031168937683
00962_O_E_N_C8,8,204,3.4030001163482666,0.8442230224609375,1,0,N,0.45857101678848267
00962_O_E_N_C8,10,210,3.503999948501587,0.8085713386535645,1,0,N,0.4570612609386444
00962_O_E_N_C8,12,216,3.6040000915527344,0.7988675832748413,1,0,N,0.4575673043727875
00962_O_E_N_C8,14,222,3.7039999961853027,0.7915813326835632,1,0,N,0.46431002020835876
00962_O_E_N_C8,16,228,3.803999900817871,0.7908254265785217,1,0,N,0.4698418974876404
00962_O_E_N_C8,18,234,3.9040000438690186,0.7759391665458679,1,0,N,0.4747374653816223
00962_O_E_N_C8,20,240,4.004000186920166,0.7547558546066284,1,0,N,0.4782126247882843
00962_O_E_N_C8,22,246,4.104000091552734,0.7285104393959045,1,0,N,0.4807837903499603
00962_O_E_N_C8,24,252,4.203999996185303,0.745543360710144,1,0,N,0.48334282636642456
00962_O_E_N_C8,26,258,4.303999900817871,0.785165011882782,1,0,N,0.48533332347869873
00962_O_E_N_C8,28,264,4.4039998054504395,0.8088682293891907,1,0,N,0.489327073097229
00962_O_E_N_C8,30,270,4.505000114440918,0.84086674451828,1,0,N,0.4942239224910736
00962_O_E_N_C8,32,276,4.605000019073486,0.7273254990577698,1,0,N,0.49538227915763855
00962_O_E_N_C8,34,282,4.704999923706055,0.6005973815917969,1,0,N,0.4967713952064514
00962_O_E_N_C8,36,288,4.804999828338623,0.4682111442089081,0,0,N,0.49746406078338623
00962_O_E_N_C8,38,294,4.90500020980835,0.43311482667922974,0,0,N,0.4964829683303833
00962_O_E_N_C8,40,300,5.005000114440918,0.35482296347618103,0,0,N,0.4985848367214203
00962_O_E_N_C8,42,306,5.105000019073486,0.23928745090961456,0,0,N,0.5019867420196533
00962_O_E_N_C8,44,312,5.204999923706055,0.157011479139328,0,0,N,0.4997636675834656
00962_O_E_N_C8,46,318,5.304999828338623,0.11358146369457245,0,0,N,0.49781671166419983
00962_O_E_N_C8,48,324,5.40500020980835,0.09897518903017044,0,0,N,0.4962334930896759
00962_O_E_N_C8,50,330,5.50600004196167,0.09375085681676865,0,0,N,0.4935186207294464
00962_O_E_N_C8,52,336,5.605999946594238,0.09395137429237366,0,0,N,0.48996269702911377
00962_O_E_N_C8,54,342,5.705999851226807,0.09269082546234131,0,0,N,0.4849506914615631
00962_O_E_N_C8,56,348,5.806000232696533,0.09374506771564484,0,0,N,0.48078233003616333
00962_O_E_N_C8,58,354,5.906000137329102,0.09345575422048569,0,0,N,0.4762035012245178
00962_O_E_N_C8,60,360,6.00600004196167,0.10148345679044724,0,0,N,0.47077101469039917
00962_O_E_N_C8,62,366,6.105999946594238,0.09982401132583618,0,0,N,0.4666333496570587
00962_O_E_N_C8,64,372,6.205999851226807,0.10159419476985931,0,0,N,0.46294522285461426
00962_O_E_N_C8,66,378,6.306000232696533,0.10197203606367111,0,0,N,0.4598446190357208
00962_O_E_N_C8,68,384,6.406000137329102,0.09973783791065216,0,0,N,0.4549003541469574
00962_O_E_N_C8,70,390,6.50600004196167,0.09720172733068466,0,0,N,0.4500963091850281
00962_O_E_N_C8,72,396,6.60699987411499,0.10464751720428467,0,0,N,0.4491719603538513
00962_O_E_N_C8,74,402,6.706999778747559,0.11474785208702087,0,0,N,0.44607341289520264
00962_O_E_N_C8,76,408,6.807000160217285,0.11668054759502411,0,0,N,0.4423297345638275
00962_O_E_N_C8,78,414,6.9070000648498535,0.11602091044187546,0,0,N,0.43861252069473267
00962_O_E_N_C8,80,420,7.006999969482422,0.11196935921907425,0,0,N,0.43467992544174194
01015_O_E_N_C6,0,180,3.003000020980835,0.2529448866844177,0,0,N,0.3415677547454834
01015_O_E_N_C6,2,186,3.1029999256134033,0.21554864943027496,0,0,N,0.34930339455604553
01015_O_E_N_C6,4,192,3.203000068664551,0.19319702684879303,0,0,N,0.35503485798835754
01015_O_E_N_C6,6,198,3.302999973297119,0.18393297493457794,0,0,N,0.36521613597869873
01015_O_E_N_C6,8,204,3.4030001163482666,0.1707262247800827,0,0,N,0.3724817633628845
01015_O_E_N_C6,10,210,3.503999948501587,0.16890043020248413,0,0,N,0.3774285912513733
01015_O_E_N_C6,12,216,3.6040000915527344,0.18681049346923828,0,0,N,0.38607609272003174
01015_O_E_N_C6,14,222,3.7039999961853027,0.1940663456916809,0,0,N,0.391462117433548
01015_O_E_N_C6,16,228,3.803999900817871,0.23667006194591522,0,0,N,0.3959699869155884
01015_O_E_N_C6,18,234,3.9040000438690186,0.2805337607860565,0,0,N,0.399619460105896
01015_O_E_N_C6,20,240,4.004000186920166,0.3010724186897278,0,0,N,0.404439240694046
01015_O_E_N_C6,22,246,4.104000091552734,0.37204882502555847,0,0,N,0.40744346380233765
01015_O_E_N_C6,24,252,4.203999996185303,0.49606990814208984,0,0,N,0.41202643513679504
01015_O_E_N_C6,26,258,4.303999900817871,0.5275129675865173,1,0,N,0.41464564204216003
01015_O_E_N_C6,28,264,4.4039998054504395,0.6219733357429504,1,0,N,0.4143262505531311
01015_O_E_N_C6,30,270,4.505000114440918,0.783719539642334,1,0,N,0.4180445373058319
01015_O_E_N_C6,32,276,4.605000019073486,0.8353041410446167,1,0,N,0.4196529686450958
01015_O_E_N_C6,34,282,4.704999923706055,0.7624778151512146,1,0,N,0.4183046221733093
01015_O_E_N_C6,36,288,4.804999828338623,0.7468599081039429,1,0,N,0.4225676655769348
01015_O_E_N_C6,38,294,4.90500020980835,0.7276351451873779,1,0,N,0.42695847153663635
01015_O_E_N_C6,40,300,5.005000114440918,0.5615549683570862,1,0,N,0.43274790048599243
01015_O_E_N_C6,42,306,5.105000019073486,0.45410823822021484,0,0,N,0.4363982677459717
01015_O_E_N_C6,44,312,5.204999923706055,0.4074428677558899,0,0,N,0.44046682119369507
01015_O_E_N_C6,46,318,5.304999828338623,0.4023032486438751,0,0,N,0.44126400351524353
01015_O_E_N_C6,48,324,5.40500020980835,0.4340269863605499,0,0,N,0.4417118430137634
01015_O_E_N_C6,50,330,5.50600004196167,0.4521426856517792,0,0,N,0.4346640408039093
01015_O_E_N_C6,52,336,5.605999946594238,0.43674778938293457,0,0,N,0.4294925630092621
01015_O_E_N_C6,54,342,5.705999851226807,0.34976503252983093,0,0,N,0.4344690144062042
01015_O_E_N_C6,56,348,5.806000232696533,0.35291436314582825,0,0,N,0.43779534101486206
01015_O_E_N_C6,58,354,5.906000137329102,0.4241636395454407,0,0,N,0.4417972266674042
01015_O_E_N_C6,60,360,6.00600004196167,0.4357215166091919,0,0,N,0.4429488182067871
01015_O_E_N_C6,62,366,6.105999946594238,0.41213923692703247,0,0,N,0.44747021794319153
01015_O_E_N_C6,64,372,6.205999851226807,0.333383172750473,0,0,N,0.4520421028137207
01015_O_E_N_C6,66,378,6.306000232696533,0.25236737728118896,0,0,N,0.457168310880661
01015_O_E_N_C6,68,384,6.406000137329102,0.22559022903442383,0,0,N,0.45852431654930115
01015_O_E_N_C6,70,390,6.50600004196167,0.24562059342861176,0,0,N,0.45982903242111206
01015_O_E_N_C6,72,396,6.60699987411499,0.26236265897750854,0,0,N,0.4609132409095764
01015_O_E_N_C6,74,402,6.706999778747559,0.22386711835861206,0,0,N,0.4719173014163971
01015_O_E_N_C6,76,408,6.807000160217285,0.1877870112657547,0,0,N,0.47407829761505127
01015_O_E_N_C6,78,414,6.9070000648498535,0.15991920232772827,0,0,N,0.47707468271255493
01015_O_E_N_C6,80,420,7.006999969482422,0.16430418193340302,0,0,N,0.4743349850177765
01066_O_E_N_C6,0,180,3.003000020980835,0.3052305579185486,0,0,N,0.48836299777030945
01066_O_E_N_C6,2,186,3.1029999256134033,0.537635326385498,1,0,N,0.4933992624282837
01066_O_E_N_C6,4,192,3.203000068664551,0.5349660515785217,1,0,N,0.49387460947036743
01066_O_E_N_C6,6,198,3.302999973297119,0.6280138492584229,1,0,N,0.49314939975738525
01066_O_E_N_C6,8,204,3.4030001163482666,0.7054876685142517,1,0,N,0.49416664242744446
01066_O_E_N_C6,10,210,3.503999948501587,0.6591815948486328,1,0,N,0.4983535706996918
01066_O_E_N_C6,12,216,3.6040000915527344,0.503831684589386,0,0,N,0.5002734065055847
01066_O_E_N_C6,14,222,3.7039999961853027,0.42792877554893494,0,0,N,0.4990537762641907
01066_O_E_N_C6,16,228,3.803999900817871,0.39841532707214355,0,0,N,0.4978541433811188
01066_O_E_N_C6,18,234,3.9040000438690186,0.33359861373901367,0,0,N,0.4983232319355011
01066_O_E_N_C6,20,240,4.004000186920166,0.2604142725467682,0,0,N,0.49951133131980896
01066_O_E_N_C6,22,246,4.104000091552734,0.1983717530965805,0,0,N,0.5001780986785889
01066_O_E_N_C6,24,252,4.203999996185303,0.17122910916805267,0,0,N,0.4999503195285797
01066_O_E_N_C6,26,258,4.303999900817871,0.1576845794916153,0,0,N,0.49764716625213623
01066_O_E_N_C6,28,264,4.4039998054504395,0.14727279543876648,0,0,N,0.4965846538543701
01066_O_E_N_C6,30,270,4.505000114440918,0.14262795448303223,0,0,N,0.4935177266597748
01066_O_E_N_C6,32,276,4.605000019073486,0.1385926753282547,0,0,N,0.49204161763191223
01066_O_E_N_C6,34,282,4.704999923706055,0.13707034289836884,0,0,N,0.49436065554618835
01066_O_E_N_C6,36,288,4.804999828338623,0.13660329580307007,0,0,N,0.4971952736377716
01066_O_E_N_C6,38,294,4.90500020980835,0.14018353819847107,0,0,N,0.5003111958503723
01066_O_E_N_C6,40,300,5.005000114440918,0.1533171534538269,0,0,N,0.5039288997650146
01066_O_E_N_C6,42,306,5.105000019073486,0.14863888919353485,0,0,N,0.5051466822624207
01066_O_E_N_C6,44,312,5.204999923706055,0.13455359637737274,0,0,N,0.5091115236282349
01066_O_E_N_C6,46,318,5.304999828338623,0.12058901786804199,0,0,N,0.5135114789009094
01066_O_E_N_C6,48,324,5.40500020980835,0.11212076991796494,0,0,N,0.5164264440536499
01066_O_E_N_C6,50,330,5.50600004196167,0.10810442268848419,0,0,N,0.5169505476951599
01066_O_E_N_C6,52,336,5.605999946594238,0.11028417944908142,0,0,N,0.5188219547271729
01066_O_E_N_C6,54,342,5.705999851226807,0.1145782321691513,0,0,N,0.5214319229125977
01066_O_E_N_C6,56,348,5.806000232696533,0.12450806796550751,0,0,N,0.5241626501083374
01066_O_E_N_C6,58,354,5.906000137329102,0.126534566283226,0,0,N,0.5246001482009888
01066_O_E_N_C6,60,360,6.00600004196167,0.12775476276874542,0,0,N,0.5239392518997192
01066_O_E_N_C6,62,366,6.105999946594238,0.1381453275680542,0,0,N,0.5245680212974548
01066_O_E_N_C6,64,372,6.205999851226807,0.16302375495433807,0,0,N,0.527666449546814
01066_O_E_N_C6,66,378,6.306000232696533,0.19222363829612732,0,0,N,0.5337029695510864
01066_O_E_N_C6,68,384,6.406000137329102,0.21504098176956177,0,0,N,0.5415976047515869
01066_O_E_N_C6,70,390,6.50600004196167,0.22514644265174866,0,0,N,0.550455629825592
01066_O_E_N_C6,72,396,6.60699987411499,0.2348209172487259,0,0,N,0.5573098659515381
01066_O_E_N_C6,74,402,6.706999778747559,0.22514396905899048,0,0,N,0.5640960931777954
01066_O_E_N_C6,76,408,6.807000160217285,0.23363102972507477,0,0,N,0.5686967372894287
01066_O_E_N_C6,78,414,6.9070000648498535,0.2500370442867279,0,0,N,0.5730655193328857
01066_O_E_N_C6,80,420,7.006999969482422,0.2660418748855591,0,0,N,0.5759703516960144
01082_O_E_N_C5,0,180,3.003000020980835,0.2263805866241455,0,0,N,0.49109187722206116
01082_O_E_N_C5,2,186,3.1029999256134033,0.21891285479068756,0,0,N,0.4866138994693756
01082_O_E_N_C5,4,192,3.203000068664551,0.26653119921684265,0,0,N,0.47787925601005554
01082_O_E_N_C5,6,198,3.302999973297119,0.2928093671798706,0,0,N,0.47285762429237366
01082_O_E_N_C5,8,204,3.4030001163482666,0.3284493386745453,0,0,N,0.4650781750679016
01082_O_E_N_C5,10,210,3.503999948501587,0.3094519376754761,0,0,N,0.45517289638519287
01082_O_E_N_C5,12,216,3.6040000915527344,0.29743531346321106,0,0,N,0.44705069065093994
01082_O_E_N_C5,14,222,3.7039999961853027,0.2934108376502991,0,0,N,0.4433760643005371
01082_O_E_N_C5,16,228,3.803999900817871,0.29046669602394104,0,0,N,0.46809837222099304
01082_O_E_N_C5,18,234,3.9040000438690186,0.32505112886428833,0,0,N,0.5849014520645142
01082_O_E_N_C5,20,240,4.004000186920166,0.34139901399612427,0,0,N,0.5101200342178345
01082_O_E_N_C5,22,246,4.104000091552734,0.3991546630859375,0,0,N,0.45991313457489014
01082_O_E_N_C5,24,252,4.203999996185303,0.4604668915271759,0,0,N,0.4277556538581848
01082_O_E_N_C5,26,258,4.303999900817871,0.5049285888671875,0,0,N,0.40654677152633667
01082_O_E_N_C5,28,264,4.4039998054504395,0.5532690286636353,1,0,N,0.39268842339515686
01082_O_E_N_C5,30,270,4.505000114440918,0.572380006313324,1,0,N,0.382462739944458
01082_O_E_N_C5,32,276,4.605000019073486,0.5804775953292847,1,0,N,0.3656822144985199
01082_O_E_N_C5,34,282,4.704999923706055,0.5809947848320007,1,0,N,0.35326772928237915
01082_O_E_N_C5,36,288,4.804999828338623,0.5940307974815369,1,0,N,0.33973753452301025
01082_O_E_N_C5,38,294,4.90500020980835,0.6302300691604614,1,0,N,0.33327141404151917
01082_O_E_N_C5,40,300,5.005000114440918,0.646067202091217,1,0,N,0.32823774218559265
01082_O_E_N_C5,42,306,5.105000019073486,0.6423046588897705,1,0,N,0.31069767475128174
01082_O_E_N_C5,44,312,5.204999923706055,0.6343196034431458,1,0,N,0.3055848181247711
01082_O_E_N_C5,46,318,5.304999828338623,0.6250554323196411,1,0,N,0.3037782311439514
01082_O_E_N_C5,48,324,5.40500020980835,0.6177544593811035,1,0,N,0.2927755117416382
01082_O_E_N_C5,50,330,5.50600004196167,0.5951789021492004,1,0,N,0.28927913308143616
01082_O_E_N_C5,52,336,5.605999946594238,0.5861570239067078,1,0,N,0.2924623489379883
01082_O_E_N_C5,54,342,5.705999851226807,0.5959856510162354,1,0,N,0.2990926504135132
01082_O_E_N_C5,56,348,5.806000232696533,0.5587090849876404,1,0,N,0.26141998171806335
01082_O_E_N_C5,58,354,5.906000137329102,0.5015784502029419,0,0,N,0.13292032480239868
01082_O_E_N_C5,60,360,6.00600004196167,0.4514324963092804,0,0,N,0.19896653294563293
01082_O_E_N_C5,62,366,6.105999946594238,0.3989579677581787,0,0,N,0.23198360204696655
01082_O_E_N_C5,64,372,6.205999851226807,0.35816481709480286,0,0,N,0.25469696521759033
01082_O_E_N_C5,66,378,6.306000232696533,0.34337687492370605,0,0,N,0.2657269239425659
01082_O_E_N_C5,68,384,6.406000137329102,0.33926957845687866,0,0,N,0.2601131796836853
01082_O_E_N_C5,70,390,6.50600004196167,0.3400174677371979,0,0,N,0.26247382164001465
01082_O_E_N_C5,72,396,6.60699987411499,0.33067744970321655,0,0,N,0.2608463168144226
01082_O_E_N_C5,74,402,6.706999778747559,0.3222648501396179,0,0,N,0.2442276030778885
01082_O_E_N_C5,76,408,6.807000160217285,0.31141582131385803,0,0,N,0.2409641295671463
01082_O_E_N_C5,78,414,6.9070000648498535,0.30918246507644653,0,0,N,0.23298946022987366
01082_O_E_N_C5,80,420,7.006999969482422,0.3112260401248932,0,0,N,0.2283274531364441
01090_O_E_N_C8,0,180,3.003000020980835,0.8051550984382629,1,0,N,0.46749192476272583
01090_O_E_N_C8,2,186,3.1029999256134033,0.7616706490516663,1,0,N,0.4595620334148407
01090_O_E_N_C8,4,192,3.203000068664551,0.7558375597000122,1,0,N,0.45079857110977173
01090_O_E_N_C8,6,198,3.302999973297119,0.7665176391601562,1,0,N,0.44448280334472656
01090_O_E_N_C8,8,204,3.4030001163482666,0.7990956902503967,1,0,N,0.4386693835258484
01090_O_E_N_C8,10,210,3.503999948501587,0.8499302864074707,1,0,N,0.4295575022697449
01090_O_E_N_C8,12,216,3.6040000915527344,0.8524351716041565,1,0,N,0.4208371043205261
01090_O_E_N_C8,14,222,3.7039999961853027,0.7442240715026855,1,0,N,0.4134378731250763
01090_O_E_N_C8,16,228,3.803999900817871,0.516535758972168,0,0,N,0.4074837565422058
01090_O_E_N_C8,18,234,3.9040000438690186,0.3580397665500641,0,0,N,0.4035809338092804
01090_O_E_N_C8,20,240,4.004000186920166,0.23515860736370087,0,0,N,0.4008447825908661
01090_O_E_N_C8,22,246,4.104000091552734,0.22112828493118286,0,0,N,0.40099817514419556
01090_O_E_N_C8,24,252,4.203999996185303,0.18853126466274261,0,0,N,0.3995680809020996
01090_O_E_N_C8,26,258,4.303999900817871,0.1660573035478592,0,0,N,0.4018038809299469
01090_O_E_N_C8,28,264,4.4039998054504395,0.16904906928539276,0,0,N,0.4064951539039612
01090_O_E_N_C8,30,270,4.505000114440918,0.17808346450328827,0,0,N,0.4083443582057953
01090_O_E_N_C8,32,276,4.605000019073486,0.17744192481040955,0,0,N,0.40856772661209106
01090_O_E_N_C8,34,282,4.704999923706055,0.17363803088665009,0,0,N,0.41489219665527344
01090_O_E_N_C8,36,288,4.804999828338623,0.18547077476978302,0,0,N,0.42148077487945557
01090_O_E_N_C8,38,294,4.90500020980835,0.21289339661598206,0,0,N,0.42386847734451294
01090_O_E_N_C8,40,300,5.005000114440918,0.22092121839523315,0,0,N,0.42387089133262634
01090_O_E_N_C8,42,306,5.105000019073486,0.22489523887634277,0,0,N,0.42506808042526245
01090_O_E_N_C8,44,312,5.204999923706055,0.2357483059167862,0,0,N,0.4263216555118561
01090_O_E_N_C8,46,318,5.304999828338623,0.2346249669790268,0,0,N,0.42740902304649353
01090_O_E_N_C8,48,324,5.40500020980835,0.238559752702713,0,0,N,0.42518946528434753
01090_O_E_N_C8,50,330,5.50600004196167,0.23825739324092865,0,0,N,0.422105073928833
01090_O_E_N_C8,52,336,5.605999946594238,0.25036153197288513,0,0,N,0.4207853674888611
01090_O_E_N_C8,54,342,5.705999851226807,0.263508141040802,0,0,N,0.4179612398147583
01090_O_E_N_C8,56,348,5.806000232696533,0.27084001898765564,0,0,N,0.41433006525039673
01090_O_E_N_C8,58,354,5.906000137329102,0.2674276530742645,0,0,N,0.4122535288333893
01090_O_E_N_C8,60,360,6.00600004196167,0.2783421576023102,0,0,N,0.4098753333091736
01090_O_E_N_C8,62,366,6.105999946594238,0.2576863467693329,0,0,N,0.4079679250717163
01090_O_E_N_C8,64,372,6.205999851226807,0.2801559269428253,0,0,N,0.41133758425712585
01090_O_E_N_C8,66,378,6.306000232696533,0.2917307913303375,0,0,N,0.41424039006233215
01090_O_E_N_C8,68,384,6.406000137329102,0.2842278480529785,0,0,N,0.4162963926792145
01090_O_E_N_C8,70,390,6.50600004196167,0.26847562193870544,0,0,N,0.4182753562927246
01090_O_E_N_C8,72,396,6.60699987411499,0.26237449049949646,0,0,N,0.42036888003349304
01090_O_E_N_C8,74,402,6.706999778747559,0.2776649594306946,0,0,N,0.4189003109931946
01090_O_E_N_C8,76,408,6.807000160217285,0.2863720655441284,0,0,N,0.4158407747745514
01090_O_E_N_C8,78,414,6.9070000648498535,0.2854061722755432,0,0,N,0.4126259386539459
01090_O_E_N_C8,80,420,7.006999969482422,0.2556864321231842,0,0,N,0.4116014242172241
01096_O_E_N_C7,0,180,3.0,0.6535305380821228,1,0,N,0.4956904947757721
01096_O_E_N_C7,2,186,3.0999999046325684,0.7306680679321289,1,0,N,0.4936070740222931
01096_O_E_N_C7,4,192,3.200000047683716,0.6451762914657593,1,0,N,0.4517712891101837
01096_O_E_N_C7,6,198,3.299999952316284,0.6676251292228699,1,0,N,0.41676849126815796
01096_O_E_N_C7,8,204,3.4000000953674316,0.7010459899902344,1,0,N,0.3581797182559967
01096_O_E_N_C7,10,210,3.5,0.6976400017738342,1,0,N,0.3039282262325287
01096_O_E_N_C7,12,216,3.5999999046325684,0.6189440488815308,1,0,N,0.22465762495994568
01096_O_E_N_C7,14,222,3.700000047683716,0.49008697271347046,0,0,N,0.19332659244537354
01096_O_E_N_C7,16,228,3.799999952316284,0.50318443775177,0,0,N,0.2670383155345917
01096_O_E_N_C7,18,234,3.9000000953674316,0.5498959422111511,1,0,N,0.3010159432888031
01096_O_E_N_C7,20,240,4.0,0.5427236557006836,1,0,N,0.3067980110645294
01096_O_E_N_C7,22,246,4.099999904632568,0.519473671913147,0,0,N,0.30959248542785645
01096_O_E_N_C7,24,252,4.199999809265137,0.4610665440559387,0,0,N,0.313305526971817
01096_O_E_N_C7,26,258,4.300000190734863,0.4554782509803772,0,0,N,0.31489670276641846
01096_O_E_N_C7,28,264,4.400000095367432,0.465735524892807,0,0,N,0.3072855770587921
01096_O_E_N_C7,30,270,4.5,0.46960994601249695,0,0,N,0.2989780008792877
01096_O_E_N_C7,32,276,4.599999904632568,0.49958398938179016,0,0,N,0.29103660583496094
01096_O_E_N_C7,34,282,4.699999809265137,0.42269280552864075,0,0,N,0.2850213646888733
01096_O_E_N_C7,36,288,4.800000190734863,0.39605632424354553,0,0,N,0.2799524962902069
01096_O_E_N_C7,38,294,4.900000095367432,0.29972323775291443,0,0,N,0.24419467151165009
01096_O_E_N_C7,40,300,5.0,0.2698684334754944,0,0,N,0.18418468534946442
01096_O_E_N_C7,42,306,5.099999904632568,0.28761935234069824,0,0,N,0.17022427916526794
01096_O_E_N_C7,44,312,5.199999809265137,0.2661568224430084,0,0,N,0.19822612404823303
01096_O_E_N_C7,46,318,5.300000190734863,0.20796599984169006,0,0,N,0.2160208821296692
01096_O_E_N_C7,48,324,5.400000095367432,0.18483079969882965,0,0,N,0.25653621554374695
01096_O_E_N_C7,50,330,5.5,0.1975070983171463,0,0,N,0.2959769368171692
01096_O_E_N_C7,52,336,5.599999904632568,0.20430225133895874,0,0,N,0.3633941113948822
01096_O_E_N_C7,54,342,5.699999809265137,0.14677715301513672,0,0,N,0.383975088596344
01096_O_E_N_C7,56,348,5.800000190734863,0.1293962448835373,0,0,N,0.30040794610977173
01096_O_E_N_C7,58,354,5.900000095367432,0.1409490555524826,0,0,N,0.2572268843650818
01096_O_E_N_C7,60,360,6.0,0.17877978086471558,0,0,N,0.2429320514202118
01096_O_E_N_C7,62,366,6.099999904632568,0.2275659292936325,0,0,N,0.23529839515686035
01096_O_E_N_C7,64,372,6.199999809265137,0.22053976356983185,0,0,N,0.2297571450471878
01096_O_E_N_C7,66,378,6.300000190734863,0.19669406116008759,0,0,N,0.22395700216293335
01096_O_E_N_C7,68,384,6.400000095367432,0.19703859090805054,0,0,N,0.22435714304447174
01096_O_E_N_C7,70,390,6.5,0.20879174768924713,0,0,N,0.22715353965759277
01096_O_E_N_C7,72,396,6.599999904632568,0.20864588022232056,0,0,N,0.2302156239748001
01096_O_E_N_C7,74,402,6.699999809265137,0.1998109370470047,0,0,N,0.23182527720928192
01096_O_E_N_C7,76,408,6.800000190734863,0.20201550424098969,0,0,N,0.23221321403980255
01096_O_E_N_C7,78,414,6.900000095367432,0.20220071077346802,0,0,N,0.23306941986083984
01096_O_E_N_C7,80,420,7.0,0.2173377126455307,0,0,N,0.2334238439798355
01162_O_E_N_C8,0,180,3.0,0.5848780870437622,1,0,N,0.31908950209617615
01162_O_E_N_C8,2,186,3.0999999046325684,0.5705947279930115,1,0,N,0.31541451811790466
01162_O_E_N_C8,4,192,3.200000047683716,0.6112606525421143,1,0,N,0.32474395632743835
01162_O_E_N_C8,6,198,3.299999952316284,0.6213406920433044,1,0,N,0.33600983023643494
01162_O_E_N_C8,8,204,3.4000000953674316,0.651188313961029,1,0,N,0.3404940068721771
01162_O_E_N_C8,10,210,3.5,0.5436708927154541,1,0,N,0.34085988998413086
01162_O_E_N_C8,12,216,3.5999999046325684,0.6192943453788757,1,0,N,0.34724095463752747
01162_O_E_N_C8,14,222,3.700000047683716,0.612285315990448,1,0,N,0.3505428433418274
01162_O_E_N_C8,16,228,3.799999952316284,0.5600581169128418,1,0,N,0.34271469712257385
01162_O_E_N_C8,18,234,3.9000000953674316,0.5277332663536072,1,0,N,0.32430416345596313
01162_O_E_N_C8,20,240,4.0,0.489481657743454,0,0,N,0.31228408217430115
01162_O_E_N_C8,22,246,4.099999904632568,0.45234954357147217,0,0,N,0.3099305033683777
01162_O_E_N_C8,24,252,4.199999809265137,0.4370220899581909,0,0,N,0.31471842527389526
01162_O_E_N_C8,26,258,4.300000190734863,0.4609021544456482,0,0,N,0.3235352635383606
01162_O_E_N_C8,28,264,4.400000095367432,0.5230653882026672,0,0,N,0.3273077607154846
01162_O_E_N_C8,30,270,4.5,0.45355159044265747,0,0,N,0.33609288930892944
01162_O_E_N_C8,32,276,4.599999904632568,0.3500293493270874,0,0,N,0.3274461030960083
01162_O_E_N_C8,34,282,4.699999809265137,0.2794169485569,0,0,N,0.3491813540458679
01162_O_E_N_C8,36,288,4.800000190734863,0.27349692583084106,0,0,N,0.33648252487182617
01162_O_E_N_C8,38,294,4.900000095367432,0.2852311134338379,0,0,N,0.2971847355365753
01162_O_E_N_C8,40,300,5.0,0.25996503233909607,0,0,N,0.3765256702899933
01162_O_E_N_C8,42,306,5.099999904632568,0.2553325891494751,0,0,N,0.37711384892463684
01162_O_E_N_C8,44,312,5.199999809265137,0.25284844636917114,0,0,N,0.3666478395462036
01162_O_E_N_C8,46,318,5.300000190734863,0.2531091868877411,0,0,N,0.35600170493125916
01162_O_E_N_C8,48,324,5.400000095367432,0.255461722612381,0,0,N,0.34908267855644226
01162_O_E_N_C8,50,330,5.5,0.2708539366722107,0,0,N,0.36433640122413635
01162_O_E_N_C8,52,336,5.599999904632568,0.2808935344219208,0,0,N,0.39270472526550293
01162_O_E_N_C8,54,342,5.699999809265137,0.28974321484565735,0,0,N,0.31613248586654663
01162_O_E_N_C8,56,348,5.800000190734863,0.2792455852031708,0,0,N,0.3262871503829956
01162_O_E_N_C8,58,354,5.900000095367432,0.2542937994003296,0,0,N,0.34317338466644287
01162_O_E_N_C8,60,360,6.0,0.24922162294387817,0,0,N,0.3694460690021515
01162_O_E_N_C8,62,366,6.099999904632568,0.2582562267780304,0,0,N,0.4047364592552185
01162_O_E_N_C8,64,372,6.199999809265137,0.2524687647819519,0,0,N,0.3907027244567871
01162_O_E_N_C8,66,378,6.300000190734863,0.23922590911388397,0,0,N,0.3619348406791687
01162_O_E_N_C8,68,384,6.400000095367432,0.24818775057792664,0,0,N,0.341930627822876
01162_O_E_N_C8,70,390,6.5,0.24349896609783173,0,0,N,0.30825909972190857
01162_O_E_N_C8,72,396,6.599999904632568,0.2451496124267578,0,0,N,0.2507062256336212
01162_O_E_N_C8,74,402,6.699999809265137,0.2601357698440552,0,0,N,0.3030993640422821
01162_O_E_N_C8,76,408,6.800000190734863,0.27891817688941956,0,0,N,0.3013748526573181
01162_O_E_N_C8,78,414,6.900000095367432,0.28325432538986206,0,0,N,0.3330610394477844
01162_O_E_N_C8,80,420,7.0,0.3002391755580902,0,0,N,0.3370892107486725
01167_O_E_N_C5,0,180,3.0,0.3559988737106323,0,0,N,0.4241775572299957
01167_O_E_N_C5,2,186,3.0999999046325684,0.3508158326148987,0,0,N,0.40889671444892883
01167_O_E_N_C5,4,192,3.200000047683716,0.36104583740234375,0,0,N,0.39688631892204285
01167_O_E_N_C5,6,198,3.299999952316284,0.33868399262428284,0,0,N,0.3850296139717102
01167_O_E_N_C5,8,204,3.4000000953674316,0.3274225890636444,0,0,N,0.3744484782218933
01167_O_E_N_C5,10,210,3.5,0.2911212742328644,0,0,N,0.3615272641181946
01167_O_E_N_C5,12,216,3.5999999046325684,0.2753339409828186,0,0,N,0.35102516412734985
01167_O_E_N_C5,14,222,3.700000047683716,0.31839391589164734,0,0,N,0.34388551115989685
01167_O_E_N_C5,16,228,3.799999952316284,0.36944785714149475,0,0,N,0.3351937234401703
01167_O_E_N_C5,18,234,3.9000000953674316,0.4056236147880554,0,0,N,0.3221971392631531
01167_O_E_N_C5,20,240,4.0,0.42685607075691223,0,0,N,0.3015793561935425
01167_O_E_N_C5,22,246,4.099999904632568,0.4620221257209778,0,0,N,0.28310906887054443
01167_O_E_N_C5,24,252,4.199999809265137,0.5274120569229126,1,0,N,0.2703467607498169
01167_O_E_N_C5,26,258,4.300000190734863,0.5651630759239197,1,0,N,0.26102668046951294
01167_O_E_N_C5,28,264,4.400000095367432,0.5802575945854187,1,0,N,0.24832767248153687
01167_O_E_N_C5,30,270,4.5,0.5664847493171692,1,0,N,0.23425298929214478
01167_O_E_N_C5,32,276,4.599999904632568,0.5484215617179871,1,0,N,0.22327262163162231
01167_O_E_N_C5,34,282,4.699999809265137,0.5102167129516602,0,0,N,0.21839523315429688
01167_O_E_N_C5,36,288,4.800000190734863,0.5093060731887817,0,0,N,0.21486379206180573
01167_O_E_N_C5,38,294,4.900000095367432,0.5279150009155273,1,0,N,0.21028873324394226
01167_O_E_N_C5,40,300,5.0,0.5315460562705994,1,0,N,0.20864522457122803
01167_O_E_N_C5,42,306,5.099999904632568,0.5247024893760681,0,0,N,0.2113732248544693
01167_O_E_N_C5,44,312,5.199999809265137,0.5264794826507568,1,0,N,0.2109849900007248
01167_O_E_N_C5,46,318,5.300000190734863,0.49951568245887756,0,0,N,0.2087973952293396
01167_O_E_N_C5,48,324,5.400000095367432,0.4515308439731598,0,0,N,0.2092740833759308
01167_O_E_N_C5,50,330,5.5,0.34127137064933777,0,0,N,0.21183329820632935
01167_O_E_N_C5,52,336,5.599999904632568,0.305157333612442,0,0,N,0.2160177230834961
01167_O_E_N_C5,54,342,5.699999809265137,0.43202611804008484,0,0,N,0.21873895823955536
01167_O_E_N_C5,56,348,5.800000190734863,0.4134247601032257,0,0,N,0.21908068656921387
01167_O_E_N_C5,58,354,5.900000095367432,0.3927532434463501,0,0,N,0.22038570046424866
01167_O_E_N_C5,60,360,6.0,0.3823753893375397,0,0,N,0.21975606679916382
01167_O_E_N_C5,62,366,6.099999904632568,0.3558652102947235,0,0,N,0.2205411046743393
01167_O_E_N_C5,64,372,6.199999809265137,0.358377605676651,0,0,N,0.22065357863903046
01167_O_E_N_C5,66,378,6.300000190734863,0.3120254874229431,0,0,N,0.22173941135406494
01167_O_E_N_C5,68,384,6.400000095367432,0.27564144134521484,0,0,N,0.225730299949646
01167_O_E_N_C5,70,390,6.5,0.2716919481754303,0,0,N,0.22710971534252167
01167_O_E_N_C5,72,396,6.599999904632568,0.2725846767425537,0,0,N,0.2310991734266281
01167_O_E_N_C5,74,402,6.699999809265137,0.2695722281932831,0,0,N,0.23404845595359802
01167_O_E_N_C5,76,408,6.800000190734863,0.2643592357635498,0,0,N,0.23481309413909912
01167_O_E_N_C5,78,414,6.900000095367432,0.2518586814403534,0,0,N,0.23650650680065155
01167_O_E_N_C5,80,420,7.0,0.24322685599327087,0,0,N,0.23966090381145477
01198_O_E_N_C6,0,180,3.0,0.6723063588142395,1,0,N,0.2636360228061676
01198_O_E_N_C6,2,186,3.0999999046325684,0.68304443359375,1,0,N,0.2565508484840393
01198_O_E_N_C6,4,192,3.200000047683716,0.6910961866378784,1,0,N,0.24502411484718323
01198_O_E_N_C6,6,198,3.299999952316284,0.6820729970932007,1,0,N,0.23509624600410461
01198_O_E_N_C6,8,204,3.4000000953674316,0.7232758402824402,1,0,N,0.2339870035648346
01198_O_E_N_C6,10,210,3.5,0.7045274376869202,1,0,N,0.24739722907543182
01198_O_E_N_C6,12,216,3.5999999046325684,0.5958324074745178,1,0,N,0.2885395884513855
01198_O_E_N_C6,14,222,3.700000047683716,0.541780412197113,1,0,N,0.31877264380455017
01198_O_E_N_C6,16,228,3.799999952316284,0.4875369668006897,0,0,N,0.2909919023513794
01198_O_E_N_C6,18,234,3.9000000953674316,0.45967939496040344,0,0,N,0.2692801058292389
01198_O_E_N_C6,20,240,4.0,0.4001355767250061,0,0,N,0.2600444257259369
01198_O_E_N_C6,22,246,4.099999904632568,0.35222843289375305,0,0,N,0.2556430995464325
01198_O_E_N_C6,24,252,4.199999809265137,0.32734328508377075,0,0,N,0.25207552313804626
01198_O_E_N_C6,26,258,4.300000190734863,0.3110697269439697,0,0,N,0.24964286386966705
01198_O_E_N_C6,28,264,4.400000095367432,0.30224278569221497,0,0,N,0.2479379028081894
01198_O_E_N_C6,30,270,4.5,0.28925758600234985,0,0,N,0.24738042056560516
01198_O_E_N_C6,32,276,4.599999904632568,0.2792653739452362,0,0,N,0.24688991904258728
01198_O_E_N_C6,34,282,4.699999809265137,0.28001222014427185,0,0,N,0.2449542135000229
01198_O_E_N_C6,36,288,4.800000190734863,0.28052011132240295,0,0,N,0.2441781610250473
01198_O_E_N_C6,38,294,4.900000095367432,0.2884995639324188,0,0,N,0.24147586524486542
01198_O_E_N_C6,40,300,5.0,0.29160019755363464,0,0,N,0.2378920465707779
01198_O_E_N_C6,42,306,5.099999904632568,0.2875554859638214,0,0,N,0.23625394701957703
01198_O_E_N_C6,44,312,5.199999809265137,0.285290390253067,0,0,N,0.23527246713638306
01198_O_E_N_C6,46,318,5.300000190734863,0.29278483986854553,0,0,N,0.23558346927165985
01198_O_E_N_C6,48,324,5.400000095367432,0.2939435541629791,0,0,N,0.23500743508338928
01198_O_E_N_C6,50,330,5.5,0.295806348323822,0,0,N,0.2363644689321518
01198_O_E_N_C6,52,336,5.599999904632568,0.2966650128364563,0,0,N,0.23863209784030914
01198_O_E_N_C6,54,342,5.699999809265137,0.2966928482055664,0,0,N,0.24081924557685852
01198_O_E_N_C6,56,348,5.800000190734863,0.3062859773635864,0,0,N,0.24047857522964478
01198_O_E_N_C6,58,354,5.900000095367432,0.3069714307785034,0,0,N,0.241249680519104
01198_O_E_N_C6,60,360,6.0,0.30805251002311707,0,0,N,0.2426685392856598
01198_O_E_N_C6,62,366,6.099999904632568,0.3086150288581848,0,0,N,0.24496637284755707
01198_O_E_N_C6,64,372,6.199999809265137,0.30522850155830383,0,0,N,0.24818424880504608
01198_O_E_N_C6,66,378,6.300000190734863,0.30609220266342163,0,0,N,0.2532002031803131
01198_O_E_N_C6,68,384,6.400000095367432,0.2971624732017517,0,0,N,0.2558800280094147
01198_O_E_N_C6,70,390,6.5,0.29533085227012634,0,0,N,0.2592308819293976
01198_O_E_N_C6,72,396,6.599999904632568,0.29113027453422546,0,0,N,0.2620851397514343
01198_O_E_N_C6,74,402,6.699999809265137,0.292032390832901,0,0,N,0.264872670173645
01198_O_E_N_C6,76,408,6.800000190734863,0.29170799255371094,0,0,N,0.26477858424186707
01198_O_E_N_C6,78,414,6.900000095367432,0.2903304398059845,0,0,N,0.2660607099533081
01198_O_E_N_C6,80,420,7.0,0.2870495021343231,0,0,N,0.26961806416511536
01212_O_E_N_C7,0,180,3.0,0.16623355448246002,0,0,N,0.5057422518730164
01212_O_E_N_C7,2,186,3.0999999046325684,0.19023409485816956,0,0,N,0.4921596050262451
01212_O_E_N_C7,4,192,3.200000047683716,0.1733473390340805,0,0,N,0.47598588466644287
01212_O_E_N_C7,6,198,3.299999952316284,0.19715242087841034,0,0,N,0.47173774242401123
01212_O_E_N_C7,8,204,3.4000000953674316,0.3448317050933838,0,0,N,0.4776848256587982
01212_O_E_N_C7,10,210,3.5,0.34272703528404236,0,0,N,0.48552241921424866
01212_O_E_N_C7,12,216,3.5999999046325684,0.29597383737564087,0,0,N,0.49335649609565735
01212_O_E_N_C7,14,222,3.700000047683716,0.3174011707305908,0,0,N,0.49144330620765686
01212_O_E_N_C7,16,228,3.799999952316284,0.318109929561615,0,0,N,0.4830346703529358
01212_O_E_N_C7,18,234,3.9000000953674316,0.27824079990386963,0,0,N,0.47242850065231323
01212_O_E_N_C7,20,240,4.0,0.30526816844940186,0,0,N,0.4588346779346466
01212_O_E_N_C7,22,246,4.099999904632568,0.34326592087745667,0,0,N,0.44056448340415955
01212_O_E_N_C7,24,252,4.199999809265137,0.3588811159133911,0,0,N,0.42191287875175476
01212_O_E_N_C7,26,258,4.300000190734863,0.3564101457595825,0,0,N,0.40662682056427
01212_O_E_N_C7,28,264,4.400000095367432,0.3667287528514862,0,0,N,0.3918974995613098
01212_O_E_N_C7,30,270,4.5,0.39636072516441345,0,0,N,0.3762267529964447
01212_O_E_N_C7,32,276,4.599999904632568,0.423825204372406,0,0,N,0.36319300532341003
01212_O_E_N_C7,34,282,4.699999809265137,0.4359760582447052,0,0,N,0.3498457074165344
01212_O_E_N_C7,36,288,4.800000190734863,0.440845251083374,0,0,N,0.337251216173172
01212_O_E_N_C7,38,294,4.900000095367432,0.4609214961528778,0,0,N,0.327123761177063
01212_O_E_N_C7,40,300,5.0,0.4716678559780121,0,0,N,0.3147648274898529
01212_O_E_N_C7,42,306,5.099999904632568,0.44464895129203796,0,0,N,0.3319178521633148
01212_O_E_N_C7,44,312,5.199999809265137,0.4539776146411896,0,0,N,0.3331478536128998
01212_O_E_N_C7,46,318,5.300000190734863,0.5525762438774109,1,0,N,0.2966677248477936
01212_O_E_N_C7,48,324,5.400000095367432,0.5903658866882324,1,0,N,0.2722175121307373
01212_O_E_N_C7,50,330,5.5,0.5436373353004456,1,0,N,0.25370287895202637
01212_O_E_N_C7,52,336,5.599999904632568,0.46712929010391235,0,0,N,0.249885693192482
01212_O_E_N_C7,54,342,5.699999809265137,0.47486063838005066,0,0,N,0.24776318669319153
01212_O_E_N_C7,56,348,5.800000190734863,0.48640885949134827,0,0,N,0.24703148007392883
01212_O_E_N_C7,58,354,5.900000095367432,0.4872817099094391,0,0,N,0.248677596449852
01212_O_E_N_C7,60,360,6.0,0.4351177513599396,0,0,N,0.25240281224250793
01212_O_E_N_C7,62,366,6.099999904632568,0.365934818983078,0,0,N,0.2584015429019928
01212_O_E_N_C7,64,372,6.199999809265137,0.35465073585510254,0,0,N,0.261208176612854
01212_O_E_N_C7,66,378,6.300000190734863,0.35929468274116516,0,0,N,0.2608790397644043
01212_O_E_N_C7,68,384,6.400000095367432,0.3575708270072937,0,0,N,0.2636772692203522
01212_O_E_N_C7,70,390,6.5,0.3542858064174652,0,0,N,0.26938721537590027
01212_O_E_N_C7,72,396,6.599999904632568,0.3601185083389282,0,0,N,0.27495163679122925
01212_O_E_N_C7,74,402,6.699999809265137,0.359953373670578,0,0,N,0.2762913703918457
01212_O_E_N_C7,76,408,6.800000190734863,0.36411434412002563,0,0,N,0.27623680233955383
01212_O_E_N_C7,78,414,6.900000095367432,0.3784310221672058,0,0,N,0.2688598334789276
01212_O_E_N_C7,80,420,7.0,0.3821403682231903,0,0,N,0.26264873147010803
01217_O_E_N_C7,0,180,3.0,0.1512477546930313,0,0,N,0.5943723917007446
01217_O_E_N_C7,2,186,3.0999999046325684,0.1716850847005844,0,0,N,0.5933962464332581
01217_O_E_N_C7,4,192,3.200000047683716,0.18545909225940704,0,0,N,0.5935210585594177
01217_O_E_N_C7,6,198,3.299999952316284,0.20962737500667572,0,0,N,0.5946363806724548
01217_O_E_N_C7,8,204,3.4000000953674316,0.24697186052799225,0,0,N,0.597592294216156
01217_O_E_N_C7,10,210,3.5,0.2660224139690399,0,0,N,0.6014787554740906
01217_O_E_N_C7,12,216,3.5999999046325684,0.26691189408302307,0,0,N,0.6026780009269714
01217_O_E_N_C7,14,222,3.700000047683716,0.28215327858924866,0,0,N,0.6018639206886292
01217_O_E_N_C7,16,228,3.799999952316284,0.28025418519973755,0,0,N,0.6015951633453369
01217_O_E_N_C7,18,234,3.9000000953674316,0.30625680088996887,0,0,N,0.5981875061988831
01217_O_E_N_C7,20,240,4.0,0.32837414741516113,0,0,N,0.5902555584907532
01217_O_E_N_C7,22,246,4.099999904632568,0.31586846709251404,0,0,N,0.5805919170379639
01217_O_E_N_C7,24,252,4.199999809265137,0.3574279546737671,0,0,N,0.5734996199607849
01217_O_E_N_C7,26,258,4.300000190734863,0.3284243941307068,0,0,N,0.5672814249992371
01217_O_E_N_C7,28,264,4.400000095367432,0.2586580514907837,0,0,N,0.5610383749008179
01217_O_E_N_C7,30,270,4.5,0.22495539486408234,0,0,N,0.5524694919586182
01217_O_E_N_C7,32,276,4.599999904632568,0.19420473277568817,0,0,N,0.5426769852638245
01217_O_E_N_C7,34,282,4.699999809265137,0.1833711564540863,0,0,N,0.5294778347015381
01217_O_E_N_C7,36,288,4.800000190734863,0.19506800174713135,0,0,N,0.5136070251464844
01217_O_E_N_C7,38,294,4.900000095367432,0.21349723637104034,0,0,N,0.49537357687950134
01217_O_E_N_C7,40,300,5.0,0.2948203682899475,0,0,N,0.47897693514823914
01217_O_E_N_C7,42,306,5.099999904632568,0.4377650320529938,0,0,N,0.5014150142669678
01217_O_E_N_C7,44,312,5.199999809265137,0.4147898256778717,0,0,N,0.46515554189682007
01217_O_E_N_C7,46,318,5.300000190734863,0.48306524753570557,0,0,N,0.46388643980026245
01217_O_E_N_C7,48,324,5.400000095367432,0.5135987997055054,0,0,N,0.4688771665096283
01217_O_E_N_C7,50,330,5.5,0.510440468788147,0,0,N,0.40811488032341003
01217_O_E_N_C7,52,336,5.599999904632568,0.5293224453926086,1,0,N,0.38476020097732544
01217_O_E_N_C7,54,342,5.699999809265137,0.5264831185340881,1,0,N,0.3675367534160614
01217_O_E_N_C7,56,348,5.800000190734863,0.5112168192863464,0,0,N,0.34378913044929504
01217_O_E_N_C7,58,354,5.900000095367432,0.5208860039710999,0,0,N,0.3231762945652008
01217_O_E_N_C7,60,360,6.0,0.5310605764389038,1,0,N,0.26270726323127747
01217_O_E_N_C7,62,366,6.099999904632568,0.5476616621017456,1,0,N,0.29562556743621826
01217_O_E_N_C7,64,372,6.199999809265137,0.5760592222213745,1,0,N,0.3020661175251007
01217_O_E_N_C7,66,378,6.300000190734863,0.6090847253799438,1,0,N,0.34068089723587036
01217_O_E_N_C7,68,384,6.400000095367432,0.633192777633667,1,0,N,0.2942555844783783
01217_O_E_N_C7,70,390,6.5,0.6442305445671082,1,0,N,0.2698664963245392
01217_O_E_N_C7,72,396,6.599999904632568,0.6420263648033142,1,0,N,0.30683207511901855
01217_O_E_N_C7,74,402,6.699999809265137,0.6264265179634094,1,0,N,0.31813251972198486
01217_O_E_N_C7,76,408,6.800000190734863,0.6921831965446472,1,0,N,0.3330322802066803
01217_O_E_N_C7,78,414,6.900000095367432,0.6196627616882324,1,0,N,0.34149935841560364
01217_O_E_N_C7,80,420,7.0,0.64275062084198,1,0,N,0.3396555185317993
01224_O_E_N_C8,0,180,3.0,0.40126630663871765,0,0,N,0.5227745771408081
01224_O_E_N_C8,2,186,3.0999999046325684,0.6424642205238342,1,0,N,0.5098108053207397
01224_O_E_N_C8,4,192,3.200000047683716,0.8161226511001587,1,0,N,0.49989211559295654
01224_O_E_N_C8,6,198,3.299999952316284,0.9093385338783264,1,0,N,0.49894291162490845
01224_O_E_N_C8,8,204,3.4000000953674316,0.8776905536651611,1,0,N,0.5021676421165466
01224_O_E_N_C8,10,210,3.5,0.8279967308044434,1,0,N,0.5043405890464783
01224_O_E_N_C8,12,216,3.5999999046325684,0.6372302174568176,1,0,N,0.502027153968811
01224_O_E_N_C8,14,222,3.700000047683716,0.3752349317073822,0,0,N,0.49572092294692993
01224_O_E_N_C8,16,228,3.799999952316284,0.2863496243953705,0,0,N,0.48591291904449463
01224_O_E_N_C8,18,234,3.9000000953674316,0.23927001655101776,0,0,N,0.4759269654750824
01224_O_E_N_C8,20,240,4.0,0.2164164036512375,0,0,N,0.46742576360702515
01224_O_E_N_C8,22,246,4.099999904632568,0.20536275207996368,0,0,N,0.4566607177257538
01224_O_E_N_C8,24,252,4.199999809265137,0.19624528288841248,0,0,N,0.44796615839004517
01224_O_E_N_C8,26,258,4.300000190734863,0.19172322750091553,0,0,N,0.4385034739971161
01224_O_E_N_C8,28,264,4.400000095367432,0.18824106454849243,0,0,N,0.4326017498970032
01224_O_E_N_C8,30,270,4.5,0.1746290922164917,0,0,N,0.4290264844894409
01224_O_E_N_C8,32,276,4.599999904632568,0.17361973226070404,0,0,N,0.4242078959941864
01224_O_E_N_C8,34,282,4.699999809265137,0.19696086645126343,0,0,N,0.42356210947036743
01224_O_E_N_C8,36,288,4.800000190734863,0.22370220720767975,0,0,N,0.42507967352867126
01224_O_E_N_C8,38,294,4.900000095367432,0.19789883494377136,0,0,N,0.4220297038555145
01224_O_E_N_C8,40,300,5.0,0.14695623517036438,0,0,N,0.4240470826625824
01224_O_E_N_C8,42,306,5.099999904632568,0.13473525643348694,0,0,N,0.4359081983566284
01224_O_E_N_C8,44,312,5.199999809265137,0.12945783138275146,0,0,N,0.44285112619400024
01224_O_E_N_C8,46,318,5.300000190734863,0.1586592197418213,0,0,N,0.4405500590801239
01224_O_E_N_C8,48,324,5.400000095367432,0.15248402953147888,0,0,N,0.43715178966522217
01224_O_E_N_C8,50,330,5.5,0.16668865084648132,0,0,N,0.43724068999290466
01224_O_E_N_C8,52,336,5.599999904632568,0.20108836889266968,0,0,N,0.4426994025707245
01224_O_E_N_C8,54,342,5.699999809265137,0.18685518205165863,0,0,N,0.45112481713294983
01224_O_E_N_C8,56,348,5.800000190734863,0.18002963066101074,0,0,N,0.46115222573280334
01224_O_E_N_C8,58,354,5.900000095367432,0.1900896579027176,0,0,N,0.4699346721172333
01224_O_E_N_C8,60,360,6.0,0.16811296343803406,0,0,N,0.4748210608959198
01224_O_E_N_C8,62,366,6.099999904632568,0.19492307305335999,0,0,N,0.47929078340530396
01224_O_E_N_C8,64,372,6.199999809265137,0.2242090404033661,0,0,N,0.48397281765937805
01224_O_E_N_C8,66,378,6.300000190734863,0.23153044283390045,0,0,N,0.4879808723926544
01224_O_E_N_C8,68,384,6.400000095367432,0.24965840578079224,0,0,N,0.49058640003204346
01224_O_E_N_C8,70,390,6.5,0.23641538619995117,0,0,N,0.49196335673332214
01224_O_E_N_C8,72,396,6.599999904632568,0.19400033354759216,0,0,N,0.49248313903808594
01224_O_E_N_C8,74,402,6.699999809265137,0.15276287496089935,0,0,N,0.4916105568408966
01224_O_E_N_C8,76,408,6.800000190734863,0.15545716881752014,0,0,N,0.4901406168937683
01224_O_E_N_C8,78,414,6.900000095367432,0.1634099930524826,0,0,N,0.49172133207321167
01224_O_E_N_C8,80,420,7.0,0.15270088613033295,0,0,N,0.49293264746665955
01235_O_E_N_C6,0,180,3.0,0.34929877519607544,0,0,N,0.4693155586719513
01235_O_E_N_C6,2,186,3.0999999046325684,0.3595769703388214,0,0,N,0.43917587399482727
01235_O_E_N_C6,4,192,3.200000047683716,0.3749687671661377,0,0,N,0.4094242453575134
01235_O_E_N_C6,6,198,3.299999952316284,0.39329519867897034,0,0,N,0.38549286127090454
01235_O_E_N_C6,8,204,3.4000000953674316,0.4091472327709198,0,0,N,0.36749568581581116
01235_O_E_N_C6,10,210,3.5,0.4265240728855133,0,0,N,0.35253778100013733
01235_O_E_N_C6,12,216,3.5999999046325684,0.4380209445953369,0,0,N,0.33893516659736633
01235_O_E_N_C6,14,222,3.700000047683716,0.4494718611240387,0,0,N,0.32482290267944336
01235_O_E_N_C6,16,228,3.799999952316284,0.463042289018631,0,0,N,0.30767765641212463
01235_O_E_N_C6,18,234,3.9000000953674316,0.4873057007789612,0,0,N,0.2920641303062439
01235_O_E_N_C6,20,240,4.0,0.5162473917007446,0,0,N,0.2746381163597107
01235_O_E_N_C6,22,246,4.099999904632568,0.5414969325065613,1,0,N,0.2587223947048187
01235_O_E_N_C6,24,252,4.199999809265137,0.5688722133636475,1,0,N,0.23828527331352234
01235_O_E_N_C6,26,258,4.300000190734863,0.5764342546463013,1,0,N,0.21678809821605682
01235_O_E_N_C6,28,264,4.400000095367432,0.5919328927993774,1,0,N,0.20122502744197845
01235_O_E_N_C6,30,270,4.5,0.6089261174201965,1,0,N,0.18764707446098328
01235_O_E_N_C6,32,276,4.599999904632568,0.5542730093002319,1,0,N,0.17071880400180817
01235_O_E_N_C6,34,282,4.699999809265137,0.5074514150619507,0,0,N,0.16874095797538757
01235_O_E_N_C6,36,288,4.800000190734863,0.4631417989730835,0,0,N,0.1713855266571045
01235_O_E_N_C6,38,294,4.900000095367432,0.4006538689136505,0,0,N,0.1808985322713852
01235_O_E_N_C6,40,300,5.0,0.3690546751022339,0,0,N,0.18832062184810638
01235_O_E_N_C6,42,306,5.099999904632568,0.35799339413642883,0,0,N,0.19529177248477936
01235_O_E_N_C6,44,312,5.199999809265137,0.3479589521884918,0,0,N,0.20141516625881195
01235_O_E_N_C6,46,318,5.300000190734863,0.34077638387680054,0,0,N,0.2045828104019165
01235_O_E_N_C6,48,324,5.400000095367432,0.3232104480266571,0,0,N,0.2066713124513626
01235_O_E_N_C6,50,330,5.5,0.3307569921016693,0,0,N,0.20752446353435516
01235_O_E_N_C6,52,336,5.599999904632568,0.33554181456565857,0,0,N,0.20640239119529724
01235_O_E_N_C6,54,342,5.699999809265137,0.3316825330257416,0,0,N,0.20691610872745514
01235_O_E_N_C6,56,348,5.800000190734863,0.3233783543109894,0,0,N,0.20974008738994598
01235_O_E_N_C6,58,354,5.900000095367432,0.3296920955181122,0,0,N,0.21204370260238647
01235_O_E_N_C6,60,360,6.0,0.3206624388694763,0,0,N,0.21230316162109375
01235_O_E_N_C6,62,366,6.099999904632568,0.3176875412464142,0,0,N,0.21142594516277313
01235_O_E_N_C6,64,372,6.199999809265137,0.32347485423088074,0,0,N,0.2121116667985916
01235_O_E_N_C6,66,378,6.300000190734863,0.3175950050354004,0,0,N,0.21467217803001404
01235_O_E_N_C6,68,384,6.400000095367432,0.3219759464263916,0,0,N,0.21434253454208374
01235_O_E_N_C6,70,390,6.5,0.32216548919677734,0,0,N,0.2137780487537384
01235_O_E_N_C6,72,396,6.599999904632568,0.32664355635643005,0,0,N,0.21451899409294128
01235_O_E_N_C6,74,402,6.699999809265137,0.32550108432769775,0,0,N,0.2135169953107834
01235_O_E_N_C6,76,408,6.800000190734863,0.31915006041526794,0,0,N,0.21206128597259521
01235_O_E_N_C6,78,414,6.900000095367432,0.3261983096599579,0,0,N,0.21191346645355225
01235_O_E_N_C6,80,420,7.0,0.3169659376144409,0,0,N,0.21170149743556976
01243_O_E_N_C7,0,180,3.0,0.2086305022239685,0,0,N,0.6635866165161133
01243_O_E_N_C7,2,186,3.0999999046325684,0.21967215836048126,0,0,N,0.64536052942276
01243_O_E_N_C7,4,192,3.200000047683716,0.30730703473091125,0,0,N,0.6414318680763245
01243_O_E_N_C7,6,198,3.299999952316284,0.4020857810974121,0,0,N,0.6272558569908142
01243_O_E_N_C7,8,204,3.4000000953674316,0.4540851414203644,0,0,N,0.5955514907836914
01243_O_E_N_C7,10,210,3.5,0.7475717067718506,1,0,N,0.5550405979156494
01243_O_E_N_C7,12,216,3.5999999046325684,0.8615280985832214,1,0,N,0.5105842351913452
01243_O_E_N_C7,14,222,3.700000047683716,0.866075873374939,1,0,N,0.474928617477417
01243_O_E_N_C7,16,228,3.799999952316284,0.9157739877700806,1,0,N,0.46795061230659485
01243_O_E_N_C7,18,234,3.9000000953674316,0.9170096516609192,1,0,N,0.44211024045944214
01243_O_E_N_C7,20,240,4.0,0.9121899008750916,1,0,N,0.4330576956272125
01243_O_E_N_C7,22,246,4.099999904632568,0.9114029407501221,1,0,N,0.40959328413009644
01243_O_E_N_C7,24,252,4.199999809265137,0.9163581132888794,1,0,N,0.38450655341148376
01243_O_E_N_C7,26,258,4.300000190734863,0.9178533554077148,1,0,N,0.3518502414226532
01243_O_E_N_C7,28,264,4.400000095367432,0.9196856021881104,1,0,N,0.32491934299468994
01243_O_E_N_C7,30,270,4.5,0.9175054430961609,1,0,N,0.2933335602283478
01243_O_E_N_C7,32,276,4.599999904632568,0.9172387719154358,1,0,N,0.2683767080307007
01243_O_E_N_C7,34,282,4.699999809265137,0.9200553894042969,1,0,N,0.26297757029533386
01243_O_E_N_C7,36,288,4.800000190734863,0.9194579124450684,1,0,N,0.250116229057312
01243_O_E_N_C7,38,294,4.900000095367432,0.9154642820358276,1,0,N,0.22684553265571594
01243_O_E_N_C7,40,300,5.0,0.9114612340927124,1,0,N,0.19933795928955078
01243_O_E_N_C7,42,306,5.099999904632568,0.9003947973251343,1,0,N,0.19000393152236938
01243_O_E_N_C7,44,312,5.199999809265137,0.870725154876709,1,0,N,0.18043941259384155
01243_O_E_N_C7,46,318,5.300000190734863,0.7970923781394958,1,0,N,0.17709600925445557
01243_O_E_N_C7,48,324,5.400000095367432,0.7089176177978516,1,0,N,0.1870453953742981
01243_O_E_N_C7,50,330,5.5,0.6815226674079895,1,0,N,0.21297115087509155
01243_O_E_N_C7,52,336,5.599999904632568,0.6331683397293091,1,0,N,0.24578797817230225
01243_O_E_N_C7,54,342,5.699999809265137,0.6181884407997131,1,0,N,0.24563734233379364
01243_O_E_N_C7,56,348,5.800000190734863,0.5556107759475708,1,0,N,0.2228384166955948
01243_O_E_N_C7,58,354,5.900000095367432,0.48419949412345886,0,0,N,0.2192751169204712
01243_O_E_N_C7,60,360,6.0,0.4237852692604065,0,0,N,0.1964849829673767
01243_O_E_N_C7,62,366,6.099999904632568,0.3789006769657135,0,0,N,0.19221465289592743
01243_O_E_N_C7,64,372,6.199999809265137,0.38089311122894287,0,0,N,0.1941729635000229
01243_O_E_N_C7,66,378,6.300000190734863,0.3576491177082062,0,0,N,0.20055890083312988
01243_O_E_N_C7,68,384,6.400000095367432,0.3263305723667145,0,0,N,0.20205362141132355
01243_O_E_N_C7,70,390,6.5,0.3425014615058899,0,0,N,0.21428164839744568
01243_O_E_N_C7,72,396,6.599999904632568,0.38416555523872375,0,0,N,0.21949638426303864
01243_O_E_N_C7,74,402,6.699999809265137,0.3298541307449341,0,0,N,0.2020287811756134
01243_O_E_N_C7,76,408,6.800000190734863,0.3022749125957489,0,0,N,0.19591039419174194
01243_O_E_N_C7,78,414,6.900000095367432,0.29568254947662354,0,0,N,0.2024630606174469
01243_O_E_N_C7,80,420,7.0,0.3366531431674957,0,0,N,0.21556492149829865
01251_O_E_N_C7,0,180,3.0,0.3008471727371216,0,0,N,0.6033095717430115
01251_O_E_N_C7,2,186,3.0999999046325684,0.29811587929725647,0,0,N,0.5838339924812317
01251_O_E_N_C7,4,192,3.200000047683716,0.30279070138931274,0,0,N,0.5446250438690186
01251_O_E_N_C7,6,198,3.299999952316284,0.3234190046787262,0,0,N,0.5170326232910156
01251_O_E_N_C7,8,204,3.4000000953674316,0.35849618911743164,0,0,N,0.4969293475151062
01251_O_E_N_C7,10,210,3.5,0.38956573605537415,0,0,N,0.47413262724876404
01251_O_E_N_C7,12,216,3.5999999046325684,0.4172097146511078,0,0,N,0.45149722695350647
01251_O_E_N_C7,14,222,3.700000047683716,0.44544529914855957,0,0,N,0.4328307807445526
01251_O_E_N_C7,16,228,3.799999952316284,0.4721742272377014,0,0,N,0.4118749499320984
01251_O_E_N_C7,18,234,3.9000000953674316,0.48331931233406067,0,0,N,0.39449819922447205
01251_O_E_N_C7,20,240,4.0,0.522805392742157,0,0,N,0.3760424852371216
01251_O_E_N_C7,22,246,4.099999904632568,0.5465303063392639,1,0,N,0.3570822775363922
01251_O_E_N_C7,24,252,4.199999809265137,0.5976873636245728,1,0,N,0.3385281562805176
01251_O_E_N_C7,26,258,4.300000190734863,0.613049328327179,1,0,N,0.3174407184123993
01251_O_E_N_C7,28,264,4.400000095367432,0.5954903960227966,1,0,N,0.2993710935115814
01251_O_E_N_C7,30,270,4.5,0.6059396862983704,1,0,N,0.27688008546829224
01251_O_E_N_C7,32,276,4.599999904632568,0.5869532823562622,1,0,N,0.2606621980667114
01251_O_E_N_C7,34,282,4.699999809265137,0.5949079990386963,1,0,N,0.24962501227855682
01251_O_E_N_C7,36,288,4.800000190734863,0.5705308318138123,1,0,N,0.24203059077262878
01251_O_E_N_C7,38,294,4.900000095367432,0.5650878548622131,1,0,N,0.23512043058872223
01251_O_E_N_C7,40,300,5.0,0.5317524075508118,1,0,N,0.22897303104400635
01251_O_E_N_C7,42,306,5.099999904632568,0.5169369578361511,0,0,N,0.23214615881443024
01251_O_E_N_C7,44,312,5.199999809265137,0.48675990104675293,0,0,N,0.2580356299877167
01251_O_E_N_C7,46,318,5.300000190734863,0.43170180916786194,0,0,N,0.2741778790950775
01251_O_E_N_C7,48,324,5.400000095367432,0.37430405616760254,0,0,N,0.27916190028190613
01251_O_E_N_C7,50,330,5.5,0.3300402760505676,0,0,N,0.28614580631256104
01251_O_E_N_C7,52,336,5.599999904632568,0.3011660575866699,0,0,N,0.28240448236465454
01251_O_E_N_C7,54,342,5.699999809265137,0.2858538031578064,0,0,N,0.27955886721611023
01251_O_E_N_C7,56,348,5.800000190734863,0.28502750396728516,0,0,N,0.2710719108581543
01251_O_E_N_C7,58,354,5.900000095367432,0.2809368073940277,0,0,N,0.26330065727233887
01251_O_E_N_C7,60,360,6.0,0.2725382447242737,0,0,N,0.2639232873916626
01251_O_E_N_C7,62,366,6.099999904632568,0.2661462724208832,0,0,N,0.26951003074645996
01251_O_E_N_C7,64,372,6.199999809265137,0.26210689544677734,0,0,N,0.2750157415866852
01251_O_E_N_C7,66,378,6.300000190734863,0.2634497284889221,0,0,N,0.28480350971221924
01251_O_E_N_C7,68,384,6.400000095367432,0.26113206148147583,0,0,N,0.28572532534599304
01251_O_E_N_C7,70,390,6.5,0.2596723139286041,0,0,N,0.28718429803848267
01251_O_E_N_C7,72,396,6.599999904632568,0.2580409646034241,0,0,N,0.28546270728111267
01251_O_E_N_C7,74,402,6.699999809265137,0.25875818729400635,0,0,N,0.28198957443237305
01251_O_E_N_C7,76,408,6.800000190734863,0.26152586936950684,0,0,N,0.2812378704547882
01251_O_E_N_C7,78,414,6.900000095367432,0.26226165890693665,0,0,N,0.27987542748451233
01251_O_E_N_C7,80,420,7.0,0.2640373110771179,0,0,N,0.28206706047058105
01510_O_F_N_C7,0,180,3.003000020980835,0.13982616364955902,0,0,N,0.5097066164016724
01510_O_F_N_C7,2,186,3.1029999256134033,0.13860854506492615,0,0,N,0.5141360759735107
01510_O_F_N_C7,4,192,3.203000068664551,0.14364643394947052,0,0,N,0.5177660584449768
01510_O_F_N_C7,6,198,3.302999973297119,0.14761832356452942,0,0,N,0.5207657814025879
01510_O_F_N_C7,8,204,3.4030001163482666,0.13845878839492798,0,0,N,0.5230430960655212
01510_O_F_N_C7,10,210,3.503999948501587,0.12979798018932343,0,0,N,0.522377073764801
01510_O_F_N_C7,12,216,3.6040000915527344,0.13251444697380066,0,0,N,0.5220193862915039
01510_O_F_N_C7,14,222,3.7039999961853027,0.15441906452178955,0,0,N,0.5265873670578003
01510_O_F_N_C7,16,228,3.803999900817871,0.1515495628118515,0,0,N,0.5298795700073242
01510_O_F_N_C7,18,234,3.9040000438690186,0.15212573111057281,0,0,N,0.5284091234207153
01510_O_F_N_C7,20,240,4.004000186920166,0.1686912178993225,0,0,N,0.526147186756134
01510_O_F_N_C7,22,246,4.104000091552734,0.15693399310112,0,0,N,0.5226622223854065
01510_O_F_N_C7,24,252,4.203999996185303,0.16237413883209229,0,0,N,0.516899824142456
01510_O_F_N_C7,26,258,4.303999900817871,0.16099046170711517,0,0,N,0.5079699754714966
01510_O_F_N_C7,28,264,4.4039998054504395,0.15325242280960083,0,0,N,0.49558520317077637
01510_O_F_N_C7,30,270,4.505000114440918,0.14758387207984924,0,0,N,0.48554959893226624
01510_O_F_N_C7,32,276,4.605000019073486,0.17278242111206055,0,0,N,0.47906243801116943
01510_O_F_N_C7,34,282,4.704999923706055,0.17689333856105804,0,0,N,0.4766298532485962
01510_O_F_N_C7,36,288,4.804999828338623,0.20036228001117706,0,0,N,0.47383686900138855
01510_O_F_N_C7,38,294,4.90500020980835,0.22012455761432648,0,0,N,0.46850547194480896
01510_O_F_N_C7,40,300,5.005000114440918,0.21989808976650238,0,0,N,0.46465080976486206
01510_O_F_N_C7,42,306,5.105000019073486,0.21062204241752625,0,0,N,0.4564296305179596
01510_O_F_N_C7,44,312,5.204999923706055,0.1806509643793106,0,0,N,0.44767558574676514
01510_O_F_N_C7,46,318,5.304999828338623,0.1616298258304596,0,0,N,0.43843257427215576
01510_O_F_N_C7,48,324,5.40500020980835,0.170160174369812,0,0,N,0.4284306764602661
01510_O_F_N_C7,50,330,5.50600004196167,0.17758789658546448,0,0,N,0.41700997948646545
01510_O_F_N_C7,52,336,5.605999946594238,0.19253310561180115,0,0,N,0.40850719809532166
01510_O_F_N_C7,54,342,5.705999851226807,0.24084711074829102,0,0,N,0.39851096272468567
01510_O_F_N_C7,56,348,5.806000232696533,0.328197717666626,0,0,N,0.38877540826797485
01510_O_F_N_C7,58,354,5.906000137329102,0.49705588817596436,0,0,N,0.3766658306121826
01510_O_F_N_C7,60,360,6.00600004196167,0.6181209087371826,1,0,N,0.36478516459465027
01510_O_F_N_C7,62,366,6.105999946594238,0.5368114709854126,1,0,N,0.3500477373600006
01510_O_F_N_C7,64,372,6.205999851226807,0.5134943127632141,0,0,N,0.3352881073951721
01510_O_F_N_C7,66,378,6.306000232696533,0.4872526228427887,0,0,N,0.3241777718067169
01510_O_F_N_C7,68,384,6.406000137329102,0.5221450924873352,0,0,N,0.32766634225845337
01510_O_F_N_C7,70,390,6.50600004196167,0.691836416721344,1,0,N,0.31388920545578003
01510_O_F_N_C7,72,396,6.60699987411499,0.6971150636672974,1,0,N,0.30115461349487305
01510_O_F_N_C7,74,402,6.706999778747559,0.6742884516716003,1,0,N,0.28478559851646423
01510_O_F_N_C7,76,408,6.807000160217285,0.7071329355239868,1,0,N,0.26690274477005005
01510_O_F_N_C7,78,414,6.9070000648498535,0.7331089377403259,1,0,N,0.25208601355552673
01510_O_F_N_C7,80,420,7.006999969482422,0.7562037110328674,1,0,N,0.23778396844863892
01547_O_E_N_C8,0,180,3.003000020980835,0.328776478767395,0,0,N,0.40943044424057007
01547_O_E_N_C8,2,186,3.1029999256134033,0.3733040392398834,0,0,N,0.41710391640663147
01547_O_E_N_C8,4,192,3.203000068664551,0.42024338245391846,0,0,N,0.3715166747570038
01547_O_E_N_C8,6,198,3.302999973297119,0.5484675765037537,1,0,N,0.33308684825897217
01547_O_E_N_C8,8,204,3.4030001163482666,0.5624524354934692,1,0,N,0.3071845471858978
01547_O_E_N_C8,10,210,3.503999948501587,0.509168267250061,0,0,N,0.26515883207321167
01547_O_E_N_C8,12,216,3.6040000915527344,0.5635955333709717,1,0,N,0.215985506772995
01547_O_E_N_C8,14,222,3.7039999961853027,0.5683236122131348,1,0,N,0.21289439499378204
01547_O_E_N_C8,16,228,3.803999900817871,0.5510053634643555,1,0,N,0.21873006224632263
01547_O_E_N_C8,18,234,3.9040000438690186,0.5407320857048035,1,0,N,0.222165048122406
01547_O_E_N_C8,20,240,4.004000186920166,0.5345814824104309,1,0,N,0.2261624038219452
01547_O_E_N_C8,22,246,4.104000091552734,0.49544262886047363,0,0,N,0.22762084007263184
01547_O_E_N_C8,24,252,4.203999996185303,0.4984641969203949,0,0,N,0.23166516423225403
01547_O_E_N_C8,26,258,4.303999900817871,0.46406006813049316,0,0,N,0.20353186130523682
01547_O_E_N_C8,28,264,4.4039998054504395,0.47546347975730896,0,0,N,0.19219136238098145
01547_O_E_N_C8,30,270,4.505000114440918,0.5164794921875,0,0,N,0.19801686704158783
01547_O_E_N_C8,32,276,4.605000019073486,0.5330833196640015,1,0,N,0.19567114114761353
01547_O_E_N_C8,34,282,4.704999923706055,0.5017637610435486,0,0,N,0.1886540800333023
01547_O_E_N_C8,36,288,4.804999828338623,0.5077328085899353,0,0,N,0.18791534006595612
01547_O_E_N_C8,38,294,4.90500020980835,0.44758936762809753,0,0,N,0.1877157837152481
01547_O_E_N_C8,40,300,5.005000114440918,0.3595859110355377,0,0,N,0.18173182010650635
01547_O_E_N_C8,42,306,5.105000019073486,0.2959185838699341,0,0,N,0.15548835694789886
01547_O_E_N_C8,44,312,5.204999923706055,0.2365020513534546,0,0,N,0.1830710917711258
01547_O_E_N_C8,46,318,5.304999828338623,0.1772412210702896,0,0,N,0.2138829082250595
01547_O_E_N_C8,48,324,5.40500020980835,0.15571530163288116,0,0,N,0.2775726318359375
01547_O_E_N_C8,50,330,5.50600004196167,0.27399003505706787,0,0,N,0.3359341621398926
01547_O_E_N_C8,52,336,5.605999946594238,0.4098123610019684,0,0,N,0.3594171404838562
01547_O_E_N_C8,54,342,5.705999851226807,0.4316464364528656,0,0,N,0.32477378845214844
01547_O_E_N_C8,56,348,5.806000232696533,0.4709911048412323,0,0,N,0.2924187183380127
01547_O_E_N_C8,58,354,5.906000137329102,0.5032774209976196,0,0,N,0.27424925565719604
01547_O_E_N_C8,60,360,6.00600004196167,0.5467045307159424,1,0,N,0.26289287209510803
01547_O_E_N_C8,62,366,6.105999946594238,0.5891587734222412,1,0,N,0.2558620274066925
01547_O_E_N_C8,64,372,6.205999851226807,0.6092150807380676,1,0,N,0.2530762255191803
01547_O_E_N_C8,66,378,6.306000232696533,0.6122590899467468,1,0,N,0.25063958764076233
01547_O_E_N_C8,68,384,6.406000137329102,0.6134131550788879,1,0,N,0.24955494701862335
01547_O_E_N_C8,70,390,6.50600004196167,0.5474112629890442,1,0,N,0.24958711862564087
01547_O_E_N_C8,72,396,6.60699987411499,0.5235193371772766,0,0,N,0.2504510283470154
01547_O_E_N_C8,74,402,6.706999778747559,0.5202429890632629,0,0,N,0.25199154019355774
01547_O_E_N_C8,76,408,6.807000160217285,0.47719764709472656,0,0,N,0.25318747758865356
01547_O_E_N_C8,78,414,6.9070000648498535,0.49902379512786865,0,0,N,0.22425158321857452
01547_O_E_N_C8,80,420,7.006999969482422,0.5067435503005981,0,0,N,0.15078309178352356
01591_L_F_N_C8,0,180,3.003000020980835,0.3345397114753723,0,0,N,0.46571603417396545
01591_L_F_N_C8,2,186,3.1029999256134033,0.28091251850128174,0,0,N,0.4577440917491913
01591_L_F_N_C8,4,192,3.203000068664551,0.29934161901474,0,0,N,0.44988149404525757
01591_L_F_N_C8,6,198,3.302999973297119,0.3545161485671997,0,0,N,0.43844643235206604
01591_L_F_N_C8,8,204,3.4030001163482666,0.35689112544059753,0,0,N,0.42363831400871277
01591_L_F_N_C8,10,210,3.503999948501587,0.27873629331588745,0,0,N,0.40782055258750916
01591_L_F_N_C8,12,216,3.6040000915527344,0.2700229585170746,0,0,N,0.39207029342651367
01591_L_F_N_C8,14,222,3.7039999961853027,0.28936535120010376,0,0,N,0.3783362805843353
01591_L_F_N_C8,16,228,3.803999900817871,0.3562144935131073,0,0,N,0.3668473958969116
01591_L_F_N_C8,18,234,3.9040000438690186,0.3972485363483429,0,0,N,0.3530953824520111
01591_L_F_N_C8,20,240,4.004000186920166,0.4359831213951111,0,0,N,0.3379973769187927
01591_L_F_N_C8,22,246,4.104000091552734,0.4565942585468292,0,0,N,0.31904664635658264
01591_L_F_N_C8,24,252,4.203999996185303,0.5045648813247681,0,0,N,0.2975335121154785
01591_L_F_N_C8,26,258,4.303999900817871,0.5340686440467834,1,0,N,0.27605345845222473
01591_L_F_N_C8,28,264,4.4039998054504395,0.5434703230857849,1,0,N,0.257670521736145
01591_L_F_N_C8,30,270,4.505000114440918,0.5567981004714966,1,0,N,0.23439237475395203
01591_L_F_N_C8,32,276,4.605000019073486,0.5712078213691711,1,0,N,0.20819053053855896
01591_L_F_N_C8,34,282,4.704999923706055,0.5751590132713318,1,0,N,0.1785532385110855
01591_L_F_N_C8,36,288,4.804999828338623,0.5663254261016846,1,0,N,0.1621585339307785
01591_L_F_N_C8,38,294,4.90500020980835,0.540569007396698,1,0,N,0.15235163271427155
01591_L_F_N_C8,40,300,5.005000114440918,0.45658019185066223,0,0,N,0.14403142035007477
01591_L_F_N_C8,42,306,5.105000019073486,0.24472017586231232,0,0,N,0.138225719332695
01591_L_F_N_C8,44,312,5.204999923706055,0.16435213387012482,0,0,N,0.13189437985420227
01591_L_F_N_C8,46,318,5.304999828338623,0.14192761480808258,0,0,N,0.13174594938755035
01591_L_F_N_C8,48,324,5.40500020980835,0.13994134962558746,0,0,N,0.13512316346168518
01591_L_F_N_C8,50,330,5.50600004196167,0.13828574120998383,0,0,N,0.13933400809764862
01591_L_F_N_C8,52,336,5.605999946594238,0.13455067574977875,0,0,N,0.14577236771583557
01591_L_F_N_C8,54,342,5.705999851226807,0.13016124069690704,0,0,N,0.1527438759803772
01591_L_F_N_C8,56,348,5.806000232696533,0.12746544182300568,0,0,N,0.1585773378610611
01591_L_F_N_C8,58,354,5.906000137329102,0.12592966854572296,0,0,N,0.164493128657341
01591_L_F_N_C8,60,360,6.00600004196167,0.1188453733921051,0,0,N,0.17060676217079163
01591_L_F_N_C8,62,366,6.105999946594238,0.11954621225595474,0,0,N,0.1769535094499588
01591_L_F_N_C8,64,372,6.205999851226807,0.12003008276224136,0,0,N,0.1819685399532318
01591_L_F_N_C8,66,378,6.306000232696533,0.11800868064165115,0,0,N,0.1890302449464798
01591_L_F_N_C8,68,384,6.406000137329102,0.11549974232912064,0,0,N,0.1933392584323883
01591_L_F_N_C8,70,390,6.50600004196167,0.11030521988868713,0,0,N,0.19844721257686615
01591_L_F_N_C8,72,396,6.60699987411499,0.10610660165548325,0,0,N,0.20587116479873657
01591_L_F_N_C8,74,402,6.706999778747559,0.10644180327653885,0,0,N,0.2197262942790985
01591_L_F_N_C8,76,408,6.807000160217285,0.10986382514238358,0,0,N,0.23360951244831085
01591_L_F_N_C8,78,414,6.9070000648498535,0.11297374963760376,0,0,N,0.2451455444097519
01591_L_F_N_C8,80,420,7.006999969482422,0.11783640831708908,0,0,N,0.2548273801803589
01924_Y_E_N_C8,0,180,3.003000020980835,0.28481388092041016,0,0,N,0.5249005556106567
01924_Y_E_N_C8,2,186,3.1029999256134033,0.24619683623313904,0,0,N,0.5226333737373352
01924_Y_E_N_C8,4,192,3.203000068664551,0.32011929154396057,0,0,N,0.5242074131965637
01924_Y_E_N_C8,6,198,3.302999973297119,0.42543038725852966,0,0,N,0.5266295671463013
01924_Y_E_N_C8,8,204,3.4030001163482666,0.5558425784111023,1,0,N,0.5333265662193298
01924_Y_E_N_C8,10,210,3.503999948501587,0.683131754398346,1,0,N,0.5418053865432739
01924_Y_E_N_C8,12,216,3.6040000915527344,0.7899401783943176,1,0,N,0.5518468022346497
01924_Y_E_N_C8,14,222,3.7039999961853027,0.7428256273269653,1,0,N,0.5570616126060486
01924_Y_E_N_C8,16,228,3.803999900817871,0.6679245233535767,1,0,N,0.5532220005989075
01924_Y_E_N_C8,18,234,3.9040000438690186,0.6378312706947327,1,0,N,0.54491126537323
01924_Y_E_N_C8,20,240,4.004000186920166,0.6306902766227722,1,0,N,0.5323169827461243
01924_Y_E_N_C8,22,246,4.104000091552734,0.68935626745224,1,0,N,0.5205822587013245
01924_Y_E_N_C8,24,252,4.203999996185303,0.665570855140686,1,0,N,0.5104364156723022
01924_Y_E_N_C8,26,258,4.303999900817871,0.5353372693061829,1,0,N,0.49729013442993164
01924_Y_E_N_C8,28,264,4.4039998054504395,0.4220295548439026,0,0,N,0.48471513390541077
01924_Y_E_N_C8,30,270,4.505000114440918,0.39022138714790344,0,0,N,0.46861785650253296
01924_Y_E_N_C8,32,276,4.605000019073486,0.4031611382961273,0,0,N,0.4525695741176605
01924_Y_E_N_C8,34,282,4.704999923706055,0.41254669427871704,0,0,N,0.43819358944892883
01924_Y_E_N_C8,36,288,4.804999828338623,0.38301268219947815,0,0,N,0.42832672595977783
01924_Y_E_N_C8,38,294,4.90500020980835,0.3507117033004761,0,0,N,0.4294136166572571
01924_Y_E_N_C8,40,300,5.005000114440918,0.33893921971321106,0,0,N,0.43266329169273376
01924_Y_E_N_C8,42,306,5.105000019073486,0.30339428782463074,0,0,N,0.43259602785110474
01924_Y_E_N_C8,44,312,5.204999923706055,0.28237470984458923,0,0,N,0.43057483434677124
01924_Y_E_N_C8,46,318,5.304999828338623,0.28557124733924866,0,0,N,0.4267641603946686
01924_Y_E_N_C8,48,324,5.40500020980835,0.25916391611099243,0,0,N,0.4214058816432953
01924_Y_E_N_C8,50,330,5.50600004196167,0.25723764300346375,0,0,N,0.4142126441001892
01924_Y_E_N_C8,52,336,5.605999946594238,0.2747402489185333,0,0,N,0.40646734833717346
01924_Y_E_N_C8,54,342,5.705999851226807,0.22824567556381226,0,0,N,0.40501487255096436
01924_Y_E_N_C8,56,348,5.806000232696533,0.22740641236305237,0,0,N,0.40866249799728394
01924_Y_E_N_C8,58,354,5.906000137329102,0.20380090177059174,0,0,N,0.4178411662578583
01924_Y_E_N_C8,60,360,6.00600004196167,0.16144049167633057,0,0,N,0.42936503887176514
01924_Y_E_N_C8,62,366,6.105999946594238,0.13608968257904053,0,0,N,0.4429141581058502
01924_Y_E_N_C8,64,372,6.205999851226807,0.13585466146469116,0,0,N,0.4544193744659424
01924_Y_E_N_C8,66,378,6.306000232696533,0.14363498985767365,0,0,N,0.46557125449180603
01924_Y_E_N_C8,68,384,6.406000137329102,0.13151288032531738,0,0,N,0.47542792558670044
01924_Y_E_N_C8,70,390,6.50600004196167,0.1294785737991333,0,0,N,0.4846203327178955
01924_Y_E_N_C8,72,396,6.60699987411499,0.11918867379426956,0,0,N,0.49154460430145264
01924_Y_E_N_C8,74,402,6.706999778747559,0.12094990909099579,0,0,N,0.4941445589065552
01924_Y_E_N_C8,76,408,6.807000160217285,0.11838448792695999,0,0,N,0.49763649702072144
01924_Y_E_N_C8,78,414,6.9070000648498535,0.1094701886177063,0,0,N,0.4991062581539154
01924_Y_E_N_C8,80,420,7.006999969482422,0.09236609190702438,0,0,N,0.5053411722183228
01946_Y_A_N_C7,0,180,3.003000020980835,0.3315087556838989,0,0,N,0.5372626185417175
01946_Y_A_N_C7,2,186,3.1029999256134033,0.37215083837509155,0,0,N,0.541786253452301
01946_Y_A_N_C7,4,192,3.203000068664551,0.4235306680202484,0,0,N,0.5477110147476196
01946_Y_A_N_C7,6,198,3.302999973297119,0.5191894769668579,0,0,N,0.553057074546814
01946_Y_A_N_C7,8,204,3.4030001163482666,0.5625752806663513,1,0,N,0.5560765862464905
01946_Y_A_N_C7,10,210,3.503999948501587,0.5939105749130249,1,0,N,0.5605783462524414
01946_Y_A_N_C7,12,216,3.6040000915527344,0.6838265061378479,1,0,N,0.57005774974823
01946_Y_A_N_C7,14,222,3.7039999961853027,0.7586011290550232,1,0,N,0.5751413106918335
01946_Y_A_N_C7,16,228,3.803999900817871,0.7652189135551453,1,0,N,0.5782109498977661
01946_Y_A_N_C7,18,234,3.9040000438690186,0.7677716612815857,1,0,N,0.5797988176345825
01946_Y_A_N_C7,20,240,4.004000186920166,0.8086507320404053,1,0,N,0.5744064450263977
01946_Y_A_N_C7,22,246,4.104000091552734,0.7241756319999695,1,0,N,0.5620359778404236
01946_Y_A_N_C7,24,252,4.203999996185303,0.5722280740737915,1,0,N,0.5543162226676941
01946_Y_A_N_C7,26,258,4.303999900817871,0.4287143647670746,0,0,N,0.5484891533851624
01946_Y_A_N_C7,28,264,4.4039998054504395,0.279262512922287,0,0,N,0.5434355735778809
01946_Y_A_N_C7,30,270,4.505000114440918,0.2121507078409195,0,0,N,0.5330765843391418
01946_Y_A_N_C7,32,276,4.605000019073486,0.1771206259727478,0,0,N,0.5243771076202393
01946_Y_A_N_C7,34,282,4.704999923706055,0.1449587643146515,0,0,N,0.5166075825691223
01946_Y_A_N_C7,36,288,4.804999828338623,0.12513911724090576,0,0,N,0.5078436136245728
01946_Y_A_N_C7,38,294,4.90500020980835,0.11617152392864227,0,0,N,0.49726593494415283
01946_Y_A_N_C7,40,300,5.005000114440918,0.13264645636081696,0,0,N,0.4863600432872772
01946_Y_A_N_C7,42,306,5.105000019073486,0.1468929499387741,0,0,N,0.47498562932014465
01946_Y_A_N_C7,44,312,5.204999923706055,0.15718019008636475,0,0,N,0.46326136589050293
01946_Y_A_N_C7,46,318,5.304999828338623,0.14645113050937653,0,0,N,0.4495399594306946
01946_Y_A_N_C7,48,324,5.40500020980835,0.14535202085971832,0,0,N,0.4409463703632355
01946_Y_A_N_C7,50,330,5.50600004196167,0.1525624841451645,0,0,N,0.4308837354183197
01946_Y_A_N_C7,52,336,5.605999946594238,0.1624494343996048,0,0,N,0.41915640234947205
01946_Y_A_N_C7,54,342,5.705999851226807,0.12389979511499405,0,0,N,0.4109191596508026
01946_Y_A_N_C7,56,348,5.806000232696533,0.09703481942415237,0,0,N,0.40021583437919617
01946_Y_A_N_C7,58,354,5.906000137329102,0.0880269929766655,0,0,N,0.39067542552948
01946_Y_A_N_C7,60,360,6.00600004196167,0.078880675137043,0,0,N,0.38442298769950867
01946_Y_A_N_C7,62,366,6.105999946594238,0.07844110578298569,0,0,N,0.38155990839004517
01946_Y_A_N_C7,64,372,6.205999851226807,0.07881797105073929,0,0,N,0.37750524282455444
01946_Y_A_N_C7,66,378,6.306000232696533,0.08165882527828217,0,0,N,0.3742769956588745
01946_Y_A_N_C7,68,384,6.406000137329102,0.0969456285238266,0,0,N,0.3740811347961426
01946_Y_A_N_C7,70,390,6.50600004196167,0.10699471831321716,0,0,N,0.37735503911972046
01946_Y_A_N_C7,72,396,6.60699987411499,0.11358223110437393,0,0,N,0.3812093138694763
01946_Y_A_N_C7,74,402,6.706999778747559,0.10442695766687393,0,0,N,0.3865809440612793
01946_Y_A_N_C7,76,408,6.807000160217285,0.10052239149808884,0,0,N,0.3921886086463928
01946_Y_A_N_C7,78,414,6.9070000648498535,0.10164304822683334,0,0,N,0.4008067548274994
01946_Y_A_N_C7,80,420,7.006999969482422,0.10997823625802994,0,0,N,0.4127843976020813
02057_H_A_N_C7,0,180,3.003000020980835,0.5090068578720093,0,0,N,0.4249908924102783
02057_H_A_N_C7,2,186,3.1029999256134033,0.672082781791687,1,0,N,0.48953166604042053
02057_H_A_N_C7,4,192,3.203000068664551,0.655616283416748,1,0,N,0.4417703449726105
02057_H_A_N_C7,6,198,3.302999973297119,0.6361713409423828,1,0,N,0.39016473293304443
02057_H_A_N_C7,8,204,3.4030001163482666,0.5722918510437012,1,0,N,0.3709827959537506
02057_H_A_N_C7,10,210,3.503999948501587,0.5574035048484802,1,0,N,0.353715181350708
02057_H_A_N_C7,12,216,3.6040000915527344,0.5587326884269714,1,0,N,0.3420123755931854
02057_H_A_N_C7,14,222,3.7039999961853027,0.5819240212440491,1,0,N,0.3334770202636719
02057_H_A_N_C7,16,228,3.803999900817871,0.6036784052848816,1,0,N,0.325499027967453
02057_H_A_N_C7,18,234,3.9040000438690186,0.5760591626167297,1,0,N,0.31596019864082336
02057_H_A_N_C7,20,240,4.004000186920166,0.5546385645866394,1,0,N,0.3076910078525543
02057_H_A_N_C7,22,246,4.104000091552734,0.5573242902755737,1,0,N,0.29352912306785583
02057_H_A_N_C7,24,252,4.203999996185303,0.572572648525238,1,0,N,0.2872433662414551
02057_H_A_N_C7,26,258,4.303999900817871,0.5862377882003784,1,0,N,0.28135570883750916
02057_H_A_N_C7,28,264,4.4039998054504395,0.5068525075912476,0,0,N,0.2717299163341522
02057_H_A_N_C7,30,270,4.505000114440918,0.4944978654384613,0,0,N,0.26239994168281555
02057_H_A_N_C7,32,276,4.605000019073486,0.537340521812439,1,0,N,0.25238606333732605
02057_H_A_N_C7,34,282,4.704999923706055,0.5447229146957397,1,0,N,0.24229171872138977
02057_H_A_N_C7,36,288,4.804999828338623,0.5239480137825012,0,0,N,0.23104184865951538
02057_H_A_N_C7,38,294,4.90500020980835,0.606511116027832,1,0,N,0.22332662343978882
02057_H_A_N_C7,40,300,5.005000114440918,0.5012966394424438,0,0,N,0.18314851820468903
02057_H_A_N_C7,42,306,5.105000019073486,0.489250510931015,0,0,N,0.10824140161275864
02057_H_A_N_C7,44,312,5.204999923706055,0.4842895567417145,0,0,N,0.14793069660663605
02057_H_A_N_C7,46,318,5.304999828338623,0.4403836727142334,0,0,N,0.1758921891450882
02057_H_A_N_C7,48,324,5.40500020980835,0.36886969208717346,0,0,N,0.10993596911430359
02057_H_A_N_C7,50,330,5.50600004196167,0.33374014496803284,0,0,N,0.11553556472063065
02057_H_A_N_C7,52,336,5.605999946594238,0.2940686345100403,0,0,N,0.18102142214775085
02057_H_A_N_C7,54,342,5.705999851226807,0.27374890446662903,0,0,N,0.2038877010345459
02057_H_A_N_C7,56,348,5.806000232696533,0.2777568995952606,0,0,N,0.21282950043678284
02057_H_A_N_C7,58,354,5.906000137329102,0.25327926874160767,0,0,N,0.2214430719614029
02057_H_A_N_C7,60,360,6.00600004196167,0.20919358730316162,0,0,N,0.22798623144626617
02057_H_A_N_C7,62,366,6.105999946594238,0.17776720225811005,0,0,N,0.2394578456878662
02057_H_A_N_C7,64,372,6.205999851226807,0.14869935810565948,0,0,N,0.2426915317773819
02057_H_A_N_C7,66,378,6.306000232696533,0.1106901690363884,0,0,N,0.24424029886722565
02057_H_A_N_C7,68,384,6.406000137329102,0.09324981272220612,0,0,N,0.2480124533176422
02057_H_A_N_C7,70,390,6.50600004196167,0.08610311895608902,0,0,N,0.24846503138542175
02057_H_A_N_C7,72,396,6.60699987411499,0.08946516364812851,0,0,N,0.24898570775985718
02057_H_A_N_C7,74,402,6.706999778747559,0.09741806983947754,0,0,N,0.25298216938972473
02057_H_A_N_C7,76,408,6.807000160217285,0.11137832701206207,0,0,N,0.2575928866863251
02057_H_A_N_C7,78,414,6.9070000648498535,0.10404818505048752,0,0,N,0.2608717978000641
02057_H_A_N_C7,80,420,7.006999969482422,0.09531424194574356,0,0,N,0.2646341025829315
02185_H_A_N_C6,0,180,3.003000020980835,0.3169037699699402,0,0,N,0.35081133246421814
02185_H_A_N_C6,2,186,3.1029999256134033,0.2780945599079132,0,0,N,0.3512036204338074
02185_H_A_N_C6,4,192,3.203000068664551,0.25365012884140015,0,0,N,0.3483477830886841
02185_H_A_N_C6,6,198,3.302999973297119,0.24779535830020905,0,0,N,0.34743234515190125
02185_H_A_N_C6,8,204,3.4030001163482666,0.2625865340232849,0,0,N,0.3323240578174591
02185_H_A_N_C6,10,210,3.503999948501587,0.3695569932460785,0,0,N,0.30624401569366455
02185_H_A_N_C6,12,216,3.6040000915527344,0.33180710673332214,0,0,N,0.30611833930015564
02185_H_A_N_C6,14,222,3.7039999961853027,0.3427659869194031,0,0,N,0.3272886276245117
02185_H_A_N_C6,16,228,3.803999900817871,0.3912346661090851,0,0,N,0.3324219882488251
02185_H_A_N_C6,18,234,3.9040000438690186,0.42511871457099915,0,0,N,0.3283807337284088
02185_H_A_N_C6,20,240,4.004000186920166,0.47173139452934265,0,0,N,0.3405478298664093
02185_H_A_N_C6,22,246,4.104000091552734,0.501244068145752,0,0,N,0.3562318682670593
02185_H_A_N_C6,24,252,4.203999996185303,0.5093291997909546,0,0,N,0.3435854911804199
02185_H_A_N_C6,26,258,4.303999900817871,0.5220503807067871,0,0,N,0.3294823467731476
02185_H_A_N_C6,28,264,4.4039998054504395,0.5892783403396606,1,0,N,0.3202035129070282
02185_H_A_N_C6,30,270,4.505000114440918,0.6414921879768372,1,0,N,0.3075161874294281
02185_H_A_N_C6,32,276,4.605000019073486,0.6751887202262878,1,0,N,0.32941901683807373
02185_H_A_N_C6,34,282,4.704999923706055,0.656679630279541,1,0,N,0.3147006034851074
02185_H_A_N_C6,36,288,4.804999828338623,0.7282755970954895,1,0,N,0.3051859736442566
02185_H_A_N_C6,38,294,4.90500020980835,0.6603744626045227,1,0,N,0.29443472623825073
02185_H_A_N_C6,40,300,5.005000114440918,0.6840640902519226,1,0,N,0.29472944140434265
02185_H_A_N_C6,42,306,5.105000019073486,0.7253842949867249,1,0,N,0.2987581789493561
02185_H_A_N_C6,44,312,5.204999923706055,0.5535120964050293,1,0,N,0.30008596181869507
02185_H_A_N_C6,46,318,5.304999828338623,0.4885505139827728,0,0,N,0.3022625744342804
02185_H_A_N_C6,48,324,5.40500020980835,0.4403734505176544,0,0,N,0.3182024359703064
02185_H_A_N_C6,50,330,5.50600004196167,0.39415958523750305,0,0,N,0.34609225392341614
02185_H_A_N_C6,52,336,5.605999946594238,0.32702216506004333,0,0,N,0.34717121720314026
02185_H_A_N_C6,54,342,5.705999851226807,0.3480941355228424,0,0,N,0.31832006573677063
02185_H_A_N_C6,56,348,5.806000232696533,0.30362236499786377,0,0,N,0.3125755190849304
02185_H_A_N_C6,58,354,5.906000137329102,0.26984068751335144,0,0,N,0.3142906129360199
02185_H_A_N_C6,60,360,6.00600004196167,0.2686181366443634,0,0,N,0.2995477318763733
02185_H_A_N_C6,62,366,6.105999946594238,0.29932016134262085,0,0,N,0.2820361852645874
02185_H_A_N_C6,64,372,6.205999851226807,0.2899894118309021,0,0,N,0.29302337765693665
02185_H_A_N_C6,66,378,6.306000232696533,0.2829899191856384,0,0,N,0.2986261546611786
02185_H_A_N_C6,68,384,6.406000137329102,0.27901798486709595,0,0,N,0.30080685019493103
02185_H_A_N_C6,70,390,6.50600004196167,0.2960827648639679,0,0,N,0.30830979347229004
02185_H_A_N_C6,72,396,6.60699987411499,0.2920287847518921,0,0,N,0.2810208201408386
02185_H_A_N_C6,74,402,6.706999778747559,0.27772361040115356,0,0,N,0.2934497892856598
02185_H_A_N_C6,76,408,6.807000160217285,0.27797645330429077,0,0,N,0.29512208700180054
02185_H_A_N_C6,78,414,6.9070000648498535,0.2836835980415344,0,0,N,0.3036283850669861
02185_H_A_N_C6,80,420,7.006999969482422,0.27860158681869507,0,0,N,0.2991780638694763
02193_H_A_N_C7,0,180,3.003000020980835,0.1769724190235138,0,0,N,0.5529988408088684
02193_H_A_N_C7,2,186,3.1029999256134033,0.17981909215450287,0,0,N,0.5520372986793518
02193_H_A_N_C7,4,192,3.203000068664551,0.19129414856433868,0,0,N,0.5525350570678711
02193_H_A_N_C7,6,198,3.302999973297119,0.2053530365228653,0,0,N,0.5588089227676392
02193_H_A_N_C7,8,204,3.4030001163482666,0.2787299156188965,0,0,N,0.5594028234481812
02193_H_A_N_C7,10,210,3.503999948501587,0.3965243399143219,0,0,N,0.5519853234291077
02193_H_A_N_C7,12,216,3.6040000915527344,0.4904199242591858,0,0,N,0.5430456399917603
02193_H_A_N_C7,14,222,3.7039999961853027,0.5796888470649719,1,0,N,0.5285389423370361
02193_H_A_N_C7,16,228,3.803999900817871,0.7704041004180908,1,0,N,0.5156082510948181
02193_H_A_N_C7,18,234,3.9040000438690186,0.8751729726791382,1,0,N,0.5023055672645569
02193_H_A_N_C7,20,240,4.004000186920166,0.8383997082710266,1,0,N,0.48761647939682007
02193_H_A_N_C7,22,246,4.104000091552734,0.5482820272445679,1,0,N,0.47411057353019714
02193_H_A_N_C7,24,252,4.203999996185303,0.4892359673976898,0,0,N,0.4577499330043793
02193_H_A_N_C7,26,258,4.303999900817871,0.46053048968315125,0,0,N,0.44385266304016113
02193_H_A_N_C7,28,264,4.4039998054504395,0.40272656083106995,0,0,N,0.4341914653778076
02193_H_A_N_C7,30,270,4.505000114440918,0.27634984254837036,0,0,N,0.4287896752357483
02193_H_A_N_C7,32,276,4.605000019073486,0.22966636717319489,0,0,N,0.43049323558807373
02193_H_A_N_C7,34,282,4.704999923706055,0.20772382616996765,0,0,N,0.4300449788570404
02193_H_A_N_C7,36,288,4.804999828338623,0.18845877051353455,0,0,N,0.4279039204120636
02193_H_A_N_C7,38,294,4.90500020980835,0.17135943472385406,0,0,N,0.42406684160232544
02193_H_A_N_C7,40,300,5.005000114440918,0.1527276337146759,0,0,N,0.4165060222148895
02193_H_A_N_C7,42,306,5.105000019073486,0.1409243941307068,0,0,N,0.4086727499961853
02193_H_A_N_C7,44,312,5.204999923706055,0.12929674983024597,0,0,N,0.4013236165046692
02193_H_A_N_C7,46,318,5.304999828338623,0.12883856892585754,0,0,N,0.39314109086990356
02193_H_A_N_C7,48,324,5.40500020980835,0.12609711289405823,0,0,N,0.39307701587677
02193_H_A_N_C7,50,330,5.50600004196167,0.1264672875404358,0,0,N,0.40289217233657837
02193_H_A_N_C7,52,336,5.605999946594238,0.11898806691169739,0,0,N,0.4147486090660095
02193_H_A_N_C7,54,342,5.705999851226807,0.11775507032871246,0,0,N,0.4284901022911072
02193_H_A_N_C7,56,348,5.806000232696533,0.13177649676799774,0,0,N,0.43909916281700134
02193_H_A_N_C7,58,354,5.906000137329102,0.1378002017736435,0,0,N,0.44845935702323914
02193_H_A_N_C7,60,360,6.00600004196167,0.15411131083965302,0,0,N,0.45593202114105225
02193_H_A_N_C7,62,366,6.105999946594238,0.16575098037719727,0,0,N,0.46004748344421387
02193_H_A_N_C7,64,372,6.205999851226807,0.17945381999015808,0,0,N,0.45769473910331726
02193_H_A_N_C7,66,378,6.306000232696533,0.1740436553955078,0,0,N,0.45187827944755554
02193_H_A_N_C7,68,384,6.406000137329102,0.1677083522081375,0,0,N,0.4440069794654846
02193_H_A_N_C7,70,390,6.50600004196167,0.17725081741809845,0,0,N,0.4358757734298706
02193_H_A_N_C7,72,396,6.60699987411499,0.1981838047504425,0,0,N,0.4244421124458313
02193_H_A_N_C7,74,402,6.706999778747559,0.20270490646362305,0,0,N,0.41484424471855164
02193_H_A_N_C7,76,408,6.807000160217285,0.201595276594162,0,0,N,0.4106443524360657
02193_H_A_N_C7,78,414,6.9070000648498535,0.1850081831216812,0,0,N,0.4112219214439392
02193_H_A_N_C7,80,420,7.006999969482422,0.20029936730861664,0,0,N,0.4139443635940552
02266_H_A_N_C6,0,180,3.003000020980835,0.12136555463075638,0,0,N,0.4499117434024811
02266_H_A_N_C6,2,186,3.1029999256134033,0.11991111934185028,0,0,N,0.43809688091278076
02266_H_A_N_C6,4,192,3.203000068664551,0.12156036496162415,0,0,N,0.4256213307380676
02266_H_A_N_C6,6,198,3.302999973297119,0.13043718039989471,0,0,N,0.4220605492591858
02266_H_A_N_C6,8,204,3.4030001163482666,0.15209369361400604,0,0,N,0.41631951928138733
02266_H_A_N_C6,10,210,3.503999948501587,0.19917264580726624,0,0,N,0.41205665469169617
02266_H_A_N_C6,12,216,3.6040000915527344,0.2833496630191803,0,0,N,0.41000860929489136
02266_H_A_N_C6,14,222,3.7039999961853027,0.2722681760787964,0,0,N,0.408234179019928
02266_H_A_N_C6,16,228,3.803999900817871,0.3233385682106018,0,0,N,0.4052374064922333
02266_H_A_N_C6,18,234,3.9040000438690186,0.39475464820861816,0,0,N,0.4001557528972626
02266_H_A_N_C6,20,240,4.004000186920166,0.4119100868701935,0,0,N,0.3950141966342926
02266_H_A_N_C6,22,246,4.104000091552734,0.6148906946182251,1,0,N,0.3873897194862366
02266_H_A_N_C6,24,252,4.203999996185303,0.7349730730056763,1,0,N,0.3827192485332489
02266_H_A_N_C6,26,258,4.303999900817871,0.8451452851295471,1,0,N,0.3771025836467743
02266_H_A_N_C6,28,264,4.4039998054504395,0.891103982925415,1,0,N,0.37049543857574463
02266_H_A_N_C6,30,270,4.505000114440918,0.7723678350448608,1,0,N,0.36629605293273926
02266_H_A_N_C6,32,276,4.605000019073486,0.6963219046592712,1,0,N,0.36084383726119995
02266_H_A_N_C6,34,282,4.704999923706055,0.5393027067184448,1,0,N,0.35420262813568115
02266_H_A_N_C6,36,288,4.804999828338623,0.3734833598136902,0,0,N,0.3540128171443939
02266_H_A_N_C6,38,294,4.90500020980835,0.3524656891822815,0,0,N,0.3593731224536896
02266_H_A_N_C6,40,300,5.005000114440918,0.3334384262561798,0,0,N,0.3650391399860382
02266_H_A_N_C6,42,306,5.105000019073486,0.2909819185733795,0,0,N,0.37028777599334717
02266_H_A_N_C6,44,312,5.204999923706055,0.24719353020191193,0,0,N,0.373460978269577
02266_H_A_N_C6,46,318,5.304999828338623,0.2303125560283661,0,0,N,0.3721839487552643
02266_H_A_N_C6,48,324,5.40500020980835,0.18583233654499054,0,0,N,0.37002360820770264
02266_H_A_N_C6,50,330,5.50600004196167,0.19469667971134186,0,0,N,0.36841168999671936
02266_H_A_N_C6,52,336,5.605999946594238,0.18110857903957367,0,0,N,0.3683922588825226
02266_H_A_N_C6,54,342,5.705999851226807,0.17230485379695892,0,0,N,0.3691534996032715
02266_H_A_N_C6,56,348,5.806000232696533,0.16750814020633698,0,0,N,0.3716992735862732
02266_H_A_N_C6,58,354,5.906000137329102,0.14941668510437012,0,0,N,0.3743833899497986
02266_H_A_N_C6,60,360,6.00600004196167,0.1461840718984604,0,0,N,0.3766133189201355
02266_H_A_N_C6,62,366,6.105999946594238,0.10955385118722916,0,0,N,0.37984177470207214
02266_H_A_N_C6,64,372,6.205999851226807,0.10534748435020447,0,0,N,0.3817159831523895
02266_H_A_N_C6,66,378,6.306000232696533,0.10111817717552185,0,0,N,0.38393041491508484
02266_H_A_N_C6,68,384,6.406000137329102,0.11105357855558395,0,0,N,0.3869713544845581
02266_H_A_N_C6,70,390,6.50600004196167,0.11841282248497009,0,0,N,0.3914194703102112
02266_H_A_N_C6,72,396,6.60699987411499,0.12269530445337296,0,0,N,0.395449161529541
02266_H_A_N_C6,74,402,6.706999778747559,0.12126578390598297,0,0,N,0.39686545729637146
02266_H_A_N_C6,76,408,6.807000160217285,0.12038713693618774,0,0,N,0.39916637539863586
02266_H_A_N_C6,78,414,6.9070000648498535,0.1212436780333519,0,0,N,0.40337860584259033
02266_H_A_N_C6,80,420,7.006999969482422,0.11797225475311279,0,0,N,0.4085533022880554
02274_H_A_N_C5,0,180,3.003000020980835,0.8011189699172974,1,0,N,0.3375101387500763
02274_H_A_N_C5,2,186,3.1029999256134033,0.8074095845222473,1,0,N,0.3355746269226074
02274_H_A_N_C5,4,192,3.203000068664551,0.7337262630462646,1,0,N,0.33477503061294556
02274_H_A_N_C5,6,198,3.302999973297119,0.6777116656303406,1,0,N,0.3351348340511322
02274_H_A_N_C5,8,204,3.4030001163482666,0.6509371399879456,1,0,N,0.33542606234550476
02274_H_A_N_C5,10,210,3.503999948501587,0.6325711607933044,1,0,N,0.33499404788017273
02274_H_A_N_C5,12,216,3.6040000915527344,0.6153085231781006,1,0,N,0.3330632448196411
02274_H_A_N_C5,14,222,3.7039999961853027,0.6024388670921326,1,0,N,0.330629825592041
02274_H_A_N_C5,16,228,3.803999900817871,0.5939257740974426,1,0,N,0.3296225368976593
02274_H_A_N_C5,18,234,3.9040000438690186,0.5835349559783936,1,0,N,0.3277466595172882
02274_H_A_N_C5,20,240,4.004000186920166,0.5695204734802246,1,0,N,0.3286212384700775
02274_H_A_N_C5,22,246,4.104000091552734,0.5628584623336792,1,0,N,0.32757851481437683
02274_H_A_N_C5,24,252,4.203999996185303,0.5674995183944702,1,0,N,0.3284027576446533
02274_H_A_N_C5,26,258,4.303999900817871,0.5523285865783691,1,0,N,0.33187833428382874
02274_H_A_N_C5,28,264,4.4039998054504395,0.527305543422699,1,0,N,0.3369504511356354
02274_H_A_N_C5,30,270,4.505000114440918,0.49409231543540955,0,0,N,0.3622751533985138
02274_H_A_N_C5,32,276,4.605000019073486,0.5156248807907104,0,0,N,0.39002659916877747
02274_H_A_N_C5,34,282,4.704999923706055,0.6531834602355957,1,0,N,0.3980642557144165
02274_H_A_N_C5,36,288,4.804999828338623,0.5832388401031494,1,0,N,0.38262930512428284
02274_H_A_N_C5,38,294,4.90500020980835,0.48855841159820557,0,0,N,0.36772164702415466
02274_H_A_N_C5,40,300,5.005000114440918,0.3766877353191376,0,0,N,0.36032187938690186
02274_H_A_N_C5,42,306,5.105000019073486,0.33139151334762573,0,0,N,0.3566882312297821
02274_H_A_N_C5,44,312,5.204999923706055,0.3121500313282013,0,0,N,0.35358095169067383
02274_H_A_N_C5,46,318,5.304999828338623,0.3045543432235718,0,0,N,0.35372263193130493
02274_H_A_N_C5,48,324,5.40500020980835,0.2997080981731415,0,0,N,0.35476425290107727
02274_H_A_N_C5,50,330,5.50600004196167,0.2984873354434967,0,0,N,0.35510221123695374
02274_H_A_N_C5,52,336,5.605999946594238,0.30053627490997314,0,0,N,0.35616523027420044
02274_H_A_N_C5,54,342,5.705999851226807,0.305471271276474,0,0,N,0.3568301796913147
02274_H_A_N_C5,56,348,5.806000232696533,0.3054693937301636,0,0,N,0.35773590207099915
02274_H_A_N_C5,58,354,5.906000137329102,0.3070511221885681,0,0,N,0.35968372225761414
02274_H_A_N_C5,60,360,6.00600004196167,0.3035402297973633,0,0,N,0.35904595255851746
02274_H_A_N_C5,62,366,6.105999946594238,0.30535176396369934,0,0,N,0.3592628836631775
02274_H_A_N_C5,64,372,6.205999851226807,0.30363526940345764,0,0,N,0.3573742210865021
02274_H_A_N_C5,66,378,6.306000232696533,0.30473431944847107,0,0,N,0.35665223002433777
02274_H_A_N_C5,68,384,6.406000137329102,0.3014110028743744,0,0,N,0.3554551303386688
02274_H_A_N_C5,70,390,6.50600004196167,0.3026219606399536,0,0,N,0.3549779951572418
02274_H_A_N_C5,72,396,6.60699987411499,0.3083552122116089,0,0,N,0.35418298840522766
02274_H_A_N_C5,74,402,6.706999778747559,0.3065653145313263,0,0,N,0.3530457317829132
02274_H_A_N_C5,76,408,6.807000160217285,0.30809223651885986,0,0,N,0.35277077555656433
02274_H_A_N_C5,78,414,6.9070000648498535,0.3054344356060028,0,0,N,0.35027629137039185
02274_H_A_N_C5,80,420,7.006999969482422,0.3044848144054413,0,0,N,0.3502245545387268
02293_H_A_N_C8,0,180,3.003000020980835,0.26282039284706116,0,0,N,0.49743491411209106
02293_H_A_N_C8,2,186,3.1029999256134033,0.36021944880485535,0,0,N,0.4982883036136627
02293_H_A_N_C8,4,192,3.203000068664551,0.3841036558151245,0,0,N,0.49122169613838196
02293_H_A_N_C8,6,198,3.302999973297119,0.4111654758453369,0,0,N,0.4802343249320984
02293_H_A_N_C8,8,204,3.4030001163482666,0.4925827085971832,0,0,N,0.47211819887161255
02293_H_A_N_C8,10,210,3.503999948501587,0.5075339674949646,0,0,N,0.46153390407562256
02293_H_A_N_C8,12,216,3.6040000915527344,0.48502591252326965,0,0,N,0.45154377818107605
02293_H_A_N_C8,14,222,3.7039999961853027,0.3878311514854431,0,0,N,0.4432868957519531
02293_H_A_N_C8,16,228,3.803999900817871,0.5004536509513855,0,0,N,0.4185597598552704
02293_H_A_N_C8,18,234,3.9040000438690186,0.6616671085357666,1,0,N,0.4077663719654083
02293_H_A_N_C8,20,240,4.004000186920166,0.8099833726882935,1,0,N,0.4364836812019348
02293_H_A_N_C8,22,246,4.104000091552734,0.8307622671127319,1,0,N,0.41283172369003296
02293_H_A_N_C8,24,252,4.203999996185303,0.8205433487892151,1,0,N,0.357565313577652
02293_H_A_N_C8,26,258,4.303999900817871,0.8233211636543274,1,0,N,0.33066993951797485
02293_H_A_N_C8,28,264,4.4039998054504395,0.9134060740470886,1,0,N,0.36672329902648926
02293_H_A_N_C8,30,270,4.505000114440918,0.921643853187561,1,0,N,0.3367694914340973
02293_H_A_N_C8,32,276,4.605000019073486,0.9263002872467041,1,0,N,0.34047019481658936
02293_H_A_N_C8,34,282,4.704999923706055,0.9231811165809631,1,0,N,0.33421415090560913
02293_H_A_N_C8,36,288,4.804999828338623,0.9214408993721008,1,0,N,0.333109050989151
02293_H_A_N_C8,38,294,4.90500020980835,0.9133780002593994,1,0,N,0.328884094953537
02293_H_A_N_C8,40,300,5.005000114440918,0.9057743549346924,1,0,N,0.32095929980278015
02293_H_A_N_C8,42,306,5.105000019073486,0.9076710939407349,1,0,N,0.3142632246017456
02293_H_A_N_C8,44,312,5.204999923706055,0.9124654531478882,1,0,N,0.31181010603904724
02293_H_A_N_C8,46,318,5.304999828338623,0.9124312400817871,1,0,N,0.3132416307926178
02293_H_A_N_C8,48,324,5.40500020980835,0.9022379517555237,1,0,N,0.3141326904296875
02293_H_A_N_C8,50,330,5.50600004196167,0.8792998194694519,1,0,N,0.3146132230758667
02293_H_A_N_C8,52,336,5.605999946594238,0.8543453812599182,1,0,N,0.316471129655838
02293_H_A_N_C8,54,342,5.705999851226807,0.792463481426239,1,0,N,0.31236565113067627
02293_H_A_N_C8,56,348,5.806000232696533,0.7703765034675598,1,0,N,0.32406875491142273
02293_H_A_N_C8,58,354,5.906000137329102,0.7767466306686401,1,0,N,0.3203820586204529
02293_H_A_N_C8,60,360,6.00600004196167,0.6752398014068604,1,0,N,0.22881367802619934
02293_H_A_N_C8,62,366,6.105999946594238,0.6250042915344238,1,0,N,0.30073902010917664
02293_H_A_N_C8,64,372,6.205999851226807,0.5486621856689453,1,0,N,0.36020761728286743
02293_H_A_N_C8,66,378,6.306000232696533,0.4402695298194885,0,0,N,0.37764793634414673
02293_H_A_N_C8,68,384,6.406000137329102,0.3094537854194641,0,0,N,0.32838356494903564
02293_H_A_N_C8,70,390,6.50600004196167,0.29510051012039185,0,0,N,0.3427622616291046
02293_H_A_N_C8,72,396,6.60699987411499,0.3038649559020996,0,0,N,0.33174577355384827
02293_H_A_N_C8,74,402,6.706999778747559,0.3071442246437073,0,0,N,0.33776023983955383
02293_H_A_N_C8,76,408,6.807000160217285,0.3073994219303131,0,0,N,0.33382508158683777
02293_H_A_N_C8,78,414,6.9070000648498535,0.2875857949256897,0,0,N,0.32541245222091675
02293_H_A_N_C8,80,420,7.006999969482422,0.2786114513874054,0,0,N,0.3205980658531189
02409_H_A_N_C8,0,180,3.0,0.13623347878456116,0,0,N,0.3821394741535187
02409_H_A_N_C8,2,186,3.0999999046325684,0.13970111310482025,0,0,N,0.3639414608478546
02409_H_A_N_C8,4,192,3.200000047683716,0.12961076200008392,0,0,N,0.3452610969543457
02409_H_A_N_C8,6,198,3.299999952316284,0.11164265871047974,0,0,N,0.326229065656662
02409_H_A_N_C8,8,204,3.4000000953674316,0.11501269042491913,0,0,N,0.3064901530742645
02409_H_A_N_C8,10,210,3.5,0.12773780524730682,0,0,N,0.29054883122444153
02409_H_A_N_C8,12,216,3.5999999046325684,0.13200508058071136,0,0,N,0.2807258069515228
02409_H_A_N_C8,14,222,3.700000047683716,0.1318860650062561,0,0,N,0.2831920087337494
02409_H_A_N_C8,16,228,3.799999952316284,0.1384853720664978,0,0,N,0.2924621105194092
02409_H_A_N_C8,18,234,3.9000000953674316,0.14574500918388367,0,0,N,0.30684784054756165
02409_H_A_N_C8,20,240,4.0,0.15715506672859192,0,0,N,0.3211571276187897
02409_H_A_N_C8,22,246,4.099999904632568,0.15559707581996918,0,0,N,0.32189545035362244
02409_H_A_N_C8,24,252,4.199999809265137,0.15953494608402252,0,0,N,0.31542831659317017
02409_H_A_N_C8,26,258,4.300000190734863,0.15657538175582886,0,0,N,0.3183937966823578
02409_H_A_N_C8,28,264,4.400000095367432,0.1594381332397461,0,0,N,0.32378336787223816
02409_H_A_N_C8,30,270,4.5,0.1705825924873352,0,0,N,0.3256233334541321
02409_H_A_N_C8,32,276,4.599999904632568,0.1975870132446289,0,0,N,0.3255341351032257
02409_H_A_N_C8,34,282,4.699999809265137,0.25438451766967773,0,0,N,0.32395419478416443
02409_H_A_N_C8,36,288,4.800000190734863,0.2807348966598511,0,0,N,0.3231104910373688
02409_H_A_N_C8,38,294,4.900000095367432,0.1988617181777954,0,0,N,0.3256208598613739
02409_H_A_N_C8,40,300,5.0,0.19385190308094025,0,0,N,0.3299279808998108
02409_H_A_N_C8,42,306,5.099999904632568,0.22477786242961884,0,0,N,0.33592331409454346
02409_H_A_N_C8,44,312,5.199999809265137,0.19346758723258972,0,0,N,0.3432023525238037
02409_H_A_N_C8,46,318,5.300000190734863,0.20595140755176544,0,0,N,0.34935396909713745
02409_H_A_N_C8,48,324,5.400000095367432,0.1948489248752594,0,0,N,0.35723596811294556
02409_H_A_N_C8,50,330,5.5,0.18577194213867188,0,0,N,0.3636401295661926
02409_H_A_N_C8,52,336,5.599999904632568,0.17142453789710999,0,0,N,0.37022557854652405
02409_H_A_N_C8,54,342,5.699999809265137,0.14338438212871552,0,0,N,0.37571123242378235
02409_H_A_N_C8,56,348,5.800000190734863,0.15086109936237335,0,0,N,0.3797125816345215
02409_H_A_N_C8,58,354,5.900000095367432,0.19367091357707977,0,0,N,0.37656792998313904
02409_H_A_N_C8,60,360,6.0,0.3019522428512573,0,0,N,0.38166970014572144
02409_H_A_N_C8,62,366,6.099999904632568,0.23394674062728882,0,0,N,0.3819146156311035
02409_H_A_N_C8,64,372,6.199999809265137,0.1488611251115799,0,0,N,0.3807362914085388
02409_H_A_N_C8,66,378,6.300000190734863,0.15125535428524017,0,0,N,0.37273871898651123
02409_H_A_N_C8,68,384,6.400000095367432,0.307986319065094,0,0,N,0.36085790395736694
02409_H_A_N_C8,70,390,6.5,0.5286359190940857,1,0,N,0.35507500171661377
02409_H_A_N_C8,72,396,6.599999904632568,0.5515204668045044,1,0,N,0.3495907187461853
02409_H_A_N_C8,74,402,6.699999809265137,0.6563116908073425,1,0,N,0.3459402024745941
02409_H_A_N_C8,76,408,6.800000190734863,0.762033224105835,1,0,N,0.341821551322937
02409_H_A_N_C8,78,414,6.900000095367432,0.8190293908119202,1,0,N,0.334889680147171
02409_H_A_N_C8,80,420,7.0,0.8159418106079102,1,0,N,0.3271806538105011
02413_H_A_N_C8,0,180,3.0,0.9107035398483276,1,0,N,0.372406005859375
02413_H_A_N_C8,2,186,3.0999999046325684,0.9065661430358887,1,0,N,0.377529114484787
02413_H_A_N_C8,4,192,3.200000047683716,0.8723984360694885,1,0,N,0.36828142404556274
02413_H_A_N_C8,6,198,3.299999952316284,0.8329614400863647,1,0,N,0.3596428632736206
02413_H_A_N_C8,8,204,3.4000000953674316,0.8220432996749878,1,0,N,0.343503475189209
02413_H_A_N_C8,10,210,3.5,0.7780933380126953,1,0,N,0.3262956440448761
02413_H_A_N_C8,12,216,3.5999999046325684,0.6286220550537109,1,0,N,0.3130437433719635
02413_H_A_N_C8,14,222,3.700000047683716,0.5432367324829102,1,0,N,0.2966308295726776
02413_H_A_N_C8,16,228,3.799999952316284,0.4631297290325165,0,0,N,0.2810218930244446
02413_H_A_N_C8,18,234,3.9000000953674316,0.4484686851501465,0,0,N,0.2671607434749603
02413_H_A_N_C8,20,240,4.0,0.4411442279815674,0,0,N,0.2585451304912567
02413_H_A_N_C8,22,246,4.099999904632568,0.35314416885375977,0,0,N,0.2536777853965759
02413_H_A_N_C8,24,252,4.199999809265137,0.2722789943218231,0,0,N,0.2438868135213852
02413_H_A_N_C8,26,258,4.300000190734863,0.41969192028045654,0,0,N,0.20041631162166595
02413_H_A_N_C8,28,264,4.400000095367432,0.385933518409729,0,0,N,0.21947553753852844
02413_H_A_N_C8,30,270,4.5,0.35008493065834045,0,0,N,0.2343103140592575
02413_H_A_N_C8,32,276,4.599999904632568,0.2350720316171646,0,0,N,0.2404695749282837
02413_H_A_N_C8,34,282,4.699999809265137,0.1864802986383438,0,0,N,0.2452385425567627
02413_H_A_N_C8,36,288,4.800000190734863,0.17895807325839996,0,0,N,0.2581743597984314
02413_H_A_N_C8,38,294,4.900000095367432,0.11999061703681946,0,0,N,0.292251318693161
02413_H_A_N_C8,40,300,5.0,0.10351282358169556,0,0,N,0.270255446434021
02413_H_A_N_C8,42,306,5.099999904632568,0.10303262621164322,0,0,N,0.24235902726650238
02413_H_A_N_C8,44,312,5.199999809265137,0.12805038690567017,0,0,N,0.2287479192018509
02413_H_A_N_C8,46,318,5.300000190734863,0.17469820380210876,0,0,N,0.22363756597042084
02413_H_A_N_C8,48,324,5.400000095367432,0.19190306961536407,0,0,N,0.2256033569574356
02413_H_A_N_C8,50,330,5.5,0.19853579998016357,0,0,N,0.22943556308746338
02413_H_A_N_C8,52,336,5.599999904632568,0.16971458494663239,0,0,N,0.23470547795295715
02413_H_A_N_C8,54,342,5.699999809265137,0.16282439231872559,0,0,N,0.23831097781658173
02413_H_A_N_C8,56,348,5.800000190734863,0.15264326333999634,0,0,N,0.2420228272676468
02413_H_A_N_C8,58,354,5.900000095367432,0.14169400930404663,0,0,N,0.2453516274690628
02413_H_A_N_C8,60,360,6.0,0.1350185126066208,0,0,N,0.24828357994556427
02413_H_A_N_C8,62,366,6.099999904632568,0.1269821673631668,0,0,N,0.24943342804908752
02413_H_A_N_C8,64,372,6.199999809265137,0.1239018365740776,0,0,N,0.24828921258449554
02413_H_A_N_C8,66,378,6.300000190734863,0.12512192130088806,0,0,N,0.24584530293941498
02413_H_A_N_C8,68,384,6.400000095367432,0.12957966327667236,0,0,N,0.24393557012081146
02413_H_A_N_C8,70,390,6.5,0.1281949132680893,0,0,N,0.2395111322402954
02413_H_A_N_C8,72,396,6.599999904632568,0.12695999443531036,0,0,N,0.23695987462997437
02413_H_A_N_C8,74,402,6.699999809265137,0.11982753872871399,0,0,N,0.23485837876796722
02413_H_A_N_C8,76,408,6.800000190734863,0.11212385445833206,0,0,N,0.2327730357646942
02413_H_A_N_C8,78,414,6.900000095367432,0.12000923603773117,0,0,N,0.23344005644321442
02413_H_A_N_C8,80,420,7.0,0.12916208803653717,0,0,N,0.23632143437862396
02465_H_A_N_C8,0,180,3.0,0.7937107086181641,1,0,N,0.3208656907081604
02465_H_A_N_C8,2,186,3.0999999046325684,0.767358124256134,1,0,N,0.2979055941104889
02465_H_A_N_C8,4,192,3.200000047683716,0.7451390624046326,1,0,N,0.2786811292171478
02465_H_A_N_C8,6,198,3.299999952316284,0.7197578549385071,1,0,N,0.2567286491394043
02465_H_A_N_C8,8,204,3.4000000953674316,0.7008826732635498,1,0,N,0.23194749653339386
02465_H_A_N_C8,10,210,3.5,0.6922483444213867,1,0,N,0.20955237746238708
02465_H_A_N_C8,12,216,3.5999999046325684,0.6630238890647888,1,0,N,0.19626201689243317
02465_H_A_N_C8,14,222,3.700000047683716,0.6552523970603943,1,0,N,0.1909475326538086
02465_H_A_N_C8,16,228,3.799999952316284,0.6282498240470886,1,0,N,0.18943201005458832
02465_H_A_N_C8,18,234,3.9000000953674316,0.58050137758255,1,0,N,0.19077923893928528
02465_H_A_N_C8,20,240,4.0,0.6543048024177551,1,0,N,0.18691328167915344
02465_H_A_N_C8,22,246,4.099999904632568,0.6985798478126526,1,0,N,0.18782004714012146
02465_H_A_N_C8,24,252,4.199999809265137,0.656987190246582,1,0,N,0.19013917446136475
02465_H_A_N_C8,26,258,4.300000190734863,0.5719848275184631,1,0,N,0.22608143091201782
02465_H_A_N_C8,28,264,4.400000095367432,0.4443260729312897,0,0,N,0.3110828101634979
02465_H_A_N_C8,30,270,4.5,0.3596303164958954,0,0,N,0.13252267241477966
02465_H_A_N_C8,32,276,4.599999904632568,0.3614000082015991,0,0,N,0.1423238217830658
02465_H_A_N_C8,34,282,4.699999809265137,0.3870669901371002,0,0,N,0.15563982725143433
02465_H_A_N_C8,36,288,4.800000190734863,0.37286287546157837,0,0,N,0.1669919788837433
02465_H_A_N_C8,38,294,4.900000095367432,0.33409982919692993,0,0,N,0.1733844131231308
02465_H_A_N_C8,40,300,5.0,0.3077859580516815,0,0,N,0.1766103357076645
02465_H_A_N_C8,42,306,5.099999904632568,0.26397043466567993,0,0,N,0.18018776178359985
02465_H_A_N_C8,44,312,5.199999809265137,0.2425374835729599,0,0,N,0.1800871044397354
02465_H_A_N_C8,46,318,5.300000190734863,0.23954014480113983,0,0,N,0.18455232679843903
02465_H_A_N_C8,48,324,5.400000095367432,0.23074699938297272,0,0,N,0.18506121635437012
02465_H_A_N_C8,50,330,5.5,0.184699147939682,0,0,N,0.1806662678718567
02465_H_A_N_C8,52,336,5.599999904632568,0.14909854531288147,0,0,N,0.18535533547401428
02465_H_A_N_C8,54,342,5.699999809265137,0.17621363699436188,0,0,N,0.18902839720249176
02465_H_A_N_C8,56,348,5.800000190734863,0.23321197926998138,0,0,N,0.18502582609653473
02465_H_A_N_C8,58,354,5.900000095367432,0.27708113193511963,0,0,N,0.1841040551662445
02465_H_A_N_C8,60,360,6.0,0.3039058446884155,0,0,N,0.1837809681892395
02465_H_A_N_C8,62,366,6.099999904632568,0.22752846777439117,0,0,N,0.17958375811576843
02465_H_A_N_C8,64,372,6.199999809265137,0.2104114294052124,0,0,N,0.17619119584560394
02465_H_A_N_C8,66,378,6.300000190734863,0.19930526614189148,0,0,N,0.17353305220603943
02465_H_A_N_C8,68,384,6.400000095367432,0.1767720729112625,0,0,N,0.17391332983970642
02465_H_A_N_C8,70,390,6.5,0.20452076196670532,0,0,N,0.17278411984443665
02465_H_A_N_C8,72,396,6.599999904632568,0.20101499557495117,0,0,N,0.1714722067117691
02465_H_A_N_C8,74,402,6.699999809265137,0.16004231572151184,0,0,N,0.1716640740633011
02465_H_A_N_C8,76,408,6.800000190734863,0.21401755511760712,0,0,N,0.1735016107559204
02465_H_A_N_C8,78,414,6.900000095367432,0.24439294636249542,0,0,N,0.17606228590011597
02465_H_A_N_C8,80,420,7.0,0.2407553642988205,0,0,N,0.1795496642589569
02497_H_A_N_C7,0,180,3.0,0.3370664119720459,0,0,N,0.37743520736694336
02497_H_A_N_C7,2,186,3.0999999046325684,0.5945514440536499,1,0,N,0.4392957091331482
02497_H_A_N_C7,4,192,3.200000047683716,0.6077091097831726,1,0,N,0.411467581987381
02497_H_A_N_C7,6,198,3.299999952316284,0.5763763785362244,1,0,N,0.4049743711948395
02497_H_A_N_C7,8,204,3.4000000953674316,0.5701261162757874,1,0,N,0.4022502601146698
02497_H_A_N_C7,10,210,3.5,0.5789515972137451,1,0,N,0.4018750488758087
02497_H_A_N_C7,12,216,3.5999999046325684,0.5844722986221313,1,0,N,0.3970077633857727
02497_H_A_N_C7,14,222,3.700000047683716,0.5830686688423157,1,0,N,0.4221256673336029
02497_H_A_N_C7,16,228,3.799999952316284,0.5809935331344604,1,0,N,0.40046361088752747
02497_H_A_N_C7,18,234,3.9000000953674316,0.6020539402961731,1,0,N,0.37839481234550476
02497_H_A_N_C7,20,240,4.0,0.6396803259849548,1,0,N,0.37984153628349304
02497_H_A_N_C7,22,246,4.099999904632568,0.646766185760498,1,0,N,0.3858799934387207
02497_H_A_N_C7,24,252,4.199999809265137,0.6369451880455017,1,0,N,0.38655975461006165
02497_H_A_N_C7,26,258,4.300000190734863,0.6128328442573547,1,0,N,0.38548532128334045
02497_H_A_N_C7,28,264,4.400000095367432,0.6143554449081421,1,0,N,0.398110955953598
02497_H_A_N_C7,30,270,4.5,0.67585289478302,1,0,N,0.4284888505935669
02497_H_A_N_C7,32,276,4.599999904632568,0.7200811505317688,1,0,N,0.38211551308631897
02497_H_A_N_C7,34,282,4.699999809265137,0.6383414268493652,1,0,N,0.40167728066444397
02497_H_A_N_C7,36,288,4.800000190734863,0.5693780183792114,1,0,N,0.39831170439720154
02497_H_A_N_C7,38,294,4.900000095367432,0.4325205385684967,0,0,N,0.5227002501487732
02497_H_A_N_C7,40,300,5.0,0.5036424398422241,0,0,N,0.40356147289276123
02497_H_A_N_C7,42,306,5.099999904632568,0.4658825397491455,0,0,N,0.3440445065498352
02497_H_A_N_C7,44,312,5.199999809265137,0.42729708552360535,0,0,N,0.37537091970443726
02497_H_A_N_C7,46,318,5.300000190734863,0.4052041172981262,0,0,N,0.3771829307079315
02497_H_A_N_C7,48,324,5.400000095367432,0.3250240087509155,0,0,N,0.37322476506233215
02497_H_A_N_C7,50,330,5.5,0.2550937235355377,0,0,N,0.39152801036834717
02497_H_A_N_C7,52,336,5.599999904632568,0.23997722566127777,0,0,N,0.39014434814453125
02497_H_A_N_C7,54,342,5.699999809265137,0.26528817415237427,0,0,N,0.34428006410598755
02497_H_A_N_C7,56,348,5.800000190734863,0.2688545286655426,0,0,N,0.37720081210136414
02497_H_A_N_C7,58,354,5.900000095367432,0.26352670788764954,0,0,N,0.39173880219459534
02497_H_A_N_C7,60,360,6.0,0.2695102393627167,0,0,N,0.3818252682685852
02497_H_A_N_C7,62,366,6.099999904632568,0.25111714005470276,0,0,N,0.37998059391975403
02497_H_A_N_C7,64,372,6.199999809265137,0.24343250691890717,0,0,N,0.38168638944625854
02497_H_A_N_C7,66,378,6.300000190734863,0.2474709004163742,0,0,N,0.3843937814235687
02497_H_A_N_C7,68,384,6.400000095367432,0.25485342741012573,0,0,N,0.37730908393859863
02497_H_A_N_C7,70,390,6.5,0.2691739797592163,0,0,N,0.3819664418697357
02497_H_A_N_C7,72,396,6.599999904632568,0.2838627099990845,0,0,N,0.3903328776359558
02497_H_A_N_C7,74,402,6.699999809265137,0.27818021178245544,0,0,N,0.3546842932701111
02497_H_A_N_C7,76,408,6.800000190734863,0.2779628336429596,0,0,N,0.38693979382514954
02497_H_A_N_C7,78,414,6.900000095367432,0.27359557151794434,0,0,N,0.39806464314460754
02497_H_A_N_C7,80,420,7.0,0.28248003125190735,0,0,N,0.40974172949790955
02498_H_A_N_C8,0,180,3.0,0.4280029833316803,0,0,N,0.299872487783432
02498_H_A_N_C8,2,186,3.0999999046325684,0.45752277970314026,0,0,N,0.2946649193763733
02498_H_A_N_C8,4,192,3.200000047683716,0.4496762454509735,0,0,N,0.29058587551116943
02498_H_A_N_C8,6,198,3.299999952316284,0.4350309371948242,0,0,N,0.2807156443595886
02498_H_A_N_C8,8,204,3.4000000953674316,0.4292459487915039,0,0,N,0.26738449931144714
02498_H_A_N_C8,10,210,3.5,0.4268568158149719,0,0,N,0.2532421052455902
02498_H_A_N_C8,12,216,3.5999999046325684,0.4388430118560791,0,0,N,0.23885881900787354
02498_H_A_N_C8,14,222,3.700000047683716,0.4619726240634918,0,0,N,0.22335408627986908
02498_H_A_N_C8,16,228,3.799999952316284,0.4826604723930359,0,0,N,0.20801107585430145
02498_H_A_N_C8,18,234,3.9000000953674316,0.49757009744644165,0,0,N,0.19220568239688873
02498_H_A_N_C8,20,240,4.0,0.511674165725708,0,0,N,0.17569977045059204
02498_H_A_N_C8,22,246,4.099999904632568,0.5216166377067566,0,0,N,0.16705401241779327
02498_H_A_N_C8,24,252,4.199999809265137,0.5226696133613586,0,0,N,0.16471892595291138
02498_H_A_N_C8,26,258,4.300000190734863,0.5143508315086365,0,0,N,0.16200295090675354
02498_H_A_N_C8,28,264,4.400000095367432,0.5271621942520142,1,0,N,0.15986086428165436
02498_H_A_N_C8,30,270,4.5,0.5611771941184998,1,0,N,0.15729600191116333
02498_H_A_N_C8,32,276,4.599999904632568,0.5613126754760742,1,0,N,0.15641623735427856
02498_H_A_N_C8,34,282,4.699999809265137,0.5068584680557251,0,0,N,0.16300155222415924
02498_H_A_N_C8,36,288,4.800000190734863,0.4944362938404083,0,0,N,0.17301523685455322
02498_H_A_N_C8,38,294,4.900000095367432,0.4917847216129303,0,0,N,0.17858882248401642
02498_H_A_N_C8,40,300,5.0,0.47513124346733093,0,0,N,0.1712171584367752
02498_H_A_N_C8,42,306,5.099999904632568,0.45369449257850647,0,0,N,0.16646237671375275
02498_H_A_N_C8,44,312,5.199999809265137,0.3842569589614868,0,0,N,0.16176535189151764
02498_H_A_N_C8,46,318,5.300000190734863,0.35708919167518616,0,0,N,0.16032592952251434
02498_H_A_N_C8,48,324,5.400000095367432,0.3461829125881195,0,0,N,0.1593775749206543
02498_H_A_N_C8,50,330,5.5,0.3285333812236786,0,0,N,0.16110435128211975
02498_H_A_N_C8,52,336,5.599999904632568,0.32232919335365295,0,0,N,0.16382193565368652
02498_H_A_N_C8,54,342,5.699999809265137,0.32410815358161926,0,0,N,0.16568416357040405
02498_H_A_N_C8,56,348,5.800000190734863,0.32552066445350647,0,0,N,0.1686280369758606
02498_H_A_N_C8,58,354,5.900000095367432,0.3196592926979065,0,0,N,0.1721521019935608
02498_H_A_N_C8,60,360,6.0,0.3254433572292328,0,0,N,0.1759607195854187
02498_H_A_N_C8,62,366,6.099999904632568,0.333519846200943,0,0,N,0.17555156350135803
02498_H_A_N_C8,64,372,6.199999809265137,0.34492480754852295,0,0,N,0.17222806811332703
02498_H_A_N_C8,66,378,6.300000190734863,0.33283740282058716,0,0,N,0.1714600920677185
02498_H_A_N_C8,68,384,6.400000095367432,0.3331180214881897,0,0,N,0.17221464216709137
02498_H_A_N_C8,70,390,6.5,0.3362128436565399,0,0,N,0.1722160130739212
02498_H_A_N_C8,72,396,6.599999904632568,0.3354046940803528,0,0,N,0.17186221480369568
02498_H_A_N_C8,74,402,6.699999809265137,0.32532474398612976,0,0,N,0.17186446487903595
02498_H_A_N_C8,76,408,6.800000190734863,0.33333468437194824,0,0,N,0.1693011373281479
02498_H_A_N_C8,78,414,6.900000095367432,0.3160952925682068,0,0,N,0.16444167494773865
02498_H_A_N_C8,80,420,7.0,0.3039163053035736,0,0,N,0.16385146975517273
02527_H_A_N_C6,0,180,3.0,0.7108942866325378,1,0,N,0.2988929748535156
02527_H_A_N_C6,2,186,3.0999999046325684,0.7264028191566467,1,0,N,0.29186034202575684
02527_H_A_N_C6,4,192,3.200000047683716,0.7382860779762268,1,0,N,0.2806752324104309
02527_H_A_N_C6,6,198,3.299999952316284,0.7405796647071838,1,0,N,0.2702491879463196
02527_H_A_N_C6,8,204,3.4000000953674316,0.7380537390708923,1,0,N,0.25883400440216064
02527_H_A_N_C6,10,210,3.5,0.7196249961853027,1,0,N,0.24950098991394043
02527_H_A_N_C6,12,216,3.5999999046325684,0.7116255760192871,1,0,N,0.2473854422569275
02527_H_A_N_C6,14,222,3.700000047683716,0.6837878227233887,1,0,N,0.2465507537126541
02527_H_A_N_C6,16,228,3.799999952316284,0.6545282006263733,1,0,N,0.23955290019512177
02527_H_A_N_C6,18,234,3.9000000953674316,0.6419417858123779,1,0,N,0.2593831419944763
02527_H_A_N_C6,20,240,4.0,0.5458022356033325,1,0,N,0.2868565320968628
02527_H_A_N_C6,22,246,4.099999904632568,0.43069902062416077,0,0,N,0.2728690207004547
02527_H_A_N_C6,24,252,4.199999809265137,0.45897507667541504,0,0,N,0.2640628516674042
02527_H_A_N_C6,26,258,4.300000190734863,0.4059845805168152,0,0,N,0.26218387484550476
02527_H_A_N_C6,28,264,4.400000095367432,0.3338095545768738,0,0,N,0.2624760568141937
02527_H_A_N_C6,30,270,4.5,0.33327168226242065,0,0,N,0.2600381076335907
02527_H_A_N_C6,32,276,4.599999904632568,0.3089001178741455,0,0,N,0.27072036266326904
02527_H_A_N_C6,34,282,4.699999809265137,0.29657551646232605,0,0,N,0.2545181214809418
02527_H_A_N_C6,36,288,4.800000190734863,0.2972572445869446,0,0,N,0.2544521391391754
02527_H_A_N_C6,38,294,4.900000095367432,0.3061387240886688,0,0,N,0.24528548121452332
02527_H_A_N_C6,40,300,5.0,0.31279340386390686,0,0,N,0.24557077884674072
02527_H_A_N_C6,42,306,5.099999904632568,0.3081720769405365,0,0,N,0.2505135238170624
02527_H_A_N_C6,44,312,5.199999809265137,0.30929285287857056,0,0,N,0.2524479329586029
02527_H_A_N_C6,46,318,5.300000190734863,0.31339916586875916,0,0,N,0.2551814913749695
02527_H_A_N_C6,48,324,5.400000095367432,0.314980685710907,0,0,N,0.25732389092445374
02527_H_A_N_C6,50,330,5.5,0.3166836202144623,0,0,N,0.25951358675956726
02527_H_A_N_C6,52,336,5.599999904632568,0.292162150144577,0,0,N,0.26029035449028015
02527_H_A_N_C6,54,342,5.699999809265137,0.29032787680625916,0,0,N,0.261401504278183
02527_H_A_N_C6,56,348,5.800000190734863,0.28833019733428955,0,0,N,0.27211734652519226
02527_H_A_N_C6,58,354,5.900000095367432,0.2841086685657501,0,0,N,0.2687709927558899
02527_H_A_N_C6,60,360,6.0,0.27537932991981506,0,0,N,0.25706246495246887
02527_H_A_N_C6,62,366,6.099999904632568,0.26207178831100464,0,0,N,0.2741227149963379
02527_H_A_N_C6,64,372,6.199999809265137,0.261944979429245,0,0,N,0.28036612272262573
02527_H_A_N_C6,66,378,6.300000190734863,0.25661131739616394,0,0,N,0.27196934819221497
02527_H_A_N_C6,68,384,6.400000095367432,0.24894797801971436,0,0,N,0.26518961787223816
02527_H_A_N_C6,70,390,6.5,0.2313019186258316,0,0,N,0.2613012492656708
02527_H_A_N_C6,72,396,6.599999904632568,0.2131376564502716,0,0,N,0.2605706453323364
02527_H_A_N_C6,74,402,6.699999809265137,0.1888420283794403,0,0,N,0.26137328147888184
02527_H_A_N_C6,76,408,6.800000190734863,0.16838066279888153,0,0,N,0.2631182074546814
02527_H_A_N_C6,78,414,6.900000095367432,0.14091180264949799,0,0,N,0.26663607358932495
02527_H_A_N_C6,80,420,7.0,0.11660618335008621,0,0,N,0.2646479308605194
02531_H_A_N_C8,0,180,3.0,0.7518281936645508,1,0,N,0.337544709444046
02531_H_A_N_C8,2,186,3.0999999046325684,0.6785731911659241,1,0,N,0.33175209164619446
02531_H_A_N_C8,4,192,3.200000047683716,0.5774261355400085,1,0,N,0.329873651266098
02531_H_A_N_C8,6,198,3.299999952316284,0.47365814447402954,0,0,N,0.33211806416511536
02531_H_A_N_C8,8,204,3.4000000953674316,0.39449259638786316,0,0,N,0.33807992935180664
02531_H_A_N_C8,10,210,3.5,0.3343864977359772,0,0,N,0.3461778461933136
02531_H_A_N_C8,12,216,3.5999999046325684,0.2760726511478424,0,0,N,0.3547123074531555
02531_H_A_N_C8,14,222,3.700000047683716,0.20836490392684937,0,0,N,0.3623664975166321
02531_H_A_N_C8,16,228,3.799999952316284,0.13617177307605743,0,0,N,0.3697018027305603
02531_H_A_N_C8,18,234,3.9000000953674316,0.1172981858253479,0,0,N,0.37601470947265625
02531_H_A_N_C8,20,240,4.0,0.1064000353217125,0,0,N,0.3813793659210205
02531_H_A_N_C8,22,246,4.099999904632568,0.09882689267396927,0,0,N,0.3845495581626892
02531_H_A_N_C8,24,252,4.199999809265137,0.1042807400226593,0,0,N,0.38821160793304443
02531_H_A_N_C8,26,258,4.300000190734863,0.10531749576330185,0,0,N,0.3898337483406067
02531_H_A_N_C8,28,264,4.400000095367432,0.09924934804439545,0,0,N,0.3863019645214081
02531_H_A_N_C8,30,270,4.5,0.09370338916778564,0,0,N,0.3860180377960205
02531_H_A_N_C8,32,276,4.599999904632568,0.08895906060934067,0,0,N,0.3867427408695221
02531_H_A_N_C8,34,282,4.699999809265137,0.0960986539721489,0,0,N,0.3860427737236023
02531_H_A_N_C8,36,288,4.800000190734863,0.11076562106609344,0,0,N,0.38990312814712524
02531_H_A_N_C8,38,294,4.900000095367432,0.10993636399507523,0,0,N,0.39193734526634216
02531_H_A_N_C8,40,300,5.0,0.11494778096675873,0,0,N,0.39352288842201233
02531_H_A_N_C8,42,306,5.099999904632568,0.11490974575281143,0,0,N,0.39688730239868164
02531_H_A_N_C8,44,312,5.199999809265137,0.12363159656524658,0,0,N,0.40444132685661316
02531_H_A_N_C8,46,318,5.300000190734863,0.13045825064182281,0,0,N,0.4077985882759094
02531_H_A_N_C8,48,324,5.400000095367432,0.1336115598678589,0,0,N,0.40827688574790955
02531_H_A_N_C8,50,330,5.5,0.1343807727098465,0,0,N,0.4104379415512085
02531_H_A_N_C8,52,336,5.599999904632568,0.13444577157497406,0,0,N,0.4127727448940277
02531_H_A_N_C8,54,342,5.699999809265137,0.14874213933944702,0,0,N,0.4112579822540283
02531_H_A_N_C8,56,348,5.800000190734863,0.16104398667812347,0,0,N,0.4068114459514618
02531_H_A_N_C8,58,354,5.900000095367432,0.1520332247018814,0,0,N,0.4019075930118561
02531_H_A_N_C8,60,360,6.0,0.14150968194007874,0,0,N,0.3987189829349518
02531_H_A_N_C8,62,366,6.099999904632568,0.14004866778850555,0,0,N,0.39878109097480774
02531_H_A_N_C8,64,372,6.199999809265137,0.14061814546585083,0,0,N,0.39615559577941895
02531_H_A_N_C8,66,378,6.300000190734863,0.1487428992986679,0,0,N,0.39421534538269043
02531_H_A_N_C8,68,384,6.400000095367432,0.14390093088150024,0,0,N,0.3952528238296509
02531_H_A_N_C8,70,390,6.5,0.1299089640378952,0,0,N,0.3957538306713104
02531_H_A_N_C8,72,396,6.599999904632568,0.13446295261383057,0,0,N,0.3951859772205353
02531_H_A_N_C8,74,402,6.699999809265137,0.15071964263916016,0,0,N,0.39588385820388794
02531_H_A_N_C8,76,408,6.800000190734863,0.15246394276618958,0,0,N,0.3933475613594055
02531_H_A_N_C8,78,414,6.900000095367432,0.14514543116092682,0,0,N,0.3907090127468109
02531_H_A_N_C8,80,420,7.0,0.13978685438632965,0,0,N,0.3872413635253906
02553_H_D_N_C5,0,180,3.003000020980835,0.2140864133834839,0,0,N,0.6699138283729553
02553_H_D_N_C5,2,186,3.1029999256134033,0.2326372116804123,0,0,N,0.6403613686561584
02553_H_D_N_C5,4,192,3.203000068664551,0.24647840857505798,0,0,N,0.6287340521812439
02553_H_D_N_C5,6,198,3.302999973297119,0.2751569449901581,0,0,N,0.5780423283576965
02553_H_D_N_C5,8,204,3.4030001163482666,0.34846699237823486,0,0,N,0.5327387452125549
02553_H_D_N_C5,10,210,3.503999948501587,0.42150479555130005,0,0,N,0.4993026852607727
02553_H_D_N_C5,12,216,3.6040000915527344,0.46650832891464233,0,0,N,0.47515323758125305
02553_H_D_N_C5,14,222,3.7039999961853027,0.48784032464027405,0,0,N,0.4501102864742279
02553_H_D_N_C5,16,228,3.803999900817871,0.5053905248641968,0,0,N,0.42776650190353394
02553_H_D_N_C5,18,234,3.9040000438690186,0.5154314637184143,0,0,N,0.4068608582019806
02553_H_D_N_C5,20,240,4.004000186920166,0.5221893787384033,0,0,N,0.3875342607498169
02553_H_D_N_C5,22,246,4.104000091552734,0.5404029488563538,1,0,N,0.36650508642196655
02553_H_D_N_C5,24,252,4.203999996185303,0.5645446181297302,1,0,N,0.3470471203327179
02553_H_D_N_C5,26,258,4.303999900817871,0.5982884764671326,1,0,N,0.3272148072719574
02553_H_D_N_C5,28,264,4.4039998054504395,0.6442418694496155,1,0,N,0.3089146614074707
02553_H_D_N_C5,30,270,4.505000114440918,0.6705694794654846,1,0,N,0.29183831810951233
02553_H_D_N_C5,32,276,4.605000019073486,0.6902585029602051,1,0,N,0.27587175369262695
02553_H_D_N_C5,34,282,4.704999923706055,0.7395997643470764,1,0,N,0.2585248351097107
02553_H_D_N_C5,36,288,4.804999828338623,0.7071274518966675,1,0,N,0.24504581093788147
02553_H_D_N_C5,38,294,4.90500020980835,0.6930170059204102,1,0,N,0.2054806649684906
02553_H_D_N_C5,40,300,5.005000114440918,0.6487165093421936,1,0,N,0.14466650784015656
02553_H_D_N_C5,42,306,5.105000019073486,0.6013455986976624,1,0,N,0.15345539152622223
02553_H_D_N_C5,44,312,5.204999923706055,0.5414212942123413,1,0,N,0.1468726247549057
02553_H_D_N_C5,46,318,5.304999828338623,0.4526206851005554,0,0,N,0.17902109026908875
02553_H_D_N_C5,48,324,5.40500020980835,0.3840813636779785,0,0,N,0.20449680089950562
02553_H_D_N_C5,50,330,5.50600004196167,0.3552417457103729,0,0,N,0.21971642971038818
02553_H_D_N_C5,52,336,5.605999946594238,0.34400641918182373,0,0,N,0.2245020568370819
02553_H_D_N_C5,54,342,5.705999851226807,0.3299991488456726,0,0,N,0.22844170033931732
02553_H_D_N_C5,56,348,5.806000232696533,0.3007202446460724,0,0,N,0.2286289781332016
02553_H_D_N_C5,58,354,5.906000137329102,0.2847442328929901,0,0,N,0.22610579431056976
02553_H_D_N_C5,60,360,6.00600004196167,0.2855183780193329,0,0,N,0.222940132021904
02553_H_D_N_C5,62,366,6.105999946594238,0.3058359622955322,0,0,N,0.2197743058204651
02553_H_D_N_C5,64,372,6.205999851226807,0.322720468044281,0,0,N,0.21730999648571014
02553_H_D_N_C5,66,378,6.306000232696533,0.3305828273296356,0,0,N,0.21635335683822632
02553_H_D_N_C5,68,384,6.406000137329102,0.3328937590122223,0,0,N,0.215432271361351
02553_H_D_N_C5,70,390,6.50600004196167,0.3301346004009247,0,0,N,0.2155643105506897
02553_H_D_N_C5,72,396,6.60699987411499,0.3301904499530792,0,0,N,0.2163798063993454
02553_H_D_N_C5,74,402,6.706999778747559,0.3360959589481354,0,0,N,0.21825142204761505
02553_H_D_N_C5,76,408,6.807000160217285,0.34437617659568787,0,0,N,0.21843931078910828
02553_H_D_N_C5,78,414,6.9070000648498535,0.34134912490844727,0,0,N,0.22181545197963715
02553_H_D_N_C5,80,420,7.006999969482422,0.31065717339515686,0,0,N,0.2231518030166626
02669_H_A_N_C6,0,180,3.0,0.9705984592437744,1,0,N,0.6448426842689514
02669_H_A_N_C6,2,186,3.0999999046325684,0.9650579690933228,1,0,N,0.6443489193916321
02669_H_A_N_C6,4,192,3.200000047683716,0.9572873115539551,1,0,N,0.6410992741584778
02669_H_A_N_C6,6,198,3.299999952316284,0.9509643912315369,1,0,N,0.6275186538696289
02669_H_A_N_C6,8,204,3.4000000953674316,0.946769654750824,1,0,N,0.620733380317688
02669_H_A_N_C6,10,210,3.5,0.9421255588531494,1,0,N,0.6157710552215576
02669_H_A_N_C6,12,216,3.5999999046325684,0.9310212135314941,1,0,N,0.60735023021698
02669_H_A_N_C6,14,222,3.700000047683716,0.9167454838752747,1,0,N,0.6021745204925537
02669_H_A_N_C6,16,228,3.799999952316284,0.910208523273468,1,0,N,0.5995863676071167
02669_H_A_N_C6,18,234,3.9000000953674316,0.9203491806983948,1,0,N,0.5971424579620361
02669_H_A_N_C6,20,240,4.0,0.9334461688995361,1,0,N,0.5913623571395874
02669_H_A_N_C6,22,246,4.099999904632568,0.9372760057449341,1,0,N,0.5840421319007874
02669_H_A_N_C6,24,252,4.199999809265137,0.9337786436080933,1,0,N,0.5783357620239258
02669_H_A_N_C6,26,258,4.300000190734863,0.9160628318786621,1,0,N,0.5724214911460876
02669_H_A_N_C6,28,264,4.400000095367432,0.8325108885765076,1,0,N,0.5718718767166138
02669_H_A_N_C6,30,270,4.5,0.6374052166938782,1,0,N,0.5681074857711792
02669_H_A_N_C6,32,276,4.599999904632568,0.49941086769104004,0,0,N,0.5641852617263794
02669_H_A_N_C6,34,282,4.699999809265137,0.39978131651878357,0,0,N,0.5601616501808167
02669_H_A_N_C6,36,288,4.800000190734863,0.32755735516548157,0,0,N,0.5620207786560059
02669_H_A_N_C6,38,294,4.900000095367432,0.2630438208580017,0,0,N,0.5675365924835205
02669_H_A_N_C6,40,300,5.0,0.1745591163635254,0,0,N,0.5690042972564697
02669_H_A_N_C6,42,306,5.099999904632568,0.13355010747909546,0,0,N,0.568280816078186
02669_H_A_N_C6,44,312,5.199999809265137,0.10876233875751495,0,0,N,0.5686553120613098
02669_H_A_N_C6,46,318,5.300000190734863,0.0949402004480362,0,0,N,0.5782487392425537
02669_H_A_N_C6,48,324,5.400000095367432,0.09380647540092468,0,0,N,0.5825973749160767
02669_H_A_N_C6,50,330,5.5,0.10023899376392365,0,0,N,0.5861657857894897
02669_H_A_N_C6,52,336,5.599999904632568,0.10290983319282532,0,0,N,0.5921798944473267
02669_H_A_N_C6,54,342,5.699999809265137,0.09490242600440979,0,0,N,0.5983206629753113
02669_H_A_N_C6,56,348,5.800000190734863,0.08318672329187393,0,0,N,0.6072718501091003
02669_H_A_N_C6,58,354,5.900000095367432,0.0749722421169281,0,0,N,0.6171818375587463
02669_H_A_N_C6,60,360,6.0,0.07892175763845444,0,0,N,0.6306934952735901
02669_H_A_N_C6,62,366,6.099999904632568,0.09295621514320374,0,0,N,0.6439457535743713
02669_H_A_N_C6,64,372,6.199999809265137,0.10203155130147934,0,0,N,0.6587507128715515
02669_H_A_N_C6,66,378,6.300000190734863,0.11447117477655411,0,0,N,0.6769030094146729
02669_H_A_N_C6,68,384,6.400000095367432,0.1194600760936737,0,0,N,0.6903721690177917
02669_H_A_N_C6,70,390,6.5,0.11505316942930222,0,0,N,0.6956561803817749
02669_H_A_N_C6,72,396,6.599999904632568,0.11882711946964264,0,0,N,0.6949880123138428
02669_H_A_N_C6,74,402,6.699999809265137,0.11541024595499039,0,0,N,0.6909758448600769
02669_H_A_N_C6,76,408,6.800000190734863,0.13771334290504456,0,0,N,0.6818353533744812
02669_H_A_N_C6,78,414,6.900000095367432,0.13721127808094025,0,0,N,0.6712670922279358
02669_H_A_N_C6,80,420,7.0,0.13045185804367065,0,0,N,0.6601007580757141
