video_id,true_label,pred_label,direction,max_score,top3_mean,top5_mean,positive_count,positive_ratio,max_consecutive,first_positive_window,last_positive_window,mean_keypoint_confidence,min_keypoint_confidence
00001_H_A_SY_C6,1,0,SY,0.4623430371284485,0.4505783021450043,0.433725506067276,0,0.0,0,-1,-1,0.41818649667065316,0.3261040449142456
00001_H_A_SY_C7,1,0,SY,0.49755001068115234,0.4429726302623749,0.4030429720878601,0,0.0,0,-1,-1,0.4881243880202131,0.34373217821121216
00001_H_A_SY_C8,1,0,SY,0.38949376344680786,0.3719213902950287,0.35912585258483887,0,0.0,0,-1,-1,0.49651106319776395,0.2913268506526947
00005_H_A_N_C8,0,0,N,0.3279537856578827,0.32546505331993103,0.31763380765914917,0,0.0,0,-1,-1,0.5128935139353682,0.38824906945228577
00006_H_A_N_C5,0,0,N,0.2956122159957886,0.2887772023677826,0.2765219509601593,0,0.0,0,-1,-1,0.37620258985496147,0.33288735151290894
00007_H_A_FY_C7,1,1,FY,0.9802276492118835,0.9799890518188477,0.9796306490898132,25,0.6097560975609756,25,9,33,0.565727248424437,0.5147669911384583
00007_H_A_FY_C8,1,1,FY,0.9713717103004456,0.9710718989372253,0.9702939987182617,20,0.4878048780487805,20,9,28,0.4234851918569425,0.29706045985221863
00009_H_A_N_C7,0,0,N,0.20407183468341827,0.1952143758535385,0.18783210217952728,0,0.0,0,-1,-1,0.6270164760147653,0.5789756774902344
00010_H_A_N_C6,0,0,N,0.21650266647338867,0.2095329612493515,0.19674156606197357,0,0.0,0,-1,-1,0.5020748478610341,0.45328253507614136
00012_H_A_SY_C6,1,1,SY,0.9644201993942261,0.9634928703308105,0.9630162119865417,23,0.5609756097560976,23,8,30,0.5064547839688092,0.45708271861076355
00014_H_A_FY_C5,1,1,FY,0.8934529423713684,0.8837624192237854,0.8731768727302551,18,0.43902439024390244,18,8,25,0.3178588973312843,0.2674866318702698
00014_H_A_FY_C7,1,1,FY,0.9762971997261047,0.9754791855812073,0.9747875332832336,24,0.5853658536585366,24,7,30,0.5806102534619774,0.5583690404891968
00018_H_A_SY_C7,1,1,SY,0.9791364669799805,0.9790448546409607,0.9789393544197083,23,0.5609756097560976,23,11,33,0.39532239662437907,0.15595664083957672
00018_H_A_SY_C8,1,1,SY,0.9764825105667114,0.9763867259025574,0.9762321710586548,27,0.6585365853658537,27,10,36,0.40771858248768783,0.11396806687116623
00019_H_A_N_C8,0,0,N,0.437213659286499,0.41381287574768066,0.39745503664016724,0,0.0,0,-1,-1,0.5857033046280465,0.5265049338340759
00020_H_A_N_C6,0,0,N,0.3216511309146881,0.3000623285770416,0.2831670939922333,0,0.0,0,-1,-1,0.5369350532206093,0.492752343416214
00023_H_A_N_C6,0,0,N,0.19573315978050232,0.19165237247943878,0.18833060562610626,0,0.0,0,-1,-1,0.5695217164551339,0.5218483209609985
00024_H_A_N_C5,0,0,N,0.37684398889541626,0.36816009879112244,0.3613494038581848,0,0.0,0,-1,-1,0.3639907575235134,0.3391890525817871
00024_H_A_N_C8,0,0,N,0.306261271238327,0.29096654057502747,0.28368523716926575,0,0.0,0,-1,-1,0.6331923313257171,0.577888548374176
00026_H_A_SY_C7,1,1,SY,0.8477182984352112,0.8264384865760803,0.8159017562866211,14,0.34146341463414637,12,0,38,0.2125652955799568,0.15117467939853668
00026_H_A_SY_C8,1,1,SY,0.9690667390823364,0.9686043858528137,0.9684505462646484,17,0.4146341463414634,17,0,16,0.28518696420076417,0.20976299047470093
00028_H_A_FY_C7,1,1,FY,0.9714657664299011,0.9690847992897034,0.9668095707893372,14,0.34146341463414637,14,0,13,0.3971449958115089,0.3212944567203522
00029_H_A_SY_C6,1,1,SY,0.9236982464790344,0.9204118251800537,0.916641116142273,14,0.34146341463414637,14,0,13,0.3757648228145227,0.22322624921798706
00029_H_A_SY_C7,1,1,SY,0.9630807042121887,0.9616335034370422,0.9605358839035034,15,0.36585365853658536,12,0,26,0.33814047058907953,0.2172229290008545
00030_H_A_N_C5,0,1,N,0.66695636510849,0.657132089138031,0.6518573760986328,11,0.2682926829268293,10,15,27,0.3192110752187124,0.2452993541955948
00030_H_A_N_C7,0,0,N,0.3580958843231201,0.265041321516037,0.2275497019290924,0,0.0,0,-1,-1,0.5597479168961688,0.5045195817947388
00032_H_A_N_C6,0,0,N,0.32268083095550537,0.3216017484664917,0.3205239772796631,0,0.0,0,-1,-1,0.3089941652809701,0.27538159489631653
00034_H_A_SY_C6,1,1,SY,0.9692941308021545,0.9686409831047058,0.9678910970687866,27,0.6585365853658537,27,1,27,0.33898210416479807,0.2088325023651123
00034_H_A_SY_C8,1,1,SY,0.9799139499664307,0.979804277420044,0.9796392321586609,29,0.7073170731707317,29,0,28,0.5803688372053751,0.5409435629844666
00035_H_A_N_C6,0,0,N,0.34596794843673706,0.33023232221603394,0.32510679960250854,0,0.0,0,-1,-1,0.4502911545881411,0.4179301857948303
00035_H_A_N_C8,0,0,N,0.2072046995162964,0.19967050850391388,0.19194605946540833,0,0.0,0,-1,-1,0.6621274453837697,0.6285222172737122
00037_H_A_FY_C5,1,1,FY,0.7310584783554077,0.7072615623474121,0.6862884759902954,14,0.34146341463414637,13,0,16,0.48846696353540187,0.30619141459465027
00040_H_A_N_C7,0,0,N,0.18689869344234467,0.18260115385055542,0.1781138926744461,0,0.0,0,-1,-1,0.5914802609420404,0.5486239790916443
00043_H_A_N_C5,0,0,N,0.27720025181770325,0.2665332853794098,0.2569803297519684,0,0.0,0,-1,-1,0.3762066894915046,0.36644625663757324
00043_H_A_N_C8,0,0,N,0.3226207196712494,0.31855711340904236,0.3130303919315338,0,0.0,0,-1,-1,0.5297307793687029,0.506828784942627
00045_H_A_SY_C6,1,1,SY,0.9780216217041016,0.9776560664176941,0.9772650003433228,15,0.36585365853658536,15,0,14,0.4645937608509529,0.43571922183036804
00045_H_A_SY_C8,1,1,SY,0.9799064993858337,0.9795244336128235,0.9790722727775574,15,0.36585365853658536,15,0,14,0.32954823607351724,0.28692907094955444
00049_H_A_SY_C7,1,1,SY,0.961422324180603,0.9397104382514954,0.8796135783195496,5,0.12195121951219512,5,0,4,0.4347244261241541,0.34523335099220276
00049_H_A_SY_C8,1,1,SY,0.9735738039016724,0.9670879244804382,0.9433518648147583,8,0.1951219512195122,8,0,7,0.5017854295125822,0.4384261965751648
00050_H_A_BY_C8,1,1,BY,0.9753201603889465,0.9750210642814636,0.974638819694519,19,0.4634146341463415,19,0,18,0.365141444816822,0.32826051115989685
00053_H_A_SY_C6,1,0,SY,0.4141371548175812,0.38850605487823486,0.3732735514640808,0,0.0,0,-1,-1,0.5508263532708331,0.42816612124443054
00053_H_A_SY_C8,1,0,SY,0.34174323081970215,0.3234987258911133,0.3164273202419281,0,0.0,0,-1,-1,0.47384266809719366,0.3771106004714966
00054_H_A_N_C6,0,0,N,0.25894129276275635,0.257351279258728,0.2533054053783417,0,0.0,0,-1,-1,0.47883059993022825,0.37896960973739624
00056_H_A_SY_C6,1,1,SY,0.9746671319007874,0.9744029641151428,0.9740437269210815,20,0.4878048780487805,20,0,19,0.3441790255104623,0.26694849133491516
00056_H_A_SY_C7,1,1,SY,0.9763468503952026,0.9757843017578125,0.9749758839607239,21,0.5121951219512195,21,0,20,0.37441488955079055,0.2897059917449951
00056_H_A_SY_C8,1,1,SY,0.9718993306159973,0.9708752036094666,0.9697742462158203,23,0.5609756097560976,23,0,22,0.5656181821009008,0.48886838555336
00057_H_A_N_C8,0,0,N,0.3583914637565613,0.32779034972190857,0.3163219094276428,0,0.0,0,-1,-1,0.48468163464127517,0.4306398928165436
00059_H_A_FY_C5,1,1,FY,0.9785950779914856,0.9785521030426025,0.9784814119338989,23,0.5609756097560976,23,0,22,0.47621470399019195,0.4070330262184143
00059_H_A_FY_C7,1,1,FY,0.9780605435371399,0.9779751300811768,0.9777494668960571,24,0.5853658536585366,24,0,23,0.5179024651283171,0.40876632928848267
00060_H_A_SY_C6,1,1,SY,0.978440523147583,0.978201687335968,0.9780774116516113,16,0.3902439024390244,16,0,15,0.3091097052504377,0.2511841058731079
00061_H_A_N_C8,0,0,N,0.3774328827857971,0.3561851978302002,0.34146222472190857,0,0.0,0,-1,-1,0.5408345751646089,0.46424463391304016
00062_H_A_N_C8,0,0,N,0.14370207488536835,0.1423773169517517,0.1419091373682022,0,0.0,0,-1,-1,0.6229780403579154,0.5759633779525757
00064_H_A_SY_C5,1,1,SY,0.9538565278053284,0.9416351318359375,0.9151189923286438,7,0.17073170731707318,7,0,6,0.5611043790491616,0.5122480392456055
00064_H_A_SY_C8,1,1,SY,0.9729890823364258,0.9677111506462097,0.950649082660675,8,0.1951219512195122,8,0,7,0.525965541601181,0.38018688559532166
00065_H_A_N_C8,0,1,N,0.7365017533302307,0.7283033728599548,0.7171539068222046,18,0.43902439024390244,18,8,25,0.4322832204946658,0.3797071576118469
00066_H_A_FY_C8,1,1,FY,0.9784997701644897,0.9774429202079773,0.9761773347854614,24,0.5853658536585366,24,17,40,0.5274368190183872,0.49397385120391846
00068_H_A_N_C5,0,0,N,0.5113548636436462,0.4885963499546051,0.47840380668640137,0,0.0,0,-1,-1,0.4106866535617084,0.38125327229499817
00072_H_A_SY_C5,1,1,SY,0.8485411405563354,0.845859706401825,0.8416846394538879,23,0.5609756097560976,23,4,26,0.4322513967025571,0.3546694219112396
00075_H_A_FY_C6,1,1,FY,0.8601316213607788,0.8575446009635925,0.8524486422538757,23,0.5609756097560976,23,0,22,0.3548528690163682,0.3213774263858795
00081_H_A_N_C5,0,0,N,0.40017151832580566,0.35647180676460266,0.34252095222473145,0,0.0,0,-1,-1,0.338396611010156,0.23804111778736115
00082_H_A_FY_C8,1,1,FY,0.8004729747772217,0.7977798581123352,0.7939396500587463,13,0.3170731707317073,13,0,12,0.30219958322804147,0.26355427503585815
00083_H_A_SY_C8,1,1,SY,0.7758369445800781,0.7737511992454529,0.7706459760665894,14,0.34146341463414637,14,0,13,0.31760932614163656,0.2854650318622589
00085_H_A_FY_C7,1,1,FY,0.9771684408187866,0.9769640564918518,0.9764963388442993,23,0.5609756097560976,23,0,22,0.4168399586910155,0.33752864599227905
00088_H_A_N_C5,0,0,N,0.30718326568603516,0.279501348733902,0.2615463137626648,0,0.0,0,-1,-1,0.49798475460308356,0.30970650911331177
00089_H_A_FY_C6,1,1,FY,0.938097357749939,0.9377026557922363,0.9349013566970825,25,0.6097560975609756,25,7,31,0.5175377297692183,0.4314776062965393
00089_H_A_FY_C8,1,1,FY,0.9495353102684021,0.9495109915733337,0.9486934542655945,23,0.5609756097560976,23,7,29,0.32914874175699743,0.12929217517375946
00090_H_A_SY_C6,1,1,SY,0.9738950729370117,0.9734124541282654,0.9728512763977051,25,0.6097560975609756,25,1,25,0.5358048132280024,0.41068530082702637
00092_H_A_N_C8,0,0,N,0.40640097856521606,0.39223966002464294,0.3779301047325134,0,0.0,0,-1,-1,0.6534682904801717,0.5661460757255554
00095_H_A_N_C6,0,0,N,0.28381651639938354,0.24116547405719757,0.22441720962524414,0,0.0,0,-1,-1,0.5363779976600553,0.4232954978942871
00099_H_A_N_C8,0,0,N,0.23964959383010864,0.2316102385520935,0.2270442247390747,0,0.0,0,-1,-1,0.365390196806047,0.32694607973098755
00103_H_A_N_C5,0,1,N,0.647545337677002,0.6313130259513855,0.6240159273147583,14,0.34146341463414637,13,10,28,0.4815045442523026,0.4175754487514496
00108_H_A_SY_C6,1,1,SY,0.9616073966026306,0.961400032043457,0.9612756967544556,22,0.5365853658536586,22,0,21,0.5739947135855512,0.4736063778400421
00111_H_A_FY_C6,1,1,FY,0.9577717185020447,0.956442654132843,0.9545924067497253,21,0.5121951219512195,21,15,35,0.5983383815462996,0.5655957460403442
00113_H_A_N_C6,0,0,N,0.5665386319160461,0.5329456925392151,0.5218667387962341,2,0.04878048780487805,2,28,29,0.3869770619927383,0.26106834411621094
00114_H_A_BY_C7,1,1,BY,0.9577147364616394,0.9568789005279541,0.9539898037910461,22,0.5365853658536586,22,0,21,0.5019880133431133,0.4655623435974121
00115_H_A_FY_C7,1,1,FY,0.9561739563941956,0.9532949924468994,0.9496937990188599,17,0.4146341463414634,17,0,16,0.43255561299440337,0.3479255139827728
00116_H_A_SY_C5,1,1,SY,0.9700184464454651,0.9698616862297058,0.969545841217041,26,0.6341463414634146,26,1,26,0.6378908302725815,0.5522648692131042
00118_H_A_FY_C5,1,1,FY,0.9454928040504456,0.9425671696662903,0.9358295202255249,11,0.2682926829268293,11,0,10,0.4865010795069904,0.4417656362056732
00120_H_A_BY_C7,1,1,BY,0.9439882636070251,0.9349245429039001,0.9285662770271301,10,0.24390243902439024,10,0,9,0.5104459764027014,0.4657280445098877
00121_H_A_N_C5,0,1,N,0.7208274602890015,0.710784912109375,0.6798035502433777,16,0.3902439024390244,16,2,17,0.46330541590364965,0.3904532492160797
00122_H_A_FY_C6,1,1,FY,0.9636691808700562,0.9631969332695007,0.9622729420661926,24,0.5853658536585366,24,7,30,0.5165091709392827,0.4103873670101166
00122_H_A_FY_C7,1,1,FY,0.9693046808242798,0.9645677208900452,0.961349606513977,27,0.6585365853658537,27,7,33,0.3879212504479943,0.17338153719902039
00125_H_A_N_C6,0,0,N,0.2950907349586487,0.271801233291626,0.2566254138946533,0,0.0,0,-1,-1,0.5296670147558538,0.3222593069076538
00127_H_A_SY_C5,1,1,SY,0.8584980964660645,0.8192793726921082,0.7946298718452454,23,0.5609756097560976,23,1,23,0.5170259323061966,0.2903755009174347
00129_H_A_N_C6,0,0,N,0.3816145658493042,0.3788212835788727,0.37613600492477417,0,0.0,0,-1,-1,0.32914296410432675,0.16927428543567657
00131_H_A_SY_C5,1,1,SY,0.866324245929718,0.8170259594917297,0.7745963335037231,21,0.5121951219512195,21,9,29,0.33980956237490584,0.2585819959640503
00137_H_A_BY_C5,1,1,BY,0.8240324258804321,0.8191494941711426,0.8151887059211731,17,0.4146341463414634,17,24,40,0.5736785909024681,0.49073147773742676
00137_H_A_BY_C7,1,1,BY,0.911702036857605,0.9111599922180176,0.9089133143424988,16,0.3902439024390244,16,25,40,0.6016193657386594,0.34714603424072266
00138_H_A_FY_C5,1,1,FY,0.9769358038902283,0.9763694405555725,0.9750765562057495,16,0.3902439024390244,16,0,15,0.5706031097144615,0.47225698828697205
00138_H_A_FY_C7,1,1,FY,0.9573583006858826,0.9501571655273438,0.9397379159927368,16,0.3902439024390244,16,0,15,0.49939705322428446,0.4319007992744446
00143_H_A_BY_C7,1,1,BY,0.6623404622077942,0.6406080722808838,0.6199811697006226,12,0.2926829268292683,8,27,40,0.5079389170902532,0.36963602900505066
00144_H_A_N_C5,0,0,N,0.1795206516981125,0.1750643253326416,0.17079122364521027,0,0.0,0,-1,-1,0.4043203897592498,0.3261439800262451
00145_H_A_FY_C7,1,1,FY,0.9774091243743896,0.9772693514823914,0.9767091870307922,26,0.6341463414634146,26,1,26,0.4332275666841647,0.23942795395851135
00148_H_A_N_C5,0,0,N,0.3555060029029846,0.3397446870803833,0.3310028910636902,0,0.0,0,-1,-1,0.4792554567499859,0.43167024850845337
00148_H_A_N_C7,0,0,N,0.50123131275177,0.48837676644325256,0.4631117880344391,0,0.0,0,-1,-1,0.36888485274663785,0.2979866564273834
00152_H_A_N_C6,0,0,N,0.1838901937007904,0.17165561020374298,0.1633286476135254,0,0.0,0,-1,-1,0.4731632231212244,0.4192962944507599
00154_H_A_SY_C5,1,1,SY,0.8798351883888245,0.8749558925628662,0.8678514361381531,25,0.6097560975609756,25,8,32,0.43172767831058034,0.3785887062549591
00156_H_A_N_C6,0,0,N,0.297212690114975,0.291453093290329,0.2773148715496063,0,0.0,0,-1,-1,0.40241326573418407,0.36821576952934265
00157_H_A_FY_C5,1,1,FY,0.9770849943161011,0.9769218564033508,0.976563572883606,23,0.5609756097560976,23,8,30,0.44795415023478063,0.3122241497039795
00157_H_A_FY_C6,1,1,FY,0.9769020676612854,0.9768669605255127,0.9766899943351746,26,0.6341463414634146,26,7,32,0.5814228174163074,0.5393825173377991
00158_H_A_SY_C6,1,1,SY,0.9769788384437561,0.9765443801879883,0.976108193397522,23,0.5609756097560976,23,0,22,0.5426922469604306,0.5166975855827332
00159_H_A_BY_C8,1,1,BY,0.971656858921051,0.9712135195732117,0.9708102345466614,29,0.7073170731707317,29,2,30,0.4465367357905318,0.3108986020088196
00160_H_A_N_C6,0,0,N,0.6090229153633118,0.5336050391197205,0.4883124828338623,2,0.04878048780487805,2,5,6,0.6030465611597386,0.5918589234352112
00160_H_A_N_C7,0,1,N,0.9474475979804993,0.9405503273010254,0.9369716644287109,25,0.6097560975609756,25,3,27,0.47564397497874933,0.35547390580177307
00161_H_A_FY_C5,1,1,FY,0.9115408658981323,0.9075333476066589,0.9050540924072266,11,0.2682926829268293,11,0,10,0.24589942940851536,0.16545425355434418
00164_H_A_N_C7,0,0,N,0.4179215133190155,0.3938048779964447,0.36296603083610535,0,0.0,0,-1,-1,0.5765589199415068,0.5467186570167542
00165_H_A_FY_C6,1,1,FY,0.9702234268188477,0.9700417518615723,0.9695955514907837,21,0.5121951219512195,21,0,20,0.5883515840623437,0.5407599806785583
00167_H_A_BY_C8,1,1,BY,0.9740972518920898,0.9731743335723877,0.9722736477851868,17,0.4146341463414634,17,24,40,0.4943972244495299,0.40424346923828125
00171_H_A_BY_C6,1,1,BY,0.9693081378936768,0.9668537974357605,0.9642224311828613,24,0.5853658536585366,24,17,40,0.44645734967255013,0.4027836322784424
00171_H_A_BY_C8,1,1,BY,0.9580538868904114,0.9570052027702332,0.955614447593689,23,0.5609756097560976,23,18,40,0.5220011123796788,0.424623966217041
00172_H_A_N_C8,0,0,N,0.2848953902721405,0.27790331840515137,0.2714235484600067,0,0.0,0,-1,-1,0.6325741199458518,0.47141003608703613
00175_H_A_BY_C5,1,1,BY,0.9743907451629639,0.9740400314331055,0.9737213253974915,21,0.5121951219512195,20,0,22,0.3452582755466787,0.2219863086938858
00177_H_A_FY_C8,1,1,FY,0.8690953254699707,0.8683821558952332,0.8646512031555176,26,0.6341463414634146,26,7,32,0.3348476981244436,0.17476177215576172
00178_H_A_SY_C6,1,1,SY,0.9250491261482239,0.8423359990119934,0.7198452353477478,4,0.0975609756097561,4,0,3,0.4725604369872954,0.3111709654331207
00180_H_A_N_C6,0,0,N,0.39577147364616394,0.37556254863739014,0.352579802274704,0,0.0,0,-1,-1,0.47475436547907385,0.40402182936668396
00180_H_A_N_C7,0,1,N,0.8067672252655029,0.7349067330360413,0.6799338459968567,5,0.12195121951219512,5,22,26,0.5730337965779189,0.5490281581878662
00182_H_A_SY_C6,1,1,SY,0.9765309691429138,0.9760496020317078,0.974177360534668,11,0.2682926829268293,11,30,40,0.606226219636638,0.4657306969165802
00182_H_A_SY_C7,1,1,SY,0.9508141279220581,0.9481642842292786,0.9427406191825867,11,0.2682926829268293,11,30,40,0.663909739110528,0.5731901526451111
00193_H_A_FY_C8,1,1,FY,0.9763402342796326,0.9758234620094299,0.9753400683403015,25,0.6097560975609756,25,6,30,0.5969070835811335,0.5321101546287537
00194_H_A_SY_C8,1,1,SY,0.9771493077278137,0.976757824420929,0.9761090278625488,12,0.2926829268292683,12,0,11,0.5009763676945757,0.4777754843235016
00197_H_A_FY_C7,1,1,FY,0.9766976237297058,0.9761635661125183,0.9753373265266418,26,0.6341463414634146,26,3,28,0.45009384649555856,0.20205692946910858
00198_H_A_SY_C7,1,1,SY,0.9781047701835632,0.977925717830658,0.9777606129646301,22,0.5365853658536586,22,0,21,0.37882845358150763,0.13525357842445374
00203_H_D_BY_C7,1,1,BY,0.9713101983070374,0.9706079363822937,0.9694734811782837,28,0.6829268292682927,25,0,37,0.3693576258857076,0.2062397450208664
00203_H_D_BY_C8,1,1,BY,0.9802665114402771,0.98012775182724,0.9798712730407715,26,0.6341463414634146,26,1,26,0.6029067097640619,0.5334252119064331
00204_H_D_N_C6,0,0,N,0.23744741082191467,0.23416121304035187,0.23210588097572327,0,0.0,0,-1,-1,0.31904043802400917,0.2819276452064514
00205_H_D_FY_C5,1,1,FY,0.9750345945358276,0.9749680161476135,0.9745694994926453,25,0.6097560975609756,25,13,37,0.6150682277795745,0.5642679929733276
00205_H_D_FY_C7,1,1,FY,0.9783982038497925,0.9777930378913879,0.9763444662094116,24,0.5853658536585366,24,13,36,0.5593004124920543,0.49696749448776245
00208_H_D_N_C5,0,0,N,0.387143075466156,0.36834684014320374,0.3471410870552063,0,0.0,0,-1,-1,0.556399107706256,0.48573341965675354
00208_H_D_N_C8,0,0,N,0.33938053250312805,0.31669914722442627,0.3031715750694275,0,0.0,0,-1,-1,0.5935322555100045,0.5088979005813599
00210_H_D_SY_C5,1,1,SY,0.9737972617149353,0.9734189510345459,0.9730637669563293,25,0.6097560975609756,25,16,40,0.3854183340218009,0.186686173081398
00210_H_D_SY_C8,1,1,SY,0.9767706394195557,0.9762985110282898,0.9758514165878296,26,0.6341463414634146,26,15,40,0.6036833204874178,0.5610536932945251
00211_H_D_BY_C7,1,1,BY,0.9760411381721497,0.9757339954376221,0.9751228094100952,25,0.6097560975609756,25,10,34,0.5837163227360423,0.5325526595115662
00212_H_D_N_C8,0,0,N,0.3707660436630249,0.35619738698005676,0.34441086649894714,0,0.0,0,-1,-1,0.635071402642785,0.6149415969848633
00213_H_D_FY_C7,1,1,FY,0.8516324758529663,0.8290461897850037,0.8173913955688477,19,0.4634146341463415,18,0,19,0.30080173800631266,0.2566826641559601
00214_H_D_SY_C8,1,1,SY,0.9714139103889465,0.9711714386940002,0.9707158207893372,23,0.5609756097560976,23,10,32,0.3743063153290167,0.35497644543647766
00216_H_D_N_C8,0,0,N,0.40292391180992126,0.40091243386268616,0.39445996284484863,0,0.0,0,-1,-1,0.3542846339504893,0.3163404166698456
00217_H_D_FY_C7,1,1,FY,0.9600098133087158,0.9552307724952698,0.9499000310897827,18,0.43902439024390244,18,0,17,0.29244527947611926,0.25796055793762207
00217_H_D_FY_C8,1,0,FY,0.6507360935211182,0.6088579297065735,0.5730966329574585,3,0.07317073170731707,2,13,19,0.264872480819865,0.20561222732067108
00219_H_D_BY_C6,1,1,BY,0.9769861102104187,0.9766626358032227,0.9763501882553101,14,0.34146341463414637,14,0,13,0.5762071216978678,0.5413896441459656
00220_H_D_N_C7,0,0,N,0.3360710144042969,0.3252059519290924,0.3151814937591553,0,0.0,0,-1,-1,0.3961677282321744,0.3885796368122101
00221_H_D_FY_C8,1,1,FY,0.7844123244285583,0.7055994868278503,0.6525158882141113,7,0.17073170731707318,6,11,21,0.3078707191275387,0.21561601758003235
00223_H_D_BY_C7,1,1,BY,0.974182665348053,0.9740884304046631,0.9738084077835083,23,0.5609756097560976,23,0,22,0.3224099830883305,0.25715431571006775
00224_H_D_N_C6,0,0,N,0.42276811599731445,0.3842579424381256,0.3405318260192871,0,0.0,0,-1,-1,0.5866724325389396,0.5232260823249817
00227_H_D_BY_C7,1,1,BY,0.6512924432754517,0.5861281156539917,0.5439062118530273,3,0.07317073170731707,3,19,21,0.4022925619671984,0.30490848422050476
00233_H_D_FY_C7,1,1,FY,0.9702550768852234,0.9650642275810242,0.9638374447822571,24,0.5853658536585366,24,0,23,0.33525783187005576,0.29936498403549194
00234_H_D_SY_C6,1,1,SY,0.9791207313537598,0.9789841771125793,0.9788532257080078,25,0.6097560975609756,25,1,25,0.4697545127170842,0.3515944480895996
00239_H_D_BY_C5,1,1,BY,0.9733726382255554,0.9705763459205627,0.9685924649238586,24,0.5853658536585366,24,0,23,0.38427237693856403,0.2650994658470154
00241_H_D_FY_C8,1,1,FY,0.9609322547912598,0.9597565531730652,0.9573699831962585,25,0.6097560975609756,23,0,39,0.3438904074633994,0.28207218647003174
00242_H_D_SY_C6,1,1,SY,0.9699460864067078,0.9692831635475159,0.9684033393859863,26,0.6341463414634146,26,0,25,0.5057743547893152,0.4566245973110199
00243_H_D_BY_C5,1,1,BY,0.970945417881012,0.9701452851295471,0.9677222967147827,13,0.3170731707317073,13,0,12,0.49964473160301764,0.3645686209201813
00244_H_D_N_C7,0,0,N,0.2604902684688568,0.2578120231628418,0.2557327151298523,0,0.0,0,-1,-1,0.3781009396401847,0.36903855204582214
00246_H_D_SY_C6,1,1,SY,0.9760772585868835,0.9756022095680237,0.9750070571899414,27,0.6585365853658537,27,0,26,0.4729931289102973,0.35779884457588196
00246_H_D_SY_C7,1,1,SY,0.8946714997291565,0.888676643371582,0.8814182281494141,23,0.5609756097560976,23,0,22,0.4470750471440757,0.34552788734436035
00247_H_D_BY_C7,1,1,BY,0.9742158055305481,0.9736230373382568,0.972458004951477,24,0.5853658536585366,24,0,23,0.4601960305760546,0.33690983057022095
00248_H_D_N_C6,0,0,N,0.2688010036945343,0.2659997045993805,0.255397766828537,0,0.0,0,-1,-1,0.6019169920828285,0.5326684713363647
00249_H_D_FY_C8,1,1,FY,0.9742592573165894,0.972747802734375,0.9710842370986938,15,0.36585365853658536,15,0,14,0.5879585088753119,0.5206499099731445
00253_H_D_FY_C7,1,1,FY,0.9618813991546631,0.9610278606414795,0.959743320941925,11,0.2682926829268293,11,0,10,0.42232667963679243,0.40409502387046814
00257_H_D_FY_C6,1,1,FY,0.9648066759109497,0.9641327857971191,0.9625390768051147,26,0.6341463414634146,26,3,28,0.6823648025349873,0.6493358016014099
00260_H_D_N_C5,0,0,N,0.3427830934524536,0.3001565635204315,0.27077269554138184,0,0.0,0,-1,-1,0.6295844723538655,0.6005144119262695
00262_H_D_SY_C7,1,1,SY,0.9593584537506104,0.9560187458992004,0.9545993804931641,15,0.36585365853658536,15,0,14,0.2649025506362682,0.21916237473487854
00262_H_D_SY_C8,1,1,SY,0.872468888759613,0.871753454208374,0.8678639531135559,12,0.2926829268292683,12,0,11,0.27081738957544654,0.23617549240589142
00263_H_D_BY_C8,1,1,BY,0.962345540523529,0.9604646563529968,0.9585839509963989,13,0.3170731707317073,13,0,12,0.36374725219680043,0.3439478278160095
00264_H_D_N_C6,0,0,N,0.3778214156627655,0.3493075668811798,0.30807623267173767,0,0.0,0,-1,-1,0.7076641379333124,0.6544666886329651
00265_H_D_FY_C5,1,1,FY,0.9764024019241333,0.976269543170929,0.9761643409729004,13,0.3170731707317073,13,0,12,0.3378453469131051,0.2446698546409607
00266_H_D_SY_C6,1,1,SY,0.9733849167823792,0.9725857377052307,0.9704658389091492,14,0.34146341463414637,14,0,13,0.4950570878459186,0.3638579547405243
00266_H_D_SY_C8,1,1,SY,0.9708817005157471,0.9698843955993652,0.9685867428779602,13,0.3170731707317073,13,0,12,0.2817746757007227,0.21739357709884644
00267_H_D_BY_C6,1,1,BY,0.980032205581665,0.9799426198005676,0.979773998260498,26,0.6341463414634146,26,0,25,0.4644500148005602,0.3916343152523041
00268_H_D_N_C5,0,0,N,0.17858336865901947,0.17662806808948517,0.17330226302146912,0,0.0,0,-1,-1,0.5447315101216479,0.48445069789886475
00268_H_D_N_C8,0,0,N,0.20640549063682556,0.19435958564281464,0.1899356096982956,0,0.0,0,-1,-1,0.5897167833839975,0.5487697124481201
00269_H_D_FY_C5,1,1,FY,0.9785869717597961,0.9783973693847656,0.9779857397079468,18,0.43902439024390244,17,0,29,0.2863521964811697,0.2041015625
00269_H_D_FY_C8,1,1,FY,0.9629451632499695,0.9619607329368591,0.9615820050239563,16,0.3902439024390244,16,0,15,0.6497230042771596,0.3502920866012573
00271_H_D_BY_C8,1,1,BY,0.9474075436592102,0.9463432431221008,0.9431580305099487,19,0.4634146341463415,19,0,18,0.2916170209646225,0.23733976483345032
00277_H_D_FY_C7,1,1,FY,0.8293516039848328,0.8163549900054932,0.7708883881568909,8,0.1951219512195122,8,3,10,0.2624208698185479,0.20669861137866974
00278_H_D_SY_C5,1,1,SY,0.9688054323196411,0.9680323600769043,0.9673806428909302,13,0.3170731707317073,10,0,32,0.2394723735931443,0.1783953309059143
00279_H_D_BY_C8,1,1,BY,0.9635264873504639,0.9624514579772949,0.9606294631958008,17,0.4146341463414634,17,0,16,0.426092299746304,0.36114731431007385
00280_H_D_N_C6,0,0,N,0.3843894302845001,0.37614312767982483,0.3670749068260193,0,0.0,0,-1,-1,0.6760568851377906,0.6057917475700378
00281_H_A_FY_C8,1,1,FY,0.9594123959541321,0.958940327167511,0.9577463865280151,18,0.43902439024390244,18,0,17,0.5445036132161211,0.4707091450691223
00283_H_A_BY_C6,1,1,BY,0.9764217138290405,0.9759440422058105,0.973035454750061,25,0.6097560975609756,25,10,34,0.36776642028878376,0.34124571084976196
00286_H_A_SY_C6,1,1,SY,0.9777548909187317,0.9774022102355957,0.9769569635391235,26,0.6341463414634146,26,1,26,0.42800446399828285,0.3708847761154175
00286_H_A_SY_C8,1,1,SY,0.9789173603057861,0.9785135388374329,0.9775702357292175,27,0.6585365853658537,27,1,27,0.5506757396023448,0.46152395009994507
00287_H_A_BY_C6,1,1,BY,0.9781600832939148,0.9779499173164368,0.9773085713386536,25,0.6097560975609756,25,16,40,0.4170422161497721,0.37626025080680847
00287_H_A_BY_C7,1,1,BY,0.9803300499916077,0.9798073172569275,0.9793382883071899,26,0.6341463414634146,26,15,40,0.4706252108259899,0.4066099524497986
00288_H_A_N_C5,0,0,N,0.3747956454753876,0.34573137760162354,0.3109596371650696,0,0.0,0,-1,-1,0.3823042969878127,0.33986696600914
00288_H_A_N_C6,0,0,N,0.37785160541534424,0.3539173901081085,0.30443862080574036,0,0.0,0,-1,-1,0.5280224157542717,0.4394588768482208
00290_H_A_SY_C7,1,1,SY,0.9800291061401367,0.979936420917511,0.9796636700630188,26,0.6341463414634146,26,13,38,0.6018401646032566,0.5013758540153503
00291_H_A_BY_C5,1,1,BY,0.9795264601707458,0.9792818427085876,0.9790657758712769,25,0.6097560975609756,25,12,36,0.4106662578699065,0.32036346197128296
00291_H_A_BY_C6,1,1,BY,0.974062442779541,0.9727813601493835,0.9697452783584595,24,0.5853658536585366,24,12,35,0.45562567652725594,0.37155070900917053
00291_H_A_BY_C7,1,1,BY,0.9788377285003662,0.9785409569740295,0.9782068133354187,26,0.6341463414634146,26,11,36,0.5036888289742354,0.44682982563972473
00292_H_A_N_C8,0,0,N,0.3214942514896393,0.31863081455230713,0.3169722259044647,0,0.0,0,-1,-1,0.45834927297219996,0.42659908533096313
00293_H_A_FY_C6,1,1,FY,0.9798117280006409,0.9795770049095154,0.9793046712875366,27,0.6585365853658537,27,2,28,0.42033218465200284,0.3550857603549957
00294_H_A_SY_C6,1,1,SY,0.979967474937439,0.9797571301460266,0.9795128107070923,27,0.6585365853658537,27,0,26,0.400227724778943,0.3299020528793335
00296_H_A_N_C8,0,0,N,0.533086895942688,0.5077784657478333,0.4492088258266449,2,0.04878048780487805,2,17,18,0.49431688393034584,0.4049707055091858
00297_H_A_FY_C5,1,1,FY,0.9722073078155518,0.9715939164161682,0.9706602096557617,18,0.43902439024390244,18,23,40,0.4232934328114114,0.39205604791641235
00298_H_A_SY_C7,1,1,SY,0.978886067867279,0.9786137938499451,0.9782231450080872,26,0.6341463414634146,26,9,34,0.4195750573786294,0.3963088095188141
00301_H_A_FY_C5,1,1,FY,0.9758051037788391,0.9755763411521912,0.9750738143920898,13,0.3170731707317073,13,0,12,0.3053062659938161,0.25153934955596924
00303_H_A_FY_C5,1,0,FY,0.5681747794151306,0.534322202205658,0.5098352432250977,2,0.04878048780487805,2,6,7,0.5167893432989353,0.4629676043987274
00303_H_A_FY_C8,1,0,FY,0.5486188530921936,0.5158824324607849,0.5036925673484802,1,0.024390243902439025,1,5,5,0.5028078686900255,0.3830471336841583
00306_H_A_N_C5,0,1,N,0.6935113072395325,0.6316726207733154,0.6093502640724182,6,0.14634146341463414,3,0,16,0.3945456946768412,0.35456767678260803
00307_H_A_BY_C5,1,1,BY,0.9796202778816223,0.9795255661010742,0.9792554974555969,25,0.6097560975609756,25,4,28,0.3608442973799822,0.3104531466960907
00308_H_A_SY_C7,1,1,SY,0.981360673904419,0.9812154769897461,0.9810808300971985,27,0.6585365853658537,27,3,29,0.4567155096589065,0.40042296051979065
00309_H_A_N_C5,0,0,N,0.35010001063346863,0.3128253221511841,0.29340723156929016,0,0.0,0,-1,-1,0.3787604214214697,0.3624393045902252
00309_H_A_N_C6,0,0,N,0.33946144580841064,0.309011846780777,0.2795931100845337,0,0.0,0,-1,-1,0.4897177226659728,0.41725295782089233
00311_H_A_SY_C8,1,1,SY,0.9794614315032959,0.9791319966316223,0.9788066744804382,27,0.6585365853658537,27,0,26,0.5017431589161477,0.4401986002922058
00312_H_A_BY_C6,1,1,BY,0.9804243445396423,0.9803188443183899,0.9800770878791809,20,0.4878048780487805,20,0,19,0.43316155454007593,0.40566113591194153
00314_H_A_N_C6,0,0,N,0.2855469584465027,0.27264174818992615,0.26188987493515015,0,0.0,0,-1,-1,0.4711913495528989,0.4175799787044525
00314_H_A_N_C7,0,0,N,0.2640160322189331,0.2517003118991852,0.24045193195343018,0,0.0,0,-1,-1,0.47070031558595055,0.4199475944042206
00315_H_A_FY_C6,1,1,FY,0.9770307540893555,0.9768159985542297,0.9763110876083374,25,0.6097560975609756,25,16,40,0.5410142511856265,0.506389856338501
00317_H_A_BY_C7,1,1,BY,0.9768690466880798,0.9763803482055664,0.9759929776191711,22,0.5365853658536586,22,0,21,0.5271642324401111,0.4969958961009979
00317_H_A_BY_C8,1,1,BY,0.9797618389129639,0.9794468283653259,0.9788223505020142,24,0.5853658536585366,24,0,23,0.39674848172722793,0.3529664874076843
00318_H_A_N_C8,0,0,N,0.3332901895046234,0.30911633372306824,0.29995396733283997,0,0.0,0,-1,-1,0.3661194211099206,0.30033156275749207
00319_H_A_FY_C8,1,1,FY,0.9789985418319702,0.9777087569236755,0.9765100479125977,26,0.6341463414634146,26,10,35,0.4964109012266485,0.3854294717311859
00320_H_A_SY_C6,1,1,SY,0.9805594682693481,0.9804646372795105,0.9801684617996216,27,0.6585365853658537,27,7,33,0.5389868893274447,0.3716660439968109
00321_H_A_BY_C5,1,1,BY,0.7358736991882324,0.732862651348114,0.7258285284042358,13,0.3170731707317073,10,24,40,0.41230279788738344,0.25963565707206726
00321_H_A_BY_C6,1,1,BY,0.9263409972190857,0.9232556223869324,0.91371089220047,15,0.36585365853658536,15,26,40,0.5484727642885069,0.495699405670166
00322_H_A_N_C8,0,0,N,0.3545495867729187,0.3461573123931885,0.34242406487464905,0,0.0,0,-1,-1,0.4932440141352212,0.4699019193649292
00325_H_A_BY_C5,1,1,BY,0.9677730202674866,0.9673793911933899,0.9665781855583191,24,0.5853658536585366,24,17,40,0.40067228238757063,0.25793159008026123
00326_H_A_N_C5,0,0,N,0.2598840594291687,0.2392306923866272,0.22925689816474915,0,0.0,0,-1,-1,0.34226651089947396,0.2993711233139038
00326_H_A_N_C6,0,0,N,0.3981143534183502,0.35660019516944885,0.31497517228126526,0,0.0,0,-1,-1,0.4380729758157963,0.412634015083313
00326_H_A_N_C7,0,0,N,0.3162825405597687,0.3087442219257355,0.304941326379776,0,0.0,0,-1,-1,0.5157375895395512,0.49004989862442017
00326_H_A_N_C8,0,0,N,0.4564840793609619,0.4066029489040375,0.3787038326263428,0,0.0,0,-1,-1,0.44806937546264836,0.40260323882102966
00328_H_A_SY_C7,1,1,SY,0.9807507991790771,0.9806197285652161,0.9802905917167664,25,0.6097560975609756,25,0,24,0.47124601210035927,0.3768051564693451
00328_H_A_SY_C8,1,1,SY,0.9787362217903137,0.9786108136177063,0.9784610867500305,24,0.5853658536585366,24,0,23,0.3191629898984258,0.20299921929836273
00332_H_A_SY_C6,1,1,SY,0.9763392210006714,0.9760627746582031,0.9755369424819946,26,0.6341463414634146,26,15,40,0.438048565533103,0.4050042927265167
00332_H_A_SY_C7,1,1,SY,0.980535626411438,0.980276882648468,0.9797792434692383,26,0.6341463414634146,26,15,40,0.4788997834775506,0.3832910358905792
00333_H_A_BY_C7,1,1,BY,0.9783249497413635,0.977454423904419,0.9770829081535339,14,0.34146341463414637,14,27,40,0.55461245557157,0.45937496423721313
00334_H_A_N_C5,0,0,N,0.4140893816947937,0.3721541464328766,0.3483777940273285,0,0.0,0,-1,-1,0.3924091654579814,0.35810720920562744
00335_H_A_FY_C5,1,1,FY,0.9767783880233765,0.9764728546142578,0.9762832522392273,24,0.5853658536585366,24,0,23,0.31518533898562917,0.26440268754959106
00336_H_A_BY_C7,1,0,BY,0.5493906736373901,0.5120513439178467,0.4967311918735504,1,0.024390243902439025,1,6,6,0.38756506254033346,0.3401731848716736
00336_H_A_BY_C8,1,1,BY,0.8616383671760559,0.8472647666931152,0.8427184820175171,23,0.5609756097560976,19,3,38,0.45552434645048,0.41498538851737976
00337_H_A_FY_C5,1,1,FY,0.6756662726402283,0.6513012051582336,0.6362279653549194,15,0.36585365853658536,10,8,23,0.4204752001820541,0.3599838316440582
00337_H_A_FY_C8,1,0,FY,0.5002560019493103,0.495635062456131,0.48983877897262573,0,0.0,0,-1,-1,0.46519584990129237,0.4126676321029663
00338_H_A_SY_C5,1,1,SY,0.8919355273246765,0.8877946734428406,0.8824335932731628,17,0.4146341463414634,14,0,40,0.43745431303977966,0.38077327609062195
00338_H_A_SY_C6,1,1,SY,0.971213698387146,0.9706518054008484,0.9695029258728027,18,0.43902439024390244,16,0,40,0.4069877819317143,0.3755643963813782
00339_H_A_BY_C6,1,1,BY,0.8046914935112,0.7991895079612732,0.7900704741477966,22,0.5365853658536586,22,10,31,0.4080097915195837,0.34211090207099915
00341_H_A_SY_C7,1,1,SY,0.9790130853652954,0.9789786338806152,0.9786125421524048,20,0.4878048780487805,20,21,40,0.5305938262765001,0.47120267152786255
00341_H_A_SY_C8,1,1,SY,0.9754422307014465,0.9752745628356934,0.9750118255615234,22,0.5365853658536586,22,19,40,0.4417229701833027,0.3691112995147705
00344_H_A_BY_C6,1,1,BY,0.9755997657775879,0.9753365516662598,0.9749264717102051,15,0.36585365853658536,15,0,14,0.531783731972299,0.46819406747817993
00345_H_A_N_C5,0,0,N,0.18693280220031738,0.18593525886535645,0.18345387279987335,0,0.0,0,-1,-1,0.38470445682362814,0.36217254400253296
00346_H_A_N_C7,0,1,N,0.7448123097419739,0.7074626088142395,0.6583226919174194,5,0.12195121951219512,5,0,4,0.44012791209104585,0.4004935920238495
00346_H_A_N_C8,0,0,N,0.5211755037307739,0.49773386120796204,0.47686967253685,0,0.0,0,-1,-1,0.3957952842479799,0.3015948534011841
00432_H_A_SY_C5,1,1,SY,0.979739248752594,0.9795805811882019,0.9792877435684204,24,0.5853658536585366,24,3,26,0.426597114743256,0.3384034335613251
00435_H_A_FY_C5,1,1,FY,0.9761880040168762,0.9757642149925232,0.9742699861526489,12,0.2926829268292683,12,0,11,0.4971759995309318,0.39206454157829285
00435_H_A_FY_C8,1,1,FY,0.9751641750335693,0.9740895628929138,0.972547709941864,13,0.3170731707317073,13,0,12,0.34466267286277397,0.32704585790634155
00436_H_A_BY_C6,1,1,BY,0.9745472073554993,0.9736422896385193,0.9732176065444946,14,0.34146341463414637,14,0,13,0.5132446986872975,0.4484248757362366
00439_H_A_FY_C7,1,1,FY,0.9781180024147034,0.9779253005981445,0.9777783155441284,25,0.6097560975609756,25,1,25,0.5856421270021578,0.5073883533477783
00442_H_A_BY_C6,1,1,BY,0.9709557294845581,0.9707286953926086,0.9700258374214172,14,0.34146341463414637,14,0,13,0.3546849060349348,0.2967686057090759
00442_H_A_BY_C8,1,1,BY,0.9768912196159363,0.9763634204864502,0.975836455821991,16,0.3902439024390244,16,0,15,0.39825391042523267,0.34824520349502563
00445_H_A_FY_C8,1,1,FY,0.9164532423019409,0.9134728312492371,0.8881510496139526,6,0.14634146341463414,6,0,5,0.16901017943533456,0.14595618844032288
00447_H_A_FY_C7,1,1,FY,0.9773266911506653,0.9767799377441406,0.9758841395378113,27,0.6585365853658537,27,2,28,0.6625956733052324,0.6066224575042725
00447_H_A_FY_C8,1,1,FY,0.9747790098190308,0.9728077054023743,0.9709175229072571,25,0.6097560975609756,25,3,27,0.410651304372927,0.35707491636276245
00451_H_A_FY_C6,1,1,FY,0.9601693749427795,0.9600964188575745,0.9597198367118835,19,0.4634146341463415,19,0,18,0.3485897575936666,0.2882366478443146
00461_H_A_FY_C5,1,1,FY,0.9399451017379761,0.9397223591804504,0.9381712675094604,23,0.5609756097560976,23,0,22,0.27262352734077266,0.23806315660476685
00461_H_A_FY_C8,1,1,FY,0.9186988472938538,0.9162458777427673,0.9135147929191589,18,0.43902439024390244,18,0,17,0.2849183976650238,0.21389254927635193
00462_H_A_BY_C5,1,1,BY,0.9495817422866821,0.9439001083374023,0.9301151037216187,17,0.4146341463414634,17,0,16,0.25814107787318347,0.22852422297000885
00464_H_A_SY_C5,1,1,SY,0.9788490533828735,0.9787610173225403,0.9786363840103149,22,0.5365853658536586,22,0,21,0.2935557899678626,0.20397965610027313
00465_H_A_BY_C5,1,1,BY,0.9783114790916443,0.9782264232635498,0.9779995083808899,26,0.6341463414634146,26,0,25,0.3579081605847289,0.24789966642856598
00466_H_A_N_C8,0,0,N,0.2330578714609146,0.21445651352405548,0.19967660307884216,0,0.0,0,-1,-1,0.525613876377664,0.45157259702682495
00467_H_A_FY_C7,1,1,FY,0.9787636995315552,0.9784317016601562,0.9778966903686523,25,0.6097560975609756,25,0,24,0.5341420551625694,0.49949678778648376
00469_H_A_BY_C6,1,0,BY,0.4248824417591095,0.3752553164958954,0.33477267622947693,0,0.0,0,-1,-1,0.41528137718758934,0.38304421305656433
00474_H_A_BY_C5,1,0,BY,0.6623806953430176,0.5152053236961365,0.4440535604953766,1,0.024390243902439025,1,0,0,0.3990230603915889,0.34682270884513855
00474_H_A_BY_C7,1,1,BY,0.7382042407989502,0.6730377078056335,0.6167107820510864,4,0.0975609756097561,4,0,3,0.46227417777224283,0.40844184160232544
00475_H_A_FY_C7,1,1,FY,0.9762643575668335,0.9756388664245605,0.9746701121330261,14,0.34146341463414637,14,0,13,0.4858059345222101,0.44228023290634155
00476_H_A_BY_C8,1,1,BY,0.9443908929824829,0.934343159198761,0.8999108076095581,10,0.24390243902439024,6,0,19,0.280708669525821,0.18974313139915466
00477_H_A_FY_C6,1,1,FY,0.9701383709907532,0.9699323773384094,0.9681801795959473,11,0.2682926829268293,11,0,10,0.25264661922687437,0.2240687906742096
00478_H_A_BY_C8,1,1,BY,0.9428779482841492,0.8938040733337402,0.8105341792106628,5,0.12195121951219512,5,0,4,0.5561228350895208,0.3147348165512085
00480_H_A_BY_C5,1,1,BY,0.8319674730300903,0.6655527353286743,0.6007938385009766,4,0.0975609756097561,4,0,3,0.6020425565359069,0.47629818320274353
00480_H_A_BY_C6,1,1,BY,0.9568572640419006,0.8862287402153015,0.770804226398468,5,0.12195121951219512,5,0,4,0.31864339949154274,0.17683185636997223
00482_H_A_BY_C8,1,1,BY,0.9356072545051575,0.8564313054084778,0.6938161849975586,3,0.07317073170731707,3,0,2,0.32091656836067756,0.30229341983795166
00483_H_D_FY_C6,1,1,FY,0.9759114384651184,0.9757726192474365,0.9754171371459961,23,0.5609756097560976,23,7,29,0.35742952765488045,0.2893441915512085
00484_H_D_SY_C6,1,1,SY,0.9767449498176575,0.9765755534172058,0.9762625694274902,25,0.6097560975609756,25,7,31,0.34427568098393885,0.271506667137146
00486_H_D_N_C8,0,0,N,0.3962506949901581,0.3772810399532318,0.3392946720123291,0,0.0,0,-1,-1,0.4882749558948889,0.46533551812171936
00487_H_D_FY_C7,1,1,FY,0.976042628288269,0.9759233593940735,0.975594699382782,25,0.6097560975609756,25,5,29,0.5150527910488408,0.32410019636154175
00487_H_D_FY_C8,1,1,FY,0.9504911303520203,0.948712170124054,0.9473835229873657,24,0.5853658536585366,24,6,29,0.362019213597949,0.19636599719524384
00488_H_D_SY_C6,1,1,SY,0.9393889307975769,0.9385516047477722,0.9380658864974976,22,0.5365853658536586,22,0,21,0.28397017353918497,0.1678018420934677
00491_H_D_N_C5,0,0,N,0.19390158355236053,0.19251210987567902,0.192009836435318,0,0.0,0,-1,-1,0.4234525648559012,0.41219884157180786
00491_H_D_N_C6,0,0,N,0.17844456434249878,0.17503370344638824,0.17168816924095154,0,0.0,0,-1,-1,0.42233031552012373,0.40640127658843994
00491_H_D_N_C7,0,0,N,0.23595625162124634,0.22958765923976898,0.2219829261302948,0,0.0,0,-1,-1,0.6028073168382412,0.5697341561317444
00493_H_D_SY_C6,1,1,SY,0.9791151285171509,0.9790347218513489,0.9788514375686646,21,0.5121951219512195,21,0,20,0.322487382627115,0.26499149203300476
00497_H_D_SY_C6,1,1,SY,0.9801676273345947,0.9800998568534851,0.9800060987472534,25,0.6097560975609756,25,0,24,0.319612080731043,0.1728903353214264
00502_H_D_BY_C5,1,1,BY,0.9765700697898865,0.976230800151825,0.9758380055427551,22,0.5365853658536586,22,0,21,0.39755202793493505,0.3420613706111908
00504_H_D_N_C5,0,0,N,0.2758394777774811,0.2563760280609131,0.24861140549182892,0,0.0,0,-1,-1,0.4919514016407292,0.4488820433616638
00504_H_D_N_C6,0,0,N,0.18407902121543884,0.1771511286497116,0.1745154857635498,0,0.0,0,-1,-1,0.4582535413707175,0.4036542773246765
00506_H_D_SY_C8,1,1,SY,0.9683685898780823,0.9670787453651428,0.9666863679885864,24,0.5853658536585366,24,0,23,0.3471909645127087,0.28316304087638855
00509_H_D_N_C8,0,0,N,0.16057249903678894,0.1594344824552536,0.15853241086006165,0,0.0,0,-1,-1,0.5438547570530962,0.49317067861557007
00510_H_D_FY_C5,1,1,FY,0.9761880040168762,0.975895881652832,0.9749070405960083,24,0.5853658536585366,24,2,25,0.4752454292483446,0.41030153632164
00510_H_D_FY_C7,1,1,FY,0.9762211441993713,0.976186990737915,0.9760180711746216,25,0.6097560975609756,25,1,25,0.3615462925375962,0.29055434465408325
00511_H_D_SY_C5,1,1,SY,0.9769676923751831,0.9762652516365051,0.975437343120575,17,0.4146341463414634,17,0,16,0.45515645786029535,0.3267982602119446
00511_H_D_SY_C8,1,1,SY,0.9766876101493835,0.975888729095459,0.9754325747489929,19,0.4634146341463415,19,0,18,0.5988261350771276,0.5304359793663025
00512_H_D_BY_C5,1,1,BY,0.9793484210968018,0.979090690612793,0.9785312414169312,18,0.43902439024390244,18,0,17,0.4355500529452068,0.40283676981925964
00515_H_D_SY_C5,1,0,SY,0.45315423607826233,0.42757275700569153,0.4187212884426117,0,0.0,0,-1,-1,0.31380420050969937,0.2905699908733368
00518_H_D_FY_C8,1,1,FY,0.9790279269218445,0.9771018624305725,0.9753221273422241,17,0.4146341463414634,17,0,16,0.47922854597975567,0.4341530203819275
00520_H_D_BY_C5,1,1,BY,0.7983047366142273,0.7852828502655029,0.7722908854484558,22,0.5365853658536586,22,0,21,0.39138104930156614,0.3028773367404938
00521_H_D_N_C5,0,0,N,0.4780239164829254,0.45520639419555664,0.403128445148468,0,0.0,0,-1,-1,0.35749876571864614,0.28126275539398193
00521_H_D_N_C7,0,0,N,0.18846356868743896,0.1806112378835678,0.17182287573814392,0,0.0,0,-1,-1,0.434549719822116,0.36414772272109985
00522_H_D_FY_C6,1,1,FY,0.9723172783851624,0.9695765376091003,0.9380901455879211,9,0.21951219512195122,8,0,18,0.3284392872961556,0.24529528617858887
00526_H_D_FY_C7,1,1,FY,0.9740992784500122,0.9735228419303894,0.9729339480400085,19,0.4634146341463415,19,0,18,0.4272944600116916,0.3120943605899811
00529_H_D_N_C6,0,0,N,0.4448006749153137,0.4407065808773041,0.43365901708602905,0,0.0,0,-1,-1,0.2594473590938056,0.23811660706996918
00529_H_D_N_C7,0,1,N,0.613918125629425,0.6041100025177002,0.5897672176361084,9,0.21951219512195122,6,0,9,0.5056028867640147,0.4552224576473236
00532_H_D_BY_C5,1,1,BY,0.9756726622581482,0.9749962687492371,0.9741717576980591,22,0.5365853658536586,22,0,21,0.36148013428943915,0.3236173987388611
00533_H_D_N_C7,0,1,N,0.9115926027297974,0.8445736765861511,0.7774726152420044,8,0.1951219512195122,4,0,18,0.549326570295706,0.4841371178627014
00538_H_D_N_C8,0,0,N,0.49551284313201904,0.43032073974609375,0.4078647494316101,0,0.0,0,-1,-1,0.5751114603949756,0.4391942322254181
00543_H_D_N_C6,0,0,N,0.53269362449646,0.5260975360870361,0.5187793970108032,2,0.04878048780487805,2,16,17,0.1887770843941991,0.12558534741401672
00545_H_D_SY_C8,1,1,SY,0.9787169098854065,0.9786673188209534,0.9784089922904968,25,0.6097560975609756,25,1,25,0.3735832681016224,0.18254832923412323
00547_H_D_N_C5,0,0,N,0.3660237789154053,0.3350684642791748,0.30552640557289124,0,0.0,0,-1,-1,0.37103058579491405,0.35651981830596924
00547_H_D_N_C8,0,0,N,0.23683126270771027,0.1923292726278305,0.17871232330799103,0,0.0,0,-1,-1,0.5962110510686549,0.5768536925315857
00548_H_D_FY_C5,1,1,FY,0.7810977697372437,0.7311286926269531,0.7064623832702637,13,0.3170731707317073,9,6,40,0.3374202120594862,0.26035481691360474
00549_H_D_SY_C5,1,1,SY,0.7588039636611938,0.7445042729377747,0.7166496515274048,14,0.34146341463414637,14,0,13,0.3188762737483513,0.24694614112377167
00551_H_D_N_C5,0,1,N,0.6872844099998474,0.6689438223838806,0.6283301115036011,4,0.0975609756097561,4,15,18,0.379369929069426,0.2923106253147125
00551_H_D_N_C6,0,0,N,0.5721985101699829,0.4440307915210724,0.40170902013778687,1,0.024390243902439025,1,0,0,0.3544356728472361,0.2780001759529114
00551_H_D_N_C8,0,0,N,0.4277046024799347,0.42564404010772705,0.4213869571685791,0,0.0,0,-1,-1,0.3419861146589605,0.2882940471172333
00552_H_D_FY_C8,1,1,FY,0.9678249359130859,0.9674854278564453,0.965899646282196,12,0.2926829268292683,12,0,11,0.46512627819689306,0.37541893124580383
00553_H_D_SY_C5,1,1,SY,0.8724931478500366,0.864650547504425,0.8601311445236206,23,0.5609756097560976,23,4,26,0.41529665196814186,0.32886794209480286
00553_H_D_SY_C6,1,1,SY,0.9686098694801331,0.9677696824073792,0.9648690223693848,25,0.6097560975609756,25,2,26,0.393862734480602,0.3576330542564392
00561_H_D_FY_C6,1,1,FY,0.7420036792755127,0.7352678775787354,0.7243392467498779,15,0.36585365853658536,15,0,14,0.3054408343826852,0.2782885730266571
00561_H_D_FY_C7,1,1,FY,0.601410448551178,0.5908227562904358,0.5791736841201782,7,0.17073170731707318,5,8,31,0.28964617230543277,0.22868989408016205
00564_H_D_N_C6,0,0,N,0.19100810587406158,0.18068701028823853,0.17131391167640686,0,0.0,0,-1,-1,0.21451200145046886,0.16509006917476654
00567_H_D_SY_C5,1,1,SY,0.7721474170684814,0.7167224287986755,0.6813653707504272,9,0.21951219512195122,7,0,13,0.389962779312599,0.3337576687335968
00567_H_D_SY_C6,1,1,SY,0.9504725933074951,0.9467213749885559,0.8751373291015625,5,0.12195121951219512,5,0,4,0.3280854392342451,0.2722473442554474
00567_H_D_SY_C7,1,0,SY,0.7417125105857849,0.6101691126823425,0.5692139863967896,4,0.0975609756097561,2,0,22,0.2872366825254952,0.19344821572303772
00567_H_D_SY_C8,1,1,SY,0.9728496074676514,0.970991313457489,0.9472501873970032,6,0.14634146341463414,6,0,5,0.4650864463026931,0.42735832929611206
00568_H_D_BY_C6,1,1,BY,0.9627318382263184,0.9618269801139832,0.9605466723442078,21,0.5121951219512195,21,0,20,0.46489304958320243,0.4088815450668335
00569_H_D_N_C5,0,0,N,0.3625909686088562,0.33993950486183167,0.323709636926651,0,0.0,0,-1,-1,0.36771400091124745,0.3203291594982147
00570_H_D_FY_C8,1,1,FY,0.8711915016174316,0.8652649521827698,0.8578303456306458,16,0.3902439024390244,16,0,15,0.4353142780501668,0.37619102001190186
00576_H_D_BY_C7,1,1,BY,0.9741807579994202,0.9739284515380859,0.972981333732605,23,0.5609756097560976,21,0,24,0.4343019207803214,0.34630340337753296
00579_H_D_SY_C5,1,1,SY,0.9752276539802551,0.9751750826835632,0.9749871492385864,26,0.6341463414634146,26,2,27,0.34049849902711266,0.28296399116516113
00579_H_D_SY_C6,1,1,SY,0.9723880290985107,0.9718433022499084,0.9713523983955383,26,0.6341463414634146,26,1,26,0.35482236379530374,0.2659625709056854
00579_H_D_SY_C7,1,1,SY,0.970442533493042,0.9696603417396545,0.9684776067733765,22,0.5365853658536586,22,1,22,0.31239016245051127,0.17523686587810516
00579_H_D_SY_C8,1,0,SY,0.44324544072151184,0.42931434512138367,0.41957181692123413,0,0.0,0,-1,-1,0.5893926983926354,0.42643436789512634
00581_H_D_N_C7,0,0,N,0.3224475681781769,0.3145521879196167,0.3105619549751282,0,0.0,0,-1,-1,0.5203196355482427,0.49637138843536377
00582_H_D_N_C5,0,0,N,0.16186590492725372,0.16038493812084198,0.1587006151676178,0,0.0,0,-1,-1,0.448814274334326,0.4305065870285034
00583_H_D_FY_C7,1,1,FY,0.9768871665000916,0.976331889629364,0.975885272026062,22,0.5365853658536586,22,0,21,0.5042135068556157,0.48932114243507385
00587_H_D_FY_C5,1,1,FY,0.6885411739349365,0.6754406094551086,0.6654560565948486,22,0.5365853658536586,18,4,35,0.4357373750791317,0.3636583983898163
00587_H_D_FY_C8,1,1,FY,0.7508788108825684,0.7432034015655518,0.7374529838562012,24,0.5853658536585366,24,8,31,0.3215676328031028,0.21744884550571442
00588_H_D_SY_C7,1,1,SY,0.9643423557281494,0.9622108340263367,0.9594392776489258,29,0.7073170731707317,29,0,28,0.43434787014635595,0.33492377400398254
00590_H_D_N_C7,0,0,N,0.3284398019313812,0.3054385483264923,0.291148841381073,0,0.0,0,-1,-1,0.5227059213126578,0.4893069863319397
00595_H_D_N_C5,0,0,N,0.17535054683685303,0.17141032218933105,0.16925504803657532,0,0.0,0,-1,-1,0.40303386856869955,0.3868977129459381
00596_H_D_FY_C6,1,1,FY,0.6488153338432312,0.6384957432746887,0.6267364025115967,19,0.4634146341463415,19,12,30,0.31102661025233386,0.23731011152267456
00596_H_D_FY_C8,1,1,FY,0.9685368537902832,0.9672569632530212,0.9662727117538452,23,0.5609756097560976,23,0,22,0.27986398266582957,0.16367611289024353
00599_H_D_N_C7,0,1,N,0.5942034721374512,0.5925296545028687,0.5896279811859131,12,0.2926829268292683,11,26,38,0.3286307134279391,0.17344102263450623
00599_H_D_N_C8,0,0,N,0.33187335729599,0.30320292711257935,0.2764988839626312,0,0.0,0,-1,-1,0.5555730767366363,0.48296213150024414
00600_H_D_N_C8,0,0,N,0.23102602362632751,0.2208302766084671,0.21633891761302948,0,0.0,0,-1,-1,0.49307778841111716,0.4518379271030426
00602_H_D_SY_C6,1,1,SY,0.7948243618011475,0.7886867523193359,0.7837010025978088,21,0.5121951219512195,17,9,31,0.3162086169894149,0.2633219063282013
00603_H_D_BY_C7,1,1,BY,0.9761843681335449,0.9746303558349609,0.9727364778518677,23,0.5609756097560976,23,0,22,0.310278297560971,0.16273623704910278
00605_H_D_FY_C5,1,1,FY,0.8392412066459656,0.8086209893226624,0.7972428798675537,20,0.4878048780487805,20,1,20,0.2915459427891708,0.09151296317577362
00609_H_D_FY_C5,1,1,FY,0.921738862991333,0.9093301892280579,0.8997701406478882,24,0.5853658536585366,23,0,30,0.4884317291945946,0.3672812581062317
00609_H_D_FY_C6,1,1,FY,0.9657671451568604,0.9626441597938538,0.959957480430603,26,0.6341463414634146,25,0,28,0.40123449229612584,0.3568636476993561
00610_H_D_SY_C6,1,1,SY,0.8150952458381653,0.7934654355049133,0.7794647216796875,26,0.6341463414634146,26,6,31,0.2953601668520672,0.20590095221996307
00610_H_D_SY_C8,1,1,SY,0.7300794720649719,0.7228671908378601,0.7171300649642944,14,0.34146341463414637,14,7,20,0.4159761979812529,0.33451318740844727
00611_H_D_BY_C5,1,1,BY,0.9713355302810669,0.9705052375793457,0.9697628021240234,24,0.5853658536585366,24,4,27,0.3833392146157055,0.3409734070301056
00612_H_D_N_C5,0,1,N,0.850999653339386,0.8481221795082092,0.8369091749191284,10,0.24390243902439024,10,0,9,0.419429031814017,0.3973449766635895
00613_H_D_N_C7,0,0,N,0.46193915605545044,0.4305481016635895,0.40998902916908264,0,0.0,0,-1,-1,0.48736183381662135,0.302348256111145
00614_H_D_FY_C8,1,1,FY,0.6065731048583984,0.5821715593338013,0.5706985592842102,10,0.24390243902439024,9,0,10,0.4128778889411833,0.386918306350708
00616_H_D_BY_C5,1,1,BY,0.8036155104637146,0.687465250492096,0.6030623316764832,3,0.07317073170731707,3,0,2,0.49808701218628304,0.4623117744922638
00617_H_D_N_C8,0,0,N,0.2700209617614746,0.24037712812423706,0.22521892189979553,0,0.0,0,-1,-1,0.5026267846909965,0.4080111086368561
00619_H_D_FY_C5,1,1,FY,0.976054310798645,0.9757685661315918,0.9754621386528015,17,0.4146341463414634,17,24,40,0.445957700653774,0.4192519783973694
00620_H_D_SY_C7,1,1,SY,0.9769930839538574,0.9769231677055359,0.9768104553222656,17,0.4146341463414634,17,24,40,0.34022793028412796,0.28585192561149597
00621_H_D_BY_C5,1,1,BY,0.9701177477836609,0.9694874286651611,0.9684444665908813,15,0.36585365853658536,15,26,40,0.3979745078377607,0.3469794690608978
00621_H_D_BY_C6,1,1,BY,0.9593232274055481,0.9513394236564636,0.948341965675354,15,0.36585365853658536,15,26,40,0.3855359052739492,0.3568398356437683
00626_H_D_FY_C7,1,1,FY,0.7705568075180054,0.7521312832832336,0.736323356628418,17,0.4146341463414634,17,22,38,0.3812034366334357,0.13118383288383484
00627_H_D_BY_C5,1,1,BY,0.8834435343742371,0.8830093741416931,0.8818652033805847,14,0.34146341463414637,14,27,40,0.3945380300283432,0.2277662456035614
00631_H_D_BY_C6,1,1,BY,0.8710323572158813,0.863409698009491,0.8507387042045593,24,0.5853658536585366,23,9,33,0.2989433415052367,0.20249426364898682
00632_H_D_FY_C5,1,1,FY,0.8969627022743225,0.894148051738739,0.8908703923225403,26,0.6341463414634146,25,1,29,0.32366736487644476,0.2881779074668884
00633_H_D_BY_C5,1,1,BY,0.8761997222900391,0.8744861483573914,0.8729548454284668,26,0.6341463414634146,19,0,38,0.31602074532974056,0.24077215790748596
00634_H_D_FY_C5,1,1,FY,0.9134997725486755,0.9110507965087891,0.9073015451431274,19,0.4634146341463415,19,20,38,0.3681459670386663,0.1997562199831009
00636_H_D_FY_C6,1,1,FY,0.9765675663948059,0.9760826230049133,0.9753923416137695,25,0.6097560975609756,25,0,24,0.5488352761036013,0.5209683179855347
00637_H_D_BY_C6,1,1,BY,0.97421795129776,0.974025547504425,0.9736868143081665,25,0.6097560975609756,25,16,40,0.5128366838141185,0.3661605417728424
00637_H_D_BY_C8,1,1,BY,0.9755953550338745,0.9750805497169495,0.9735655784606934,26,0.6341463414634146,26,14,39,0.3409127683901205,0.23110009729862213
00638_H_D_FY_C8,1,1,FY,0.9588872194290161,0.9574069976806641,0.9530417323112488,13,0.3170731707317073,13,0,12,0.282512812352762,0.2069004625082016
00640_H_D_FY_C5,1,1,FY,0.9781576991081238,0.9780040383338928,0.9777054786682129,17,0.4146341463414634,17,0,16,0.2546422423385992,0.20662523806095123
00641_H_D_SY_C8,1,1,SY,0.8620359301567078,0.85052090883255,0.836320698261261,16,0.3902439024390244,15,1,33,0.33849914699065975,0.2813971936702728
00645_H_D_SY_C8,1,1,SY,0.6594070196151733,0.6224272847175598,0.5983666181564331,6,0.14634146341463414,3,0,37,0.31102844491237547,0.21829769015312195
00650_H_D_SY_C5,1,0,SY,0.27722829580307007,0.26497507095336914,0.26027578115463257,0,0.0,0,-1,-1,0.4627931365152685,0.4408351182937622
00651_H_D_BY_C5,1,1,BY,0.9663453102111816,0.9605904221534729,0.9343883395195007,7,0.17073170731707318,7,0,6,0.35727660685050777,0.33021652698516846
00651_H_D_BY_C7,1,1,BY,0.9758835434913635,0.9745545387268066,0.9605239033699036,7,0.17073170731707318,7,0,6,0.261935335106966,0.18812867999076843
00653_H_D_N_C6,0,0,N,0.5217142701148987,0.4692746698856354,0.4149167537689209,0,0.0,0,-1,-1,0.43813499735622874,0.3685379922389984
00653_H_D_N_C7,0,0,N,0.3382032513618469,0.3240303099155426,0.3052619993686676,0,0.0,0,-1,-1,0.4569672644138336,0.43399280309677124
00660_H_D_BY_C5,1,1,BY,0.9704920053482056,0.9696438908576965,0.9684421420097351,23,0.5609756097560976,23,3,25,0.36116880287484426,0.23693309724330902
00660_H_D_BY_C8,1,1,BY,0.9718862771987915,0.9717081189155579,0.9713134765625,23,0.5609756097560976,23,2,24,0.3350486769908812,0.15654298663139343
00664_H_D_BY_C6,1,1,BY,0.6560547351837158,0.6414269804954529,0.6298278570175171,13,0.3170731707317073,13,10,22,0.2578158465827384,0.1715610921382904
00664_H_D_BY_C7,1,1,BY,0.9556722640991211,0.9554280638694763,0.955152690410614,25,0.6097560975609756,25,0,24,0.2911695841608978,0.2318899780511856
00665_H_D_FY_C7,1,0,FY,0.5157586336135864,0.5110458731651306,0.5063413381576538,0,0.0,0,-1,-1,0.22119279442037024,0.1001434326171875
00666_H_D_BY_C8,1,1,BY,0.9663274884223938,0.9662721753120422,0.9659719467163086,23,0.5609756097560976,23,5,27,0.3402352723770025,0.10030549019575119
00667_H_D_FY_C6,1,1,FY,0.9791866540908813,0.9788486361503601,0.9787015914916992,24,0.5853658536585366,24,0,23,0.46623158818337973,0.3274885416030884
00668_H_D_BY_C7,1,1,BY,0.9703117609024048,0.9693930149078369,0.9681376218795776,24,0.5853658536585366,24,1,24,0.3473357565519286,0.23104506731033325
00669_H_D_FY_C5,1,1,FY,0.9744060635566711,0.9732141494750977,0.9717698097229004,23,0.5609756097560976,23,1,23,0.41564382576360936,0.3721259534358978
00669_H_D_FY_C6,1,1,FY,0.9746114015579224,0.9732122421264648,0.9718561172485352,23,0.5609756097560976,23,2,24,0.4098941727382381,0.384093314409256
00669_H_D_FY_C7,1,1,FY,0.922219455242157,0.9213247299194336,0.9194469451904297,21,0.5121951219512195,21,0,20,0.1827584214326812,0.12941797077655792
00672_H_D_BY_C5,1,1,BY,0.98084956407547,0.9805991649627686,0.9801864624023438,25,0.6097560975609756,25,4,28,0.41257529215114874,0.24043157696723938
00672_H_D_BY_C8,1,1,BY,0.9781133532524109,0.9780409932136536,0.9778660535812378,23,0.5609756097560976,23,3,25,0.31003909067409796,0.205904021859169
00675_H_D_FY_C5,1,1,FY,0.7344768047332764,0.6777687072753906,0.6145637035369873,4,0.0975609756097561,3,18,24,0.2880366935235698,0.1976347118616104
00677_H_D_BY_C6,1,1,BY,0.6511509418487549,0.6310356259346008,0.6262179613113403,13,0.3170731707317073,11,5,18,0.38886235908764166,0.3525504767894745
00679_H_D_FY_C5,1,1,FY,0.9310930967330933,0.9283795356750488,0.9268649816513062,20,0.4878048780487805,20,6,25,0.2581286066915931,0.16507859528064728
00681_H_D_FY_C5,1,1,FY,0.5953541398048401,0.5926616787910461,0.5861721038818359,10,0.24390243902439024,9,0,25,0.3160430214753965,0.26228854060173035
00681_H_D_FY_C6,1,1,FY,0.6055765151977539,0.5956202149391174,0.578996479511261,5,0.12195121951219512,5,19,23,0.3433030705626418,0.27046501636505127
00681_H_D_FY_C7,1,1,FY,0.9658573269844055,0.965204656124115,0.9642049074172974,20,0.4878048780487805,20,5,24,0.2646009227851542,0.14615291357040405
00685_H_D_FY_C8,1,1,FY,0.9775956869125366,0.9775411486625671,0.977288544178009,24,0.5853658536585366,24,3,26,0.5329908481458339,0.39424774050712585
00686_H_D_BY_C5,1,0,BY,0.579860270023346,0.5169658660888672,0.5001835823059082,1,0.024390243902439025,1,11,11,0.3083712175125029,0.22441641986370087
00690_H_D_N_C6,0,0,N,0.4572375416755676,0.4180912971496582,0.3647827208042145,0,0.0,0,-1,-1,0.3745884052137049,0.2673158347606659
00693_H_D_BY_C5,1,1,BY,0.9722703695297241,0.9714276194572449,0.9705055356025696,26,0.6341463414634146,26,3,28,0.3961087647007733,0.33304497599601746
00693_H_D_BY_C6,1,1,BY,0.9589091539382935,0.9506016373634338,0.9454863667488098,24,0.5853658536585366,24,4,27,0.34493382166071634,0.2892807424068451
00694_H_D_N_C5,0,0,N,0.39056435227394104,0.3854248821735382,0.3797800838947296,0,0.0,0,-1,-1,0.34666783562520653,0.27595657110214233
00696_H_D_FY_C7,1,1,FY,0.9783274531364441,0.9776050448417664,0.9767719507217407,21,0.5121951219512195,21,0,20,0.48130992927202365,0.43412449955940247
00697_H_D_SY_C7,1,1,SY,0.8835062384605408,0.8799903392791748,0.8745120167732239,21,0.5121951219512195,18,1,23,0.43768509422860497,0.2840224504470825
00699_H_D_N_C8,0,1,N,0.924618124961853,0.9203546643257141,0.9176491498947144,18,0.43902439024390244,18,3,20,0.3019520771212694,0.19463017582893372
00703_H_D_N_C6,0,0,N,0.4909602105617523,0.4353024661540985,0.4084424376487732,0,0.0,0,-1,-1,0.47434625029563904,0.28787174820899963
00704_H_D_FY_C6,1,1,FY,0.9044864177703857,0.886568009853363,0.8672107458114624,14,0.34146341463414637,14,0,13,0.37028823320458576,0.34033963084220886
00705_H_D_BY_C7,1,1,BY,0.9641577005386353,0.9585881233215332,0.9534503221511841,17,0.4146341463414634,17,0,16,0.481521973522698,0.42377740144729614
00707_H_D_BY_C6,1,1,BY,0.6788247227668762,0.6482314467430115,0.6033161878585815,4,0.0975609756097561,4,16,19,0.36875935153263373,0.3460681438446045
00709_H_D_BY_C5,1,1,BY,0.978681743144989,0.9781947731971741,0.9777666330337524,25,0.6097560975609756,25,0,24,0.4387515121843757,0.3298572897911072
00709_H_D_BY_C6,1,1,BY,0.9772650599479675,0.9759933352470398,0.974576473236084,24,0.5853658536585366,24,0,23,0.35532114709295876,0.259164422750473
00714_H_D_FY_C5,1,1,FY,0.71699059009552,0.6973320841789246,0.6837442517280579,17,0.4146341463414634,17,10,26,0.3851994057980979,0.2931478023529053
00714_H_D_FY_C7,1,1,FY,0.9171381592750549,0.9151807427406311,0.9104248285293579,23,0.5609756097560976,20,3,27,0.29207363252232715,0.19252270460128784
00717_H_D_BY_C7,1,1,BY,0.9802147150039673,0.9801608920097351,0.9800068140029907,28,0.6829268292682927,28,6,33,0.42505680569788307,0.389514297246933
00719_H_D_BY_C6,1,1,BY,0.9802844524383545,0.9801645278930664,0.9798662066459656,24,0.5853658536585366,24,5,28,0.5483427353021575,0.4918576180934906
00719_H_D_BY_C7,1,1,BY,0.9787197709083557,0.9785873889923096,0.9781129956245422,25,0.6097560975609756,25,3,27,0.4082631810409267,0.3446446657180786
00721_H_D_BY_C6,1,1,BY,0.9762187004089355,0.9758768081665039,0.9748470187187195,25,0.6097560975609756,25,6,30,0.3767767156042704,0.302773118019104
00721_H_D_BY_C7,1,1,BY,0.9802891612052917,0.9801236987113953,0.9797881841659546,28,0.6829268292682927,28,3,30,0.42792250470417303,0.2970679700374603
00722_H_D_FY_C5,1,1,FY,0.9786317348480225,0.978477418422699,0.9783108830451965,26,0.6341463414634146,26,2,27,0.4187741599431852,0.30381065607070923
00722_H_D_FY_C7,1,1,FY,0.9588574767112732,0.9576916694641113,0.9569417238235474,22,0.5365853658536586,22,2,23,0.31086849148680523,0.2335192859172821
00723_H_D_SY_C5,1,1,SY,0.9802520871162415,0.9801121354103088,0.9798917770385742,26,0.6341463414634146,26,0,25,0.3805991414843536,0.2142854481935501
00724_H_D_BY_C5,1,1,BY,0.9807008504867554,0.9805967211723328,0.9801715612411499,22,0.5365853658536586,22,0,21,0.31138730666986325,0.22300949692726135
00725_H_D_N_C5,0,0,N,0.4806567132472992,0.4615060091018677,0.43994230031967163,0,0.0,0,-1,-1,0.49418088430311624,0.45141854882240295
00726_H_D_FY_C5,1,1,FY,0.9780641794204712,0.9779658317565918,0.9777827262878418,26,0.6341463414634146,26,0,25,0.4445314291046887,0.37747904658317566
00727_H_D_SY_C7,1,1,SY,0.9801048636436462,0.9799845218658447,0.9797052145004272,28,0.6829268292682927,28,8,35,0.5889558588586202,0.5289856195449829
00729_H_D_N_C8,0,0,N,0.3567362129688263,0.312229186296463,0.2957286238670349,0,0.0,0,-1,-1,0.4637589745405244,0.40402454137802124
00731_H_D_FY_C7,1,1,FY,0.949039101600647,0.9478252530097961,0.9468277096748352,21,0.5121951219512195,21,11,31,0.2591659346731698,0.15335319936275482
00732_H_D_SY_C7,1,1,SY,0.9757249355316162,0.9749650359153748,0.974029541015625,25,0.6097560975609756,25,8,32,0.4431908486819849,0.35402095317840576
00733_H_D_BY_C5,1,1,BY,0.9795127511024475,0.9788190722465515,0.9785296320915222,25,0.6097560975609756,25,8,32,0.41128050990220977,0.27498719096183777
00735_H_D_FY_C6,1,1,FY,0.9802582263946533,0.9801997542381287,0.9798997044563293,28,0.6829268292682927,28,0,27,0.3588573300256962,0.23134765028953552
00736_H_D_SY_C5,1,1,SY,0.9806588888168335,0.980582058429718,0.9804738759994507,26,0.6341463414634146,26,2,27,0.30489504373655085,0.17079989612102509
00736_H_D_SY_C8,1,1,SY,0.7444704174995422,0.6995320916175842,0.665833592414856,12,0.2926829268292683,11,15,39,0.3340313376449957,0.2727060914039612
00737_H_D_BY_C8,1,1,BY,0.8986561894416809,0.8722019791603088,0.8402621150016785,21,0.5121951219512195,21,6,26,0.38576943118397783,0.36135804653167725
00739_H_D_FY_C6,1,1,FY,0.9757778644561768,0.9753518104553223,0.9733400344848633,25,0.6097560975609756,25,7,31,0.3897581282185345,0.35843294858932495
00741_H_D_FY_C5,1,1,FY,0.8670664429664612,0.8654690384864807,0.8628422617912292,20,0.4878048780487805,20,13,32,0.2761153527876226,0.14149613678455353
00745_O_E_FY_C7,1,1,FY,0.9768046736717224,0.9764317870140076,0.976024329662323,18,0.43902439024390244,18,0,17,0.5345259287008425,0.44914504885673523
00748_O_E_N_C5,0,0,N,0.2248811274766922,0.19556385278701782,0.18113619089126587,0,0.0,0,-1,-1,0.42017655765138023,0.4045647084712982
00749_O_E_FY_C7,1,1,FY,0.9646477699279785,0.9644907116889954,0.9637210965156555,19,0.4634146341463415,19,0,18,0.5610172879405138,0.5129570960998535
00750_O_E_BY_C8,1,1,BY,0.9793570041656494,0.9790146350860596,0.9785948991775513,20,0.4878048780487805,20,0,19,0.3340790533437962,0.30495068430900574
00751_O_E_N_C5,0,0,N,0.2993004024028778,0.26359808444976807,0.23975002765655518,0,0.0,0,-1,-1,0.5262433871990297,0.4868431091308594
00755_O_E_BY_C8,1,1,BY,0.9765465259552002,0.9761981964111328,0.9758783578872681,14,0.34146341463414637,14,0,13,0.22016217650436773,0.1735108643770218
00758_O_E_N_C7,0,0,N,0.32720762491226196,0.32557743787765503,0.3155633807182312,0,0.0,0,-1,-1,0.4389474530045579,0.3694324195384979
00759_O_E_FY_C7,1,1,FY,0.9637479782104492,0.9554926753044128,0.9163650274276733,7,0.17073170731707318,7,0,6,0.40530879032321093,0.37496066093444824
00761_O_E_N_C5,0,0,N,0.181745707988739,0.17284204065799713,0.16746219992637634,0,0.0,0,-1,-1,0.3834428205722716,0.3719082176685333
00761_O_E_N_C7,0,0,N,0.18879374861717224,0.18665258586406708,0.1848665028810501,0,0.0,0,-1,-1,0.40583292740147286,0.3430258631706238
00761_O_E_N_C8,0,0,N,0.19031839072704315,0.1871310919523239,0.18211735785007477,0,0.0,0,-1,-1,0.6569592909115117,0.5878209471702576
00762_O_E_N_C8,0,0,N,0.1944822072982788,0.17140613496303558,0.16452258825302124,0,0.0,0,-1,-1,0.5293621864260697,0.4540051817893982
00764_O_E_BY_C5,1,1,BY,0.8228867650032043,0.7760818600654602,0.6827775239944458,4,0.0975609756097561,4,0,3,0.22788944258922483,0.19170235097408295
00764_O_E_BY_C6,1,1,BY,0.9766238331794739,0.9764056205749512,0.9760149121284485,15,0.36585365853658536,15,0,14,0.39225088423345145,0.20360510051250458
00769_O_E_N_C7,0,0,N,0.12702812254428864,0.12180256843566895,0.11826839298009872,0,0.0,0,-1,-1,0.3252718157884551,0.28749385476112366
00772_O_E_FY_C6,1,1,FY,0.9585922360420227,0.8334383964538574,0.6843346953392029,3,0.07317073170731707,3,0,2,0.3996370892699172,0.33869239687919617
00774_O_E_N_C6,0,0,N,0.36728718876838684,0.3536207675933838,0.3341069519519806,0,0.0,0,-1,-1,0.42149905678702565,0.3905428647994995
00774_O_E_N_C7,0,0,N,0.3652018904685974,0.35397663712501526,0.3387189507484436,0,0.0,0,-1,-1,0.440910486186423,0.33702510595321655
00775_O_E_FY_C5,1,1,FY,0.9709219336509705,0.9696195125579834,0.96830815076828,17,0.4146341463414634,14,0,18,0.27385574506550303,0.2048700898885727
00776_O_E_BY_C6,1,1,BY,0.9805783033370972,0.9804204106330872,0.9801952242851257,18,0.43902439024390244,18,0,17,0.3729531038098219,0.2950243353843689
00777_O_E_N_C7,0,0,N,0.34483957290649414,0.33654069900512695,0.3160201907157898,0,0.0,0,-1,-1,0.467212504729992,0.4068000018596649
00781_O_E_N_C8,0,0,N,0.3116104304790497,0.3019174635410309,0.29781728982925415,0,0.0,0,-1,-1,0.4820542902481265,0.43109071254730225
00784_O_E_FY_C8,1,1,FY,0.9528781771659851,0.9491097331047058,0.9425517320632935,11,0.2682926829268293,11,0,10,0.38817191342028173,0.3122085928916931
00786_O_E_FY_C8,1,1,FY,0.8912292718887329,0.8822347521781921,0.8769456148147583,12,0.2926829268292683,12,0,11,0.34876132738299487,0.3156493008136749
00787_O_E_BY_C5,1,1,BY,0.9671667814254761,0.9671242833137512,0.9670388102531433,20,0.4878048780487805,20,0,19,0.39579135179519653,0.3795316517353058
00787_O_E_BY_C6,1,1,BY,0.7072228193283081,0.6974495053291321,0.6919601559638977,18,0.43902439024390244,18,0,17,0.31382702799831946,0.21057391166687012
00787_O_E_BY_C7,1,1,BY,0.966555655002594,0.964688241481781,0.9630537033081055,19,0.4634146341463415,19,0,18,0.3765284215531698,0.3270570635795593
00787_O_E_BY_C8,1,1,BY,0.9746299982070923,0.97430020570755,0.973904013633728,19,0.4634146341463415,19,0,18,0.5355887652897253,0.4749159812927246
00790_O_E_BY_C7,1,1,BY,0.9719035029411316,0.9694287776947021,0.9646121263504028,11,0.2682926829268293,11,0,10,0.5971192434066679,0.49152085185050964
00793_O_E_FY_C8,1,1,FY,0.9683360457420349,0.9678964018821716,0.967108428478241,13,0.3170731707317073,13,0,12,0.19992434978485107,0.15956807136535645
00794_O_E_BY_C7,1,1,BY,0.9796955585479736,0.9794465899467468,0.9789894819259644,16,0.3902439024390244,16,0,15,0.484193569276391,0.4388671815395355
00794_O_E_BY_C8,1,1,BY,0.8022798299789429,0.7935330271720886,0.7773971557617188,16,0.3902439024390244,16,0,15,0.21147325816677837,0.11198965460062027
00795_O_E_BY_C8,1,1,BY,0.8737103343009949,0.8685386180877686,0.8593180775642395,17,0.4146341463414634,17,0,16,0.39192527750643286,0.3665224611759186
00796_O_E_FY_C6,1,1,FY,0.9776625037193298,0.9767141342163086,0.9761086702346802,14,0.34146341463414637,14,0,13,0.4673323456834002,0.43177706003189087
00797_O_E_BY_C5,1,1,BY,0.9756887555122375,0.9747109413146973,0.973412036895752,20,0.4878048780487805,20,0,19,0.4562489085081147,0.41226425766944885
00797_O_E_BY_C6,1,1,BY,0.9748036861419678,0.973966121673584,0.9719621539115906,20,0.4878048780487805,20,0,19,0.4504739714831841,0.42685064673423767
00797_O_E_BY_C7,1,1,BY,0.9754653573036194,0.9737653732299805,0.9726778268814087,23,0.5609756097560976,23,0,22,0.4605811841604186,0.3947544991970062
00799_O_E_N_C6,0,0,N,0.20974236726760864,0.18287640810012817,0.17222188413143158,0,0.0,0,-1,-1,0.37485871082398947,0.35151320695877075
00799_O_E_N_C7,0,0,N,0.21156394481658936,0.21082164347171783,0.20877715945243835,0,0.0,0,-1,-1,0.38352595160647135,0.35019218921661377
00799_O_E_N_C8,0,0,N,0.14588604867458344,0.14164720475673676,0.14042849838733673,0,0.0,0,-1,-1,0.3871988450608602,0.31813016533851624
00802_O_E_BY_C6,1,1,BY,0.7698343992233276,0.7603392601013184,0.7564778327941895,14,0.34146341463414637,14,0,13,0.2669931003233282,0.24113495647907257
00803_O_E_N_C8,0,0,N,0.2453392893075943,0.23764671385288239,0.224507138133049,0,0.0,0,-1,-1,0.57871426387531,0.49803847074508667
00807_O_E_N_C5,0,0,N,0.18401886522769928,0.16446058452129364,0.15696600079536438,0,0.0,0,-1,-1,0.4399209771214462,0.43673375248908997
00807_O_E_N_C8,0,0,N,0.18505826592445374,0.17512328922748566,0.1722056120634079,0,0.0,0,-1,-1,0.44521824397691867,0.4392659366130829
00809_O_E_BY_C6,1,1,BY,0.959053635597229,0.9580693244934082,0.9574356079101562,14,0.34146341463414637,14,0,13,0.33628979325294495,0.2346569299697876
00809_O_E_BY_C7,1,1,BY,0.966742217540741,0.965813934803009,0.962796688079834,15,0.36585365853658536,15,0,14,0.39648445277679256,0.2552986145019531
00811_O_E_N_C7,0,0,N,0.17626574635505676,0.16930492222309113,0.15869140625,0,0.0,0,-1,-1,0.34733247611580825,0.333944171667099
00813_O_E_BY_C5,1,1,BY,0.9792881608009338,0.9789113998413086,0.9787610173225403,16,0.3902439024390244,16,0,15,0.3565275320192663,0.28485843539237976
00813_O_E_BY_C7,1,1,BY,0.9754491448402405,0.9741267561912537,0.9732601046562195,17,0.4146341463414634,17,0,16,0.4698627431218217,0.4141097068786621
00815_O_E_BY_C6,1,1,BY,0.9759449362754822,0.9756106734275818,0.9747484922409058,25,0.6097560975609756,25,0,24,0.5082875824556118,0.40268996357917786
00822_O_E_N_C6,0,0,N,0.29646024107933044,0.24186594784259796,0.21574199199676514,0,0.0,0,-1,-1,0.3320478840572078,0.27504533529281616
00822_O_E_N_C7,0,0,N,0.33945414423942566,0.3036789000034332,0.2722209095954895,0,0.0,0,-1,-1,0.34470080675148385,0.2999669909477234
00822_O_E_N_C8,0,0,N,0.3187984824180603,0.24229519069194794,0.2181968241930008,0,0.0,0,-1,-1,0.2891525967818935,0.1747421771287918
00826_O_E_N_C6,0,0,N,0.20157364010810852,0.16589590907096863,0.15098682045936584,0,0.0,0,-1,-1,0.31609140954366544,0.27393582463264465
00826_O_E_N_C7,0,0,N,0.1717776507139206,0.16447795927524567,0.16195271909236908,0,0.0,0,-1,-1,0.37520117367186195,0.3300093114376068
00828_O_E_FY_C7,1,1,FY,0.9762952327728271,0.9757118225097656,0.9749302864074707,26,0.6341463414634146,26,1,26,0.6077031914780779,0.5396525263786316
00829_O_E_BY_C7,1,1,BY,0.9791780114173889,0.9790660738945007,0.9789239168167114,27,0.6585365853658537,27,0,26,0.4555741228708407,0.42186373472213745
00831_O_E_N_C6,0,0,N,0.19410766661167145,0.18911857903003693,0.18271216750144958,0,0.0,0,-1,-1,0.4697335326090092,0.3662675619125366
00832_O_E_FY_C7,1,1,FY,0.9778077602386475,0.9775524139404297,0.9770649671554565,27,0.6585365853658537,27,2,28,0.6044467992898894,0.5287565588951111
00835_O_E_N_C5,0,0,N,0.2419353425502777,0.23235435783863068,0.21898908913135529,0,0.0,0,-1,-1,0.47691633352419227,0.41709983348846436
00836_O_E_FY_C7,1,1,FY,0.9758870601654053,0.9752517342567444,0.9738847613334656,22,0.5365853658536586,22,0,21,0.5339143465204936,0.4005367159843445
00837_O_E_BY_C7,1,1,BY,0.9737141728401184,0.9735496044158936,0.9732160568237305,21,0.5121951219512195,21,0,20,0.31991126297450645,0.16826827824115753
00839_O_E_BY_C7,1,1,BY,0.8566452860832214,0.8521307110786438,0.8455020189285278,19,0.4634146341463415,16,0,20,0.4179588476332223,0.33898261189460754
00841_O_E_BY_C7,1,1,BY,0.9779220819473267,0.9778545498847961,0.9777235984802246,19,0.4634146341463415,19,0,18,0.41231774484238976,0.31562191247940063
00843_O_E_BY_C8,1,1,BY,0.9794636964797974,0.9794089198112488,0.9792607426643372,25,0.6097560975609756,25,0,24,0.48727168760648587,0.4263305366039276
00845_O_E_BY_C6,1,1,BY,0.9700238108634949,0.9697737097740173,0.9689729809761047,23,0.5609756097560976,23,4,26,0.37301513698042893,0.3018256425857544
00845_O_E_BY_C7,1,1,BY,0.8989152908325195,0.8802977204322815,0.8757526278495789,23,0.5609756097560976,23,4,26,0.38459536469564204,0.23669850826263428
00845_O_E_BY_C8,1,1,BY,0.975359320640564,0.9751434326171875,0.9749892950057983,24,0.5853658536585366,24,3,26,0.5248911736941919,0.47815078496932983
00846_O_E_FY_C6,1,1,FY,0.9746478796005249,0.9737412333488464,0.9732556343078613,20,0.4878048780487805,20,0,19,0.4802418903606694,0.41840264201164246
00847_O_E_SY_C6,1,1,SY,0.9790465831756592,0.9787235260009766,0.9785671234130859,26,0.6341463414634146,26,5,30,0.4140352773957136,0.30727729201316833
00850_O_E_N_C5,0,0,N,0.2515873610973358,0.24697406589984894,0.24363815784454346,0,0.0,0,-1,-1,0.49912899223769586,0.4594113230705261
00850_O_E_N_C7,0,0,N,0.2854566276073456,0.2831210196018219,0.27991434931755066,0,0.0,0,-1,-1,0.3964236574928935,0.3826487362384796
00851_O_E_FY_C5,1,1,FY,0.9480983018875122,0.9445369839668274,0.9385409355163574,7,0.17073170731707318,7,0,6,0.4666891963016696,0.445694237947464
00854_O_E_BY_C7,1,1,BY,0.9768574237823486,0.9767710566520691,0.9767025113105774,29,0.7073170731707317,29,0,28,0.48985037280292043,0.2583569288253784
00858_O_E_BY_C6,1,1,BY,0.9736655950546265,0.9735760688781738,0.9734675288200378,20,0.4878048780487805,20,0,19,0.25593310848968787,0.16180568933486938
00858_O_E_BY_C7,1,1,BY,0.9772863984107971,0.9771115779876709,0.976866602897644,24,0.5853658536585366,24,0,23,0.6780170129566658,0.4478939175605774
00863_O_E_FY_C7,1,1,FY,0.9562302231788635,0.9551746845245361,0.9526052474975586,22,0.5365853658536586,18,0,28,0.6298645109665103,0.46979472041130066
00865_O_E_N_C6,0,0,N,0.1293863207101822,0.12634313106536865,0.12314534187316895,0,0.0,0,-1,-1,0.4607220895406676,0.38387832045555115
00866_O_E_N_C7,0,0,N,0.2754688262939453,0.2612713575363159,0.24401795864105225,0,0.0,0,-1,-1,0.4002116126258199,0.34680619835853577
00870_O_E_N_C6,0,0,N,0.17015212774276733,0.1686914712190628,0.16792868077754974,0,0.0,0,-1,-1,0.4962569104462135,0.460155189037323
00870_O_E_N_C8,0,0,N,0.17389748990535736,0.16949403285980225,0.16753020882606506,0,0.0,0,-1,-1,0.5570027726452526,0.532462477684021
00871_O_E_FY_C7,1,1,FY,0.9792125225067139,0.9785498976707458,0.9778909683227539,14,0.34146341463414637,14,0,13,0.6569512806287626,0.6189095973968506
00872_O_E_BY_C6,1,1,BY,0.8242900967597961,0.8177693486213684,0.8139344453811646,18,0.43902439024390244,18,1,18,0.29875289557910545,0.18999461829662323
00872_O_E_BY_C7,1,1,BY,0.9804391264915466,0.980337917804718,0.9801321029663086,24,0.5853658536585366,24,0,23,0.6805998116004758,0.5258350372314453
00872_O_E_BY_C8,1,1,BY,0.8867502808570862,0.8863601088523865,0.8860589265823364,22,0.5365853658536586,22,0,21,0.19708091020584106,0.1515032947063446
00874_O_E_N_C7,0,0,N,0.19227345287799835,0.18445110321044922,0.1724531054496765,0,0.0,0,-1,-1,0.5635971048983132,0.5230331420898438
00875_O_E_FY_C6,1,1,FY,0.9599258899688721,0.9598022103309631,0.959324061870575,26,0.6341463414634146,26,0,25,0.26655763533057236,0.1784648895263672
00875_O_E_FY_C7,1,1,FY,0.9798043966293335,0.9796757698059082,0.9793469309806824,24,0.5853658536585366,24,0,23,0.6290856294515657,0.5146628022193909
00875_O_E_FY_C8,1,1,FY,0.776233434677124,0.7415422797203064,0.7295317649841309,16,0.3902439024390244,16,0,15,0.20717726284410895,0.10425825417041779
00878_O_E_BY_C6,1,1,BY,0.9074853658676147,0.903088390827179,0.8984652757644653,20,0.4878048780487805,20,4,23,0.49269779062852626,0.41344591975212097
00878_O_E_BY_C8,1,1,BY,0.846950113773346,0.8203635215759277,0.7552027106285095,16,0.3902439024390244,14,6,23,0.40941477548785327,0.34502559900283813
00881_O_E_FY_C5,1,1,FY,0.9680215120315552,0.9672676920890808,0.9661300778388977,18,0.43902439024390244,18,0,17,0.5109430435227185,0.385081946849823
00881_O_E_FY_C6,1,1,FY,0.7984896302223206,0.7943935990333557,0.7899147272109985,15,0.36585365853658536,15,0,14,0.25115531501246663,0.22470854222774506
00881_O_E_FY_C7,1,1,FY,0.9535712003707886,0.9478095173835754,0.9273058772087097,17,0.4146341463414634,17,0,16,0.4657018962429791,0.307084858417511
00885_O_E_FY_C8,1,0,FY,0.3142351806163788,0.2708933651447296,0.2534928023815155,0,0.0,0,-1,-1,0.4561681027819471,0.42290738224983215
00886_O_E_SY_C7,1,0,SY,0.4436732232570648,0.40916523337364197,0.38812339305877686,0,0.0,0,-1,-1,0.4652450150106011,0.3815250098705292
00886_O_E_SY_C8,1,0,SY,0.43967390060424805,0.42961278557777405,0.42163848876953125,0,0.0,0,-1,-1,0.506667344308481,0.3917037546634674
00888_O_E_N_C7,0,0,N,0.4345822036266327,0.4301200211048126,0.4037272036075592,0,0.0,0,-1,-1,0.5427330783227595,0.47296133637428284
00888_O_E_N_C8,0,0,N,0.39918407797813416,0.3360999822616577,0.2858109772205353,0,0.0,0,-1,-1,0.346384114608532,0.2704384922981262
00889_O_E_N_C7,0,0,N,0.4000876843929291,0.3920696973800659,0.34873130917549133,0,0.0,0,-1,-1,0.4202900070969651,0.3921562135219574
00889_O_E_N_C8,0,0,N,0.5333149433135986,0.4861208498477936,0.44302693009376526,1,0.024390243902439025,1,0,0,0.36971708405308606,0.3449011445045471
00890_O_E_FY_C7,1,1,FY,0.974881649017334,0.9744179844856262,0.973971962928772,19,0.4634146341463415,19,0,18,0.38475871740317924,0.35813429951667786
00891_O_E_BY_C7,1,1,BY,0.9749497175216675,0.9748033881187439,0.9744536280632019,19,0.4634146341463415,19,0,18,0.4336174748292783,0.4110878109931946
00893_O_E_N_C5,0,0,N,0.48124411702156067,0.47416189312934875,0.4605182707309723,0,0.0,0,-1,-1,0.3713403584026709,0.3591923117637634
00894_O_E_FY_C5,1,1,FY,0.906835675239563,0.904090404510498,0.9022012948989868,22,0.5365853658536586,22,8,29,0.3376575948261633,0.26537612080574036
00897_O_E_BY_C5,1,1,BY,0.9804213047027588,0.9802147746086121,0.9800359606742859,24,0.5853658536585366,24,0,23,0.44443499751207305,0.3888823986053467
00897_O_E_BY_C8,1,1,BY,0.9794349670410156,0.9792736172676086,0.979027271270752,26,0.6341463414634146,26,0,25,0.3716703573378121,0.33634287118911743
00898_O_E_FY_C5,1,1,FY,0.9572423100471497,0.9564934372901917,0.9555906057357788,22,0.5365853658536586,22,1,22,0.30881874554040956,0.21553005278110504
00909_O_E_N_C7,0,0,N,0.22990845143795013,0.22791291773319244,0.225423663854599,0,0.0,0,-1,-1,0.2727857068544481,0.23912061750888824
00912_O_E_N_C5,0,0,N,0.2807871401309967,0.2674480378627777,0.25053662061691284,0,0.0,0,-1,-1,0.5677554796381694,0.5108854174613953
00913_O_E_N_C7,0,0,N,0.17111949622631073,0.16858625411987305,0.16585402190685272,0,0.0,0,-1,-1,0.5508281624898678,0.49402958154678345
00917_O_E_N_C5,0,0,N,0.31750985980033875,0.30997398495674133,0.28523826599121094,0,0.0,0,-1,-1,0.48264342691840195,0.4389403164386749
00918_O_E_FY_C8,1,1,FY,0.9611321091651917,0.960529625415802,0.9593262672424316,28,0.6829268292682927,28,4,31,0.4075050906437199,0.3286040127277374
00927_O_E_BY_C5,1,1,BY,0.9795097708702087,0.9789960384368896,0.9782199859619141,24,0.5853658536585366,24,0,23,0.4670623715330915,0.41429904103279114
00930_O_E_BY_C6,1,1,BY,0.7985484600067139,0.7771689295768738,0.7649117708206177,8,0.1951219512195122,8,0,7,0.48259903381510477,0.4640611410140991
00932_O_E_N_C7,0,0,N,0.6485173106193542,0.5292022824287415,0.44995632767677307,2,0.04878048780487805,2,0,1,0.49341781328364115,0.47894227504730225
00932_O_E_N_C8,0,0,N,0.4922780692577362,0.40904638171195984,0.3526061475276947,0,0.0,0,-1,-1,0.41249701816861223,0.3787837624549866
00933_O_E_FY_C5,1,1,FY,0.9806808829307556,0.9805503487586975,0.9803469777107239,28,0.6829268292682927,28,1,28,0.48275078651381703,0.4505328834056854
00933_O_E_FY_C6,1,1,FY,0.9808441996574402,0.9807392954826355,0.9804797172546387,27,0.6585365853658537,27,2,28,0.6286761077438913,0.5158236026763916
00938_O_E_BY_C6,1,1,BY,0.9230220317840576,0.9201967716217041,0.9173383712768555,24,0.5853658536585366,24,3,26,0.45215799823039915,0.1959281712770462
00938_O_E_BY_C8,1,1,BY,0.9767224192619324,0.9767158031463623,0.9766179919242859,22,0.5365853658536586,22,2,23,0.27550570521412826,0.21166500449180603
00940_O_E_BY_C8,1,1,BY,0.9466117024421692,0.9435737729072571,0.9406499862670898,11,0.2682926829268293,11,0,10,0.37694684761326486,0.35040682554244995
00941_O_E_N_C8,0,0,N,0.3710172176361084,0.3121490776538849,0.2736107110977173,0,0.0,0,-1,-1,0.30596032593308425,0.2694239914417267
00943_O_E_FY_C5,1,1,FY,0.9762685298919678,0.9761950373649597,0.9760991930961609,24,0.5853658536585366,24,1,24,0.41002981401071315,0.3169991075992584
00943_O_E_FY_C7,1,1,FY,0.9779932498931885,0.9777569770812988,0.9775725603103638,26,0.6341463414634146,26,0,25,0.49042214780319027,0.3959556519985199
00944_O_E_BY_C6,1,1,BY,0.9790416359901428,0.9785640239715576,0.9781780242919922,18,0.43902439024390244,18,0,17,0.5998699214400315,0.5486469864845276
00949_O_E_FY_C7,1,1,FY,0.9759191870689392,0.9757261872291565,0.9751341938972473,24,0.5853658536585366,24,0,23,0.49049690729234274,0.4523811638355255
00950_O_E_BY_C7,1,1,BY,0.9790359139442444,0.9786526560783386,0.9784179925918579,26,0.6341463414634146,26,0,25,0.5443814316900765,0.40310990810394287
00951_O_E_FY_C8,1,1,FY,0.9791920185089111,0.9790818691253662,0.9789118766784668,24,0.5853658536585366,24,1,24,0.5767281520657423,0.5197632312774658
00953_O_E_N_C5,0,0,N,0.2501835823059082,0.21736319363117218,0.19997726380825043,0,0.0,0,-1,-1,0.3702979676607179,0.34725314378738403
00957_O_E_N_C7,0,0,N,0.2984315752983093,0.2919541001319885,0.28542524576187134,0,0.0,0,-1,-1,0.22158252902147246,0.18665076792240143
00958_O_E_N_C5,0,0,N,0.30922767519950867,0.30088290572166443,0.28785866498947144,0,0.0,0,-1,-1,0.5798432768844977,0.525533139705658
00958_O_E_N_C6,0,0,N,0.5004209280014038,0.4874073266983032,0.47606831789016724,0,0.0,0,-1,-1,0.5414302516274336,0.3385390043258667
00961_O_E_N_C5,0,0,N,0.30781447887420654,0.2825882136821747,0.2667770981788635,0,0.0,0,-1,-1,0.4918722881049645,0.4161215126514435
00962_O_E_N_C5,0,1,N,0.6130185723304749,0.5810683369636536,0.5056084394454956,3,0.07317073170731707,3,0,2,0.6084018291496649,0.5273990035057068
00962_O_E_N_C8,0,1,N,0.8863387107849121,0.869314968585968,0.8539177179336548,18,0.43902439024390244,18,0,17,0.47328908632441263,0.43467992544174194
00964_O_E_BY_C5,1,1,BY,0.961310863494873,0.9602867960929871,0.9594215154647827,23,0.5609756097560976,23,0,22,0.3736315689435819,0.2975081205368042
00964_O_E_BY_C6,1,1,BY,0.975084125995636,0.9749132990837097,0.9745796918869019,25,0.6097560975609756,25,0,24,0.34245949692842437,0.2597018778324127
00965_O_E_N_C6,0,0,N,0.3559812605381012,0.3505904972553253,0.3251979947090149,0,0.0,0,-1,-1,0.6012428504664723,0.553196370601654
00965_O_E_N_C7,0,0,N,0.3163232207298279,0.26839688420295715,0.2516428530216217,0,0.0,0,-1,-1,0.50706994678916,0.45280176401138306
00966_O_E_N_C7,0,0,N,0.41523897647857666,0.396580308675766,0.3883087933063507,0,0.0,0,-1,-1,0.47977442566941425,0.45397159457206726
00967_O_E_FY_C8,1,1,FY,0.9136500954627991,0.9133298397064209,0.9129125475883484,20,0.4878048780487805,20,6,25,0.25624543973585456,0.16428306698799133
00976_O_E_FY_C5,1,1,FY,0.7959182858467102,0.7905125617980957,0.7856573462486267,20,0.4878048780487805,20,5,24,0.4665236058758526,0.38596928119659424
00977_O_E_BY_C6,1,1,BY,0.9788104295730591,0.9786188006401062,0.9783562421798706,26,0.6341463414634146,26,1,26,0.49343860076694956,0.4312433898448944
00978_O_E_FY_C5,1,1,FY,0.9716078042984009,0.9714754223823547,0.9712828397750854,24,0.5853658536585366,24,1,24,0.3599209385674174,0.29781314730644226
00980_O_E_FY_C5,1,1,FY,0.6424647569656372,0.6385688185691833,0.6330739855766296,18,0.43902439024390244,18,1,18,0.21902933825806872,0.18025095760822296
00982_O_E_N_C6,0,0,N,0.2678794264793396,0.2610097825527191,0.2517215609550476,0,0.0,0,-1,-1,0.5109839751953031,0.46088406443595886
00986_O_E_N_C8,0,0,N,0.20292313396930695,0.18744134902954102,0.18154218792915344,0,0.0,0,-1,-1,0.39191732028635534,0.36566290259361267
00988_O_E_FY_C5,1,1,FY,0.9766910672187805,0.9757227301597595,0.9749492406845093,22,0.5365853658536586,22,8,29,0.4225509515622767,0.37054935097694397
00989_O_E_BY_C6,1,1,BY,0.9627180099487305,0.9608194231987,0.9591552019119263,20,0.4878048780487805,20,0,19,0.38479427520821735,0.2243586629629135
00990_O_E_N_C8,0,0,N,0.24675214290618896,0.21721796691417694,0.2056884765625,0,0.0,0,-1,-1,0.4331238327956781,0.37964847683906555
00991_O_E_N_C5,0,0,N,0.2867025136947632,0.276327520608902,0.25419503450393677,0,0.0,0,-1,-1,0.495656075274072,0.39399129152297974
00992_O_E_FY_C5,1,1,FY,0.9785662889480591,0.9778742790222168,0.9762570261955261,23,0.5609756097560976,23,6,28,0.39654025435447693,0.33802542090415955
00992_O_E_FY_C6,1,1,FY,0.973039984703064,0.9720209240913391,0.9708159565925598,23,0.5609756097560976,23,6,28,0.5137286411552895,0.49626803398132324
00992_O_E_FY_C7,1,1,FY,0.979576587677002,0.9791107177734375,0.9784563183784485,24,0.5853658536585366,24,5,28,0.522898942232132,0.4818994700908661
00993_O_E_BY_C6,1,1,BY,0.9761752486228943,0.975990355014801,0.9757794141769409,19,0.4634146341463415,19,0,18,0.36207396373516176,0.29404494166374207
00994_O_E_N_C6,0,0,N,0.19943490624427795,0.1959252804517746,0.19253668189048767,0,0.0,0,-1,-1,0.6191231957296046,0.6057895421981812
00999_O_E_BY_C6,1,1,BY,0.8137890100479126,0.7941438555717468,0.7830702066421509,9,0.21951219512195122,9,0,8,0.27979322541050794,0.1626032143831253
01006_O_E_FY_C5,1,1,FY,0.978084146976471,0.9779095649719238,0.9774837493896484,21,0.5121951219512195,21,20,40,0.6213532206488819,0.6010320782661438
01006_O_E_FY_C7,1,1,FY,0.9685754179954529,0.9683065414428711,0.9679871797561646,23,0.5609756097560976,23,18,40,0.54235557666639,0.317595899105072
01006_O_E_FY_C8,1,1,FY,0.8335361480712891,0.7961907982826233,0.7570294141769409,8,0.1951219512195122,8,33,40,0.4662128119933896,0.13949917256832123
01008_O_E_N_C6,0,0,N,0.42704644799232483,0.3949514329433441,0.36600881814956665,0,0.0,0,-1,-1,0.33173850251407155,0.3008909523487091
01011_O_E_BY_C5,1,1,BY,0.9785005450248718,0.978297770023346,0.9779708981513977,27,0.6585365853658537,27,1,27,0.5090038565600791,0.3796217739582062
01013_O_E_FY_C5,1,1,FY,0.9714748859405518,0.9698644280433655,0.9682594537734985,25,0.6097560975609756,25,11,35,0.5231876700389676,0.47865185141563416
01014_O_E_BY_C5,1,1,BY,0.9768162965774536,0.9762008786201477,0.9754301905632019,23,0.5609756097560976,23,1,23,0.39480511662436696,0.3644280433654785
01015_O_E_N_C5,0,0,N,0.248108372092247,0.24257463216781616,0.23666946589946747,0,0.0,0,-1,-1,0.42515534307898545,0.37788140773773193
01015_O_E_N_C6,0,1,N,0.8353041410446167,0.7938339114189148,0.7711993455886841,8,0.1951219512195122,8,13,20,0.4229189702650396,0.3415677547454834
01015_O_E_N_C7,0,0,N,0.4130265712738037,0.3905775547027588,0.3687050938606262,0,0.0,0,-1,-1,0.4258327782154083,0.38579118251800537
01017_O_E_FY_C7,1,1,FY,0.6276678442955017,0.5829706788063049,0.5722144246101379,6,0.14634146341463414,4,0,7,0.42175256769831587,0.053539350628852844
01018_O_E_BY_C7,1,1,BY,0.6287458539009094,0.6107320785522461,0.6053332090377808,11,0.2682926829268293,8,10,21,0.37804734270747115,0.26992085576057434
01018_O_E_BY_C8,1,1,BY,0.6766509413719177,0.6562433242797852,0.646903395652771,12,0.2926829268292683,9,0,12,0.5529874374226826,0.3917838931083679
01019_O_E_N_C5,0,0,N,0.47009822726249695,0.40022730827331543,0.37714719772338867,0,0.0,0,-1,-1,0.5144550902087514,0.41896751523017883
01019_O_E_N_C8,0,0,N,0.5384315848350525,0.5286327004432678,0.5036283731460571,2,0.04878048780487805,2,18,19,0.33273255752354136,0.2656727135181427
01020_O_E_N_C5,0,0,N,0.24954476952552795,0.2464284896850586,0.23714205622673035,0,0.0,0,-1,-1,0.6111420640131322,0.5606833696365356
01020_O_E_N_C8,0,0,N,0.23760950565338135,0.23255634307861328,0.2273053377866745,0,0.0,0,-1,-1,0.5399089157581329,0.44704750180244446
01021_O_E_FY_C5,1,1,FY,0.9715343117713928,0.9712138175964355,0.9701889753341675,25,0.6097560975609756,25,7,31,0.5521373603402114,0.4708350598812103
01021_O_E_FY_C7,1,1,FY,0.9703388810157776,0.9700465202331543,0.9687066078186035,21,0.5121951219512195,21,6,26,0.29402672045114564,0.17456090450286865
01022_O_E_BY_C5,1,1,BY,0.9778268933296204,0.9777814745903015,0.9773891568183899,17,0.4146341463414634,17,0,16,0.3972631227679369,0.3053804934024811
01023_O_E_N_C7,0,0,N,0.3815873861312866,0.32268601655960083,0.30269870162010193,0,0.0,0,-1,-1,0.4844832238627643,0.4284804165363312
01025_O_E_FY_C5,1,1,FY,0.970180094242096,0.9681376814842224,0.9630185961723328,24,0.5853658536585366,24,14,37,0.6637161781148213,0.5936857461929321
01025_O_E_FY_C6,1,1,FY,0.9762998819351196,0.9719734191894531,0.9673311114311218,25,0.6097560975609756,25,13,37,0.5890184350130034,0.4587400555610657
01027_O_E_N_C7,0,0,N,0.483447402715683,0.48077714443206787,0.45957693457603455,0,0.0,0,-1,-1,0.6350588144325628,0.6048200130462646
01029_O_E_FY_C5,1,1,FY,0.9782789349555969,0.9781081676483154,0.977608323097229,25,0.6097560975609756,25,8,32,0.5873118784369492,0.5347280502319336
01030_O_E_BY_C8,1,0,BY,0.4635162353515625,0.34083423018455505,0.27771562337875366,0,0.0,0,-1,-1,0.6505274496427397,0.6365439891815186
01031_O_E_N_C6,0,0,N,0.3282930254936218,0.3245786130428314,0.31689101457595825,0,0.0,0,-1,-1,0.5755096150607597,0.504925012588501
01032_O_E_N_C6,0,0,N,0.2830241322517395,0.2806037366390228,0.2746693193912506,0,0.0,0,-1,-1,0.5774053436953847,0.5627880692481995
01032_O_E_N_C7,0,0,N,0.3390601575374603,0.316043883562088,0.3037295639514923,0,0.0,0,-1,-1,0.5973806977272034,0.52354896068573
01034_O_E_BY_C8,1,1,BY,0.9773688316345215,0.9772753715515137,0.9770725965499878,25,0.6097560975609756,25,0,24,0.4239458020140485,0.31661874055862427
01037_O_E_BY_C7,1,1,BY,0.9799004197120667,0.9797158241271973,0.9794504046440125,23,0.5609756097560976,23,0,22,0.38782651613398295,0.3360918164253235
01039_O_E_N_C5,0,0,N,0.2997068762779236,0.282175749540329,0.2737353444099426,0,0.0,0,-1,-1,0.5408695616373201,0.5040956139564514
01040_O_E_FY_C5,1,1,FY,0.9701353311538696,0.9688625335693359,0.9655892252922058,21,0.5121951219512195,21,2,22,0.6046289481767794,0.558465838432312
01042_O_E_N_C5,0,0,N,0.3751627206802368,0.35262301564216614,0.34235939383506775,0,0.0,0,-1,-1,0.6574250503284175,0.6354525685310364
01043_O_E_N_C8,0,0,N,0.3160085678100586,0.3087741434574127,0.29545316100120544,0,0.0,0,-1,-1,0.4940229181836291,0.4321210980415344
01045_O_E_BY_C6,1,1,BY,0.9791107773780823,0.979059636592865,0.9788914918899536,24,0.5853658536585366,24,0,23,0.3303781573365374,0.22850893437862396
01049_O_E_BY_C6,1,1,BY,0.9794062972068787,0.9791384339332581,0.9788206219673157,24,0.5853658536585366,24,0,23,0.4967281723894724,0.44780832529067993
01049_O_E_BY_C7,1,1,BY,0.981743335723877,0.9814949035644531,0.9812260866165161,24,0.5853658536585366,24,0,23,0.4493971059962017,0.3548668622970581
01049_O_E_BY_C8,1,1,BY,0.9805949330329895,0.9803388714790344,0.9800920486450195,22,0.5365853658536586,22,0,21,0.4162986445717695,0.3368310332298279
01055_O_E_N_C8,0,0,N,0.3389410078525543,0.32971617579460144,0.32446426153182983,0,0.0,0,-1,-1,0.603936419254396,0.5626587867736816
01056_O_E_FY_C7,1,1,FY,0.6728653907775879,0.6662983298301697,0.6570886969566345,18,0.43902439024390244,18,2,19,0.2868760522545838,0.2260896861553192
01056_O_E_FY_C8,1,1,FY,0.9158892035484314,0.9129042029380798,0.9081149101257324,21,0.5121951219512195,21,0,20,0.41334188711352465,0.3597196042537689
01057_O_E_BY_C6,1,1,BY,0.550703763961792,0.5490478873252869,0.5476279854774475,8,0.1951219512195122,7,5,14,0.2310155023161958,0.16632674634456635
01057_O_E_BY_C8,1,1,BY,0.9696042537689209,0.9694640040397644,0.9693563580513,21,0.5121951219512195,21,0,20,0.34223880200851253,0.27810797095298767
01066_O_E_N_C6,0,1,N,0.7054876685142517,0.6642277240753174,0.6130568981170654,5,0.12195121951219512,5,1,5,0.5152017030774093,0.48836299777030945
01069_O_E_BY_C7,1,1,BY,0.9819523692131042,0.9817747473716736,0.9814924001693726,23,0.5609756097560976,23,0,22,0.4030978686925841,0.36739009618759155
01069_O_E_BY_C8,1,1,BY,0.9805294871330261,0.9802960753440857,0.9800354242324829,24,0.5853658536585366,24,0,23,0.3447209309513976,0.22425612807273865
01076_O_E_BY_C8,1,1,BY,0.9777162671089172,0.9775492548942566,0.9772113561630249,22,0.5365853658536586,22,0,21,0.5369747746281508,0.5111653208732605
01080_O_E_BY_C8,1,1,BY,0.9220343828201294,0.9135951995849609,0.9005168080329895,23,0.5609756097560976,23,0,22,0.3161125931797958,0.25948190689086914
01081_O_E_N_C8,0,0,N,0.47396671772003174,0.40794122219085693,0.37784072756767273,0,0.0,0,-1,-1,0.4039805233478546,0.3738062083721161
01082_O_E_N_C5,0,1,N,0.646067202091217,0.6408970952033997,0.6355953812599182,15,0.36585365853658536,15,14,28,0.34783244787192924,0.13292032480239868
01083_O_E_FY_C5,1,1,FY,0.9512324333190918,0.9484562277793884,0.9447661638259888,20,0.4878048780487805,19,1,22,0.6012852526292568,0.5615533590316772
01090_O_E_N_C5,0,0,N,0.17949634790420532,0.1745544821023941,0.1679644137620926,0,0.0,0,-1,-1,0.3992660510830763,0.3851189911365509
01090_O_E_N_C8,0,1,N,0.8524351716041565,0.8358401656150818,0.8146268129348755,8,0.1951219512195122,8,0,7,0.41939976084523084,0.3995680809020996
01091_O_E_FY_C7,1,1,FY,0.9813917875289917,0.9812552332878113,0.9809786081314087,23,0.5609756097560976,23,0,22,0.39439759676049396,0.32879599928855896
01096_O_E_N_C7,0,1,N,0.7306680679321289,0.7097846865653992,0.6901019811630249,9,0.21951219512195122,7,0,10,0.2835956346697924,0.17022427916526794
01104_O_E_N_C6,0,0,N,0.40375959873199463,0.39768823981285095,0.37725645303726196,0,0.0,0,-1,-1,0.4459511717645133,0.32568761706352234
01105_O_E_N_C7,0,0,N,0.27177295088768005,0.26283082365989685,0.24488100409507751,0,0.0,0,-1,-1,0.3194625174126974,0.28910031914711
01105_O_E_N_C8,0,0,N,0.31946074962615967,0.3098303973674774,0.29670313000679016,0,0.0,0,-1,-1,0.47716149324324075,0.3979155719280243
01106_O_E_FY_C7,1,1,FY,0.9430733323097229,0.9420636296272278,0.9416877031326294,23,0.5609756097560976,23,0,22,0.29048897216959696,0.1893479824066162
01109_O_E_N_C6,0,0,N,0.22893711924552917,0.21324586868286133,0.2069004476070404,0,0.0,0,-1,-1,0.54430916396583,0.5076828598976135
01111_O_E_BY_C7,1,1,BY,0.9173390865325928,0.9152288436889648,0.9128047823905945,24,0.5853658536585366,24,0,23,0.3520268448969213,0.2674408257007599
01113_O_E_FY_C8,1,1,FY,0.9053397178649902,0.8527052998542786,0.82445228099823,20,0.4878048780487805,20,0,19,0.4808749694649766,0.4322233498096466
01114_O_E_BY_C5,1,1,BY,0.9735053777694702,0.9724958539009094,0.9715455174446106,25,0.6097560975609756,25,0,24,0.501978238908256,0.47502416372299194
01116_O_E_N_C6,0,0,N,0.4155940115451813,0.38800132274627686,0.33570975065231323,0,0.0,0,-1,-1,0.6277301355106074,0.5852594375610352
01116_O_E_N_C7,0,0,N,0.4398672580718994,0.42240652441978455,0.3826180398464203,0,0.0,0,-1,-1,0.640580366297466,0.6102693676948547
01116_O_E_N_C8,0,0,N,0.3460649251937866,0.318311482667923,0.3018961548805237,0,0.0,0,-1,-1,0.645678023012673,0.564007043838501
01124_O_E_N_C6,0,0,N,0.20410072803497314,0.20019714534282684,0.1938893347978592,0,0.0,0,-1,-1,0.5331938223140996,0.4894637167453766
01126_O_E_BY_C7,1,1,BY,0.9780534505844116,0.9778389930725098,0.9773658514022827,25,0.6097560975609756,25,0,24,0.42093507691127496,0.3970119059085846
01126_O_E_BY_C8,1,1,BY,0.9743667840957642,0.9738056063652039,0.9732522964477539,24,0.5853658536585366,24,0,23,0.38357769498010963,0.31879132986068726
01127_O_E_N_C7,0,0,N,0.4025663733482361,0.34791335463523865,0.31032586097717285,0,0.0,0,-1,-1,0.4500808439603666,0.40229177474975586
01128_O_E_N_C8,0,0,N,0.18303807079792023,0.17440950870513916,0.17042659223079681,0,0.0,0,-1,-1,0.4325386961785758,0.40281856060028076
01129_O_E_FY_C8,1,1,FY,0.9620046019554138,0.9580717086791992,0.9500008821487427,21,0.5121951219512195,21,1,21,0.47881926269066044,0.4245646893978119
01131_O_E_N_C6,0,0,N,0.33490660786628723,0.3005850315093994,0.27341634035110474,0,0.0,0,-1,-1,0.45771923806609177,0.43682217597961426
01140_O_E_N_C8,0,0,N,0.3591881990432739,0.3449266254901886,0.33556753396987915,0,0.0,0,-1,-1,0.5428485339734612,0.47871339321136475
01141_O_E_FY_C5,1,1,FY,0.9612823128700256,0.9487845301628113,0.9443777203559875,23,0.5609756097560976,23,0,22,0.5189185353314004,0.4522132873535156
01143_O_E_N_C6,0,0,N,0.4201585054397583,0.4146231412887573,0.4125584065914154,0,0.0,0,-1,-1,0.2585199540708123,0.13426004350185394
01143_O_E_N_C7,0,0,N,0.568677544593811,0.5107794404029846,0.484017550945282,1,0.024390243902439025,1,2,2,0.23000328260950925,0.12450150400400162
01145_O_E_FY_C6,1,1,FY,0.9788885712623596,0.9785212874412537,0.978346049785614,23,0.5609756097560976,23,0,22,0.3204361978100567,0.25170376896858215
01145_O_E_FY_C7,1,1,FY,0.9793599843978882,0.9791731834411621,0.9786878824234009,22,0.5365853658536586,22,0,21,0.3177752451198857,0.2464814931154251
01150_O_E_BY_C5,1,1,BY,0.9804279208183289,0.98028963804245,0.9801678657531738,24,0.5853658536585366,24,0,23,0.4606859727603633,0.3611496090888977
01150_O_E_BY_C6,1,1,BY,0.7695177793502808,0.756511390209198,0.7516489028930664,23,0.5609756097560976,23,0,22,0.21477490390946224,0.1199060007929802
01150_O_E_BY_C7,1,1,BY,0.769646942615509,0.758796751499176,0.7545751333236694,23,0.5609756097560976,23,0,22,0.4661405995124724,0.320067822933197
01151_O_E_N_C6,0,0,N,0.35394129157066345,0.3436943292617798,0.3369240164756775,0,0.0,0,-1,-1,0.42900461031169423,0.38820138573646545
01151_O_E_N_C7,0,0,N,0.3980567753314972,0.3819361627101898,0.3598686158657074,0,0.0,0,-1,-1,0.43671966035191606,0.39610663056373596
01153_O_E_BY_C5,1,1,BY,0.9794793725013733,0.9793456196784973,0.9791767001152039,23,0.5609756097560976,23,0,22,0.5679444859667522,0.48988664150238037
01158_O_E_N_C5,0,0,N,0.15988506376743317,0.1553061455488205,0.15309259295463562,0,0.0,0,-1,-1,0.6835879392740203,0.6561833024024963
01158_O_E_N_C6,0,0,N,0.164872407913208,0.16062675416469574,0.15613549947738647,0,0.0,0,-1,-1,0.5112241019562977,0.45865774154663086
01158_O_E_N_C7,0,0,N,0.14415515959262848,0.14298902451992035,0.14218991994857788,0,0.0,0,-1,-1,0.5285795738057393,0.4733492434024811
01160_O_E_FY_C8,1,1,FY,0.6750138401985168,0.6544113159179688,0.6380912065505981,18,0.43902439024390244,18,2,19,0.3045885061345449,0.1916477233171463
01162_O_E_N_C8,0,1,N,0.651188313961029,0.6306077837944031,0.623073935508728,10,0.24390243902439024,10,0,9,0.337705473347408,0.2507062256336212
01163_O_E_N_C8,0,0,N,0.14083737134933472,0.14069294929504395,0.14031945168972015,0,0.0,0,-1,-1,0.4322266527792303,0.385449081659317
01164_O_E_FY_C5,1,1,FY,0.9784141778945923,0.9782636761665344,0.9780058860778809,25,0.6097560975609756,25,0,24,0.47979816430952493,0.4082643687725067
01164_O_E_FY_C7,1,1,FY,0.9768418669700623,0.9758136868476868,0.9742029905319214,25,0.6097560975609756,25,0,24,0.5724276565923924,0.42095938324928284
01165_O_E_BY_C7,1,1,BY,0.9798016548156738,0.9793569445610046,0.9789770841598511,26,0.6341463414634146,26,0,25,0.5618096139372849,0.47163382172584534
01167_O_E_N_C5,0,1,N,0.5802575945854187,0.5706351399421692,0.5583745837211609,8,0.1951219512195122,5,12,22,0.2637931704521179,0.20864522457122803
01167_O_E_N_C8,0,0,N,0.49726879596710205,0.47604069113731384,0.4707818031311035,0,0.0,0,-1,-1,0.40664856026812296,0.37497812509536743
01169_O_E_BY_C5,1,1,BY,0.9761021137237549,0.9752414226531982,0.9734705090522766,22,0.5365853658536586,22,0,21,0.4524805080599901,0.400311142206192
01169_O_E_BY_C6,1,1,BY,0.9792546629905701,0.9786685109138489,0.9779367446899414,21,0.5121951219512195,21,0,20,0.4131660875750751,0.3861689567565918
01170_O_E_N_C5,0,0,N,0.4421830475330353,0.4100430905818939,0.37551745772361755,0,0.0,0,-1,-1,0.4558099159380285,0.3855322003364563
01172_O_E_FY_C6,1,1,FY,0.9740920662879944,0.9733062386512756,0.9716116786003113,24,0.5853658536585366,24,1,24,0.583438160942822,0.45974618196487427
01172_O_E_FY_C7,1,1,FY,0.9788013100624084,0.9782633185386658,0.977758526802063,24,0.5853658536585366,24,1,24,0.5497302914538035,0.436903715133667
01173_O_E_BY_C8,1,1,BY,0.9646854996681213,0.9637935161590576,0.9620105624198914,22,0.5365853658536586,22,0,21,0.24987551279184295,0.1926257312297821
01175_O_E_N_C6,0,0,N,0.3008614480495453,0.2781703472137451,0.26292839646339417,0,0.0,0,-1,-1,0.46198794100342727,0.44683152437210083
01176_O_E_FY_C5,1,1,FY,0.9772785305976868,0.9771062731742859,0.9766518473625183,25,0.6097560975609756,25,1,25,0.5836767147227031,0.5205696821212769
01176_O_E_FY_C8,1,1,FY,0.9573119878768921,0.9552388787269592,0.9531893730163574,23,0.5609756097560976,23,1,23,0.4280352963180077,0.3799424469470978
01178_O_E_N_C6,0,0,N,0.5529427528381348,0.535076916217804,0.4852803647518158,2,0.04878048780487805,2,19,20,0.5109711892721129,0.48231828212738037
01180_O_E_BY_C5,1,1,BY,0.9661864042282104,0.9628803133964539,0.9611448049545288,23,0.5609756097560976,23,0,22,0.592760320116834,0.5612683892250061
01180_O_E_BY_C6,1,1,BY,0.9750581979751587,0.9741523861885071,0.9735316038131714,24,0.5853658536585366,24,0,23,0.39338950194963596,0.3519408702850342
01180_O_E_BY_C8,1,1,BY,0.9714804291725159,0.9706491827964783,0.9694865345954895,23,0.5609756097560976,23,0,22,0.3690732165080745,0.31681621074676514
01181_O_E_N_C8,0,0,N,0.5042619109153748,0.47256574034690857,0.4518984258174896,0,0.0,0,-1,-1,0.4690886568732378,0.4408513307571411
01183_O_E_FY_C6,1,1,FY,0.8593095541000366,0.857001781463623,0.8497695922851562,23,0.5609756097560976,21,1,24,0.22692091072477946,0.09236794710159302
01188_O_E_BY_C5,1,1,BY,0.976881206035614,0.976795494556427,0.976751983165741,27,0.6585365853658537,27,0,26,0.35238296011599096,0.30709490180015564
01193_O_E_N_C5,0,0,N,0.5138077139854431,0.4840870797634125,0.44914358854293823,0,0.0,0,-1,-1,0.7364516360003773,0.7006325125694275
01193_O_E_N_C6,0,0,N,0.5910085439682007,0.4998888075351715,0.441657692193985,1,0.024390243902439025,1,3,3,0.5038256492556595,0.44436636567115784
01195_O_E_FY_C7,1,1,FY,0.8377823233604431,0.8316638469696045,0.8239489793777466,20,0.4878048780487805,20,4,23,0.28569755503317207,0.2197800725698471
01196_O_E_BY_C7,1,1,BY,0.976452648639679,0.9756320118904114,0.9749096632003784,23,0.5609756097560976,23,0,22,0.34685993703400214,0.25832870602607727
01197_O_E_N_C6,0,0,N,0.49240487813949585,0.4128291606903076,0.37416306138038635,0,0.0,0,-1,-1,0.40091225759285254,0.23385721445083618
01198_O_E_N_C6,0,1,N,0.7232758402824402,0.7062998414039612,0.6968033909797668,8,0.1951219512195122,8,0,7,0.2524048042733495,0.2339870035648346
01200_O_E_BY_C7,1,1,BY,0.9767858982086182,0.9763345718383789,0.9757969975471497,24,0.5853658536585366,24,0,23,0.46430971491627576,0.37025824189186096
01204_O_E_BY_C5,1,1,BY,0.9701815843582153,0.9700524210929871,0.9699622988700867,25,0.6097560975609756,25,0,24,0.31517216926667746,0.2668948173522949
01204_O_E_BY_C6,1,1,BY,0.9749671816825867,0.9741947054862976,0.9733220338821411,22,0.5365853658536586,22,0,21,0.4400797733446447,0.39710184931755066
01205_O_E_N_C7,0,0,N,0.48802855610847473,0.48235321044921875,0.47705596685409546,0,0.0,0,-1,-1,0.20917800486814686,0.09580822288990021
01207_O_E_BY_C5,1,1,BY,0.9804590940475464,0.9803047180175781,0.9798909425735474,26,0.6341463414634146,26,0,25,0.36594781061498133,0.27306362986564636
01210_O_E_FY_C5,1,1,FY,0.6432029604911804,0.6112747192382812,0.5824466347694397,5,0.12195121951219512,4,0,22,0.33875102458930595,0.09935103356838226
01210_O_E_FY_C6,1,1,FY,0.7083891034126282,0.656674325466156,0.6298347115516663,13,0.3170731707317073,13,3,15,0.2520479221896427,0.17271766066551208
01210_O_E_FY_C7,1,0,FY,0.5283603668212891,0.5193248391151428,0.5066249370574951,2,0.04878048780487805,2,14,15,0.1775552946619871,0.11638196557760239
01211_O_E_BY_C8,1,1,BY,0.9147737622261047,0.9040372967720032,0.8977718353271484,20,0.4878048780487805,20,0,19,0.4397888634263015,0.40032297372817993
01212_O_E_N_C7,0,1,N,0.5903658866882324,0.5621931552886963,0.5320540070533752,3,0.07317073170731707,3,23,25,0.3522754522358499,0.24703148007392883
01214_O_E_FY_C6,1,1,FY,0.6534783244132996,0.6348378658294678,0.6175857782363892,5,0.12195121951219512,5,12,16,0.26873378237573115,0.18419532477855682
01217_O_E_N_C7,0,1,N,0.6921831965446472,0.6597214341163635,0.6508767008781433,13,0.3170731707317073,11,26,40,0.4657472088569548,0.26270726323127747
01219_O_E_BY_C7,1,1,BY,0.9798952341079712,0.9796373248100281,0.9794565439224243,23,0.5609756097560976,23,0,22,0.38701673179137996,0.35134267807006836
01220_O_E_N_C5,0,0,N,0.22747521102428436,0.21679092943668365,0.20941594243049622,0,0.0,0,-1,-1,0.614176366387344,0.523408830165863
01222_O_E_FY_C6,1,1,FY,0.9804209470748901,0.9802268147468567,0.9798367619514465,23,0.5609756097560976,23,0,22,0.5767375376166367,0.4081951081752777
01222_O_E_FY_C7,1,1,FY,0.9788466095924377,0.9780027866363525,0.9765631556510925,23,0.5609756097560976,23,0,22,0.5328212278645214,0.4089741110801697
01224_O_E_N_C7,0,0,N,0.6170416474342346,0.5653459429740906,0.4939964711666107,2,0.04878048780487805,2,2,3,0.3671586215496063,0.32964813709259033
01224_O_E_N_C8,0,1,N,0.9093385338783264,0.8716752529144287,0.8147225379943848,6,0.14634146341463414,6,1,6,0.4676766824431536,0.4220297038555145
01227_O_E_N_C5,0,0,N,0.39694151282310486,0.36928102374076843,0.33049216866493225,0,0.0,0,-1,-1,0.670184776550386,0.5747017860412598
01227_O_E_N_C7,0,0,N,0.573839008808136,0.5162355899810791,0.4496520161628723,2,0.04878048780487805,2,4,5,0.4302572702489248,0.4030856788158417
01229_O_E_FY_C6,1,1,FY,0.5992083549499512,0.5819791555404663,0.5663855671882629,6,0.14634146341463414,6,17,22,0.3512759092377453,0.26978886127471924
01233_O_E_FY_C8,1,0,FY,0.4977452754974365,0.4967513978481293,0.4836514890193939,0,0.0,0,-1,-1,0.22905083327758602,0.19716235995292664
01234_O_E_BY_C5,1,1,BY,0.9716202616691589,0.9710786938667297,0.9707754850387573,24,0.5853658536585366,24,0,23,0.34479446236680195,0.22972258925437927
01235_O_E_N_C6,0,1,N,0.6089261174201965,0.5924310684204102,0.5800877213478088,6,0.14634146341463414,6,11,16,0.24724989947749348,0.16874095797538757
01241_O_E_FY_C5,1,0,FY,0.4921518564224243,0.48733043670654297,0.4749625325202942,0,0.0,0,-1,-1,0.41837408339105003,0.3941970467567444
01241_O_E_FY_C7,1,1,FY,0.9768044352531433,0.9765108227729797,0.9760205149650574,26,0.6341463414634146,26,0,25,0.3566983756495685,0.24715286493301392
01242_O_E_BY_C8,1,1,BY,0.9749696850776672,0.9744575619697571,0.9740962982177734,23,0.5609756097560976,23,0,22,0.5178833843731299,0.386557936668396
01243_O_E_N_C7,0,1,N,0.9200553894042969,0.9197329878807068,0.9189115762710571,24,0.5853658536585366,24,5,28,0.3206107416530935,0.17709600925445557
01245_O_E_FY_C7,1,1,FY,0.9462722539901733,0.9459176063537598,0.9455844759941101,20,0.4878048780487805,20,2,21,0.34131719390066656,0.23783200979232788
01246_O_E_BY_C6,1,1,BY,0.9725804924964905,0.9721252918243408,0.9710644483566284,25,0.6097560975609756,25,0,24,0.448008557645286,0.2996279299259186
01246_O_E_BY_C7,1,1,BY,0.9686747193336487,0.9685526490211487,0.9684284925460815,23,0.5609756097560976,23,0,22,0.3904341244842948,0.24603082239627838
01247_O_E_N_C8,0,0,N,0.5593162178993225,0.5457124710083008,0.5331392288208008,2,0.04878048780487805,2,6,7,0.25768522482092787,0.146481454372406
01249_O_E_FY_C6,1,1,FY,0.8265424966812134,0.8081137537956238,0.792011559009552,20,0.4878048780487805,17,0,26,0.33182825765958646,0.1739622950553894
01250_O_E_BY_C6,1,1,BY,0.6693969368934631,0.6607444286346436,0.6507442593574524,11,0.2682926829268293,11,7,17,0.2335902503350886,0.12249048054218292
01251_O_E_N_C7,0,1,N,0.613049328327179,0.6055588126182556,0.6014149785041809,10,0.24390243902439024,10,11,20,0.3315882577401836,0.22897303104400635
01252_O_E_N_C6,0,0,N,0.17202764749526978,0.16942715644836426,0.1669911891222,0,0.0,0,-1,-1,0.543929018625399,0.5024924278259277
01252_O_E_N_C7,0,0,N,0.15769734978675842,0.15574964880943298,0.1548566371202469,0,0.0,0,-1,-1,0.4640827397020852,0.40297648310661316
01252_O_E_N_C8,0,0,N,0.19909194111824036,0.18620967864990234,0.18057355284690857,0,0.0,0,-1,-1,0.5906011447673891,0.5449140667915344
01255_O_F_N_C5,0,0,N,0.34726181626319885,0.3255147635936737,0.3126372992992401,0,0.0,0,-1,-1,0.48473031419079476,0.24724604189395905
01257_O_F_FY_C6,1,1,FY,0.9782608151435852,0.9779176115989685,0.977629542350769,26,0.6341463414634146,26,10,35,0.5368675458721999,0.47150930762290955
01259_O_F_FY_C6,1,1,FY,0.9780177474021912,0.9770931601524353,0.9754816293716431,24,0.5853658536585366,24,0,23,0.4817446579293507,0.37225452065467834
01263_O_F_FY_C5,1,1,FY,0.9743579626083374,0.9728813171386719,0.9715034365653992,14,0.34146341463414637,14,0,13,0.5163781671989255,0.46719369292259216
01264_O_F_FY_C7,1,1,FY,0.9673387408256531,0.9664879441261292,0.9653733968734741,24,0.5853658536585366,24,8,31,0.43888667080460525,0.31084921956062317
01264_O_F_FY_C8,1,1,FY,0.9719213247299194,0.9714789390563965,0.9706554412841797,26,0.6341463414634146,26,6,31,0.45346049491952106,0.3553933799266815
01265_O_F_FY_C5,1,1,FY,0.9719964265823364,0.9693328738212585,0.9646978378295898,25,0.6097560975609756,25,9,33,0.5549410799654518,0.5324366092681885
01266_O_F_FY_C5,1,1,FY,0.8929235935211182,0.8905988335609436,0.8798704147338867,16,0.3902439024390244,15,0,18,0.19303265413859996,0.11830942332744598
01266_O_F_FY_C7,1,1,FY,0.9785917401313782,0.9783784747123718,0.9781789779663086,23,0.5609756097560976,23,0,22,0.568893865841191,0.5414996147155762
01269_O_F_FY_C5,1,1,FY,0.9809069037437439,0.9807901978492737,0.9806128740310669,27,0.6585365853658537,27,12,38,0.5353086031064754,0.4759379029273987
01270_O_F_FY_C7,1,1,FY,0.9810634851455688,0.9809635281562805,0.9805775880813599,29,0.7073170731707317,29,4,32,0.629341613955614,0.5620566606521606
01271_O_F_FY_C5,1,1,FY,0.979850172996521,0.9797237515449524,0.9795056581497192,27,0.6585365853658537,27,6,32,0.6006552199038063,0.49460941553115845
01271_O_F_FY_C6,1,1,FY,0.979417622089386,0.9791794419288635,0.9788915514945984,28,0.6829268292682927,28,5,32,0.6264069007664193,0.5608945488929749
01274_O_F_FY_C7,1,0,FY,0.35367149114608765,0.32148510217666626,0.30525389313697815,0,0.0,0,-1,-1,0.35227842011102817,0.2611941993236542
01281_O_F_N_C7,0,0,N,0.1815071552991867,0.17674875259399414,0.16863664984703064,0,0.0,0,-1,-1,0.4683020194856132,0.27144691348075867
01281_O_F_N_C8,0,0,N,0.196528360247612,0.1925830841064453,0.19014829397201538,0,0.0,0,-1,-1,0.6652488446817165,0.6559167504310608
01284_O_F_FY_C5,1,1,FY,0.9794893264770508,0.9791682362556458,0.9788271188735962,26,0.6341463414634146,26,9,34,0.42085733864365554,0.2318345457315445
01285_O_F_BY_C5,1,1,BY,0.9793686866760254,0.9793263077735901,0.9790741205215454,26,0.6341463414634146,26,3,28,0.4854582809820408,0.3556663393974304
01287_O_F_BY_C7,1,1,BY,0.979725182056427,0.9795830249786377,0.9791958928108215,28,0.6829268292682927,28,3,30,0.4531801880859747,0.3527401089668274
01288_O_F_FY_C7,1,1,FY,0.9733520746231079,0.973156750202179,0.9728879928588867,24,0.5853658536585366,24,6,29,0.30498261749744415,0.24704264104366302
01289_O_F_BY_C6,1,1,BY,0.980034589767456,0.9799981117248535,0.9799053072929382,26,0.6341463414634146,26,8,33,0.5795692961390425,0.549862265586853
01289_O_F_BY_C7,1,1,BY,0.980541467666626,0.9804136157035828,0.9801011085510254,24,0.5853658536585366,24,8,31,0.3997658883653036,0.17831048369407654
01290_O_F_FY_C5,1,0,FY,0.44718533754348755,0.42658400535583496,0.4105773866176605,0,0.0,0,-1,-1,0.4138894778926198,0.31262558698654175
01292_O_F_FY_C5,1,1,FY,0.6703174114227295,0.6696638464927673,0.6677635908126831,17,0.4146341463414634,17,2,18,0.18586389538718434,0.08380062133073807
01292_O_F_FY_C8,1,0,FY,0.43639642000198364,0.43211331963539124,0.42080697417259216,0,0.0,0,-1,-1,0.40273335830467505,0.15984804928302765
01293_O_F_BY_C6,1,1,BY,0.9773759841918945,0.9771286845207214,0.9769476056098938,23,0.5609756097560976,23,0,22,0.5479247540962405,0.5196803212165833
01294_O_F_FY_C7,1,1,FY,0.9770997166633606,0.9754236340522766,0.9719651937484741,22,0.5365853658536586,22,0,21,0.46912753509312144,0.4016915261745453
01297_O_F_BY_C5,1,1,BY,0.9799348711967468,0.9797719120979309,0.9793102145195007,22,0.5365853658536586,22,0,21,0.5404281768856979,0.4987930357456207
01299_O_F_BY_C5,1,1,BY,0.9651501178741455,0.9647837281227112,0.9639402627944946,30,0.7317073170731707,25,8,38,0.31691158253972124,0.18762965500354767
01299_O_F_BY_C7,1,1,BY,0.9777528643608093,0.9775859713554382,0.9773026704788208,34,0.8292682926829268,34,7,40,0.31250261170108146,0.1979363113641739
01300_O_F_FY_C7,1,1,FY,0.9534668326377869,0.9531209468841553,0.9524936676025391,20,0.4878048780487805,20,0,19,0.21574406362161402,0.08248995989561081
01304_O_F_BY_C7,1,1,BY,0.9813557267189026,0.9811872839927673,0.9806565046310425,22,0.5365853658536586,22,0,21,0.4149220651242791,0.33859845995903015
01305_O_F_FY_C8,1,1,FY,0.9764758348464966,0.9756038784980774,0.9744858741760254,23,0.5609756097560976,23,0,22,0.5450697323171104,0.4963884949684143
01307_O_F_BY_C8,1,1,BY,0.9800493717193604,0.9799522757530212,0.9798415899276733,23,0.5609756097560976,23,0,22,0.5962579177647103,0.580361008644104
01309_O_F_BY_C5,1,1,BY,0.9779072999954224,0.976752758026123,0.9759681820869446,23,0.5609756097560976,23,0,22,0.4809798830892982,0.42848876118659973
01309_O_F_BY_C8,1,1,BY,0.9794961810112,0.9793365597724915,0.9789626002311707,24,0.5853658536585366,24,0,23,0.4972491787701118,0.42467164993286133
01315_O_F_BY_C5,1,1,BY,0.9784269332885742,0.9781351685523987,0.9776738286018372,23,0.5609756097560976,23,0,22,0.6552340897118173,0.6165457367897034
01316_O_F_FY_C6,1,1,FY,0.9793522953987122,0.9792348742485046,0.9789007902145386,22,0.5365853658536586,22,0,21,0.5569661419566084,0.5128551721572876
01318_O_F_N_C7,0,0,N,0.2232327163219452,0.21669864654541016,0.20801839232444763,0,0.0,0,-1,-1,0.49027543460450523,0.4557573199272156
01318_O_F_N_C8,0,0,N,0.2652042806148529,0.22893106937408447,0.21248432993888855,0,0.0,0,-1,-1,0.4379116638404567,0.4150109887123108
01319_O_F_N_C5,0,0,N,0.3244084119796753,0.3181854784488678,0.30965229868888855,0,0.0,0,-1,-1,0.5364849116744065,0.5237486958503723
01320_O_F_FY_C7,1,1,FY,0.9547166228294373,0.8821876049041748,0.7550702095031738,5,0.12195121951219512,5,0,4,0.42948836378934907,0.38736191391944885
01322_O_F_FY_C5,1,0,FY,0.6299450993537903,0.5728020071983337,0.48662224411964417,2,0.04878048780487805,2,0,1,0.25747846103296046,0.24437643587589264
01323_O_F_FY_C5,1,1,FY,0.9743135571479797,0.9742220044136047,0.9741274118423462,23,0.5609756097560976,23,0,22,0.43537744807034007,0.38056400418281555
01325_O_F_FY_C5,1,0,FY,0.3162623643875122,0.30879780650138855,0.30668073892593384,0,0.0,0,-1,-1,0.2815855959566628,0.2748628854751587
01332_O_F_FY_C6,1,1,FY,0.973427414894104,0.9723812937736511,0.971584141254425,22,0.5365853658536586,22,0,21,0.22199499425364705,0.12042734026908875
01334_O_F_BY_C6,1,1,BY,0.9802226424217224,0.9800724983215332,0.9798798561096191,22,0.5365853658536586,21,0,31,0.32553264426022044,0.20891135931015015
01336_O_F_FY_C5,1,1,FY,0.9785311222076416,0.9779573082923889,0.9772640466690063,22,0.5365853658536586,22,0,21,0.5488338892052813,0.49738118052482605
01336_O_F_FY_C6,1,1,FY,0.9777119159698486,0.9772205352783203,0.9763908386230469,22,0.5365853658536586,22,0,21,0.603587830938944,0.5330197811126709
01339_O_F_FY_C6,1,1,FY,0.9810227751731873,0.9808784127235413,0.9806162714958191,27,0.6585365853658537,27,10,36,0.5558661716740306,0.49102675914764404
01340_O_F_FY_C7,1,1,FY,0.7403945922851562,0.6993415951728821,0.6783588528633118,15,0.36585365853658536,12,7,25,0.4805410693331463,0.27968865633010864
01341_O_F_FY_C5,1,1,FY,0.9798780083656311,0.9796611666679382,0.9790874719619751,22,0.5365853658536586,22,0,21,0.5040403364635095,0.4696888327598572
01341_O_F_FY_C6,1,1,FY,0.9781548380851746,0.977665364742279,0.977055549621582,20,0.4878048780487805,20,0,19,0.4840978958257815,0.4212172329425812
01346_O_F_BY_C5,1,1,BY,0.9756894111633301,0.9733149409294128,0.9711171984672546,23,0.5609756097560976,23,0,22,0.38234294696551996,0.2717441916465759
01348_O_F_BY_C5,1,1,BY,0.978600800037384,0.9785017967224121,0.9782349467277527,23,0.5609756097560976,23,0,22,0.3659053277678606,0.22885921597480774
01356_O_F_BY_C6,1,1,BY,0.979576826095581,0.9792876243591309,0.9791246652603149,23,0.5609756097560976,23,0,22,0.3236204056841571,0.12300363928079605
01356_O_F_BY_C8,1,0,BY,0.3735222816467285,0.34493860602378845,0.3268328011035919,0,0.0,0,-1,-1,0.2750651305768548,0.25405800342559814
01358_O_F_BY_C5,1,1,BY,0.9719832539558411,0.9717664122581482,0.9711998105049133,24,0.5853658536585366,24,0,23,0.31886837940390517,0.2017214000225067
01358_O_F_BY_C7,1,1,BY,0.7370882034301758,0.725297749042511,0.7163189649581909,12,0.2926829268292683,11,0,18,0.2337784527278528,0.15744999051094055
01362_O_F_BY_C6,1,1,BY,0.9713897109031677,0.9703531265258789,0.9684386253356934,24,0.5853658536585366,22,0,25,0.38104766352874475,0.2346239537000656
01364_O_F_FY_C6,1,0,FY,0.7911781072616577,0.6666722297668457,0.6031831502914429,2,0.04878048780487805,2,0,1,0.36795813790181786,0.3176792860031128
01364_O_F_FY_C7,1,1,FY,0.7705169916152954,0.6865193247795105,0.6137139201164246,4,0.0975609756097561,3,0,37,0.3409877146889524,0.1815153956413269
01366_O_F_FY_C5,1,1,FY,0.9753691554069519,0.974860668182373,0.9743778109550476,24,0.5853658536585366,24,0,23,0.5564843728774931,0.4996804893016815
01366_O_F_FY_C7,1,1,FY,0.8553866744041443,0.854597806930542,0.8525374531745911,23,0.5609756097560976,19,0,23,0.27030339546319915,0.10482730716466904
01367_O_F_BY_C7,1,1,BY,0.9724294543266296,0.9721254706382751,0.9712751507759094,23,0.5609756097560976,23,0,22,0.29518906953858165,0.24705509841442108
01369_O_F_BY_C7,1,1,BY,0.9776228070259094,0.9775866866111755,0.9774576425552368,24,0.5853658536585366,24,0,23,0.4797039242779336,0.39753565192222595
01370_O_F_BY_C8,1,1,BY,0.9800431728363037,0.9798431396484375,0.9796915054321289,24,0.5853658536585366,24,0,23,0.5666355127241554,0.5417042374610901
01371_O_F_FY_C7,1,1,FY,0.9785338640213013,0.9780716896057129,0.9763998985290527,22,0.5365853658536586,22,0,21,0.5381290418345753,0.46562907099723816
01371_O_F_FY_C8,1,1,FY,0.9782295823097229,0.9781959652900696,0.9772940874099731,22,0.5365853658536586,22,0,21,0.512514517074678,0.4073975384235382
01372_O_F_FY_C5,1,1,FY,0.9806802868843079,0.9805071949958801,0.98027503490448,24,0.5853658536585366,24,0,23,0.6117091309733507,0.5848748683929443
01373_O_F_BY_C5,1,1,BY,0.979069173336029,0.9788370728492737,0.9783204793930054,22,0.5365853658536586,22,0,21,0.35934158214708656,0.2892012596130371
01373_O_F_BY_C7,1,1,BY,0.9792845249176025,0.9790487289428711,0.9788454174995422,23,0.5609756097560976,23,0,22,0.4187918392623343,0.3682720959186554
01373_O_F_BY_C8,1,1,BY,0.8673833012580872,0.8664562702178955,0.8653338551521301,18,0.43902439024390244,18,2,19,0.36633980455921916,0.20350967347621918
01375_O_F_BY_C7,1,1,BY,0.9750385880470276,0.9747437834739685,0.9741918444633484,22,0.5365853658536586,22,0,21,0.3390177001313465,0.29408231377601624
01376_O_F_FY_C7,1,1,FY,0.9793645739555359,0.9791329503059387,0.9789724349975586,23,0.5609756097560976,23,0,22,0.2951989628192855,0.2084125578403473
01380_O_B_FY_C5,1,1,FY,0.9807338714599609,0.9805562496185303,0.9803139567375183,26,0.6341463414634146,26,0,25,0.5560918188676601,0.5342782139778137
01383_O_B_N_C7,0,0,N,0.25188490748405457,0.24402983486652374,0.2313646823167801,0,0.0,0,-1,-1,0.5469326980230285,0.4908965229988098
01384_O_B_FY_C5,1,1,FY,0.9805810451507568,0.980250358581543,0.9796766042709351,31,0.7560975609756098,31,0,30,0.5722141142298536,0.4668169617652893
01384_O_B_FY_C6,1,1,FY,0.9802210330963135,0.9800384640693665,0.9797236323356628,30,0.7317073170731707,30,0,29,0.6160975810958118,0.5701171159744263
01384_O_B_FY_C8,1,1,FY,0.9801212549209595,0.9799397587776184,0.9798116683959961,30,0.7317073170731707,30,0,29,0.5785380754528976,0.49334925413131714
01385_O_B_BY_C8,1,1,BY,0.9803255200386047,0.9799801707267761,0.9792793393135071,22,0.5365853658536586,22,0,21,0.3998253592630712,0.29250213503837585
01386_O_B_N_C5,0,0,N,0.1885647028684616,0.1854926198720932,0.1800416111946106,0,0.0,0,-1,-1,0.44385678957148295,0.42134737968444824
01386_O_B_N_C6,0,0,N,0.1438727080821991,0.14211814105510712,0.139757439494133,0,0.0,0,-1,-1,0.3544589993430347,0.3334292471408844
01388_O_B_FY_C6,1,1,FY,0.9780892729759216,0.9778077006340027,0.9775334596633911,26,0.6341463414634146,26,0,25,0.5368950861256298,0.4177839457988739
01389_O_B_BY_C5,1,1,BY,0.9678203463554382,0.967066764831543,0.9655593633651733,23,0.5609756097560976,23,0,22,0.48792838686850015,0.4285356402397156
01390_O_B_N_C6,0,0,N,0.1911584585905075,0.1785072237253189,0.17303694784641266,0,0.0,0,-1,-1,0.34259708625514335,0.3086426556110382
01390_O_B_N_C8,0,0,N,0.14107617735862732,0.14032374322414398,0.13823433220386505,0,0.0,0,-1,-1,0.3997369212348287,0.38858723640441895
01391_O_B_N_C8,0,0,N,0.17549259960651398,0.16921943426132202,0.16704204678535461,0,0.0,0,-1,-1,0.4721659276543594,0.4412475526332855
01392_O_B_FY_C7,1,1,FY,0.9776862859725952,0.9774556159973145,0.9768264889717102,28,0.6829268292682927,28,0,27,0.560416240517686,0.5429737567901611
01393_O_B_BY_C6,1,1,BY,0.9724518656730652,0.9720991253852844,0.9716887474060059,24,0.5853658536585366,24,0,23,0.5491816764924584,0.39168238639831543
01395_O_B_FY_C5,1,1,FY,0.9727397561073303,0.9703826904296875,0.9691358804702759,24,0.5853658536585366,24,0,23,0.6662983385528006,0.6410961747169495
01395_O_B_FY_C8,1,1,FY,0.9767702221870422,0.9754183888435364,0.9748200178146362,22,0.5365853658536586,22,0,21,0.33001074485662507,0.26303958892822266
01396_O_B_BY_C6,1,1,BY,0.9798588752746582,0.9796482920646667,0.9794255495071411,25,0.6097560975609756,25,0,24,0.6082194025923566,0.5634640455245972
01398_O_B_N_C5,0,0,N,0.3241006135940552,0.3158365488052368,0.3008187711238861,0,0.0,0,-1,-1,0.5268030108475104,0.5173684358596802
01399_O_B_BY_C6,1,1,BY,0.9769492745399475,0.9765949249267578,0.976223349571228,20,0.4878048780487805,20,0,19,0.29416127393885355,0.21776744723320007
01401_O_B_FY_C5,1,1,FY,0.9785417914390564,0.9784369468688965,0.9781374931335449,26,0.6341463414634146,26,0,25,0.5423604838731813,0.4555889070034027
01403_O_B_FY_C8,1,1,FY,0.9802268743515015,0.9800772666931152,0.979762852191925,27,0.6585365853658537,27,0,26,0.5274582192665194,0.43333715200424194
01411_O_B_FY_C7,1,1,FY,0.977965772151947,0.9771063327789307,0.9749623537063599,24,0.5853658536585366,24,0,23,0.5960732334997596,0.5060563683509827
01413_O_B_N_C5,0,0,N,0.32734429836273193,0.29846394062042236,0.2673414945602417,0,0.0,0,-1,-1,0.5803954252382604,0.557220995426178
01413_O_B_N_C7,0,0,N,0.1909850388765335,0.1762237697839737,0.16628871858119965,0,0.0,0,-1,-1,0.6423815328900407,0.5981056094169617
01415_O_B_FY_C6,1,1,FY,0.978931188583374,0.9785199165344238,0.9780458211898804,24,0.5853658536585366,24,0,23,0.5280330253810417,0.45962101221084595
01418_O_B_N_C5,0,0,N,0.28351542353630066,0.2790592908859253,0.27058401703834534,0,0.0,0,-1,-1,0.4651245351244764,0.45130741596221924
01418_O_B_N_C6,0,0,N,0.24298439919948578,0.2271602749824524,0.22127220034599304,0,0.0,0,-1,-1,0.4890601395106897,0.4400293231010437
01419_O_B_FY_C5,1,1,FY,0.9726055264472961,0.9718722701072693,0.9705748558044434,23,0.5609756097560976,23,1,23,0.5455488242754122,0.5064815878868103
01421_O_B_N_C7,0,0,N,0.45052722096443176,0.3826594352722168,0.3407922387123108,0,0.0,0,-1,-1,0.45327840854481954,0.4163317382335663
01422_O_B_N_C7,0,0,N,0.2008049041032791,0.1934226155281067,0.1860627979040146,0,0.0,0,-1,-1,0.44830257790844613,0.4090501666069031
01423_O_B_FY_C7,1,1,FY,0.8626025319099426,0.8595659732818604,0.8546895980834961,19,0.4634146341463415,19,2,20,0.2965717613697052,0.253426730632782
01431_O_B_N_C8,0,0,N,0.41154417395591736,0.4080127775669098,0.40005284547805786,0,0.0,0,-1,-1,0.41241305412315743,0.38433194160461426
01432_O_B_FY_C6,1,1,FY,0.9791082739830017,0.9788638949394226,0.9784539937973022,23,0.5609756097560976,23,0,22,0.38991310901758147,0.31784936785697937
01433_O_B_BY_C7,1,1,BY,0.9778714776039124,0.9773624539375305,0.9767464399337769,23,0.5609756097560976,23,0,22,0.35021596492790596,0.29456448554992676
01434_O_B_FY_C8,1,1,FY,0.9806199073791504,0.9803652763366699,0.9795066714286804,23,0.5609756097560976,23,0,22,0.5669855431812566,0.47366806864738464
01436_O_B_FY_C5,1,1,FY,0.9744291305541992,0.9731010794639587,0.971967339515686,25,0.6097560975609756,25,0,24,0.5916983572448172,0.5045506358146667
01436_O_B_FY_C6,1,1,FY,0.9690417647361755,0.9678619503974915,0.9665386080741882,24,0.5853658536585366,24,0,23,0.558910855432836,0.43822768330574036
01436_O_B_FY_C7,1,1,FY,0.949945867061615,0.9470434188842773,0.9430244565010071,23,0.5609756097560976,23,0,22,0.43740367089829796,0.3930312991142273
01440_O_B_FY_C6,1,1,FY,0.9807624220848083,0.9806146025657654,0.9802027940750122,24,0.5853658536585366,24,0,23,0.3613048988144572,0.2926194369792938
01440_O_B_FY_C7,1,1,FY,0.9788568019866943,0.9787406325340271,0.9784536361694336,24,0.5853658536585366,24,0,23,0.2934743943737774,0.20787031948566437
01440_O_B_FY_C8,1,1,FY,0.9790271520614624,0.9789475798606873,0.978774905204773,23,0.5609756097560976,23,0,22,0.3790668721606092,0.32951244711875916
01444_O_B_FY_C5,1,1,FY,0.9791202545166016,0.9789376258850098,0.9783109426498413,25,0.6097560975609756,25,0,24,0.5066778921499485,0.44493311643600464
01445_O_B_BY_C6,1,1,BY,0.9625332355499268,0.9619131684303284,0.9609473943710327,23,0.5609756097560976,23,0,22,0.5135786809572359,0.4556649923324585
01446_O_B_FY_C5,1,1,FY,0.975881814956665,0.9757011532783508,0.9750217199325562,25,0.6097560975609756,25,0,24,0.4835175072274557,0.41446974873542786
01447_O_B_BY_C7,1,1,BY,0.9785635471343994,0.9782438278198242,0.9779046773910522,23,0.5609756097560976,23,0,22,0.43927510119066004,0.4010140299797058
01448_O_B_FY_C6,1,1,FY,0.7601024508476257,0.7517271041870117,0.7450178861618042,17,0.4146341463414634,17,0,16,0.299505658266021,0.1916261911392212
01448_O_B_FY_C7,1,1,FY,0.9158973693847656,0.9145383238792419,0.9118050336837769,23,0.5609756097560976,23,0,22,0.27867399010716415,0.15968404710292816
01452_O_B_FY_C8,1,1,FY,0.9801453351974487,0.9798104166984558,0.9792600870132446,26,0.6341463414634146,26,0,25,0.3270064370661247,0.20203520357608795
01453_O_B_BY_C7,1,1,BY,0.972981333732605,0.9729230999946594,0.972756028175354,25,0.6097560975609756,25,0,24,0.2606034656850303,0.14671635627746582
01454_O_B_BY_C7,1,1,BY,0.9796019792556763,0.9792883396148682,0.9790548086166382,23,0.5609756097560976,23,0,22,0.28154787821013755,0.2100048065185547
01456_O_B_BY_C5,1,1,BY,0.972115159034729,0.9715995788574219,0.9708250164985657,22,0.5365853658536586,22,0,21,0.3777800829308789,0.11382577568292618
01456_O_B_BY_C8,1,1,BY,0.9761760830879211,0.9757446646690369,0.9749158024787903,23,0.5609756097560976,23,0,22,0.3909361347919557,0.3522243797779083
01458_O_B_BY_C5,1,1,BY,0.9768468737602234,0.976259171962738,0.9756200909614563,22,0.5365853658536586,22,0,21,0.35153811951962916,0.08657443523406982
01459_O_B_FY_C6,1,1,FY,0.973911464214325,0.9734703898429871,0.972448468208313,20,0.4878048780487805,20,0,19,0.25655109780590707,0.20087945461273193
01460_O_B_BY_C8,1,1,BY,0.978797972202301,0.9785678386688232,0.9780244827270508,22,0.5365853658536586,22,0,21,0.44503054022789,0.40413030982017517
01462_O_F_SY_C6,1,1,SY,0.9766591191291809,0.9749815464019775,0.9739359617233276,14,0.34146341463414637,14,0,13,0.46011027475682703,0.3510265648365021
01462_O_F_SY_C8,1,1,SY,0.9783037304878235,0.9781357645988464,0.9777466058731079,15,0.36585365853658536,15,0,14,0.4699863246301325,0.2862362265586853
01465_O_F_SY_C5,1,1,SY,0.6172463893890381,0.608135998249054,0.5964851975440979,11,0.2682926829268293,6,8,29,0.37124449596172426,0.21416112780570984
01468_O_F_FY_C6,1,1,FY,0.9633035063743591,0.9625942707061768,0.9616211652755737,20,0.4878048780487805,20,0,19,0.39405584989524467,0.3325195908546448
01472_O_F_BY_C8,1,1,BY,0.9785616397857666,0.9784891605377197,0.978302001953125,19,0.4634146341463415,19,0,18,0.5529704043051091,0.4088791012763977
01477_O_F_SY_C5,1,1,SY,0.8543357849121094,0.8479920029640198,0.8437573313713074,18,0.43902439024390244,18,5,22,0.5964368857988497,0.5280900597572327
01477_O_F_SY_C7,1,1,SY,0.6370679140090942,0.6305140256881714,0.6227084398269653,16,0.3902439024390244,16,7,22,0.4732645190343624,0.3474150598049164
01478_O_F_BY_C5,1,1,BY,0.6136240363121033,0.605807363986969,0.5979939699172974,7,0.17073170731707318,7,11,17,0.5507259681457426,0.45098739862442017
01478_O_F_BY_C8,1,1,BY,0.6496860384941101,0.6412932872772217,0.6334868669509888,12,0.2926829268292683,10,8,20,0.5946722684836969,0.43473485112190247
01487_O_F_BY_C6,1,1,BY,0.6984986662864685,0.6906998753547668,0.6606024503707886,11,0.2682926829268293,11,0,10,0.48428554069705126,0.39230504631996155
01491_O_F_BY_C8,1,1,BY,0.9785011410713196,0.9782790541648865,0.9780672192573547,25,0.6097560975609756,25,0,24,0.2695444785967106,0.18583112955093384
01492_O_F_FY_C5,1,1,FY,0.9797747731208801,0.9795711636543274,0.979036808013916,26,0.6341463414634146,26,0,25,0.49672155627390235,0.4208064675331116
01492_O_F_FY_C8,1,1,FY,0.9778603315353394,0.9776986241340637,0.9773000478744507,24,0.5853658536585366,24,0,23,0.39710972803394967,0.3458540737628937
01494_O_F_BY_C5,1,1,BY,0.979877769947052,0.9797534346580505,0.9795357584953308,25,0.6097560975609756,25,0,24,0.3453899912717866,0.19167861342430115
01495_O_F_N_C8,0,0,N,0.25967440009117126,0.22620785236358643,0.2077750861644745,0,0.0,0,-1,-1,0.506669761931024,0.4822476804256439
01496_O_F_FY_C5,1,1,FY,0.9478796720504761,0.9440536499023438,0.9167822599411011,6,0.14634146341463414,6,0,5,0.3897404060131166,0.350081205368042
01496_O_F_FY_C8,1,1,FY,0.938106119632721,0.9205567836761475,0.8473992347717285,5,0.12195121951219512,5,0,4,0.33333074246964806,0.2825409471988678
01497_O_F_SY_C5,1,1,SY,0.9786249995231628,0.9784930348396301,0.9782074093818665,25,0.6097560975609756,25,6,30,0.4485413882790542,0.33380821347236633
01498_O_F_BY_C5,1,1,BY,0.9798576235771179,0.9798217415809631,0.9797424077987671,27,0.6585365853658537,27,1,27,0.3920372709995363,0.22881436347961426
01498_O_F_BY_C6,1,1,BY,0.9784266948699951,0.9783340096473694,0.978066623210907,28,0.6829268292682927,28,1,28,0.47439144878852657,0.3221249580383301
01499_O_F_N_C5,0,0,N,0.1843806505203247,0.18198262155056,0.1797526776790619,0,0.0,0,-1,-1,0.5868505224948977,0.5467905402183533
01499_O_F_N_C7,0,0,N,0.22404903173446655,0.20585548877716064,0.19291988015174866,0,0.0,0,-1,-1,0.45402950629955385,0.4002823829650879
01506_O_F_FY_C7,1,1,FY,0.9798144698143005,0.9796667695045471,0.9788216352462769,19,0.4634146341463415,19,0,18,0.5463325126868922,0.4399223327636719
01506_O_F_FY_C8,1,1,FY,0.9806761741638184,0.9804696440696716,0.9797866940498352,17,0.4146341463414634,17,0,16,0.3811141470583474,0.3252635598182678
01509_O_F_N_C6,0,0,N,0.24613243341445923,0.23934976756572723,0.23044118285179138,0,0.0,0,-1,-1,0.5808272216378189,0.5168066024780273
01510_O_F_N_C6,0,0,N,0.5308770537376404,0.44366273283958435,0.39382490515708923,1,0.024390243902439025,1,40,40,0.4719718687418031,0.270426481962204
01510_O_F_N_C7,0,1,N,0.7562037110328674,0.7321484684944153,0.7170794606208801,8,0.1951219512195122,6,30,40,0.4329559686707287,0.23778396844863892
01511_O_F_FY_C6,1,1,FY,0.9798966646194458,0.9798356890678406,0.9797342419624329,25,0.6097560975609756,25,3,27,0.5865369795299158,0.4820581078529358
01511_O_F_FY_C8,1,1,FY,0.9805964231491089,0.9803410172462463,0.9799504280090332,25,0.6097560975609756,25,2,26,0.6193377128461512,0.5447972416877747
01512_O_F_BY_C5,1,1,BY,0.9803712368011475,0.9801332354545593,0.9798622131347656,28,0.6829268292682927,28,3,30,0.6482512790982317,0.5934885740280151
01523_O_E_SY_C5,1,1,SY,0.9759811758995056,0.975592315196991,0.9748386144638062,19,0.4634146341463415,19,0,18,0.48310741127991097,0.40733829140663147
01523_O_E_SY_C8,1,1,SY,0.9740470051765442,0.9739864468574524,0.9738377332687378,20,0.4878048780487805,20,0,19,0.5704340992904291,0.5355542898178101
01524_O_E_BY_C5,1,1,BY,0.9101412296295166,0.8662856221199036,0.7575229406356812,4,0.0975609756097561,4,0,3,0.43867090562494787,0.40613362193107605
01525_O_E_N_C6,0,0,N,0.22327418625354767,0.21318502724170685,0.20500299334526062,0,0.0,0,-1,-1,0.3261763268127674,0.20987474918365479
01528_O_E_BY_C7,1,1,BY,0.9768597483634949,0.9761360287666321,0.9753730893135071,18,0.43902439024390244,18,0,17,0.5127807397667955,0.44019344449043274
01531_O_E_SY_C7,1,1,SY,0.9797582626342773,0.9794993996620178,0.978980541229248,24,0.5853658536585366,24,0,23,0.44849671823222464,0.3779818117618561
01541_O_E_N_C8,0,0,N,0.31727704405784607,0.3107808828353882,0.30085498094558716,0,0.0,0,-1,-1,0.42525891196437,0.373386412858963
01542_O_E_FY_C8,1,1,FY,0.9773728251457214,0.9771869778633118,0.9770849347114563,25,0.6097560975609756,25,4,28,0.5320473436902209,0.3419696092605591
01547_O_E_N_C8,0,1,N,0.6134131550788879,0.611629068851471,0.5984739065170288,14,0.34146341463414637,6,3,35,0.250322402250476,0.15078309178352356
01548_O_E_FY_C7,1,1,FY,0.979472279548645,0.9792566299438477,0.9789312481880188,24,0.5853658536585366,24,1,24,0.35832949309814266,0.26094138622283936
01551_O_E_FY_C8,1,1,FY,0.9107273817062378,0.9062039256095886,0.9028875231742859,13,0.3170731707317073,13,0,12,0.7231026422686693,0.5801112055778503
01552_O_E_SY_C5,1,1,SY,0.9722274541854858,0.970493495464325,0.9692282676696777,11,0.2682926829268293,11,0,10,0.5945087947496553,0.5288265943527222
01553_O_E_BY_C7,1,1,BY,0.9778025150299072,0.9774672985076904,0.9767274856567383,17,0.4146341463414634,17,0,16,0.5261181200422892,0.4425235390663147
01554_O_E_N_C8,0,0,N,0.3642345368862152,0.33529987931251526,0.2987782061100006,0,0.0,0,-1,-1,0.47065289209528666,0.43663305044174194
01557_O_E_BY_C6,1,1,BY,0.9744574427604675,0.973991870880127,0.971954345703125,22,0.5365853658536586,22,0,21,0.4166160821914673,0.3045142590999603
01557_O_E_BY_C8,1,1,BY,0.8360769152641296,0.8308181166648865,0.8197820782661438,18,0.43902439024390244,17,0,18,0.47626568849493817,0.3719136118888855
01558_O_E_N_C5,0,0,N,0.2981330156326294,0.2917229235172272,0.2730024456977844,0,0.0,0,-1,-1,0.5358593420284551,0.5131405591964722
01558_O_E_N_C8,0,0,N,0.26961439847946167,0.2585338056087494,0.2501594126224518,0,0.0,0,-1,-1,0.3924658865463443,0.3340728282928467
01559_O_E_FY_C7,1,1,FY,0.9723012447357178,0.9718410968780518,0.9714961051940918,25,0.6097560975609756,25,1,25,0.5979239053842498,0.37662047147750854
01561_O_E_BY_C6,1,1,BY,0.9778385758399963,0.9776932597160339,0.9774826169013977,20,0.4878048780487805,20,0,19,0.34124265066007287,0.2652588188648224
01562_O_E_N_C6,0,0,N,0.30592840909957886,0.27998629212379456,0.2424604445695877,0,0.0,0,-1,-1,0.4285830855369568,0.3979164659976959
01563_O_E_FY_C6,1,1,FY,0.9586752653121948,0.9563522338867188,0.9546775817871094,17,0.4146341463414634,17,0,16,0.2725397955353667,0.24010267853736877
01565_O_E_BY_C7,1,1,BY,0.9720802307128906,0.971813440322876,0.9714940786361694,16,0.3902439024390244,16,0,15,0.6085546874418492,0.55366450548172
01570_Y_A_FY_C7,1,1,FY,0.9793187975883484,0.9791914820671082,0.9789638519287109,26,0.6341463414634146,26,6,31,0.4542425529259007,0.285845011472702
01571_Y_A_SY_C6,1,1,SY,0.978455126285553,0.9783906936645508,0.9781953692436218,30,0.7317073170731707,30,7,36,0.6102036644772786,0.49354642629623413
01575_Y_A_BY_C5,1,1,BY,0.9396058320999146,0.9353108406066895,0.9283761978149414,31,0.7560975609756098,29,2,33,0.5724567967217143,0.43312111496925354
01578_Y_A_BY_C5,1,1,BY,0.9266251921653748,0.9261189103126526,0.9242998361587524,21,0.5121951219512195,21,14,34,0.4088643200513793,0.3103397488594055
01578_Y_A_BY_C6,1,1,BY,0.7842777371406555,0.7825315594673157,0.7803560495376587,16,0.3902439024390244,14,0,36,0.3727189524144661,0.2433442920446396
01580_Y_A_FY_C6,1,1,FY,0.977465033531189,0.9771354794502258,0.9766248464584351,22,0.5365853658536586,22,0,21,0.5261419284634474,0.4185195863246918
01581_Y_A_SY_C6,1,1,SY,0.9783759117126465,0.978083074092865,0.9775703549385071,25,0.6097560975609756,25,0,24,0.4790434488436071,0.33300453424453735
01582_Y_A_FY_C6,1,1,FY,0.9781474471092224,0.9779946208000183,0.9777687788009644,20,0.4878048780487805,20,0,19,0.5338858707648951,0.46016693115234375
01583_Y_A_SY_C5,1,1,SY,0.9793159365653992,0.9792720675468445,0.9791208505630493,25,0.6097560975609756,25,7,31,0.4869902344738565,0.37566137313842773
01585_Y_A_SY_C5,1,1,SY,0.9797191619873047,0.979691743850708,0.9796205759048462,23,0.5609756097560976,23,0,22,0.39272449438164875,0.26771554350852966
01585_Y_A_SY_C7,1,1,SY,0.9717481136322021,0.97147536277771,0.9711265563964844,18,0.43902439024390244,18,0,17,0.2900261381050436,0.10943545401096344
01588_Y_A_BY_C5,1,1,BY,0.8813545107841492,0.8016040921211243,0.7679887413978577,17,0.4146341463414634,17,0,16,0.40074966375420734,0.2550126016139984
01588_Y_A_BY_C7,1,1,BY,0.9799960255622864,0.9798453450202942,0.9796259999275208,28,0.6829268292682927,28,0,27,0.44810746646508937,0.3562178611755371
01590_L_F_BY_C7,1,1,BY,0.977547287940979,0.9774194359779358,0.9771639704704285,25,0.6097560975609756,25,0,24,0.41598804840227455,0.36466115713119507
01591_L_F_N_C8,0,1,N,0.5751590132713318,0.5708974003791809,0.5625921487808228,7,0.17073170731707318,7,13,19,0.2504636797963119,0.13174594938755035
01597_L_F_BY_C6,1,1,BY,0.9805709719657898,0.9804845452308655,0.9804114103317261,28,0.6829268292682927,28,6,33,0.5521688752058076,0.48539474606513977
01599_L_F_FY_C5,1,1,FY,0.9793622493743896,0.979245662689209,0.9789339900016785,27,0.6585365853658537,27,2,28,0.652611667790064,0.39648154377937317
01600_L_F_BY_C7,1,1,BY,0.97804194688797,0.977717399597168,0.9773658514022827,23,0.5609756097560976,23,2,24,0.23766903415685747,0.1227080449461937
01606_L_F_FY_C8,1,1,FY,0.9764564037322998,0.9763975739479065,0.9763309359550476,23,0.5609756097560976,23,1,23,0.31777263850700566,0.24216796457767487
01618_O_E_SY_C8,1,1,SY,0.9819208979606628,0.9817845225334167,0.9814580678939819,26,0.6341463414634146,26,1,26,0.5238255880227903,0.47102126479148865
01620_O_E_N_C7,0,0,N,0.19681772589683533,0.18863816559314728,0.18034979701042175,0,0.0,0,-1,-1,0.6670885871096355,0.5898709893226624
01621_O_E_FY_C5,1,1,FY,0.9794049263000488,0.9793131351470947,0.9788694381713867,25,0.6097560975609756,25,1,25,0.5795024873279944,0.49146974086761475
01621_O_E_FY_C8,1,1,FY,0.9809236526489258,0.9808405041694641,0.9806314706802368,25,0.6097560975609756,25,1,25,0.541729417515964,0.423395037651062
01622_O_E_SY_C7,1,1,SY,0.9802926182746887,0.9800786375999451,0.9798656702041626,27,0.6585365853658537,27,1,27,0.5574877036780845,0.4911956489086151
01623_O_E_BY_C7,1,1,BY,0.9799696803092957,0.9799022674560547,0.9797022938728333,26,0.6341463414634146,26,0,25,0.629468527508945,0.4445282816886902
01624_O_E_N_C8,0,0,N,0.33039161562919617,0.31893250346183777,0.30992573499679565,0,0.0,0,-1,-1,0.45576970024806696,0.41558533906936646
01628_O_E_FY_C7,1,1,FY,0.9805024266242981,0.9803116917610168,0.9797927737236023,25,0.6097560975609756,25,0,24,0.5338314190143492,0.37610647082328796
01634_Y_E_BY_C7,1,1,BY,0.9801163673400879,0.9800316691398621,0.979812502861023,23,0.5609756097560976,23,0,22,0.573770630650404,0.42454901337623596
01636_Y_E_FY_C8,1,1,FY,0.9805198311805725,0.9802722334861755,0.9798828959465027,23,0.5609756097560976,23,0,22,0.45355860489170724,0.3328152596950531
01637_Y_E_SY_C5,1,1,SY,0.9798102378845215,0.9797534346580505,0.9795364141464233,26,0.6341463414634146,26,0,25,0.6757202468267302,0.6226718425750732
01638_Y_E_BY_C8,1,1,BY,0.9799448251724243,0.9798431396484375,0.9794878959655762,22,0.5365853658536586,22,0,21,0.4134978971830228,0.3435456454753876
01641_Y_E_SY_C5,1,1,SY,0.9744448661804199,0.9740400910377502,0.973611056804657,23,0.5609756097560976,23,1,23,0.35071120356641167,0.238463893532753
01642_Y_E_BY_C6,1,1,BY,0.9781442284584045,0.9777407646179199,0.9774389266967773,24,0.5853658536585366,24,0,23,0.5388081749764885,0.4974798560142517
01642_Y_E_BY_C8,1,1,BY,0.8290524482727051,0.8122384548187256,0.8043431043624878,22,0.5365853658536586,21,1,24,0.3683345753972123,0.2992120385169983
01648_Y_E_N_C6,0,0,N,0.3048940598964691,0.2914642095565796,0.27852386236190796,0,0.0,0,-1,-1,0.3835645499752789,0.33415132761001587
01650_Y_E_SY_C7,1,1,SY,0.9788148999214172,0.9786565899848938,0.9784308671951294,25,0.6097560975609756,25,0,24,0.3428953697041767,0.25353100895881653
01653_Y_E_FY_C5,1,1,FY,0.9142842292785645,0.9052918553352356,0.89459627866745,13,0.3170731707317073,13,1,13,0.3866758935335206,0.25730401277542114
01654_Y_E_SY_C8,1,1,SY,0.567886233329773,0.5522792935371399,0.5418068766593933,4,0.0975609756097561,4,20,23,0.24600692929291143,0.13884228467941284
01655_Y_E_BY_C6,1,1,BY,0.978822648525238,0.9785159230232239,0.9781888127326965,23,0.5609756097560976,23,0,22,0.4290151588800477,0.38443130254745483
01657_Y_E_FY_C6,1,1,FY,0.9791491627693176,0.9787323474884033,0.9776042699813843,24,0.5853658536585366,24,0,23,0.6053798431303443,0.5128939747810364
01659_Y_E_BY_C5,1,1,BY,0.9609056115150452,0.9605660438537598,0.9600704312324524,21,0.5121951219512195,21,0,20,0.3338223586722118,0.2191145122051239
01660_Y_E_N_C7,0,0,N,0.3185991942882538,0.2929917275905609,0.2598017752170563,0,0.0,0,-1,-1,0.38593371466892523,0.3244537115097046
01662_Y_E_SY_C5,1,1,SY,0.9790942072868347,0.9789058566093445,0.9782881736755371,26,0.6341463414634146,26,0,25,0.5938005810830651,0.5326470732688904
01664_Y_E_N_C5,0,0,N,0.21303223073482513,0.19839660823345184,0.18270181119441986,0,0.0,0,-1,-1,0.5454351923814634,0.4905625283718109
01664_Y_E_N_C7,0,0,N,0.1809096336364746,0.17839938402175903,0.17137089371681213,0,0.0,0,-1,-1,0.4839978087239149,0.42482784390449524
01666_Y_E_SY_C8,1,1,SY,0.9804732799530029,0.9803897738456726,0.9802204966545105,25,0.6097560975609756,25,0,24,0.40861772618642667,0.37120896577835083
01668_Y_E_N_C5,0,0,N,0.36412325501441956,0.3432077467441559,0.33082255721092224,0,0.0,0,-1,-1,0.5638976983907746,0.5019730925559998
01669_Y_E_FY_C5,1,1,FY,0.9783614277839661,0.978183925151825,0.9778670072555542,26,0.6341463414634146,26,0,25,0.47367076975543326,0.42667075991630554
01669_Y_E_FY_C7,1,1,FY,0.9795687198638916,0.9793634414672852,0.9790972471237183,26,0.6341463414634146,26,0,25,0.539249079256523,0.4813989996910095
01670_Y_E_SY_C7,1,1,SY,0.9789542555809021,0.9787436127662659,0.978530764579773,26,0.6341463414634146,26,0,25,0.5347722092779671,0.3588760793209076
01671_Y_E_BY_C8,1,1,BY,0.9785163998603821,0.9781675338745117,0.9775973558425903,23,0.5609756097560976,23,0,22,0.5114228914423686,0.3592006266117096
01673_Y_E_FY_C8,1,1,FY,0.9757930636405945,0.9755075573921204,0.9743515849113464,24,0.5853658536585366,24,1,24,0.4807497997109483,0.348035991191864
01674_Y_E_SY_C5,1,1,SY,0.9787035584449768,0.9784792065620422,0.9781464338302612,26,0.6341463414634146,26,1,26,0.5106773412809139,0.4372093081474304
01675_Y_E_BY_C6,1,1,BY,0.9798197150230408,0.9797020554542542,0.9793800115585327,29,0.7073170731707317,29,0,28,0.49656796964203437,0.4172718822956085
01675_Y_E_BY_C8,1,1,BY,0.9792044162750244,0.9790223240852356,0.9786308407783508,24,0.5853658536585366,24,0,23,0.5314080984127231,0.4653080403804779
01676_Y_E_N_C6,0,0,N,0.22112871706485748,0.2076631635427475,0.20052766799926758,0,0.0,0,-1,-1,0.5884893303964196,0.5427333116531372
01676_Y_E_N_C7,0,0,N,0.25924909114837646,0.25124675035476685,0.23833608627319336,0,0.0,0,-1,-1,0.5237630598428773,0.4824581444263458
01677_Y_E_FY_C5,1,1,FY,0.9758521914482117,0.9756615161895752,0.9746036529541016,22,0.5365853658536586,22,0,21,0.5691666944724757,0.4725396931171417
01677_Y_E_FY_C8,1,1,FY,0.9748662710189819,0.9741778373718262,0.9732679128646851,22,0.5365853658536586,22,0,21,0.7372985424065008,0.6320425868034363
01678_Y_E_SY_C8,1,1,SY,0.9433754682540894,0.9418613314628601,0.9401044845581055,22,0.5365853658536586,22,0,21,0.5005209227887596,0.47808536887168884
01679_Y_E_N_C8,0,0,N,0.2670038342475891,0.23842787742614746,0.2103385031223297,0,0.0,0,-1,-1,0.6876055990777364,0.5957868695259094
01683_Y_E_N_C6,0,0,N,0.6440525650978088,0.5911158919334412,0.5615288019180298,3,0.07317073170731707,1,25,40,0.4926020721109902,0.45880287885665894
01684_Y_E_FY_C6,1,1,FY,0.9750898480415344,0.9749189019203186,0.9745861887931824,23,0.5609756097560976,23,0,22,0.5127269763772081,0.4429911673069
01684_Y_E_FY_C7,1,1,FY,0.976262629032135,0.975746214389801,0.9751429557800293,24,0.5853658536585366,24,0,23,0.5828580885398679,0.5250599980354309
01685_Y_E_SY_C7,1,1,SY,0.9788104295730591,0.9784132838249207,0.9781616926193237,22,0.5365853658536586,22,0,21,0.5710293308990758,0.48982229828834534
01688_Y_E_FY_C5,1,1,FY,0.9743978977203369,0.9740346074104309,0.9737312197685242,24,0.5853658536585366,24,0,23,0.6295687701643967,0.5261832475662231
01688_Y_E_FY_C6,1,1,FY,0.9760905504226685,0.9753573536872864,0.9745258092880249,23,0.5609756097560976,23,0,22,0.5217229360487403,0.4797004759311676
01691_Y_E_FY_C5,1,1,FY,0.9784238934516907,0.9783919453620911,0.9782255291938782,21,0.5121951219512195,21,0,20,0.6671427677317363,0.6114062666893005
01692_Y_E_SY_C5,1,1,SY,0.9770914912223816,0.9766684174537659,0.9761296510696411,24,0.5853658536585366,24,0,23,0.6116941934678612,0.5067785382270813
01694_Y_E_N_C5,0,0,N,0.35731011629104614,0.33942627906799316,0.32869091629981995,0,0.0,0,-1,-1,0.6365565163333241,0.6173998713493347
01696_Y_E_FY_C5,1,1,FY,0.8819037079811096,0.881110668182373,0.8797208070755005,18,0.43902439024390244,18,0,17,0.2712266372471321,0.22184401750564575
01697_Y_E_SY_C8,1,1,SY,0.7669453620910645,0.7644081115722656,0.7568502426147461,18,0.43902439024390244,18,3,20,0.28356505566980783,0.21147532761096954
01699_Y_E_N_C5,0,0,N,0.29800719022750854,0.2734120786190033,0.26379910111427307,0,0.0,0,-1,-1,0.4808892644033199,0.37912487983703613
01699_Y_E_N_C6,0,0,N,0.5258219838142395,0.4684208929538727,0.4087204933166504,1,0.024390243902439025,1,26,26,0.47328219399219607,0.34002023935317993
01699_Y_E_N_C7,0,0,N,0.46684539318084717,0.4283624589443207,0.3759896159172058,0,0.0,0,-1,-1,0.42760857939720154,0.3151789903640747
01699_Y_E_N_C8,0,0,N,0.274202436208725,0.25794076919555664,0.2464190274477005,0,0.0,0,-1,-1,0.4193469736634231,0.31679296493530273
01700_Y_E_FY_C7,1,1,FY,0.9763543605804443,0.9761097431182861,0.9752607345581055,20,0.4878048780487805,20,0,19,0.41153664995984335,0.36191728711128235
01700_Y_E_FY_C8,1,1,FY,0.9759794473648071,0.9744780659675598,0.9731051325798035,19,0.4634146341463415,19,0,18,0.4573974769289901,0.3935490846633911
01701_Y_E_SY_C6,1,1,SY,0.9805713891983032,0.9804355502128601,0.9801848530769348,23,0.5609756097560976,23,0,22,0.5624747741513136,0.5235599875450134
01701_Y_E_SY_C8,1,1,SY,0.9781591892242432,0.9778454899787903,0.9774743914604187,23,0.5609756097560976,23,0,22,0.47195180669063475,0.43541809916496277
01703_Y_E_N_C5,0,0,N,0.1825527846813202,0.18102173507213593,0.17760229110717773,0,0.0,0,-1,-1,0.5383648538007969,0.5020691156387329
01704_Y_E_FY_C7,1,1,FY,0.8513894081115723,0.8505582809448242,0.8490487933158875,23,0.5609756097560976,23,17,39,0.25274337864503627,0.19515062868595123
01707_Y_E_N_C5,0,0,N,0.3098424971103668,0.30500075221061707,0.29770123958587646,0,0.0,0,-1,-1,0.3791266047373051,0.3224472403526306
01710_Y_E_BY_C6,1,1,BY,0.9800012707710266,0.979931116104126,0.9798483848571777,25,0.6097560975609756,25,0,24,0.4164358195735187,0.3368026316165924
01714_Y_E_BY_C6,1,1,BY,0.9795761108398438,0.9794595241546631,0.9793431162834167,24,0.5853658536585366,24,0,23,0.5044815852874662,0.4051162004470825
01715_Y_E_N_C7,0,0,N,0.2321680784225464,0.22387902438640594,0.21626511216163635,0,0.0,0,-1,-1,0.5487214377740535,0.4829171895980835
01715_Y_E_N_C8,0,0,N,0.27748990058898926,0.2657659351825714,0.2613179087638855,0,0.0,0,-1,-1,0.5103132782912836,0.4616388976573944
01719_Y_E_N_C6,0,0,N,0.2733340263366699,0.2462526559829712,0.23772898316383362,0,0.0,0,-1,-1,0.6105431594499727,0.5418856143951416
01722_Y_E_BY_C6,1,1,BY,0.9758111238479614,0.9757326245307922,0.9754759669303894,24,0.5853658536585366,24,0,23,0.5712747370324484,0.5164960026741028
01723_Y_E_N_C7,0,0,N,0.33678439259529114,0.32467958331108093,0.3032786548137665,0,0.0,0,-1,-1,0.519748131676418,0.49913063645362854
01724_Y_E_FY_C7,1,1,FY,0.9764105677604675,0.975618839263916,0.973785400390625,22,0.5365853658536586,22,0,21,0.5730004717664021,0.5256213545799255
01725_Y_E_SY_C7,1,1,SY,0.980136513710022,0.9800828099250793,0.9799359440803528,24,0.5853658536585366,24,0,23,0.5086054169550175,0.40787413716316223
01727_Y_E_N_C7,0,0,N,0.2310999035835266,0.2263593226671219,0.20973598957061768,0,0.0,0,-1,-1,0.6413856919218854,0.5746728777885437
01728_Y_E_FY_C6,1,1,FY,0.9786623120307922,0.9784739017486572,0.9781798124313354,23,0.5609756097560976,23,0,22,0.6369431600338076,0.5783596038818359
01728_Y_E_FY_C8,1,1,FY,0.9810256361961365,0.980888307094574,0.9807088971138,21,0.5121951219512195,21,0,20,0.4784812883632939,0.3833489716053009
01731_Y_E_N_C7,0,0,N,0.3424682319164276,0.33159351348876953,0.3176015317440033,0,0.0,0,-1,-1,0.6717024619986371,0.6578956246376038
01733_Y_E_N_C5,0,0,N,0.4009270966053009,0.3937438428401947,0.3819010853767395,0,0.0,0,-1,-1,0.6523735959355424,0.6291252374649048
01738_Y_E_BY_C5,1,1,BY,0.9799830913543701,0.979914665222168,0.979747474193573,26,0.6341463414634146,26,0,25,0.4115669778207453,0.3489271402359009
01741_Y_E_BY_C8,1,1,BY,0.9782196283340454,0.9778625965118408,0.9773470163345337,23,0.5609756097560976,23,0,22,0.3423099350638506,0.2680976986885071
01743_Y_E_SY_C5,1,1,SY,0.9797638654708862,0.9794960021972656,0.9789727926254272,26,0.6341463414634146,26,0,25,0.5915287304215315,0.4751743674278259
01746_Y_E_FY_C5,1,1,FY,0.9800642132759094,0.9798374772071838,0.9796446561813354,25,0.6097560975609756,25,0,24,0.39375495401824395,0.3093981146812439
01746_Y_E_FY_C7,1,1,FY,0.9782203435897827,0.9779844284057617,0.9774109721183777,26,0.6341463414634146,26,0,25,0.616240407635526,0.48695313930511475
01747_Y_E_SY_C6,1,1,SY,0.9784448742866516,0.9781513214111328,0.977724552154541,25,0.6097560975609756,25,0,24,0.5960971465924891,0.36010605096817017
01748_Y_E_BY_C5,1,1,BY,0.9798751473426819,0.9796790480613708,0.9792507290840149,23,0.5609756097560976,23,0,22,0.4150381160945427,0.31977716088294983
01751_Y_E_SY_C7,1,1,SY,0.7585023045539856,0.755443811416626,0.7519133687019348,20,0.4878048780487805,20,0,19,0.3029641305528036,0.25684475898742676
01752_Y_E_FY_C5,1,1,FY,0.9773239493370056,0.9766060709953308,0.9757744073867798,26,0.6341463414634146,26,1,26,0.6061251308859849,0.4892352521419525
01752_Y_E_FY_C6,1,1,FY,0.9768494963645935,0.9762039184570312,0.9746214151382446,26,0.6341463414634146,26,0,25,0.49636160818541925,0.45540037751197815
01752_Y_E_FY_C8,1,1,FY,0.9528141021728516,0.9520232677459717,0.9509238004684448,25,0.6097560975609756,25,0,24,0.2806155172789969,0.17612645030021667
01754_Y_E_BY_C6,1,1,BY,0.9774920344352722,0.9773635268211365,0.9769911766052246,28,0.6829268292682927,28,0,27,0.5983169136977777,0.5165628790855408
01754_Y_E_BY_C8,1,1,BY,0.8738999962806702,0.8635327219963074,0.8548955917358398,25,0.6097560975609756,25,0,24,0.26322353122437875,0.09574451297521591
01757_Y_E_SY_C6,1,1,SY,0.9802740812301636,0.9799485206604004,0.9798251390457153,26,0.6341463414634146,26,0,25,0.5125849922982658,0.3925594389438629
01758_Y_E_BY_C7,1,1,BY,0.8871685266494751,0.8824672102928162,0.8796284794807434,22,0.5365853658536586,22,0,21,0.22735630411927293,0.07912161946296692
01758_Y_E_BY_C8,1,1,BY,0.7410308718681335,0.7273032665252686,0.7147822976112366,14,0.34146341463414637,11,0,14,0.2864250526195619,0.20390309393405914
01759_Y_E_N_C7,0,0,N,0.2421570122241974,0.23522472381591797,0.22671715915203094,0,0.0,0,-1,-1,0.6113414182895567,0.5845320820808411
01760_Y_E_FY_C7,1,1,FY,0.9766792058944702,0.9761495590209961,0.9752591252326965,25,0.6097560975609756,25,0,24,0.5170341068651618,0.4668889045715332
01760_Y_E_FY_C8,1,1,FY,0.9698073863983154,0.969241201877594,0.9690054059028625,25,0.6097560975609756,25,0,24,0.5135703508446856,0.44854381680488586
01761_Y_E_SY_C6,1,1,SY,0.9797596335411072,0.979672372341156,0.9794890284538269,25,0.6097560975609756,25,1,25,0.3853350877761841,0.30630412697792053
01761_Y_E_SY_C7,1,1,SY,0.9810184240341187,0.9807893633842468,0.9806388020515442,25,0.6097560975609756,25,0,24,0.43859422933764575,0.3636757731437683
01763_Y_E_N_C6,0,0,N,0.2686980962753296,0.25682273507118225,0.24342212080955505,0,0.0,0,-1,-1,0.5037145193030195,0.45482316613197327
01764_Y_E_FY_C6,1,1,FY,0.9761953949928284,0.9757493138313293,0.9746249914169312,25,0.6097560975609756,25,0,24,0.6209642160229567,0.5886619091033936
01764_Y_E_FY_C7,1,1,FY,0.9769129753112793,0.9767524600028992,0.9764698147773743,24,0.5853658536585366,24,0,23,0.4081555139727709,0.26706311106681824
01766_Y_E_BY_C6,1,1,BY,0.9776771664619446,0.9774508476257324,0.9771875143051147,25,0.6097560975609756,25,0,24,0.5079081145728507,0.4144861102104187
01766_Y_E_BY_C8,1,1,BY,0.9767019748687744,0.9765238761901855,0.9761216044425964,24,0.5853658536585366,24,0,23,0.445165431354104,0.36038681864738464
01767_Y_E_N_C5,0,0,N,0.16397644579410553,0.16125226020812988,0.1585511714220047,0,0.0,0,-1,-1,0.5423927248978033,0.5002027153968811
01768_Y_E_FY_C6,1,1,FY,0.9789236187934875,0.9788619875907898,0.9786415100097656,27,0.6585365853658537,27,0,26,0.5606825795115494,0.4956260621547699
01768_Y_E_FY_C8,1,1,FY,0.9786491990089417,0.9782293438911438,0.9778324365615845,26,0.6341463414634146,26,0,25,0.4578248131565931,0.3535189628601074
01771_Y_E_N_C5,0,0,N,0.36360424757003784,0.31505778431892395,0.28436702489852905,0,0.0,0,-1,-1,0.5218448893326085,0.4914727807044983
01771_Y_E_N_C7,0,0,N,0.35133108496665955,0.34931281208992004,0.34297898411750793,0,0.0,0,-1,-1,0.630967840915773,0.5642359852790833
01771_Y_E_N_C8,0,0,N,0.395988404750824,0.3726027011871338,0.33992496132850647,0,0.0,0,-1,-1,0.5667972521084111,0.5232074856758118
01772_Y_E_BY_C6,1,1,BY,0.9798102378845215,0.9797245860099792,0.9795348048210144,26,0.6341463414634146,26,0,25,0.538262492272912,0.4611082375049591
01773_Y_E_N_C5,0,0,N,0.20244787633419037,0.19897060096263885,0.19609367847442627,0,0.0,0,-1,-1,0.6325611268601766,0.6035060286521912
01776_Y_E_FY_C7,1,1,FY,0.938925564289093,0.9365529417991638,0.9355336427688599,25,0.6097560975609756,25,1,25,0.37387354708299403,0.30233845114707947
01777_Y_E_SY_C5,1,1,SY,0.9800930023193359,0.9799726009368896,0.979714035987854,27,0.6585365853658537,27,1,27,0.587767746390366,0.5001051425933838
01778_Y_E_BY_C8,1,1,BY,0.9761221408843994,0.976046621799469,0.9759021997451782,25,0.6097560975609756,25,0,24,0.29383489525899653,0.23010313510894775
01779_Y_E_FY_C6,1,1,FY,0.9780508279800415,0.9774954915046692,0.9767781496047974,24,0.5853658536585366,24,0,23,0.5179462658195961,0.2942136228084564
01779_Y_E_FY_C7,1,1,FY,0.9021367430686951,0.8995668292045593,0.8957231640815735,18,0.43902439024390244,18,1,18,0.23137979572866021,0.15347136557102203
01785_Y_E_N_C5,0,0,N,0.28585395216941833,0.2758167088031769,0.2666225731372833,0,0.0,0,-1,-1,0.6379681840175535,0.6310340762138367
01785_Y_E_N_C6,0,0,N,0.194283589720726,0.18977248668670654,0.18597610294818878,0,0.0,0,-1,-1,0.6287832579961637,0.5878556370735168
01785_Y_E_N_C8,0,0,N,0.2185172289609909,0.213218554854393,0.20568540692329407,0,0.0,0,-1,-1,0.4547337213667428,0.44541245698928833
01786_Y_E_FY_C8,1,1,FY,0.9745160937309265,0.9726501107215881,0.970657229423523,25,0.6097560975609756,25,1,25,0.4999555494727158,0.43711057305336
01787_Y_E_SY_C5,1,1,SY,0.9796816110610962,0.9794982075691223,0.9792836904525757,24,0.5853658536585366,24,1,24,0.3265753471996726,0.22682707011699677
01787_Y_E_SY_C7,1,1,SY,0.9798001646995544,0.9794829487800598,0.9791906476020813,24,0.5853658536585366,24,1,24,0.5637524971147863,0.4838736653327942
01788_Y_E_BY_C5,1,1,BY,0.9765356183052063,0.9753239154815674,0.9738919138908386,23,0.5609756097560976,23,0,22,0.42256237166683847,0.3890574276447296
01799_Y_E_N_C6,0,0,N,0.28575947880744934,0.2740112245082855,0.2598646581172943,0,0.0,0,-1,-1,0.48372799957670815,0.39978399872779846
01799_Y_E_N_C8,0,0,N,0.15889044106006622,0.1506393551826477,0.1434193253517151,0,0.0,0,-1,-1,0.6215014792070156,0.570088803768158
01802_Y_A_BY_C7,1,1,BY,0.9806758165359497,0.9806244969367981,0.980488657951355,25,0.6097560975609756,25,0,24,0.578670183332955,0.554844081401825
01803_Y_A_N_C5,0,0,N,0.29967308044433594,0.28563258051872253,0.2671552002429962,0,0.0,0,-1,-1,0.6215874785330238,0.6075963973999023
01803_Y_A_N_C7,0,0,N,0.3507172465324402,0.33282941579818726,0.31415730714797974,0,0.0,0,-1,-1,0.5946331242235695,0.5104959011077881
01805_Y_A_SY_C8,1,1,SY,0.9780073761940002,0.977929413318634,0.9777658581733704,26,0.6341463414634146,26,0,25,0.35058268650275903,0.17829105257987976
01806_Y_A_BY_C5,1,1,BY,0.9804943799972534,0.9803590774536133,0.9801963567733765,25,0.6097560975609756,25,0,24,0.33463919635226086,0.16851133108139038
01807_Y_A_N_C7,0,0,N,0.4890553057193756,0.42461204528808594,0.39472800493240356,0,0.0,0,-1,-1,0.6488294834043922,0.617637574672699
01809_Y_A_SY_C5,1,1,SY,0.9267812967300415,0.9250720143318176,0.9178692698478699,24,0.5853658536585366,24,0,23,0.2991699910745388,0.20660094916820526
01810_Y_A_BY_C5,1,1,BY,0.8364166021347046,0.7937943339347839,0.7649109959602356,21,0.5121951219512195,21,0,20,0.3034861371284578,0.21977810561656952
01811_Y_A_N_C5,0,0,N,0.3093624413013458,0.2872307300567627,0.23930926620960236,0,0.0,0,-1,-1,0.5093961532522993,0.4098862409591675
01811_Y_A_N_C7,0,0,N,0.29736897349357605,0.2898160219192505,0.25767746567726135,0,0.0,0,-1,-1,0.5404732089217116,0.3210562467575073
01813_Y_A_FY_C6,1,1,FY,0.980413019657135,0.9800050854682922,0.9794921875,23,0.5609756097560976,23,1,23,0.5315184178875714,0.48896509408950806
01819_Y_A_SY_C5,1,1,SY,0.9804908633232117,0.9804450869560242,0.9803478121757507,25,0.6097560975609756,25,1,25,0.5826109647750854,0.545418381690979
01820_Y_A_BY_C6,1,1,BY,0.9795937538146973,0.9793648719787598,0.9790877103805542,25,0.6097560975609756,25,0,24,0.5269739998549949,0.43764686584472656
01821_Y_A_FY_C5,1,1,FY,0.9743457436561584,0.9739379286766052,0.9727778434753418,25,0.6097560975609756,25,1,25,0.48457800469747403,0.3343438506126404
01821_Y_A_FY_C7,1,1,FY,0.9787167906761169,0.9785138964653015,0.9778770208358765,26,0.6341463414634146,26,1,26,0.6375437480647389,0.5953101515769958
01823_Y_A_BY_C6,1,1,BY,0.9717221260070801,0.9701940417289734,0.9687145352363586,20,0.4878048780487805,20,0,19,0.45356477687998514,0.3894609212875366
01824_Y_A_N_C6,0,0,N,0.366464227437973,0.3606562614440918,0.35611212253570557,0,0.0,0,-1,-1,0.6547792452137645,0.6169945001602173
01825_Y_A_FY_C5,1,1,FY,0.9641772508621216,0.9632876515388489,0.9609018564224243,22,0.5365853658536586,22,1,22,0.40171288717083814,0.27263739705085754
01825_Y_A_FY_C6,1,1,FY,0.9756070375442505,0.9747969508171082,0.9732368588447571,25,0.6097560975609756,25,0,24,0.4979816907789649,0.3800172507762909
01826_Y_A_SY_C6,1,1,SY,0.9807553291320801,0.9805579781532288,0.9801910519599915,27,0.6585365853658537,27,0,26,0.6028869617276076,0.5494217872619629
01828_Y_A_N_C6,0,0,N,0.1557084321975708,0.15445825457572937,0.15248961746692657,0,0.0,0,-1,-1,0.6656859982304457,0.6395028829574585
01832_Y_A_N_C5,0,0,N,0.24120858311653137,0.2371247559785843,0.23201493918895721,0,0.0,0,-1,-1,0.5373970575448943,0.4555761516094208
01832_Y_A_N_C8,0,0,N,0.30728140473365784,0.30276885628700256,0.2913408577442169,0,0.0,0,-1,-1,0.499931102118841,0.4515688717365265
01833_Y_A_FY_C6,1,1,FY,0.9444090127944946,0.9439350962638855,0.9427890777587891,24,0.5853658536585366,24,0,23,0.4216953537813047,0.3219020962715149
01833_Y_A_FY_C7,1,1,FY,0.9679391384124756,0.9663107991218567,0.9651864767074585,25,0.6097560975609756,25,0,24,0.6137431859970093,0.5732321739196777
01838_Y_A_FY_C5,1,1,FY,0.9771690964698792,0.9766369462013245,0.9757953882217407,23,0.5609756097560976,23,0,22,0.31611855618837403,0.20500700175762177
01839_Y_A_SY_C5,1,1,SY,0.9797381162643433,0.9795632362365723,0.9791020154953003,25,0.6097560975609756,25,0,24,0.44963322107384845,0.3575928509235382
01839_Y_A_SY_C8,1,1,SY,0.9798745512962341,0.9797172546386719,0.9795015454292297,21,0.5121951219512195,21,0,20,0.3500139404360841,0.22991608083248138
01843_Y_A_FY_C7,1,1,FY,0.9803792238235474,0.980303943157196,0.9800565838813782,25,0.6097560975609756,25,0,24,0.6404775497390003,0.6042859554290771
01843_Y_A_FY_C8,1,1,FY,0.9719938039779663,0.9662818908691406,0.9624279141426086,24,0.5853658536585366,24,0,23,0.4958369840935963,0.43568989634513855
01844_Y_A_SY_C7,1,1,SY,0.9793072938919067,0.9790821075439453,0.9787638783454895,27,0.6585365853658537,27,1,27,0.4677476926547725,0.4009108543395996
01845_Y_A_BY_C7,1,1,BY,0.9765270948410034,0.9760613441467285,0.9752210378646851,23,0.5609756097560976,23,0,22,0.5235952146169616,0.44031304121017456
01847_Y_A_SY_C8,1,1,SY,0.9772273898124695,0.9764750003814697,0.9756420850753784,25,0.6097560975609756,25,1,25,0.4628346315244349,0.4313218891620636
01848_Y_A_BY_C8,1,1,BY,0.965056836605072,0.9642693996429443,0.9623311161994934,22,0.5365853658536586,22,0,21,0.37896442195264307,0.26729556918144226
01849_Y_A_N_C5,0,0,N,0.2303680032491684,0.22223599255084991,0.21111205220222473,0,0.0,0,-1,-1,0.5604632656748701,0.48619815707206726
01853_Y_A_N_C8,0,0,N,0.5135976076126099,0.42534971237182617,0.3620235323905945,0,0.0,0,-1,-1,0.5054943794157447,0.4849850833415985
01854_Y_A_SY_C8,1,1,SY,0.9329785704612732,0.9278709888458252,0.9216781854629517,20,0.4878048780487805,20,14,33,0.39152017199411626,0.21034350991249084
01856_Y_A_N_C8,0,0,N,0.32513874769210815,0.32100164890289307,0.31818443536758423,0,0.0,0,-1,-1,0.4848102142171162,0.40665826201438904
01857_Y_A_FY_C5,1,1,FY,0.9753378629684448,0.9746373295783997,0.9730926752090454,23,0.5609756097560976,23,16,38,0.43135076543179957,0.3834382891654968
01861_Y_A_FY_C5,1,1,FY,0.9689161777496338,0.9675664901733398,0.9648382067680359,24,0.5853658536585366,24,6,29,0.4313400329613104,0.3652433156967163
01861_Y_A_FY_C8,1,1,FY,0.9443614482879639,0.9442174434661865,0.9438983798027039,24,0.5853658536585366,24,5,28,0.23247967060746216,0.12370683997869492
01870_Y_A_BY_C6,1,1,BY,0.9781892895698547,0.9779135584831238,0.9774055480957031,27,0.6585365853658537,27,7,33,0.5996296507556264,0.5217419862747192
01871_Y_A_N_C7,0,0,N,0.3357379138469696,0.3173987865447998,0.30378803610801697,0,0.0,0,-1,-1,0.32488587353287673,0.2100173532962799
01874_Y_A_BY_C5,1,1,BY,0.9772142171859741,0.9757108688354492,0.9737294912338257,9,0.21951219512195122,9,0,8,0.41605536021837375,0.3566565215587616
01875_Y_A_N_C8,0,0,N,0.5244240164756775,0.4501625597476959,0.420248806476593,0,0.0,0,-1,-1,0.46292134683306624,0.442634254693985
01880_Y_A_SY_C7,1,1,SY,0.97776198387146,0.9771592020988464,0.9763763546943665,27,0.6585365853658537,27,5,31,0.5004112313433391,0.3977547883987427
01880_Y_A_SY_C8,1,1,SY,0.979060173034668,0.9787445068359375,0.9781098365783691,26,0.6341463414634146,26,5,30,0.3311678007608507,0.11317326128482819
01883_Y_A_FY_C8,1,1,FY,0.9701539874076843,0.9696393609046936,0.968255341053009,20,0.4878048780487805,20,21,40,0.5800484666010228,0.511308491230011
01884_Y_A_BY_C7,1,1,BY,0.9727581143379211,0.9725245833396912,0.9722051620483398,27,0.6585365853658537,27,3,29,0.49088712218331126,0.34891873598098755
01884_Y_A_BY_C8,1,1,BY,0.9759884476661682,0.9756608009338379,0.9752068519592285,26,0.6341463414634146,26,2,27,0.5049952988217516,0.4038655459880829
01887_Y_A_SY_C5,1,1,SY,0.9791570901870728,0.9789870381355286,0.9787214994430542,27,0.6585365853658537,27,2,28,0.36355048345356455,0.2792603671550751
01888_Y_A_BY_C7,1,1,BY,0.9803430438041687,0.9802329540252686,0.9798942804336548,25,0.6097560975609756,25,0,24,0.5133379407045318,0.4138585329055786
01891_Y_A_BY_C7,1,1,BY,0.9781907796859741,0.9780462384223938,0.9779810905456543,20,0.4878048780487805,20,0,19,0.5035625158286676,0.47391191124916077
01891_Y_A_BY_C8,1,1,BY,0.9805610775947571,0.980350911617279,0.9799078106880188,18,0.43902439024390244,18,0,17,0.21161001684462152,0.103688545525074
01892_Y_A_N_C8,0,0,N,0.3433074653148651,0.32962217926979065,0.3122681975364685,0,0.0,0,-1,-1,0.48653419933667996,0.4038413166999817
01893_Y_A_SY_C5,1,1,SY,0.5509384870529175,0.5500420928001404,0.548976719379425,15,0.36585365853658536,14,3,18,0.32540277882320123,0.2951081097126007
01893_Y_A_SY_C6,1,1,SY,0.6424530744552612,0.6091093420982361,0.5761241912841797,5,0.12195121951219512,3,0,6,0.3985079214340303,0.36755239963531494
01894_Y_A_BY_C8,1,1,BY,0.9342549443244934,0.9230020642280579,0.9091839790344238,23,0.5609756097560976,23,7,29,0.3435913302549502,0.16497932374477386
01895_Y_A_N_C5,0,0,N,0.31425467133522034,0.3029455244541168,0.2909652888774872,0,0.0,0,-1,-1,0.36567112076573255,0.34231123328208923
01896_Y_A_FY_C5,1,0,FY,0.3193860948085785,0.3054293692111969,0.29936158657073975,0,0.0,0,-1,-1,0.3862983969653525,0.3355370759963989
01899_Y_A_N_C5,0,0,N,0.1939532458782196,0.18548403680324554,0.1813720017671585,0,0.0,0,-1,-1,0.35825249625415334,0.34667640924453735
01902_Y_A_BY_C8,1,0,BY,0.19247214496135712,0.19068048894405365,0.18876489996910095,0,0.0,0,-1,-1,0.47530485435229974,0.4439687132835388
01910_Y_E_N_C5,0,0,N,0.39944544434547424,0.3979994058609009,0.3925475776195526,0,0.0,0,-1,-1,0.6503177357882988,0.5899630188941956
01912_Y_E_SY_C6,1,1,SY,0.9498620629310608,0.9043002128601074,0.8290937542915344,7,0.17073170731707318,7,0,6,0.2931383310294733,0.25782784819602966
01913_Y_E_BY_C8,1,0,BY,0.5126820206642151,0.424001544713974,0.346215158700943,0,0.0,0,-1,-1,0.4703563837016501,0.3943605124950409
01915_Y_E_FY_C6,1,1,FY,0.9786898493766785,0.9784446358680725,0.9781896471977234,25,0.6097560975609756,25,0,24,0.6913511157035828,0.6041362285614014
01918_Y_E_N_C8,0,0,N,0.4318040609359741,0.39834868907928467,0.3616263270378113,0,0.0,0,-1,-1,0.37246018575458995,0.29613858461380005
01919_Y_E_SY_C8,1,1,SY,0.9755274057388306,0.9746784567832947,0.9731545448303223,23,0.5609756097560976,23,1,23,0.3217101605927072,0.20354063808918
01921_Y_E_N_C8,0,0,N,0.4793543517589569,0.4277065098285675,0.40296077728271484,0,0.0,0,-1,-1,0.6019037089696745,0.563298225402832
01923_Y_E_BY_C6,1,1,BY,0.6647406220436096,0.655775249004364,0.6503097414970398,23,0.5609756097560976,23,7,29,0.2768548614368206,0.2165510356426239
01924_Y_E_N_C5,0,0,N,0.3142226040363312,0.30227068066596985,0.2824096083641052,0,0.0,0,-1,-1,0.37819333483533163,0.3602030575275421
01924_Y_E_N_C8,0,1,N,0.7899401783943176,0.7407073378562927,0.7146357297897339,10,0.24390243902439024,10,4,13,0.4775439202785492,0.40501487255096436
01926_Y_E_SY_C8,1,1,SY,0.9775654077529907,0.9775450229644775,0.9774079322814941,21,0.5121951219512195,19,0,33,0.24842486730436,0.13805021345615387
01928_Y_E_N_C5,0,0,N,0.21377643942832947,0.2107638716697693,0.20731957256793976,0,0.0,0,-1,-1,0.32867542708792336,0.30421513319015503
01928_Y_E_N_C6,0,0,N,0.34666985273361206,0.30935904383659363,0.29481109976768494,0,0.0,0,-1,-1,0.38464683875804995,0.34985262155532837
01928_Y_E_N_C7,0,0,N,0.3836120367050171,0.35105839371681213,0.33452340960502625,0,0.0,0,-1,-1,0.6274271113116566,0.5954696536064148
01928_Y_E_N_C8,0,0,N,0.3634141683578491,0.3210338354110718,0.3022635281085968,0,0.0,0,-1,-1,0.6126230824284438,0.5518011450767517
01931_Y_A_SY_C5,1,1,SY,0.9806504845619202,0.9805088043212891,0.9802175760269165,18,0.43902439024390244,18,23,40,0.6260673999786377,0.5570093989372253
01932_Y_A_BY_C6,1,1,BY,0.9767564535140991,0.9764001965522766,0.9759275317192078,27,0.6585365853658537,27,0,26,0.4141509605617058,0.3667331337928772
01932_Y_A_BY_C8,1,1,BY,0.9810302257537842,0.9808661341667175,0.9807353019714355,26,0.6341463414634146,26,0,25,0.3853020239167097,0.27327847480773926
01933_Y_A_N_C5,0,0,N,0.38619768619537354,0.3773460388183594,0.36938509345054626,0,0.0,0,-1,-1,0.4781266981508674,0.42889606952667236
01933_Y_A_N_C6,0,0,N,0.5335278511047363,0.4881399869918823,0.4462992548942566,1,0.024390243902439025,1,27,27,0.44267592270199846,0.4194275438785553
01934_Y_A_FY_C6,1,1,FY,0.9802353382110596,0.980070173740387,0.979888916015625,21,0.5121951219512195,21,20,40,0.5228024226863209,0.46702849864959717
01934_Y_A_FY_C8,1,1,FY,0.9803709983825684,0.9801995754241943,0.9799232482910156,21,0.5121951219512195,21,20,40,0.4893175450766959,0.4496179223060608
01936_Y_A_BY_C5,1,1,BY,0.980263888835907,0.9801216721534729,0.9799928665161133,20,0.4878048780487805,20,0,19,0.3927520157360449,0.33300095796585083
01938_Y_A_FY_C8,1,1,FY,0.9742721319198608,0.9734897613525391,0.9731561541557312,13,0.3170731707317073,13,0,12,0.5457989413563799,0.4335433840751648
01940_Y_A_BY_C6,1,1,BY,0.9781792759895325,0.9780957102775574,0.9778441190719604,18,0.43902439024390244,18,0,17,0.4718834401630774,0.37434741854667664
01943_Y_A_FY_C5,1,1,FY,0.6834805011749268,0.6735191345214844,0.6667067408561707,11,0.2682926829268293,11,0,10,0.22436812374649978,0.18552735447883606
01943_Y_A_FY_C7,1,1,FY,0.9777491688728333,0.9776015281677246,0.977334201335907,20,0.4878048780487805,20,0,19,0.5900737672317319,0.5527213215827942
01943_Y_A_FY_C8,1,1,FY,0.9793039560317993,0.9788338541984558,0.9780802726745605,18,0.43902439024390244,18,0,17,0.2657121594359235,0.17236140370368958
01944_Y_A_SY_C8,1,1,SY,0.9776206612586975,0.9769015908241272,0.9759106636047363,13,0.3170731707317073,13,0,12,0.46095038332590244,0.3784599006175995
01946_Y_A_N_C6,0,0,N,0.2622007429599762,0.24487192928791046,0.23421183228492737,0,0.0,0,-1,-1,0.3928455070751469,0.3707801401615143
01946_Y_A_N_C7,0,1,N,0.8086507320404053,0.7805471420288086,0.7648836374282837,9,0.21951219512195122,9,4,12,0.47734756513339716,0.3740811347961426
01947_Y_A_FY_C7,1,1,FY,0.9806538224220276,0.9805122017860413,0.9802857637405396,17,0.4146341463414634,17,24,40,0.4911200229714556,0.43914633989334106
01947_Y_A_FY_C8,1,1,FY,0.9771928191184998,0.9769822955131531,0.9766241312026978,18,0.43902439024390244,18,23,40,0.42028531577528977,0.32349780201911926
01949_Y_A_BY_C8,1,1,BY,0.9723496437072754,0.9721488952636719,0.971915066242218,23,0.5609756097560976,23,11,33,0.35030094915773813,0.21226531267166138
01951_Y_A_BY_C6,1,1,BY,0.9589375257492065,0.9584223628044128,0.9564615488052368,24,0.5853658536585366,24,3,26,0.26822244285083396,0.15245002508163452
01953_Y_A_SY_C5,1,1,SY,0.969283938407898,0.9682833552360535,0.9655541181564331,22,0.5365853658536586,22,14,35,0.33755629673236753,0.2589791715145111
01955_Y_A_N_C5,0,0,N,0.41215160489082336,0.3941363990306854,0.3754956126213074,0,0.0,0,-1,-1,0.3581716367384283,0.3321511149406433
01956_Y_A_FY_C5,1,0,FY,0.5341702699661255,0.5135703086853027,0.4953731596469879,1,0.024390243902439025,1,34,34,0.33609274538551887,0.31646692752838135
01957_Y_A_SY_C8,1,1,SY,0.5746976137161255,0.5596189498901367,0.5460637211799622,4,0.0975609756097561,3,7,31,0.35050330510953576,0.2856297791004181
01960_Y_A_FY_C5,1,1,FY,0.977674663066864,0.9771423935890198,0.9764295816421509,23,0.5609756097560976,23,0,22,0.6400823811205422,0.5156087279319763
01960_Y_A_FY_C8,1,1,FY,0.9783782362937927,0.978165864944458,0.9777570962905884,23,0.5609756097560976,23,0,22,0.5827817706073203,0.4399413764476776
01961_Y_A_SY_C6,1,1,SY,0.9800026416778564,0.979607343673706,0.9790045022964478,15,0.36585365853658536,15,0,14,0.37214896882452614,0.32270047068595886
01962_Y_A_N_C7,0,0,N,0.3591305613517761,0.3256530165672302,0.2774943709373474,0,0.0,0,-1,-1,0.43155704838473624,0.3561974763870239
01963_Y_A_N_C7,0,0,N,0.3680392801761627,0.3467603623867035,0.33584627509117126,0,0.0,0,-1,-1,0.5060934671541539,0.4676128923892975
01965_Y_A_FY_C6,1,1,FY,0.9770748615264893,0.9767481684684753,0.9765370488166809,24,0.5853658536585366,24,1,24,0.4797550061853921,0.4612990617752075
01965_Y_A_FY_C8,1,1,FY,0.9759376049041748,0.9757102131843567,0.9751743078231812,25,0.6097560975609756,25,0,24,0.466490552192781,0.3509117662906647
01969_Y_A_FY_C8,1,1,FY,0.9755474925041199,0.9751975536346436,0.9747477769851685,22,0.5365853658536586,22,0,21,0.5317852620671435,0.35202088952064514
01970_Y_A_SY_C5,1,1,SY,0.978942334651947,0.9781326651573181,0.9772381782531738,23,0.5609756097560976,23,10,32,0.4075310586429224,0.3338524103164673
01971_Y_A_BY_C5,1,1,BY,0.9765309691429138,0.976098358631134,0.9754831194877625,26,0.6341463414634146,26,3,28,0.46245515855347236,0.4148932695388794
01971_Y_A_BY_C6,1,1,BY,0.9712867140769958,0.9702332019805908,0.9695752263069153,25,0.6097560975609756,25,4,28,0.41798713367159773,0.35354721546173096
01972_Y_A_N_C6,0,0,N,0.33892399072647095,0.32085368037223816,0.2749458849430084,0,0.0,0,-1,-1,0.419920051970133,0.381034255027771
01972_Y_A_N_C8,0,0,N,0.6968541145324707,0.49311861395835876,0.41784611344337463,1,0.024390243902439025,1,0,0,0.4261014476055052,0.41157615184783936
01974_Y_A_SY_C6,1,1,SY,0.9804213643074036,0.9802998900413513,0.9801033735275269,25,0.6097560975609756,25,7,31,0.4193214352537946,0.3422124981880188
01974_Y_A_SY_C8,1,1,SY,0.9461138844490051,0.943183422088623,0.9338151812553406,20,0.4878048780487805,20,6,25,0.3343499535467567,0.2351635843515396
01976_Y_A_N_C8,0,0,N,0.34785905480384827,0.3321874439716339,0.3122517466545105,0,0.0,0,-1,-1,0.4387015518618793,0.3930194079875946
01978_Y_A_FY_C7,1,1,FY,0.9775275588035583,0.9772014021873474,0.9768983125686646,22,0.5365853658536586,22,0,21,0.45230414373118705,0.4099063575267792
01979_Y_A_SY_C7,1,1,SY,0.9767085909843445,0.9765805602073669,0.9763515591621399,24,0.5853658536585366,24,0,23,0.5537066605032944,0.36787015199661255
01982_Y_A_BY_C5,1,1,BY,0.9587118625640869,0.9585465788841248,0.9580990076065063,26,0.6341463414634146,26,2,27,0.4033488907465121,0.25135037302970886
01982_Y_A_BY_C6,1,1,BY,0.9558716416358948,0.9541401267051697,0.9527165293693542,25,0.6097560975609756,25,2,26,0.4641976865326486,0.3616492450237274
01985_Y_A_SY_C6,1,1,SY,0.8513317108154297,0.8491854071617126,0.8438123464584351,24,0.5853658536585366,24,0,23,0.47841119693546763,0.37789276242256165
01987_Y_A_N_C6,0,0,N,0.1748047024011612,0.17247943580150604,0.1705441176891327,0,0.0,0,-1,-1,0.4979664668804262,0.47718507051467896
01988_H_A_FY_C5,1,1,FY,0.650094211101532,0.6056683659553528,0.5933104753494263,11,0.2682926829268293,8,0,12,0.3599622409518172,0.33121517300605774
01988_H_A_FY_C8,1,1,FY,0.9765161871910095,0.976452112197876,0.9761916399002075,21,0.5121951219512195,21,0,20,0.40903369682591134,0.2872909903526306
01992_H_A_FY_C5,1,1,FY,0.8679513931274414,0.8593898415565491,0.8453894853591919,22,0.5365853658536586,21,2,26,0.3931471908964762,0.34818601608276367
01992_H_A_FY_C6,1,1,FY,0.8938148617744446,0.8914754390716553,0.8877602815628052,18,0.43902439024390244,18,0,17,0.4880935237175081,0.4138208031654358
01992_H_A_FY_C7,1,1,FY,0.9769287705421448,0.9767546057701111,0.976354718208313,25,0.6097560975609756,25,1,25,0.47222660518274073,0.4136735796928406
01999_H_A_N_C8,0,0,N,0.20891548693180084,0.20077787339687347,0.19282513856887817,0,0.0,0,-1,-1,0.3187119175748127,0.27859291434288025
02001_H_A_SY_C7,1,0,SY,0.3405287563800812,0.3309144079685211,0.32506880164146423,0,0.0,0,-1,-1,0.39783158534910623,0.3302941918373108
02005_H_A_SY_C6,1,1,SY,0.965877890586853,0.9644155502319336,0.9638689756393433,21,0.5121951219512195,21,0,20,0.2380762220155902,0.1426367163658142
02007_H_A_FY_C5,1,1,FY,0.9793044328689575,0.9791205525398254,0.9788210988044739,25,0.6097560975609756,25,7,31,0.5480184286105924,0.36039164662361145
02010_H_A_N_C8,0,0,N,0.2498328685760498,0.24715973436832428,0.23948779702186584,0,0.0,0,-1,-1,0.562724580125111,0.5352789759635925
02014_H_A_N_C5,0,0,N,0.3482488691806793,0.3372139036655426,0.3250584304332733,0,0.0,0,-1,-1,0.31607116686134806,0.21635562181472778
02018_H_A_N_C7,0,0,N,0.16601909697055817,0.16362477838993073,0.1604730188846588,0,0.0,0,-1,-1,0.3876040279865265,0.361468642950058
02023_H_A_FY_C5,1,1,FY,0.8730813264846802,0.8703122138977051,0.867403507232666,13,0.3170731707317073,13,10,22,0.40030480594169804,0.33533141016960144
02024_H_A_SY_C7,1,1,SY,0.9792624711990356,0.9791803359985352,0.9788175821304321,19,0.4634146341463415,19,0,18,0.6254214353677703,0.5272753238677979
02024_H_A_SY_C8,1,1,SY,0.9803386926651001,0.9799456596374512,0.9790026545524597,16,0.3902439024390244,16,0,15,0.36220697222686393,0.27125269174575806
02025_H_A_N_C7,0,0,N,0.2414853721857071,0.20410947501659393,0.19311082363128662,0,0.0,0,-1,-1,0.5575062603485293,0.5168047547340393
02026_H_A_N_C6,0,0,N,0.18152469396591187,0.17955052852630615,0.17768463492393494,0,0.0,0,-1,-1,0.43226548011710003,0.4013526141643524
02030_H_A_N_C7,0,0,N,0.27667558193206787,0.27589941024780273,0.2719992995262146,0,0.0,0,-1,-1,0.3346085424830274,0.2756054401397705
02031_H_A_FY_C7,1,0,FY,0.3105942904949188,0.30107739567756653,0.2950431704521179,0,0.0,0,-1,-1,0.4409005416602623,0.3920154869556427
02032_H_A_SY_C8,1,0,SY,0.7265697121620178,0.6023744940757751,0.5118981599807739,2,0.04878048780487805,2,0,1,0.7660036159724724,0.5272432565689087
02033_H_A_BY_C7,1,0,BY,0.29598045349121094,0.2905583083629608,0.288907915353775,0,0.0,0,-1,-1,0.4089296133053012,0.36123156547546387
02038_H_A_FY_C6,1,1,FY,0.9509820342063904,0.9434561133384705,0.939844012260437,17,0.4146341463414634,14,0,18,0.30523966071082326,0.21782921254634857
02038_H_A_FY_C8,1,1,FY,0.9483830332756042,0.9448021054267883,0.9340841174125671,19,0.4634146341463415,19,0,18,0.4635061832462869,0.37275898456573486
02039_H_A_SY_C6,1,1,SY,0.9756579995155334,0.9755201935768127,0.9753735661506653,24,0.5853658536585366,24,0,23,0.34700690028144093,0.260492205619812
02041_H_A_N_C5,0,0,N,0.41692736744880676,0.3841818869113922,0.3570013642311096,0,0.0,0,-1,-1,0.35745558578793596,0.3423305153846741
02044_H_A_BY_C8,1,0,BY,0.5143211483955383,0.4778076112270355,0.4538549780845642,0,0.0,0,-1,-1,0.3137273988345774,0.1920761913061142
02045_H_A_N_C5,0,0,N,0.40264809131622314,0.37431657314300537,0.3556065261363983,0,0.0,0,-1,-1,0.30033661025326425,0.2683289051055908
02048_H_A_BY_C5,1,1,BY,0.7899320125579834,0.7724621295928955,0.752045750617981,15,0.36585365853658536,11,0,17,0.30310799653937176,0.20551857352256775
02050_H_A_FY_C8,1,0,FY,0.30011045932769775,0.283758282661438,0.2746726870536804,0,0.0,0,-1,-1,0.6334372177356626,0.46471837162971497
02051_H_A_SY_C8,1,0,SY,0.326326847076416,0.28877630829811096,0.2788321375846863,0,0.0,0,-1,-1,0.4953390170888203,0.42718514800071716
02053_H_A_N_C7,0,0,N,0.46572697162628174,0.40162768959999084,0.374478816986084,0,0.0,0,-1,-1,0.26455450566803534,0.17443853616714478
02053_H_A_N_C8,0,0,N,0.4334224760532379,0.38909968733787537,0.3647560179233551,0,0.0,0,-1,-1,0.35281484664940255,0.2994081377983093
02054_H_A_FY_C8,1,1,FY,0.9731544852256775,0.9728866219520569,0.9723180532455444,25,0.6097560975609756,25,11,35,0.4279787911147606,0.3590124845504761
02055_H_A_SY_C6,1,1,SY,0.9467389583587646,0.9384486675262451,0.9275047183036804,22,0.5365853658536586,22,0,21,0.4416745864763493,0.32293662428855896
02057_H_A_N_C7,0,1,N,0.672082781791687,0.6546234488487244,0.6348119974136353,16,0.3902439024390244,13,1,19,0.2643142840484293,0.10824140161275864
02058_H_A_SY_C6,1,1,SY,0.9622407555580139,0.9618320465087891,0.9607486724853516,20,0.4878048780487805,20,0,19,0.5338937182252,0.41739848256111145
02060_H_A_N_C6,0,0,N,0.2754060626029968,0.27351659536361694,0.2712426781654358,0,0.0,0,-1,-1,0.35239537678113797,0.3099285066127777
02060_H_A_N_C7,0,0,N,0.43006712198257446,0.41726478934288025,0.4028543531894684,0,0.0,0,-1,-1,0.2772224496414022,0.023099131882190704
02062_H_A_FY_C5,1,1,FY,0.6392645239830017,0.6053597331047058,0.5887554287910461,6,0.14634146341463414,6,6,11,0.22501610619265858,0.1993258148431778
02067_H_A_SY_C6,1,1,SY,0.9769624471664429,0.9767492413520813,0.9765555262565613,22,0.5365853658536586,22,0,21,0.2482217666579456,0.1594686359167099
02068_H_A_BY_C5,1,1,BY,0.662279486656189,0.636838972568512,0.6235313415527344,18,0.43902439024390244,18,13,30,0.2768116836867681,0.2074424773454666
02069_H_A_N_C5,0,0,N,0.3802490830421448,0.35618844628334045,0.3362153470516205,0,0.0,0,-1,-1,0.39282371285485057,0.3681755065917969
02069_H_A_N_C7,0,0,N,0.3952108919620514,0.3882979154586792,0.38271695375442505,0,0.0,0,-1,-1,0.3887241097485147,0.3102627694606781
02070_H_A_SY_C5,1,1,SY,0.7217056155204773,0.7149167656898499,0.7095791101455688,15,0.36585365853658536,13,0,20,0.30224443099847653,0.2243860810995102
02070_H_A_SY_C7,1,1,SY,0.945472776889801,0.9341245293617249,0.9208889007568359,21,0.5121951219512195,21,1,21,0.36993240001724986,0.28909921646118164
02071_H_A_BY_C8,1,1,BY,0.8452314734458923,0.8223220705986023,0.7288613319396973,11,0.2682926829268293,7,3,20,0.42758592018267005,0.3436252772808075
02074_H_A_FY_C5,1,1,FY,0.981056272983551,0.9809505343437195,0.9807052612304688,24,0.5853658536585366,24,1,24,0.503054768573947,0.4023447632789612
02074_H_A_FY_C6,1,1,FY,0.97651606798172,0.9763524532318115,0.9759811162948608,23,0.5609756097560976,23,0,22,0.3188893736862555,0.26535844802856445
02074_H_A_FY_C8,1,1,FY,0.9795684814453125,0.979457676410675,0.9792351722717285,26,0.6341463414634146,26,0,25,0.34094179403491137,0.23046711087226868
02076_H_A_BY_C6,1,1,BY,0.971880316734314,0.9699943661689758,0.9554470181465149,18,0.43902439024390244,10,0,21,0.3015685270472271,0.27208757400512695
02076_H_A_BY_C8,1,1,BY,0.9799154996871948,0.9797415137290955,0.979354739189148,22,0.5365853658536586,22,0,21,0.4818625493747432,0.3249664306640625
02078_H_A_FY_C6,1,1,FY,0.9791451692581177,0.9789463877677917,0.9785183668136597,22,0.5365853658536586,22,8,29,0.33605227819303185,0.2757999002933502
02079_H_A_SY_C6,1,1,SY,0.9749635457992554,0.9746522903442383,0.974504828453064,23,0.5609756097560976,23,0,22,0.3141857799960346,0.25582417845726013
02079_H_A_SY_C7,1,1,SY,0.9770110249519348,0.9766766428947449,0.9761404991149902,25,0.6097560975609756,25,0,24,0.513172175826096,0.44821569323539734
02080_H_A_BY_C8,1,1,BY,0.9745152592658997,0.9741235375404358,0.9731724858283997,25,0.6097560975609756,25,0,24,0.4852243763644521,0.4265962243080139
02083_H_A_SY_C7,1,1,SY,0.980242908000946,0.9801368713378906,0.979764461517334,23,0.5609756097560976,23,4,26,0.6038921489948179,0.5531377792358398
02084_H_A_BY_C6,1,1,BY,0.9691285490989685,0.9676895141601562,0.9666966199874878,23,0.5609756097560976,23,4,26,0.3314643058835006,0.2824087142944336
02086_H_A_FY_C7,1,1,FY,0.9775615334510803,0.9773766398429871,0.97712641954422,25,0.6097560975609756,25,8,32,0.5663165399214116,0.4281666576862335
02089_H_A_N_C5,0,0,N,0.3962693214416504,0.38475731015205383,0.3788736164569855,0,0.0,0,-1,-1,0.458384105345098,0.3501524329185486
02090_H_A_FY_C6,1,1,FY,0.9753139615058899,0.9745488166809082,0.9740874171257019,24,0.5853658536585366,24,1,24,0.43044339738241055,0.41578957438468933
02092_H_A_BY_C6,1,1,BY,0.9780848026275635,0.978044331073761,0.9779760241508484,24,0.5853658536585366,24,7,30,0.36954073208134347,0.33169087767601013
02092_H_A_BY_C7,1,1,BY,0.9797976613044739,0.9797456860542297,0.9796119928359985,25,0.6097560975609756,25,7,31,0.573263498341165,0.5085806846618652
02092_H_A_BY_C8,1,1,BY,0.9802148342132568,0.9801721572875977,0.9800661206245422,25,0.6097560975609756,25,6,30,0.3398682856705131,0.23518021404743195
02093_H_A_N_C5,0,0,N,0.3938577473163605,0.378749817609787,0.3484307825565338,0,0.0,0,-1,-1,0.5332391712723709,0.5016234517097473
02093_H_A_N_C8,0,0,N,0.3312871754169464,0.30832231044769287,0.28149980306625366,0,0.0,0,-1,-1,0.4171415160341961,0.3744579255580902
02094_H_A_FY_C5,1,1,FY,0.9787427186965942,0.978729248046875,0.9786499738693237,23,0.5609756097560976,23,6,28,0.4181678716729327,0.3509524166584015
02094_H_A_FY_C8,1,1,FY,0.9717085361480713,0.9701699614524841,0.9691938161849976,24,0.5853658536585366,24,5,28,0.37361930565136237,0.3550164997577667
02095_H_A_SY_C7,1,1,SY,0.976874828338623,0.9765632152557373,0.9761096835136414,23,0.5609756097560976,23,3,25,0.5583397702472966,0.4860004782676697
02095_H_A_SY_C8,1,1,SY,0.9784159660339355,0.9782561659812927,0.9776118993759155,24,0.5853658536585366,24,1,24,0.45470771411570104,0.4276795983314514
02099_H_A_SY_C5,1,1,SY,0.9764569401741028,0.9762445092201233,0.9760456085205078,20,0.4878048780487805,20,0,19,0.3951678530472081,0.31234660744667053
02102_H_A_FY_C5,1,1,FY,0.9784133434295654,0.9781667590141296,0.9777485132217407,26,0.6341463414634146,26,3,28,0.545542555611308,0.5152683854103088
02102_H_A_FY_C6,1,1,FY,0.9779141545295715,0.9777688384056091,0.9774599075317383,23,0.5609756097560976,23,2,24,0.3692192653330361,0.2525286078453064
02104_H_A_BY_C7,1,1,BY,0.9749190211296082,0.974642813205719,0.9742788076400757,24,0.5853658536585366,24,0,23,0.4918615839830259,0.4023740887641907
02105_H_A_N_C5,0,0,N,0.18213187158107758,0.17830266058444977,0.17584359645843506,0,0.0,0,-1,-1,0.5420415997505188,0.44852498173713684
02106_H_A_FY_C5,1,1,FY,0.9750678539276123,0.9744091033935547,0.9738610982894897,24,0.5853658536585366,24,10,33,0.3937655658256717,0.3285200297832489
02106_H_A_FY_C8,1,1,FY,0.9798614978790283,0.9794518947601318,0.9790552258491516,29,0.7073170731707317,28,4,34,0.527903106881351,0.3560316264629364
02107_H_A_SY_C6,1,1,SY,0.9755067825317383,0.9754171371459961,0.9749096632003784,26,0.6341463414634146,26,4,29,0.30652626840079705,0.2678699195384979
02116_H_A_BY_C6,1,1,BY,0.9795075058937073,0.9794034361839294,0.9791787266731262,26,0.6341463414634146,26,7,32,0.3705342121240569,0.27334070205688477
02117_H_A_N_C5,0,0,N,0.33590081334114075,0.3165172040462494,0.29413098096847534,0,0.0,0,-1,-1,0.4749511771085786,0.4141111969947815
02117_H_A_N_C8,0,0,N,0.3495553731918335,0.328161358833313,0.31373319029808044,0,0.0,0,-1,-1,0.4922040482846702,0.4348915219306946
02120_H_A_BY_C5,1,1,BY,0.9753369688987732,0.9742178916931152,0.973107635974884,24,0.5853658536585366,24,14,37,0.3919411541485205,0.2850227653980255
02120_H_A_BY_C8,1,1,BY,0.98115473985672,0.9810233116149902,0.9807944297790527,28,0.6829268292682927,28,12,39,0.5006390104933482,0.4178778827190399
02124_H_A_BY_C6,1,1,BY,0.9754772782325745,0.9753838181495667,0.975259006023407,24,0.5853658536585366,24,9,32,0.3531390741104033,0.2691211998462677
02127_H_A_SY_C8,1,1,SY,0.9772183895111084,0.9769911766052246,0.9766647219657898,26,0.6341463414634146,26,2,27,0.5499108499143182,0.489892840385437
02132_H_A_BY_C5,1,1,BY,0.9671505093574524,0.931393563747406,0.8163915872573853,5,0.12195121951219512,5,0,4,0.2382105745193435,0.22655563056468964
02132_H_A_BY_C8,1,1,BY,0.8627395033836365,0.7447525858879089,0.6399790048599243,3,0.07317073170731707,3,0,2,0.43325630629934914,0.3914104104042053
02133_H_A_N_C6,0,0,N,0.29906314611434937,0.2870957553386688,0.2757522463798523,0,0.0,0,-1,-1,0.4587986643721418,0.43221315741539
02134_H_A_FY_C5,1,1,FY,0.9780330657958984,0.9779213070869446,0.9777833819389343,25,0.6097560975609756,25,4,28,0.3285330417679577,0.20992016792297363
02136_H_A_BY_C5,1,0,BY,0.25381749868392944,0.2505393922328949,0.24857273697853088,0,0.0,0,-1,-1,0.3051535014699145,0.28875693678855896
02138_H_A_FY_C6,1,1,FY,0.9654828906059265,0.9648110866546631,0.9645479917526245,22,0.5365853658536586,22,4,25,0.3077076506323931,0.25172296166419983
02138_H_A_FY_C7,1,1,FY,0.9799836277961731,0.9798036217689514,0.9796119928359985,26,0.6341463414634146,26,5,30,0.5202927233242407,0.4288713335990906
02139_H_A_SY_C5,1,1,SY,0.9793310761451721,0.9792735576629639,0.9791398048400879,26,0.6341463414634146,26,11,36,0.47962435062338665,0.40855926275253296
02140_H_A_BY_C7,1,1,BY,0.9812787771224976,0.9811142086982727,0.980777382850647,27,0.6585365853658537,27,6,32,0.48180124381693396,0.3934316337108612
02141_H_A_N_C7,0,0,N,0.39790278673171997,0.38299044966697693,0.37087902426719666,0,0.0,0,-1,-1,0.48611924052238464,0.43457716703414917
02143_H_A_SY_C6,1,1,SY,0.9793287515640259,0.9792245030403137,0.9790474772453308,22,0.5365853658536586,22,0,21,0.31990210021414406,0.2702442407608032
02144_H_A_BY_C6,1,1,BY,0.9640812873840332,0.9566094875335693,0.9539103507995605,25,0.6097560975609756,25,3,27,0.4110283459105143,0.339809387922287
02144_H_A_BY_C7,1,1,BY,0.9810106158256531,0.9808414578437805,0.9805623292922974,27,0.6585365853658537,27,1,27,0.485813344397196,0.43966543674468994
02148_H_A_BY_C5,1,1,BY,0.9735557436943054,0.9730934500694275,0.9726742506027222,26,0.6341463414634146,26,1,26,0.35268045780135365,0.29874348640441895
02148_H_A_BY_C6,1,1,BY,0.9461712837219238,0.945587694644928,0.9401079416275024,20,0.4878048780487805,20,6,25,0.37500245978192587,0.30789244174957275
02148_H_A_BY_C7,1,1,BY,0.976090669631958,0.9759629368782043,0.9757457971572876,29,0.7073170731707317,29,0,28,0.32213710357503195,0.23999947309494019
02148_H_A_BY_C8,1,1,BY,0.9674791097640991,0.9670600891113281,0.9665648341178894,24,0.5853658536585366,24,3,26,0.39578564719456,0.3649693727493286
02149_H_A_N_C5,0,0,N,0.3860626518726349,0.3735949695110321,0.3640994429588318,0,0.0,0,-1,-1,0.376172488782464,0.36380505561828613
02149_H_A_N_C8,0,0,N,0.3602304756641388,0.35123756527900696,0.3448397219181061,0,0.0,0,-1,-1,0.3601129818253401,0.3375012278556824
02150_H_A_FY_C8,1,1,FY,0.9788075685501099,0.9783823490142822,0.9779167175292969,25,0.6097560975609756,25,2,26,0.5368473355363055,0.356081485748291
02152_H_A_BY_C7,1,1,BY,0.9808295965194702,0.9805908203125,0.9802848696708679,26,0.6341463414634146,26,4,29,0.4864961294139304,0.3810505270957947
02153_H_A_N_C6,0,0,N,0.39798569679260254,0.3917958438396454,0.38079017400741577,0,0.0,0,-1,-1,0.4394066573643103,0.41411975026130676
02153_H_A_N_C7,0,0,N,0.3792961835861206,0.36128997802734375,0.34840553998947144,0,0.0,0,-1,-1,0.45359663847016124,0.382962703704834
02155_H_A_SY_C8,1,1,SY,0.9799696803092957,0.9796637892723083,0.979400634765625,22,0.5365853658536586,22,0,21,0.4531638905769441,0.41965532302856445
02157_H_A_N_C6,0,0,N,0.4885144531726837,0.47783878445625305,0.4549221098423004,0,0.0,0,-1,-1,0.39344218373298645,0.2659315764904022
02157_H_A_N_C7,0,0,N,0.5084843039512634,0.4717887341976166,0.4455028474330902,0,0.0,0,-1,-1,0.42940795130845977,0.36252737045288086
02158_H_A_FY_C6,1,1,FY,0.9770777225494385,0.9768714904785156,0.9765523672103882,18,0.43902439024390244,18,0,17,0.3944140083906127,0.26469194889068604
02160_H_A_BY_C6,1,1,BY,0.9779027104377747,0.9773678779602051,0.9768978953361511,26,0.6341463414634146,26,11,36,0.4142467619442358,0.3497588336467743
02162_H_A_FY_C5,1,1,FY,0.9728441834449768,0.9726991057395935,0.9716719388961792,22,0.5365853658536586,22,0,21,0.3985645269475332,0.34883126616477966
02162_H_A_FY_C7,1,1,FY,0.9794142842292786,0.9793279767036438,0.979178786277771,23,0.5609756097560976,23,0,22,0.43635443870614216,0.3716394305229187
02164_H_A_BY_C7,1,1,BY,0.9791269898414612,0.9790063500404358,0.978905975818634,17,0.4146341463414634,17,0,16,0.4495358736049838,0.4199977517127991
02164_H_A_BY_C8,1,1,BY,0.9805002212524414,0.9801192283630371,0.9796556234359741,17,0.4146341463414634,17,0,16,0.5003353320970768,0.42662861943244934
02165_H_A_N_C7,0,0,N,0.3682418465614319,0.3453651964664459,0.32157963514328003,0,0.0,0,-1,-1,0.45453469200832086,0.371332049369812
02166_H_A_FY_C8,1,1,FY,0.9796359539031982,0.9794089198112488,0.9790654182434082,25,0.6097560975609756,25,0,24,0.568906365371332,0.5484296083450317
02167_H_A_SY_C7,1,1,SY,0.9753085970878601,0.97501140832901,0.9746484756469727,25,0.6097560975609756,25,10,34,0.5330038746682609,0.4386914074420929
02168_H_A_BY_C5,1,1,BY,0.8983488082885742,0.8940789699554443,0.8889317512512207,25,0.6097560975609756,25,5,29,0.42884723878488307,0.37592604756355286
02168_H_A_BY_C7,1,1,BY,0.9774532914161682,0.9769461750984192,0.9766060709953308,26,0.6341463414634146,26,6,31,0.579902486103337,0.47411438822746277
02168_H_A_BY_C8,1,1,BY,0.9791269898414612,0.9790254235267639,0.9788564443588257,25,0.6097560975609756,25,6,30,0.5579296554007181,0.5056405663490295
02171_H_A_SY_C5,1,1,SY,0.9770480394363403,0.9766128659248352,0.975760817527771,24,0.5853658536585366,24,11,34,0.4699648495127515,0.340363472700119
02172_H_A_BY_C5,1,1,BY,0.9752336740493774,0.973900318145752,0.9717491269111633,24,0.5853658536585366,24,16,39,0.4157323321191276,0.3860417604446411
02176_H_A_BY_C7,1,1,BY,0.9727903008460999,0.972033679485321,0.9715065956115723,24,0.5853658536585366,24,0,23,0.5284032152920235,0.3967970907688141
02177_H_A_N_C5,0,0,N,0.3646426796913147,0.3355990946292877,0.3175216317176819,0,0.0,0,-1,-1,0.38105504614550895,0.3337768316268921
02178_H_A_FY_C7,1,1,FY,0.9770824909210205,0.9766144752502441,0.9756242036819458,18,0.43902439024390244,18,0,17,0.4465748115283687,0.40191757678985596
02178_H_A_FY_C8,1,1,FY,0.9785082936286926,0.9783623814582825,0.9778979420661926,19,0.4634146341463415,19,0,18,0.4242684819349429,0.37232860922813416
02179_H_A_SY_C5,1,1,SY,0.9781589508056641,0.9779428839683533,0.9777270555496216,25,0.6097560975609756,25,2,26,0.5386891270556101,0.42269474267959595
02185_H_A_N_C6,0,1,N,0.7282755970954895,0.7125746607780457,0.6946574449539185,9,0.21951219512195122,9,14,22,0.3165638512227593,0.2810208201408386
02185_H_A_N_C7,0,0,N,0.5860990881919861,0.5376642346382141,0.45420509576797485,1,0.024390243902439025,1,5,5,0.46331008832629134,0.419202983379364
02186_H_A_FY_C7,1,1,FY,0.9799743890762329,0.9798190593719482,0.979671835899353,26,0.6341463414634146,26,7,32,0.4473183729299685,0.3174791634082794
02189_H_A_N_C7,0,0,N,0.39832204580307007,0.3848364055156708,0.3742774426937103,0,0.0,0,-1,-1,0.30895328303662745,0.17851053178310394
02189_H_A_N_C8,0,0,N,0.38786643743515015,0.34702277183532715,0.31885069608688354,0,0.0,0,-1,-1,0.5564581926276044,0.4808284342288971
02190_H_A_FY_C8,1,1,FY,0.9779729247093201,0.9776592254638672,0.9772588610649109,19,0.4634146341463415,19,0,18,0.48445187254649835,0.38606375455856323
02191_H_A_SY_C6,1,1,SY,0.7455703020095825,0.7352144122123718,0.7199918627738953,12,0.2926829268292683,12,13,24,0.2917780897966245,0.24063356220722198
02191_H_A_SY_C8,1,1,SY,0.9760684967041016,0.9722718596458435,0.9708488583564758,26,0.6341463414634146,26,1,26,0.43401033049676474,0.32406458258628845
02193_H_A_N_C5,0,0,N,0.4822905659675598,0.46410512924194336,0.4403858184814453,0,0.0,0,-1,-1,0.39415918690402335,0.32998669147491455
02193_H_A_N_C7,0,1,N,0.8751729726791382,0.8279922604560852,0.7223895192146301,5,0.12195121951219512,5,7,11,0.4581226488439048,0.39307701587677
02194_H_A_FY_C8,1,1,FY,0.9803180694580078,0.9802022576332092,0.9799583554267883,26,0.6341463414634146,26,5,30,0.4799730944924238,0.40419861674308777
02197_H_A_N_C6,0,0,N,0.48952144384384155,0.4755566120147705,0.46896177530288696,0,0.0,0,-1,-1,0.30014230601671266,0.24520517885684967
02200_H_A_BY_C7,1,1,BY,0.5729502439498901,0.5619252324104309,0.5530115365982056,7,0.17073170731707318,7,13,19,0.29605859372673965,0.2368708699941635
02204_H_A_BY_C7,1,1,BY,0.9796363115310669,0.9793726801872253,0.9790619611740112,26,0.6341463414634146,26,8,33,0.49848392605781555,0.40582916140556335
02206_H_A_FY_C5,1,1,FY,0.9728503227233887,0.9723146557807922,0.9709205627441406,24,0.5853658536585366,24,1,24,0.3521949503479934,0.32768434286117554
02206_H_A_FY_C8,1,1,FY,0.9754742980003357,0.9749314785003662,0.9743455648422241,25,0.6097560975609756,25,0,24,0.5501870658339524,0.5035548210144043
02207_H_A_SY_C6,1,1,SY,0.9773288369178772,0.9772592186927795,0.977157473564148,23,0.5609756097560976,23,2,24,0.3308852954608638,0.27525871992111206
02207_H_A_SY_C8,1,1,SY,0.9765844941139221,0.9763039946556091,0.9759829640388489,27,0.6585365853658537,27,0,26,0.47542144394502406,0.3735084533691406
02208_H_A_BY_C5,1,1,BY,0.9524681568145752,0.9515314102172852,0.949968159198761,22,0.5365853658536586,22,0,21,0.3805924654006958,0.3289581835269928
02209_H_A_N_C6,0,0,N,0.37547722458839417,0.36438456177711487,0.35295313596725464,0,0.0,0,-1,-1,0.3841039225822542,0.35929447412490845
02209_H_A_N_C7,0,0,N,0.398241251707077,0.38742661476135254,0.3771756887435913,0,0.0,0,-1,-1,0.382156830008437,0.33163073658943176
02209_H_A_N_C8,0,0,N,0.4319063425064087,0.4104180335998535,0.38542789220809937,0,0.0,0,-1,-1,0.45368870438599007,0.3915972411632538
02210_H_A_FY_C7,1,0,FY,0.5037009716033936,0.5005542635917664,0.49409589171409607,0,0.0,0,-1,-1,0.2743912430071249,0.18072503805160522
02213_H_A_N_C7,0,0,N,0.48781755566596985,0.4780319929122925,0.4742276668548584,0,0.0,0,-1,-1,0.29909351613463425,0.15136240422725677
02213_H_A_N_C8,0,0,N,0.42137762904167175,0.4157848060131073,0.40832728147506714,0,0.0,0,-1,-1,0.3054542548772765,0.27384987473487854
02214_H_A_FY_C5,1,1,FY,0.6974250674247742,0.6464769244194031,0.6142210364341736,5,0.12195121951219512,5,0,4,0.2944046367959278,0.285047709941864
02215_H_A_SY_C6,1,1,SY,0.5714020133018494,0.5579617023468018,0.5414023399353027,4,0.0975609756097561,4,8,11,0.25302304581898016,0.1879979521036148
02215_H_A_SY_C7,1,1,SY,0.604887068271637,0.588794469833374,0.5756216645240784,7,0.17073170731707318,7,18,24,0.3484158265154536,0.18915718793869019
02222_H_A_SY_C7,1,1,SY,0.972041130065918,0.97162264585495,0.9713472127914429,24,0.5853658536585366,24,2,25,0.4875879927379329,0.3695032000541687
02223_H_A_BY_C8,1,1,BY,0.9821382761001587,0.9819620251655579,0.9817226529121399,26,0.6341463414634146,26,2,27,0.30988907995747356,0.17927402257919312
02228_H_A_N_C5,0,0,N,0.4895484447479248,0.4800103008747101,0.4775044918060303,0,0.0,0,-1,-1,0.3648112081899876,0.3188686668872833
02229_H_A_SY_C5,1,1,SY,0.9766075015068054,0.9761838316917419,0.9757418632507324,24,0.5853658536585366,24,4,27,0.39125748741917493,0.2606460154056549
02229_H_A_SY_C8,1,1,SY,0.9779295325279236,0.9777433276176453,0.9772526025772095,24,0.5853658536585366,24,5,28,0.4846116602420807,0.42399945855140686
02234_H_A_N_C7,0,0,N,0.450962096452713,0.44116076827049255,0.4253389239311218,0,0.0,0,-1,-1,0.3344419176985578,0.24931883811950684
02236_H_A_BY_C5,1,1,BY,0.977969765663147,0.9778324961662292,0.97710782289505,23,0.5609756097560976,23,0,22,0.3875399144684396,0.29658564925193787
02236_H_A_BY_C7,1,1,BY,0.9126107096672058,0.9080922603607178,0.9030723571777344,24,0.5853658536585366,20,0,24,0.36940647334587284,0.2672755718231201
02237_H_A_N_C5,0,0,N,0.31614944338798523,0.3032146394252777,0.28787803649902344,0,0.0,0,-1,-1,0.5998283842714821,0.5000678896903992
02237_H_A_N_C6,0,0,N,0.35326042771339417,0.30354687571525574,0.28209012746810913,0,0.0,0,-1,-1,0.4870017054604321,0.3683154284954071
02238_H_A_FY_C5,1,1,FY,0.9794600605964661,0.978941023349762,0.9780994653701782,23,0.5609756097560976,23,0,22,0.5402904421817966,0.4582066833972931
02238_H_A_FY_C8,1,1,FY,0.9786466956138611,0.9784588813781738,0.9779145121574402,22,0.5365853658536586,22,0,21,0.3814415779055619,0.322324275970459
02239_H_A_SY_C8,1,1,SY,0.9799898266792297,0.9798462390899658,0.9794474840164185,23,0.5609756097560976,23,0,22,0.36340840924076917,0.332308292388916
02240_H_A_BY_C6,1,1,BY,0.9812719225883484,0.9811165928840637,0.9809100031852722,22,0.5365853658536586,22,0,21,0.4082787901889987,0.3017640709877014
02240_H_A_BY_C7,1,1,BY,0.9815409183502197,0.9814161658287048,0.9811117053031921,23,0.5609756097560976,23,0,22,0.5786211490631104,0.5409915447235107
02246_H_A_FY_C5,1,0,FY,0.5090445876121521,0.5054731965065002,0.49499940872192383,0,0.0,0,-1,-1,0.278002678984549,0.24320340156555176
02247_H_A_SY_C8,1,1,SY,0.974712073802948,0.9744672775268555,0.9740096926689148,24,0.5853658536585366,24,0,23,0.6235454416856533,0.3456489145755768
02248_H_A_BY_C6,1,1,BY,0.6516331434249878,0.6380414366722107,0.617483913898468,8,0.1951219512195122,8,7,14,0.33473249761069696,0.2641473412513733
02250_H_A_N_C8,0,0,N,0.2717522978782654,0.2673061192035675,0.2627820372581482,0,0.0,0,-1,-1,0.3952210225710055,0.3611418306827545
02251_H_A_FY_C7,1,1,FY,0.8578820824623108,0.8247620463371277,0.778160572052002,16,0.3902439024390244,16,5,20,0.35163249620577186,0.3027395009994507
02253_H_A_BY_C5,1,0,BY,0.5970134735107422,0.5692797303199768,0.530981183052063,2,0.04878048780487805,2,23,24,0.3510135615744242,0.33089157938957214
02257_H_A_BY_C6,1,1,BY,0.9783287048339844,0.9780957698822021,0.9777525067329407,22,0.5365853658536586,22,0,21,0.3160449553553651,0.23998655378818512
02260_H_A_SY_C6,1,1,SY,0.9630517959594727,0.9625189900398254,0.96189945936203,21,0.5121951219512195,21,0,20,0.39048082944823476,0.3247984051704407
02261_H_A_BY_C8,1,0,BY,0.35143256187438965,0.34573403000831604,0.3436068892478943,0,0.0,0,-1,-1,0.3131902770298283,0.31001609563827515
02263_H_A_FY_C5,1,1,FY,0.7294033765792847,0.7275430560112,0.7221866846084595,17,0.4146341463414634,13,3,22,0.21266956591024633,0.15716154873371124
02264_H_A_SY_C5,1,1,SY,0.9762111902236938,0.9759087562561035,0.975683867931366,25,0.6097560975609756,25,0,24,0.4897181362640567,0.4110015332698822
02264_H_A_SY_C7,1,1,SY,0.979006826877594,0.978944718837738,0.978816032409668,25,0.6097560975609756,25,0,24,0.5026046212126569,0.48417001962661743
02266_H_A_N_C6,0,1,N,0.891103982925415,0.8362057209014893,0.7879824042320251,7,0.17073170731707318,7,11,17,0.38785592811863595,0.3540128171443939
02268_H_A_SY_C6,1,1,SY,0.9779255390167236,0.9778987765312195,0.9778563380241394,24,0.5853658536585366,24,0,23,0.27428482218486505,0.20393630862236023
02274_H_A_N_C5,0,1,N,0.8074095845222473,0.780751645565033,0.7346299886703491,17,0.4146341463414634,15,0,18,0.3501582734468507,0.32757851481437683
02277_H_A_BY_C8,1,1,BY,0.9665820598602295,0.9657589793205261,0.9607967138290405,23,0.5609756097560976,23,0,22,0.41774021997684385,0.36699244379997253
02280_H_A_SY_C8,1,1,SY,0.971241295337677,0.9688382148742676,0.9671539068222046,20,0.4878048780487805,20,0,19,0.3997206200913685,0.365082710981369
02284_H_A_SY_C5,1,1,SY,0.9263632297515869,0.9262375831604004,0.92462158203125,23,0.5609756097560976,23,0,22,0.42766077416699105,0.35719120502471924
02287_H_A_SY_C7,1,1,SY,0.9721706509590149,0.9718411564826965,0.9711747169494629,23,0.5609756097560976,23,0,22,0.5740151456216487,0.4310852885246277
02292_H_A_BY_C6,1,1,BY,0.9406541585922241,0.9399989247322083,0.9356873631477356,23,0.5609756097560976,23,0,22,0.35225111754929145,0.30386239290237427
02293_H_A_N_C6,0,0,N,0.3049631118774414,0.2915188670158386,0.28525248169898987,0,0.0,0,-1,-1,0.40566713417448647,0.3697799742221832
02293_H_A_N_C8,0,1,N,0.9263002872467041,0.923708438873291,0.9211944341659546,24,0.5853658536585366,24,9,32,0.36463201336744355,0.22881367802619934
02296_H_A_N_C7,0,0,N,0.46743765473365784,0.4595658779144287,0.4422200620174408,0,0.0,0,-1,-1,0.4309316528279607,0.24072061479091644
02298_H_A_BY_C6,1,1,BY,0.9741064310073853,0.972733736038208,0.9714892506599426,23,0.5609756097560976,23,0,22,0.4178435017422932,0.3826926350593567
02299_H_A_N_C8,0,0,N,0.5416658520698547,0.5027998685836792,0.4722450375556946,1,0.024390243902439025,1,9,9,0.3314081168756252,0.2889299690723419
02301_H_A_SY_C7,1,1,SY,0.9758963584899902,0.9758390784263611,0.9757809638977051,24,0.5853658536585366,24,0,23,0.35271245368370197,0.11265375465154648
02301_H_A_SY_C8,1,0,SY,0.5124168992042542,0.5090346336364746,0.5063267946243286,0,0.0,0,-1,-1,0.23937453111497367,0.16914695501327515
02302_H_A_N_C6,0,0,N,0.6624654531478882,0.5875859260559082,0.5287470817565918,2,0.04878048780487805,2,0,1,0.2225931581200623,0.17900602519512177
02303_H_A_FY_C6,1,1,FY,0.9727835059165955,0.9725646376609802,0.9723880887031555,25,0.6097560975609756,25,0,24,0.542725822547587,0.49662408232688904
02305_H_A_BY_C8,1,1,BY,0.9804555177688599,0.9803587794303894,0.9801648855209351,24,0.5853658536585366,24,0,23,0.3715524477202718,0.32998889684677124
02306_H_A_N_C7,0,0,N,0.3780163824558258,0.36802423000335693,0.34636634588241577,0,0.0,0,-1,-1,0.44085806826265844,0.40727588534355164
02307_H_A_FY_C5,1,1,FY,0.9610059261322021,0.9606368541717529,0.9601379632949829,23,0.5609756097560976,23,0,22,0.3568759560585022,0.30410298705101013
02317_H_A_SY_C5,1,1,SY,0.9703529477119446,0.9673142433166504,0.9631956815719604,24,0.5853658536585366,24,0,23,0.31665550135984655,0.2972860634326935
02320_H_A_N_C7,0,0,N,0.47529083490371704,0.4602274000644684,0.39114680886268616,0,0.0,0,-1,-1,0.3997988133895688,0.2068292796611786
02322_H_A_BY_C7,1,1,BY,0.9800847172737122,0.9800102114677429,0.9798325300216675,24,0.5853658536585366,24,0,23,0.6089395357341301,0.5606266856193542
02323_H_A_N_C8,0,0,N,0.27891701459884644,0.26796141266822815,0.2598836421966553,0,0.0,0,-1,-1,0.46009324454679723,0.4065907299518585
02324_H_A_FY_C5,1,1,FY,0.9719893336296082,0.971785843372345,0.9713910818099976,24,0.5853658536585366,24,1,24,0.41594555537875105,0.35603392124176025
02326_H_A_BY_C8,1,1,BY,0.9718704223632812,0.9710237979888916,0.9697557687759399,24,0.5853658536585366,24,0,23,0.44381913324681727,0.32284021377563477
02328_H_A_FY_C7,1,1,FY,0.979502260684967,0.979329526424408,0.9788023233413696,24,0.5853658536585366,24,0,23,0.44040587762506994,0.36434316635131836
02329_H_A_SY_C8,1,1,SY,0.9763957262039185,0.9759511947631836,0.9755724668502808,24,0.5853658536585366,24,0,23,0.599913436465147,0.4214763343334198
02331_H_A_N_C8,0,0,N,0.46362170577049255,0.4498285949230194,0.4318050742149353,0,0.0,0,-1,-1,0.547310669974583,0.46424567699432373
02332_H_A_FY_C8,1,1,FY,0.9590755701065063,0.9559119343757629,0.9536844491958618,23,0.5609756097560976,23,1,23,0.5197066025036138,0.3716495931148529
02334_H_A_BY_C6,1,1,BY,0.7360830903053284,0.7265139222145081,0.7132348418235779,9,0.21951219512195122,9,1,9,0.23938906265468132,0.22552558779716492
02335_H_A_N_C8,0,0,N,0.320345014333725,0.3083692789077759,0.2972896099090576,0,0.0,0,-1,-1,0.34777221010952464,0.2860935926437378
02336_H_A_FY_C7,1,1,FY,0.9799749255180359,0.979766845703125,0.9795804023742676,23,0.5609756097560976,23,0,22,0.5465042075005974,0.45997270941734314
02336_H_A_FY_C8,1,1,FY,0.9793198704719543,0.9791584014892578,0.978632926940918,23,0.5609756097560976,23,0,22,0.44038639562885934,0.3459770977497101
02338_H_A_BY_C7,1,1,BY,0.9799848794937134,0.9799177050590515,0.979749321937561,26,0.6341463414634146,26,0,25,0.5506681443714514,0.49762868881225586
02339_H_A_N_C6,0,0,N,0.3938147723674774,0.3892970383167267,0.37651461362838745,0,0.0,0,-1,-1,0.4357883319622133,0.38443538546562195
02339_H_A_N_C7,0,0,N,0.34557783603668213,0.3294893801212311,0.3224237561225891,0,0.0,0,-1,-1,0.46479470773441034,0.4003639221191406
02342_H_A_BY_C5,1,1,BY,0.9714454412460327,0.9709477424621582,0.9703251123428345,22,0.5365853658536586,22,0,21,0.3815514590682053,0.3326999247074127
02342_H_A_BY_C6,1,1,BY,0.8898013830184937,0.8841838836669922,0.8757497072219849,20,0.4878048780487805,18,0,21,0.3644350076594004,0.31790784001350403
02347_H_A_N_C7,0,0,N,0.44055700302124023,0.4379991292953491,0.43382468819618225,0,0.0,0,-1,-1,0.3622686070639913,0.3478919267654419
02348_H_A_FY_C7,1,1,FY,0.9583759307861328,0.9580513834953308,0.9572681188583374,23,0.5609756097560976,23,0,22,0.442369092528413,0.3292663097381592
02352_H_A_FY_C5,1,1,FY,0.7751407623291016,0.77402663230896,0.7712772488594055,20,0.4878048780487805,20,2,21,0.21403276484187056,0.14869056642055511
02355_H_A_N_C8,0,0,N,0.35764482617378235,0.3423360586166382,0.33360037207603455,0,0.0,0,-1,-1,0.5170163475885624,0.4700019061565399
02357_H_A_FY_C6,1,1,FY,0.6533846259117126,0.6329009532928467,0.6188766360282898,6,0.14634146341463414,6,0,5,0.3114269303112495,0.2636986970901489
02357_H_A_FY_C7,1,1,FY,0.6609883308410645,0.6520313620567322,0.6436260938644409,15,0.36585365853658536,15,4,18,0.2725117729931343,0.2512868344783783
02358_H_A_SY_C8,1,1,SY,0.9733257293701172,0.9731008410453796,0.9728544354438782,23,0.5609756097560976,22,0,35,0.44938366151437525,0.33660033345222473
02359_H_A_BY_C6,1,1,BY,0.9800314903259277,0.9795355796813965,0.9786850810050964,22,0.5365853658536586,22,0,21,0.3170765667426877,0.2487867772579193
02360_H_A_N_C6,0,0,N,0.2998211979866028,0.2964468002319336,0.29288968443870544,0,0.0,0,-1,-1,0.3513099020574151,0.2993297874927521
02361_H_A_FY_C8,1,1,FY,0.9757979512214661,0.9755135178565979,0.9749970436096191,25,0.6097560975609756,25,0,24,0.5247218732426806,0.44282037019729614
02363_H_A_BY_C8,1,1,BY,0.9801380038261414,0.9799184203147888,0.9793411493301392,22,0.5365853658536586,22,0,21,0.43900683376847244,0.3765850067138672
02364_H_A_N_C7,0,0,N,0.3168688416481018,0.2842698395252228,0.26439958810806274,0,0.0,0,-1,-1,0.33488524541622255,0.30511733889579773
02365_H_A_FY_C6,1,1,FY,0.9791249632835388,0.9787170886993408,0.9783893823623657,26,0.6341463414634146,26,1,26,0.4916709421611414,0.4689091444015503
02366_H_A_SY_C6,1,1,SY,0.9765505194664001,0.9757835268974304,0.9751656651496887,25,0.6097560975609756,25,0,24,0.5743960447427703,0.5173614621162415
02366_H_A_SY_C7,1,1,SY,0.9667024612426758,0.9659011960029602,0.9653081893920898,26,0.6341463414634146,26,0,25,0.4464394813630639,0.39551034569740295
02368_H_A_N_C5,0,0,N,0.5673818588256836,0.5092403292655945,0.4849426746368408,1,0.024390243902439025,1,20,20,0.3755932842812887,0.3250028192996979
02369_H_A_FY_C7,1,0,FY,0.45650702714920044,0.4444669187068939,0.43476051092147827,0,0.0,0,-1,-1,0.3843029490331324,0.3308693766593933
02369_H_A_FY_C8,1,0,FY,0.425154447555542,0.418273001909256,0.4134313464164734,0,0.0,0,-1,-1,0.29583982578138024,0.28595876693725586
02370_H_A_SY_C7,1,1,SY,0.9651280045509338,0.9647237658500671,0.9640505909919739,21,0.5121951219512195,21,0,20,0.35241110513849955,0.2624785602092743
02371_H_A_BY_C5,1,1,BY,0.7063949108123779,0.6966397166252136,0.687961220741272,18,0.43902439024390244,13,1,20,0.3486534749589315,0.2593839764595032
02371_H_A_BY_C7,1,1,BY,0.9571509957313538,0.9551124572753906,0.9543316960334778,22,0.5365853658536586,22,0,21,0.4158946232097905,0.3269076347351074
02372_H_A_N_C5,0,0,N,0.2735542953014374,0.2716039717197418,0.2675105333328247,0,0.0,0,-1,-1,0.6066191021989031,0.5238730311393738
02372_H_A_N_C6,0,0,N,0.2778647243976593,0.2760269343852997,0.2703396677970886,0,0.0,0,-1,-1,0.485523975476986,0.44456765055656433
02373_H_A_FY_C7,1,1,FY,0.9436988830566406,0.9432935118675232,0.9425196647644043,22,0.5365853658536586,22,0,21,0.34833549617267234,0.2456883043050766
02374_H_A_SY_C5,1,1,SY,0.7773733735084534,0.7720615863800049,0.7599319815635681,9,0.21951219512195122,7,0,15,0.6493208044912757,0.42222654819488525
02375_H_A_BY_C6,1,1,BY,0.9747219085693359,0.9743528962135315,0.9740559458732605,22,0.5365853658536586,22,0,21,0.40585659698742194,0.3706117272377014
02376_H_A_N_C5,0,0,N,0.5963732600212097,0.5592091679573059,0.4956575334072113,2,0.04878048780487805,2,11,12,0.30193542634568565,0.25895044207572937
02379_H_A_BY_C6,1,1,BY,0.974138081073761,0.9734406471252441,0.9722217321395874,22,0.5365853658536586,22,0,21,0.42744078141887015,0.40668195486068726
02381_H_A_FY_C5,1,1,FY,0.6207221746444702,0.5939033627510071,0.5715001225471497,5,0.12195121951219512,3,10,16,0.36670427496840313,0.34412112832069397
02381_H_A_FY_C7,1,1,FY,0.8623559474945068,0.805497944355011,0.7131184935569763,5,0.12195121951219512,5,5,9,0.30874228114035074,0.2752772271633148
02382_H_A_SY_C8,1,1,SY,0.9690122008323669,0.9681113362312317,0.9663478136062622,25,0.6097560975609756,25,0,24,0.5447008987752403,0.4695727825164795
02387_H_A_SY_C5,1,1,SY,0.657250702381134,0.5962941646575928,0.5702670812606812,5,0.12195121951219512,3,0,14,0.3957298659696812,0.38454902172088623
02388_H_A_BY_C8,1,1,BY,0.9771857261657715,0.976325511932373,0.9755131006240845,23,0.5609756097560976,23,0,22,0.5029969920472401,0.3839879035949707
02391_H_A_SY_C7,1,1,SY,0.9707776308059692,0.9701927304267883,0.9693067669868469,24,0.5853658536585366,24,0,23,0.4019539915933842,0.3668202757835388
02403_H_A_SY_C6,1,1,SY,0.8603947758674622,0.84784334897995,0.8301995396614075,24,0.5853658536585366,24,0,23,0.26141153166933756,0.17129923403263092
02403_H_A_SY_C7,1,1,SY,0.9658406376838684,0.9655033946037292,0.9646895527839661,22,0.5365853658536586,22,1,22,0.3806147757099896,0.3635134696960449
02405_H_A_N_C5,0,0,N,0.22190596163272858,0.21684229373931885,0.21235676109790802,0,0.0,0,-1,-1,0.3723683051946687,0.36070743203163147
02406_H_A_FY_C5,1,1,FY,0.7593932747840881,0.7557632923126221,0.749482274055481,16,0.3902439024390244,14,0,16,0.32853592023616884,0.2856251895427704
02409_H_A_N_C8,0,1,N,0.8190293908119202,0.7990014553070068,0.7209672927856445,6,0.14634146341463414,6,35,40,0.3394208535915468,0.2807258069515228
02410_H_A_FY_C5,1,1,FY,0.9776167869567871,0.9772709012031555,0.9769031405448914,22,0.5365853658536586,22,0,21,0.34223486155998417,0.265635222196579
02411_H_A_SY_C7,1,1,SY,0.9764025211334229,0.9760584831237793,0.9757267236709595,25,0.6097560975609756,25,0,24,0.4333301768070314,0.3620816469192505
02413_H_A_N_C8,0,1,N,0.9107035398483276,0.8965560793876648,0.8689345121383667,8,0.1951219512195122,8,0,7,0.26297663951792366,0.20041631162166595
02414_H_A_N_C7,0,0,N,0.2167775183916092,0.20408155024051666,0.19577857851982117,0,0.0,0,-1,-1,0.6520262433261406,0.6191302537918091
02414_H_A_N_C8,0,0,N,0.23150813579559326,0.20477402210235596,0.19448737800121307,0,0.0,0,-1,-1,0.4903404785365593,0.46444252133369446
02415_H_A_FY_C8,1,1,FY,0.9805092811584473,0.9804322123527527,0.980236828327179,24,0.5853658536585366,24,0,23,0.3478741006153386,0.23000293970108032
02417_H_A_N_C8,0,0,N,0.17100325226783752,0.16926981508731842,0.16722877323627472,0,0.0,0,-1,-1,0.5390016690986913,0.49254104495048523
02422_H_A_FY_C6,1,1,FY,0.9804525375366211,0.9803293347358704,0.9798437356948853,24,0.5853658536585366,24,0,23,0.48019676528325894,0.43344646692276
02422_H_A_FY_C7,1,1,FY,0.9790121912956238,0.978893518447876,0.9783161282539368,23,0.5609756097560976,23,0,22,0.42243770855229074,0.3737681806087494
02423_H_A_SY_C8,1,1,SY,0.9760165214538574,0.9759409427642822,0.9758433103561401,23,0.5609756097560976,23,0,22,0.4965107484561641,0.39804017543792725
02430_H_A_FY_C7,1,1,FY,0.9770165085792542,0.9763343930244446,0.9757741093635559,25,0.6097560975609756,25,0,24,0.5943632372995702,0.5008724331855774
02431_H_A_BY_C6,1,1,BY,0.9778807163238525,0.9776412844657898,0.977303683757782,23,0.5609756097560976,23,0,22,0.3452706936655975,0.2176196426153183
02433_H_A_FY_C8,1,0,FY,0.44089066982269287,0.4350874125957489,0.4335344433784485,0,0.0,0,-1,-1,0.30369310989612486,0.29382336139678955
02435_H_A_BY_C6,1,1,BY,0.9801501035690308,0.9801128506660461,0.9800108671188354,24,0.5853658536585366,24,0,23,0.27057430257157583,0.13733792304992676
02438_H_A_SY_C5,1,1,SY,0.9751974940299988,0.9750321507453918,0.97486811876297,24,0.5853658536585366,24,0,23,0.3983669291909148,0.2444021999835968
02438_H_A_SY_C6,1,1,SY,0.9795265793800354,0.9794502854347229,0.9793922305107117,23,0.5609756097560976,23,0,22,0.2997244567405887,0.1549959033727646
02440_H_A_N_C8,0,0,N,0.46248728036880493,0.46137866377830505,0.46069979667663574,0,0.0,0,-1,-1,0.3168791736044535,0.3085079491138458
02441_H_A_FY_C5,1,1,FY,0.9790046215057373,0.978857696056366,0.9787618517875671,24,0.5853658536585366,24,0,23,0.3238571329814632,0.20116257667541504
02442_H_A_SY_C6,1,1,SY,0.9802408218383789,0.9800398349761963,0.9798629879951477,24,0.5853658536585366,24,0,23,0.34840652346611023,0.19875043630599976
02443_H_A_N_C5,0,0,N,0.3285689353942871,0.3196093738079071,0.30405858159065247,0,0.0,0,-1,-1,0.5089581347093349,0.48472437262535095
02443_H_A_N_C8,0,0,N,0.2862684428691864,0.2626836597919464,0.24984519183635712,0,0.0,0,-1,-1,0.40429830260393096,0.370713472366333
02445_H_A_BY_C6,1,1,BY,0.9781306385993958,0.9778947234153748,0.9776003956794739,25,0.6097560975609756,25,0,24,0.41074643483976037,0.25328493118286133
02445_H_A_BY_C7,1,1,BY,0.9667369723320007,0.9658308029174805,0.9645129442214966,21,0.5121951219512195,21,0,20,0.5444026560318179,0.3749300241470337
02446_H_A_N_C6,0,0,N,0.16290445625782013,0.16218633949756622,0.1601451337337494,0,0.0,0,-1,-1,0.40029043468033393,0.3570307791233063
02447_H_A_FY_C7,1,1,FY,0.7248377203941345,0.723094642162323,0.718662440776825,22,0.5365853658536586,22,2,23,0.1664561540251825,0.09846995770931244
02452_H_A_N_C5,0,0,N,0.3013254404067993,0.29179149866104126,0.2769472599029541,0,0.0,0,-1,-1,0.4539762917088299,0.424164742231369
02453_H_A_FY_C7,1,1,FY,0.737291693687439,0.718094527721405,0.6968308687210083,16,0.3902439024390244,9,0,19,0.449079923513459,0.2574661374092102
02454_H_A_SY_C8,1,0,SY,0.45413556694984436,0.4533671438694,0.4525132179260254,0,0.0,0,-1,-1,0.3062786852441183,0.2988497316837311
02457_H_A_FY_C7,1,1,FY,0.9770665764808655,0.9767012000083923,0.9761154055595398,25,0.6097560975609756,25,0,24,0.5783170127287144,0.4937543272972107
02457_H_A_FY_C8,1,1,FY,0.9787211418151855,0.97782301902771,0.9763399362564087,24,0.5853658536585366,24,0,23,0.5567531236788121,0.5332238078117371
02463_H_A_SY_C7,1,1,SY,0.9781253933906555,0.9779574871063232,0.9774669408798218,24,0.5853658536585366,24,0,23,0.38738824972292274,0.3385155200958252
02464_H_A_BY_C5,1,1,BY,0.9707098007202148,0.9704758524894714,0.9699187278747559,25,0.6097560975609756,25,0,24,0.2835236802333739,0.213752880692482
02465_H_A_N_C8,0,1,N,0.7937107086181641,0.768735945224762,0.7453696727752686,14,0.34146341463414637,14,0,13,0.19509063624754186,0.13252267241477966
02467_H_A_SY_C8,1,1,SY,0.976382315158844,0.9759318232536316,0.9755134582519531,25,0.6097560975609756,25,0,24,0.6054530449029876,0.45528966188430786
02487_H_A_SY_C6,1,1,SY,0.9635545015335083,0.9622759819030762,0.9607409238815308,22,0.5365853658536586,22,0,21,0.3101503107605911,0.22454427182674408
02491_H_A_FY_C6,1,1,FY,0.9739767909049988,0.973470151424408,0.9727333784103394,25,0.6097560975609756,25,0,24,0.46713951375426316,0.4238487184047699
02492_H_A_BY_C8,1,1,BY,0.9743924736976624,0.9739208817481995,0.9736599922180176,23,0.5609756097560976,23,0,22,0.34878008612772315,0.2794076204299927
02493_H_A_N_C5,0,0,N,0.30544179677963257,0.3017112910747528,0.29435238242149353,0,0.0,0,-1,-1,0.5223803280330286,0.4653063416481018
02494_H_A_N_C5,0,0,N,0.3014146685600281,0.27041390538215637,0.24623093008995056,0,0.0,0,-1,-1,0.5949018524914254,0.5534090399742126
02495_H_A_FY_C5,1,1,FY,0.9721303582191467,0.9713542461395264,0.9702494740486145,21,0.5121951219512195,21,2,22,0.4524556907211862,0.4072301983833313
02496_H_A_BY_C7,1,0,BY,0.45724591612815857,0.3740074634552002,0.35188156366348267,0,0.0,0,-1,-1,0.28767188583932274,0.2395400106906891
02497_H_A_N_C7,0,1,N,0.7200811505317688,0.6809000968933105,0.6641443967819214,18,0.43902439024390244,18,1,18,0.3926747005160262,0.3440445065498352
02498_H_A_N_C8,0,1,N,0.5613126754760742,0.549884021282196,0.5387876629829407,3,0.07317073170731707,3,14,16,0.18873269783287513,0.15641623735427856
02500_H_A_BY_C5,1,1,BY,0.9620755314826965,0.9602311253547668,0.9594297409057617,20,0.4878048780487805,20,0,19,0.2089504690431967,0.12923596799373627
02500_H_A_BY_C8,1,1,BY,0.9777207970619202,0.977529764175415,0.9769137501716614,21,0.5121951219512195,21,0,20,0.33658325454083887,0.26126372814178467
02502_H_A_N_C6,0,0,N,0.16895054280757904,0.1681205779314041,0.16456666588783264,0,0.0,0,-1,-1,0.4920223231722669,0.4397808611392975
02503_H_A_FY_C6,1,1,FY,0.9794378280639648,0.979243278503418,0.9789460897445679,21,0.5121951219512195,21,0,20,0.5378301223603691,0.49281981587409973
02510_H_A_N_C6,0,0,N,0.19927208125591278,0.19185329973697662,0.18545514345169067,0,0.0,0,-1,-1,0.4403532837949148,0.40117916464805603
02512_H_A_BY_C7,1,0,BY,0.6247981786727905,0.5719931125640869,0.5324509739875793,2,0.04878048780487805,2,1,2,0.2916701217977012,0.27045488357543945
02512_H_A_BY_C8,1,1,BY,0.651321530342102,0.6451988816261292,0.6372435688972473,8,0.1951219512195122,8,0,7,0.45549078649137076,0.21065178513526917
02515_H_A_FY_C6,1,1,FY,0.9548977613449097,0.9544706344604492,0.953112006187439,20,0.4878048780487805,20,0,19,0.28655062797592906,0.1738785058259964
02515_H_A_FY_C7,1,1,FY,0.9771388173103333,0.9763651490211487,0.9758615493774414,24,0.5853658536585366,24,0,23,0.5532418932856583,0.35244321823120117
02517_H_A_N_C8,0,0,N,0.23166047036647797,0.2068096548318863,0.18756382167339325,0,0.0,0,-1,-1,0.4924102076670019,0.4571459889411926
02519_H_A_FY_C7,1,1,FY,0.9785252213478088,0.9782154560089111,0.977696418762207,24,0.5853658536585366,24,0,23,0.5002460974018749,0.44771313667297363
02521_H_A_BY_C7,1,1,BY,0.9728026986122131,0.9713876843452454,0.9701425433158875,23,0.5609756097560976,23,0,22,0.5262827437098433,0.3916143774986267
02526_H_A_BY_C8,1,1,BY,0.9745092988014221,0.973893940448761,0.9731436967849731,23,0.5609756097560976,23,0,22,0.49682266174293144,0.33709338307380676
02527_H_A_N_C5,0,0,N,0.17522548139095306,0.1715582013130188,0.17001596093177795,0,0.0,0,-1,-1,0.37012254901048613,0.33672475814819336
02527_H_A_N_C6,0,1,N,0.7405796647071838,0.7389731407165527,0.7325894236564636,11,0.2682926829268293,11,0,10,0.26306918481501135,0.23955290019512177
02530_H_A_BY_C7,1,0,BY,0.5685973167419434,0.5320023894309998,0.5214195251464844,1,0.024390243902439025,1,8,8,0.29756153792869755,0.21988283097743988
02531_H_A_N_C8,0,1,N,0.7518281936645508,0.6692758202552795,0.5751956701278687,3,0.07317073170731707,3,0,2,0.3840151712661836,0.329873651266098
02532_H_A_FY_C5,1,1,FY,0.6356546878814697,0.6314613223075867,0.6273550391197205,21,0.5121951219512195,20,0,21,0.22270716672263494,0.06389199197292328
02534_H_D_FY_C5,1,1,FY,0.8594853281974792,0.8487253189086914,0.8178672790527344,15,0.36585365853658536,12,0,19,0.29347533205660375,0.1690860390663147
02534_H_D_FY_C7,1,1,FY,0.9573627710342407,0.9535212516784668,0.9473029375076294,19,0.4634146341463415,19,0,18,0.291242761946306,0.2315722554922104
02543_H_D_SY_C5,1,1,SY,0.8758699893951416,0.8680059313774109,0.863752007484436,17,0.4146341463414634,17,0,16,0.3746575371521275,0.35260769724845886
02544_H_D_BY_C6,1,1,BY,0.6095349788665771,0.5824269652366638,0.568515419960022,10,0.24390243902439024,7,0,12,0.15864697026043403,0.04805225878953934
02545_H_D_N_C6,0,0,N,0.5076064467430115,0.4621337354183197,0.42086443305015564,0,0.0,0,-1,-1,0.42320955889980966,0.35731396079063416
02546_H_D_FY_C5,1,1,FY,0.8521114587783813,0.8469735980033875,0.8400918841362,18,0.43902439024390244,18,0,17,0.35680605216724115,0.22007399797439575
02546_H_D_FY_C6,1,1,FY,0.9611290097236633,0.9579220414161682,0.9545289874076843,21,0.5121951219512195,21,3,23,0.5361868542868916,0.3824135661125183
02546_H_D_FY_C7,1,1,FY,0.9607108235359192,0.9594333171844482,0.958191990852356,23,0.5609756097560976,23,0,22,0.42298639184091147,0.303475022315979
02546_H_D_FY_C8,1,1,FY,0.9672553539276123,0.9667622447013855,0.9659833908081055,23,0.5609756097560976,23,0,22,0.43230243281620306,0.3736937642097473
02547_H_D_SY_C5,1,0,SY,0.4512064754962921,0.43861913681030273,0.42907118797302246,0,0.0,0,-1,-1,0.3333887305201554,0.3209669888019562
02550_H_D_FY_C7,1,0,FY,0.43472224473953247,0.42802199721336365,0.42401474714279175,0,0.0,0,-1,-1,0.3179381300763386,0.29856276512145996
02551_H_D_SY_C6,1,0,SY,0.4743112027645111,0.4607141315937042,0.4480918049812317,0,0.0,0,-1,-1,0.33781005623863963,0.2784753441810608
02552_H_D_BY_C6,1,1,BY,0.7698197364807129,0.7330050468444824,0.7071510553359985,14,0.34146341463414637,12,0,19,0.36289277527390457,0.3200856149196625
02553_H_D_N_C5,0,1,N,0.7395997643470764,0.713248074054718,0.7001144289970398,12,0.2926829268292683,12,11,22,0.3093727012959922,0.14466650784015656
02555_H_D_SY_C6,1,1,SY,0.9702793955802917,0.9697985649108887,0.9694236516952515,23,0.5609756097560976,23,0,22,0.271942485033012,0.19508984684944153
02557_H_D_N_C7,0,0,N,0.3244578540325165,0.3215773105621338,0.31229767203330994,0,0.0,0,-1,-1,0.6173426901421896,0.5712071657180786
02559_H_D_SY_C6,1,1,SY,0.9769334197044373,0.97662353515625,0.9760727882385254,20,0.4878048780487805,20,0,19,0.22885035923341426,0.14276374876499176
02559_H_D_SY_C8,1,1,SY,0.9800838232040405,0.9799858927726746,0.9799331426620483,21,0.5121951219512195,21,0,20,0.29791780288626507,0.1956067830324173
02560_H_D_BY_C5,1,1,BY,0.9771455526351929,0.9770733714103699,0.976951003074646,26,0.6341463414634146,26,0,25,0.3869906925573582,0.282450407743454
02560_H_D_BY_C7,1,1,BY,0.9790908098220825,0.9790031313896179,0.9787782430648804,25,0.6097560975609756,25,0,24,0.4666047714105466,0.40089288353919983
02561_H_D_N_C6,0,0,N,0.4554213881492615,0.436564564704895,0.42678338289260864,0,0.0,0,-1,-1,0.42269869439485597,0.2341815084218979
02563_H_D_SY_C6,1,1,SY,0.7404283285140991,0.731942355632782,0.7231243252754211,18,0.43902439024390244,18,2,19,0.25646929551915426,0.17606590688228607
02566_H_D_FY_C7,1,1,FY,0.9805919528007507,0.9803878664970398,0.979820728302002,24,0.5853658536585366,24,0,23,0.49384168662676,0.47304102778434753
02566_H_D_FY_C8,1,1,FY,0.9791167378425598,0.979011595249176,0.9788023233413696,23,0.5609756097560976,23,0,22,0.34262035496351195,0.20689763128757477
02567_H_D_SY_C5,1,1,SY,0.9765057563781738,0.97633957862854,0.9760255813598633,22,0.5365853658536586,22,0,21,0.5258241288545655,0.32056206464767456
02568_H_D_BY_C5,1,1,BY,0.6892824769020081,0.666846513748169,0.6379662752151489,11,0.2682926829268293,6,0,31,0.2273519020981905,0.16656051576137543
02571_H_D_SY_C7,1,1,SY,0.6260634660720825,0.581628680229187,0.5482563972473145,3,0.07317073170731707,3,17,19,0.3523292723225384,0.3283524513244629
02572_H_D_BY_C6,1,1,BY,0.9509491920471191,0.9503667950630188,0.9491397142410278,23,0.5609756097560976,23,0,22,0.39253174095619014,0.34057295322418213
02572_H_D_BY_C7,1,1,BY,0.979103147983551,0.9789358973503113,0.9786232709884644,24,0.5853658536585366,24,0,23,0.45118128235747174,0.3592139482498169
02573_H_D_N_C6,0,0,N,0.2900651693344116,0.2877007722854614,0.2696104645729065,0,0.0,0,-1,-1,0.40578200758957284,0.3923929035663605
02574_H_D_FY_C5,1,1,FY,0.9449338912963867,0.9257557392120361,0.9209577441215515,20,0.4878048780487805,20,0,19,0.3259488863915932,0.20069065690040588
02575_H_D_SY_C5,1,1,SY,0.9599018096923828,0.957889974117279,0.9545191526412964,22,0.5365853658536586,22,0,21,0.365473573527685,0.3176649212837219
02579_H_D_N_C6,0,0,N,0.26984742283821106,0.2566220760345459,0.24595025181770325,0,0.0,0,-1,-1,0.3560463139196722,0.3088705837726593
02582_H_D_BY_C7,1,1,BY,0.9749020338058472,0.9741110801696777,0.9733163714408875,25,0.6097560975609756,25,0,24,0.5535964893131722,0.4773772358894348
02582_H_D_BY_C8,1,1,BY,0.9741999506950378,0.9737133979797363,0.9728673696517944,24,0.5853658536585366,24,0,23,0.3568959185263006,0.267357736825943
02583_H_D_N_C5,0,0,N,0.37582966685295105,0.36159464716911316,0.3549635708332062,0,0.0,0,-1,-1,0.32194542266973636,0.2375095933675766
02588_H_A_FY_C7,1,1,FY,0.974496603012085,0.9736475944519043,0.9717265963554382,24,0.5853658536585366,24,0,23,0.42383991654326275,0.3738713562488556
02588_H_A_FY_C8,1,1,FY,0.8163076639175415,0.8118879199028015,0.807801365852356,22,0.5365853658536586,22,0,21,0.2910374806421559,0.1901952177286148
02591_H_A_N_C5,0,0,N,0.33662718534469604,0.32734861969947815,0.31533464789390564,0,0.0,0,-1,-1,0.4086071252822876,0.36733439564704895
02591_H_A_N_C6,0,0,N,0.2504362165927887,0.23667381703853607,0.22875754535198212,0,0.0,0,-1,-1,0.39881313355957587,0.37967512011528015
02591_H_A_N_C7,0,0,N,0.3195721209049225,0.27676236629486084,0.2556053102016449,0,0.0,0,-1,-1,0.44163361119060984,0.4056888222694397
02592_H_A_N_C6,0,0,N,0.15838856995105743,0.15448743104934692,0.15317921340465546,0,0.0,0,-1,-1,0.3644624163464802,0.3106807768344879
02595_H_A_N_C5,0,0,N,0.2807541489601135,0.27449294924736023,0.2688561975955963,0,0.0,0,-1,-1,0.3654736404011889,0.3136579096317291
02595_H_A_N_C6,0,0,N,0.3720651865005493,0.3323006331920624,0.3100171387195587,0,0.0,0,-1,-1,0.4804484124590711,0.45846426486968994
02596_H_A_N_C6,0,0,N,0.16810113191604614,0.1667456030845642,0.16561934351921082,0,0.0,0,-1,-1,0.5045167113222727,0.48390993475914
02596_H_A_N_C8,0,0,N,0.15727530419826508,0.15505968034267426,0.1539936512708664,0,0.0,0,-1,-1,0.48733399045176623,0.4717436134815216
02598_H_A_BY_C6,1,1,BY,0.9802560806274414,0.9797133803367615,0.9793257713317871,22,0.5365853658536586,22,0,21,0.3378005176782608,0.2215232402086258
02601_H_A_FY_C5,1,1,FY,0.6909920573234558,0.6876394152641296,0.6837301850318909,15,0.36585365853658536,15,0,14,0.3108661552754844,0.23712323606014252
02602_H_A_BY_C5,1,1,BY,0.6618221998214722,0.6587699055671692,0.6547386050224304,14,0.34146341463414637,11,0,21,0.2424327832896535,0.11736555397510529
02602_H_A_BY_C8,1,1,BY,0.6416078209877014,0.6286044716835022,0.6201550364494324,14,0.34146341463414637,14,5,18,0.2693341861410839,0.07837148010730743
02603_H_A_N_C7,0,0,N,0.4299270510673523,0.41120243072509766,0.3911214768886566,0,0.0,0,-1,-1,0.4346362294220343,0.38538774847984314
02605_H_A_FY_C6,1,1,FY,0.9784477353096008,0.9782336354255676,0.9776646494865417,24,0.5853658536585366,24,0,23,0.6221297790364522,0.5246870517730713
02606_H_A_BY_C5,1,1,BY,0.9767802357673645,0.9764450192451477,0.9761375188827515,22,0.5365853658536586,22,0,21,0.4328232843701432,0.27001795172691345
02606_H_A_BY_C6,1,1,BY,0.9783092737197876,0.9779523015022278,0.9772840738296509,24,0.5853658536585366,24,0,23,0.47497303093351967,0.3826124370098114
02607_H_A_N_C6,0,0,N,0.2915119528770447,0.2830347716808319,0.2631074786186218,0,0.0,0,-1,-1,0.5811170252358041,0.5401759743690491
02609_H_A_FY_C5,1,1,FY,0.9554657340049744,0.9529833793640137,0.9496078491210938,25,0.6097560975609756,25,0,24,0.4858023160841407,0.3793048560619354
02609_H_A_FY_C7,1,1,FY,0.9775696396827698,0.9771757125854492,0.976798415184021,26,0.6341463414634146,26,0,25,0.43266072215103524,0.310955673456192
02616_H_A_N_C5,0,0,N,0.3067571520805359,0.30113932490348816,0.2978496551513672,0,0.0,0,-1,-1,0.29553356112503426,0.2723998427391052
02616_H_A_N_C6,0,0,N,0.40484753251075745,0.3956672251224518,0.38986897468566895,0,0.0,0,-1,-1,0.3019057853919704,0.2650013864040375
02619_H_A_N_C7,0,0,N,0.3424829840660095,0.3334057033061981,0.31635722517967224,0,0.0,0,-1,-1,0.4176803129475291,0.4010671079158783
02620_H_A_N_C6,0,0,N,0.17312434315681458,0.16986624896526337,0.16812428832054138,0,0.0,0,-1,-1,0.4034346465657397,0.3733389973640442
02620_H_A_N_C7,0,0,N,0.14837110042572021,0.14741450548171997,0.1440107524394989,0,0.0,0,-1,-1,0.38470578702484687,0.3770107626914978
02621_H_A_FY_C5,1,1,FY,0.9124460220336914,0.9122390747070312,0.9105790257453918,20,0.4878048780487805,20,0,19,0.3506997107732587,0.21379564702510834
02624_H_A_N_C6,0,0,N,0.48335322737693787,0.4285297691822052,0.4047338366508484,0,0.0,0,-1,-1,0.5078944142271833,0.4235353171825409
02626_H_A_FY_C6,1,1,FY,0.9514873027801514,0.9505452513694763,0.9459283947944641,25,0.6097560975609756,21,0,40,0.297080142105498,0.2185765951871872
02634_H_A_FY_C6,1,1,FY,0.9648340940475464,0.9637866020202637,0.9629915952682495,24,0.5853658536585366,24,0,23,0.5765425642816032,0.49309098720550537
02636_H_A_FY_C5,1,1,FY,0.9702854752540588,0.9698068499565125,0.969233512878418,23,0.5609756097560976,23,0,22,0.3144132244150813,0.1779359132051468
02637_H_A_SY_C5,1,1,SY,0.9747398495674133,0.9732025265693665,0.9690340161323547,20,0.4878048780487805,20,2,21,0.41437293843525214,0.34371045231819153
02637_H_A_SY_C7,1,1,SY,0.7549192309379578,0.7494638562202454,0.742118775844574,19,0.4634146341463415,13,0,23,0.40895671815406986,0.3364093005657196
02638_H_A_BY_C7,1,1,BY,0.9434743523597717,0.8753142356872559,0.7894735336303711,12,0.2926829268292683,6,0,21,0.39733490711305197,0.2751401364803314
02641_H_A_SY_C8,1,1,SY,0.8367798924446106,0.8364067077636719,0.8253615498542786,20,0.4878048780487805,20,1,20,0.2396323437370905,0.16528233885765076
02642_H_A_FY_C6,1,1,FY,0.9724575877189636,0.9723685383796692,0.971941351890564,26,0.6341463414634146,26,0,25,0.4537577854423988,0.38991886377334595
02645_H_A_SY_C6,1,1,SY,0.9799064993858337,0.979607105255127,0.9794281721115112,25,0.6097560975609756,25,1,25,0.5429531801037673,0.5094788670539856
02647_H_A_SY_C6,1,1,SY,0.9802330732345581,0.9798617959022522,0.9795263409614563,25,0.6097560975609756,25,0,24,0.5329803228378296,0.5042370557785034
02648_H_A_FY_C5,1,1,FY,0.9583303928375244,0.9579293131828308,0.9556180834770203,19,0.4634146341463415,19,1,19,0.450830827398998,0.3376380503177643
02648_H_A_FY_C8,1,1,FY,0.9505891799926758,0.9445075988769531,0.9383108019828796,24,0.5853658536585366,24,1,24,0.5607211466242628,0.2960730791091919
02650_H_A_FY_C8,1,1,FY,0.8823645710945129,0.8779248595237732,0.8676003217697144,22,0.5365853658536586,22,0,21,0.506339893108461,0.28669390082359314
02651_H_A_SY_C5,1,0,SY,0.5473679304122925,0.5059009790420532,0.4686427116394043,1,0.024390243902439025,1,4,4,0.38054784260145047,0.28919079899787903
02654_H_A_FY_C5,1,1,FY,0.9708903431892395,0.9708747267723083,0.9699456095695496,20,0.4878048780487805,19,0,22,0.41959684360318067,0.2821073830127716
02654_H_A_FY_C7,1,0,FY,0.5556294322013855,0.508178174495697,0.49593669176101685,1,0.024390243902439025,1,18,18,0.37042865847669,0.2415749877691269
02655_H_A_SY_C7,1,1,SY,0.826934814453125,0.8166322112083435,0.8044816255569458,13,0.3170731707317073,9,0,26,0.29991607186270924,0.2249125987291336
02657_H_A_SY_C5,1,1,SY,0.8947080969810486,0.8913187980651855,0.8874828219413757,21,0.5121951219512195,21,1,21,0.32008578428407997,0.1745661199092865
02659_H_A_SY_C8,1,1,SY,0.5475105047225952,0.5459147691726685,0.5450690388679504,7,0.17073170731707318,7,9,15,0.34988620586511565,0.24435365200042725
02660_H_A_FY_C7,1,1,FY,0.6498860716819763,0.6435961723327637,0.6386803388595581,18,0.43902439024390244,18,2,19,0.279900890298006,0.21602797508239746
02661_H_A_SY_C5,1,1,SY,0.8550313115119934,0.8504214286804199,0.8345630764961243,22,0.5365853658536586,22,0,21,0.34031480369044514,0.21004541218280792
02666_H_A_FY_C5,1,1,FY,0.929240882396698,0.9272767901420593,0.9159333109855652,19,0.4634146341463415,19,0,18,0.33387095535673744,0.2263801097869873
02668_H_A_BY_C8,1,1,BY,0.5886930227279663,0.5614519715309143,0.5507233738899231,7,0.17073170731707318,7,15,21,0.21121191433290157,0.16343623399734497
02669_H_A_N_C6,0,1,N,0.9705984592437744,0.9643146395683289,0.9581356048583984,16,0.3902439024390244,16,0,15,0.6142440947090707,0.5601616501808167
02670_H_A_FY_C6,1,1,FY,0.8022286891937256,0.7781381607055664,0.758127748966217,9,0.21951219512195122,7,0,29,0.42577315757914286,0.35913315415382385
02671_H_A_SY_C7,1,1,SY,0.704852283000946,0.6933378577232361,0.6896237134933472,8,0.1951219512195122,7,0,9,0.269260609658753,0.2370692789554596
02674_H_A_FY_C7,1,1,FY,0.9750587344169617,0.9748311638832092,0.974003791809082,26,0.6341463414634146,26,0,25,0.5088153328837418,0.4499720633029938
02679_H_A_BY_C5,1,1,BY,0.9807494282722473,0.9806909561157227,0.98051917552948,29,0.7073170731707317,29,2,30,0.41111459237773246,0.34348058700561523
02679_H_A_BY_C6,1,1,BY,0.9809725284576416,0.9808403849601746,0.980521559715271,28,0.6829268292682927,27,2,32,0.33655809774631407,0.2085571140050888
02684_H_A_BY_C5,1,1,BY,0.9799986481666565,0.9797608852386475,0.9794937372207642,23,0.5609756097560976,23,0,22,0.5141913592815399,0.4168745279312134
02687_H_A_FY_C5,1,1,FY,0.6957066059112549,0.6240107417106628,0.6008558869361877,6,0.14634146341463414,4,12,24,0.3294341800416388,0.22305284440517426
02687_H_A_FY_C8,1,1,FY,0.976155161857605,0.9761387705802917,0.9760211110115051,25,0.6097560975609756,25,11,35,0.36159421757953925,0.23222953081130981
02689_H_A_FY_C7,1,1,FY,0.9623134732246399,0.959975004196167,0.9562618136405945,22,0.5365853658536586,22,0,21,0.38851744954178974,0.31770798563957214
02690_H_A_BY_C5,1,1,BY,0.5853977203369141,0.5727481245994568,0.5652742385864258,7,0.17073170731707318,4,5,22,0.31313896615330766,0.27391475439071655
02691_H_A_FY_C5,1,1,FY,0.9764511585235596,0.9764003753662109,0.9759590029716492,16,0.3902439024390244,16,0,15,0.7015395964064249,0.5840557813644409
02692_H_A_BY_C6,1,1,BY,0.9734574556350708,0.9718337059020996,0.9710397720336914,13,0.3170731707317073,13,0,12,0.5490067855613988,0.45074793696403503
02693_H_A_FY_C7,1,1,FY,0.9803142547607422,0.9801207184791565,0.9798097610473633,27,0.6585365853658537,27,2,28,0.41323374393509654,0.34528544545173645
02694_H_A_BY_C6,1,1,BY,0.9766787886619568,0.9760512709617615,0.9750892519950867,15,0.36585365853658536,15,0,14,0.3550263178057787,0.2924538850784302
02695_H_A_FY_C5,1,1,FY,0.9698587656021118,0.9696981310844421,0.9692791104316711,23,0.5609756097560976,23,0,22,0.313121778209035,0.25936567783355713
02695_H_A_FY_C7,1,1,FY,0.9761056303977966,0.9753111004829407,0.9743291139602661,25,0.6097560975609756,25,0,24,0.41967139447607643,0.336418092250824
02699_H_A_BY_C6,1,1,BY,0.9756616353988647,0.9753296971321106,0.9750552177429199,24,0.5853658536585366,24,9,32,0.3632013950406051,0.21631014347076416
02701_H_A_BY_C6,1,1,BY,0.977255642414093,0.9763002395629883,0.9752050638198853,23,0.5609756097560976,23,0,22,0.42784376842219657,0.2860768139362335
02702_H_A_FY_C5,1,0,FY,0.6012083888053894,0.5490388870239258,0.527023434638977,2,0.04878048780487805,2,0,1,0.3160574196315393,0.27502673864364624
02704_H_A_FY_C6,1,1,FY,0.9074454307556152,0.9063454270362854,0.904310405254364,22,0.5365853658536586,22,6,27,0.28350301777444237,0.15375588834285736
02706_H_A_FY_C5,1,1,FY,0.7540707588195801,0.7224617004394531,0.7138603925704956,23,0.5609756097560976,23,6,28,0.4148997482730121,0.31504982709884644
02707_H_A_BY_C7,1,1,BY,0.9744296669960022,0.9743580222129822,0.9739670753479004,23,0.5609756097560976,23,0,22,0.4375325586737656,0.37615635991096497
02707_H_A_BY_C8,1,1,BY,0.9562686681747437,0.9526912569999695,0.9500671625137329,22,0.5365853658536586,22,0,21,0.23647008200244204,0.08505271375179291
02708_H_A_FY_C5,1,1,FY,0.8025267124176025,0.7906894683837891,0.7825549840927124,22,0.5365853658536586,22,0,21,0.45156202083680685,0.36023032665252686
02708_H_A_FY_C8,1,1,FY,0.8850141167640686,0.8837161660194397,0.8824666738510132,24,0.5853658536585366,24,2,25,0.3024468065761938,0.2148498296737671
02709_H_A_BY_C6,1,1,BY,0.9755266308784485,0.9752821326255798,0.9747891426086426,25,0.6097560975609756,25,0,24,0.3335164352888014,0.16836751997470856
02712_H_A_FY_C7,1,1,FY,0.974647045135498,0.9740987420082092,0.9729986190795898,24,0.5853658536585366,24,0,23,0.6201570426545492,0.5673233866691589
02715_H_A_FY_C5,1,1,FY,0.9777236580848694,0.977302610874176,0.9768238067626953,15,0.36585365853658536,15,0,14,0.5108825157328349,0.4231392741203308
02715_H_A_FY_C7,1,1,FY,0.9734511375427246,0.9733405113220215,0.972835898399353,15,0.36585365853658536,15,0,14,0.3136036439639766,0.2825842499732971
02717_H_A_FY_C7,1,1,FY,0.976152241230011,0.9759926795959473,0.9758893847465515,25,0.6097560975609756,25,5,29,0.4767708792919066,0.4521653950214386
02721_H_A_FY_C7,1,1,FY,0.9755349159240723,0.9746209979057312,0.9732980728149414,11,0.2682926829268293,11,0,10,0.4202922677121511,0.3788709342479706
02722_H_A_BY_C8,1,1,BY,0.9793698191642761,0.9792006015777588,0.9787651896476746,22,0.5365853658536586,22,0,21,0.43042944371700287,0.24511434137821198
02723_H_A_FY_C7,1,1,FY,0.9747791290283203,0.974393367767334,0.9741800427436829,23,0.5609756097560976,23,0,22,0.4274037182331085,0.3696333169937134
02725_H_A_FY_C5,1,1,FY,0.976448118686676,0.9762330651283264,0.9756660461425781,20,0.4878048780487805,20,21,40,0.3640688923073978,0.2201320230960846
02725_H_A_FY_C6,1,1,FY,0.9791127443313599,0.9786273837089539,0.9781066179275513,27,0.6585365853658537,27,14,40,0.39541674387164233,0.34507161378860474
02729_H_A_FY_C6,1,1,FY,0.9688611626625061,0.9682660698890686,0.9673165082931519,23,0.5609756097560976,23,6,28,0.30684901628552413,0.1919858455657959
02730_H_A_FY_C5,1,1,FY,0.9770032167434692,0.97663813829422,0.9763587117195129,18,0.43902439024390244,18,0,17,0.4801259069907956,0.39326637983322144
02730_H_A_FY_C6,1,1,FY,0.9771887063980103,0.9770727157592773,0.9767705798149109,18,0.43902439024390244,18,0,17,0.38786429530236777,0.2900300621986389
02731_H_A_FY_C5,1,1,FY,0.9564345479011536,0.9526664614677429,0.9498071670532227,19,0.4634146341463415,19,3,21,0.24818105741244992,0.18236280977725983
02732_H_A_FY_C8,1,1,FY,0.978070080280304,0.978018045425415,0.9779523611068726,24,0.5853658536585366,24,0,23,0.4324101638503191,0.3639991879463196
02734_H_A_FY_C7,1,1,FY,0.9750198721885681,0.97470623254776,0.9741891026496887,24,0.5853658536585366,24,0,23,0.5334575597832842,0.5007950663566589
02736_H_A_FY_C7,1,1,FY,0.9790894389152527,0.9786677360534668,0.9781361818313599,23,0.5609756097560976,23,0,22,0.39639829935097115,0.316252738237381
02737_H_A_FY_C5,1,1,FY,0.9236766695976257,0.9036250114440918,0.850893497467041,6,0.14634146341463414,6,0,5,0.35695520116061696,0.18165192008018494
02737_H_A_FY_C6,1,1,FY,0.9670771360397339,0.9459958076477051,0.929951548576355,10,0.24390243902439024,10,0,9,0.4271935638858051,0.36159858107566833
02738_H_A_FY_C8,1,1,FY,0.9787017107009888,0.9780738949775696,0.9775851964950562,22,0.5365853658536586,22,0,21,0.42468555889478543,0.3762681186199188
02745_H_A_FY_C5,1,1,FY,0.9797258973121643,0.9795510768890381,0.9793809056282043,25,0.6097560975609756,25,0,24,0.5848319326959005,0.4792267680168152
02746_H_A_FY_C7,1,1,FY,0.9628041982650757,0.9614250063896179,0.9597312808036804,22,0.5365853658536586,22,14,35,0.40028135950972393,0.26041901111602783
02747_H_A_FY_C8,1,1,FY,0.8387594819068909,0.8049589991569519,0.778386652469635,11,0.2682926829268293,11,0,10,0.5606728188875245,0.48438653349876404
02753_H_A_FY_C8,1,1,FY,0.9773610830307007,0.9768292307853699,0.9751818776130676,30,0.7317073170731707,25,1,37,0.43572004430177735,0.1665617674589157
02759_H_A_FY_C7,1,1,FY,0.9729440808296204,0.9705281257629395,0.9691704511642456,11,0.2682926829268293,11,0,10,0.4101997090549004,0.39464595913887024
02759_H_A_FY_C8,1,1,FY,0.9758568406105042,0.9738762378692627,0.9678059816360474,9,0.21951219512195122,9,0,8,0.27114389364312336,0.22709308564662933
02760_H_A_FY_C6,1,1,FY,0.9525431990623474,0.8921203017234802,0.7843592762947083,6,0.14634146341463414,6,0,5,0.4931911026559225,0.45749902725219727
02761_H_A_FY_C8,1,1,FY,0.9657066464424133,0.9536815285682678,0.9483326077461243,22,0.5365853658536586,22,0,21,0.3341570736431494,0.27310711145401
02765_H_A_FY_C7,1,1,FY,0.9405586123466492,0.9263806939125061,0.9081036448478699,22,0.5365853658536586,22,14,35,0.5589706250807134,0.41935425996780396
02765_H_A_FY_C8,1,1,FY,0.972282350063324,0.9712896943092346,0.9703661203384399,26,0.6341463414634146,26,13,38,0.47228675353817823,0.25909626483917236
02768_H_A_FY_C7,1,1,FY,0.9663199186325073,0.9640612602233887,0.9607678651809692,23,0.5609756097560976,23,17,39,0.4356536152886181,0.34877362847328186
02768_H_A_FY_C8,1,1,FY,0.9755927324295044,0.9748513102531433,0.9729132652282715,24,0.5853658536585366,24,17,40,0.38551454209699865,0.3481413424015045
02770_H_A_FY_C7,1,1,FY,0.9700397849082947,0.9681469798088074,0.9649487733840942,16,0.3902439024390244,16,0,15,0.29756220957128016,0.21546123921871185
02778_H_A_FY_C5,1,1,FY,0.9419756531715393,0.9381692409515381,0.9245656132698059,9,0.21951219512195122,9,0,8,0.2690814686257665,0.24223428964614868
02784_H_A_FY_C5,1,1,FY,0.9653943777084351,0.9621483683586121,0.9571510553359985,25,0.6097560975609756,25,11,35,0.41376699543580775,0.38984641432762146
02786_H_A_FY_C6,1,1,FY,0.7366263270378113,0.6431708335876465,0.5657311677932739,3,0.07317073170731707,3,0,2,0.3755399184982951,0.3682602047920227
02788_H_D_FY_C5,1,1,FY,0.9692984223365784,0.968359649181366,0.9604642987251282,9,0.21951219512195122,9,0,8,0.3989587055473793,0.38815194368362427
02788_H_D_FY_C6,1,1,FY,0.9374698996543884,0.9273567199707031,0.9161002039909363,9,0.21951219512195122,9,0,8,0.4238581170396107,0.38729339838027954
02790_H_D_FY_C5,1,1,FY,0.9742438793182373,0.9728912711143494,0.9720144271850586,17,0.4146341463414634,17,0,16,0.3482699815819903,0.28094160556793213
02790_H_D_FY_C6,1,1,FY,0.6174668073654175,0.597796618938446,0.5897351503372192,9,0.21951219512195122,6,0,16,0.2229109700860047,0.184246227145195
02790_H_D_FY_C8,1,1,FY,0.9768178462982178,0.9760961532592773,0.9754438400268555,17,0.4146341463414634,17,0,16,0.5433367134594336,0.4599834382534027
02792_H_D_FY_C6,1,1,FY,0.574216902256012,0.5494160056114197,0.5232008099555969,4,0.0975609756097561,4,0,3,0.27304586622773147,0.25895652174949646
02793_H_D_FY_C8,1,1,FY,0.9773641228675842,0.977220356464386,0.9769708514213562,20,0.4878048780487805,18,0,40,0.3351290454951728,0.22091196477413177
02794_H_D_FY_C5,1,1,FY,0.819273054599762,0.7948500514030457,0.7528724670410156,6,0.14634146341463414,6,0,5,0.45155351263720817,0.37166938185691833
02799_H_D_FY_C7,1,1,FY,0.9794470071792603,0.9793617129325867,0.9791514277458191,22,0.5365853658536586,22,0,21,0.5557325300646991,0.48774752020835876
02801_H_D_FY_C6,1,0,FY,0.4021252393722534,0.39812472462654114,0.39079010486602783,0,0.0,0,-1,-1,0.395920373317672,0.37128186225891113
02801_H_D_FY_C7,1,1,FY,0.9687328934669495,0.967703640460968,0.9666179418563843,11,0.2682926829268293,11,0,10,0.6011843448731957,0.5699793696403503
02802_H_D_FY_C6,1,1,FY,0.9691994190216064,0.96856689453125,0.967076301574707,10,0.24390243902439024,10,0,9,0.25489229145573405,0.15910373628139496
02802_H_D_FY_C7,1,1,FY,0.969072699546814,0.9675898551940918,0.9634035229682922,10,0.24390243902439024,10,0,9,0.5410765322243295,0.5126023888587952
02803_H_D_FY_C6,1,1,FY,0.9674381613731384,0.9668470025062561,0.9653099179267883,15,0.36585365853658536,15,26,40,0.3819518910675514,0.35649028420448303
02803_H_D_FY_C8,1,1,FY,0.9694874882698059,0.9693397879600525,0.9691669344902039,16,0.3902439024390244,16,25,40,0.3874128286431475,0.34851306676864624
02804_H_D_FY_C5,1,1,FY,0.8095852136611938,0.8090403079986572,0.8057962656021118,11,0.2682926829268293,11,0,10,0.28226481668832826,0.2414626181125641
02806_H_D_FY_C6,1,1,FY,0.9622277021408081,0.9123912453651428,0.8602728843688965,6,0.14634146341463414,5,0,19,0.3527235744929895,0.24830788373947144
02807_H_D_FY_C7,1,1,FY,0.9358165264129639,0.9356649518013,0.933920681476593,17,0.4146341463414634,17,0,16,0.27898998267766906,0.21849292516708374
02811_H_D_FY_C5,1,1,FY,0.9772457480430603,0.9766099452972412,0.9757006764411926,16,0.3902439024390244,16,0,15,0.3963129316888204,0.3754461407661438
02811_H_D_FY_C7,1,1,FY,0.975043773651123,0.9736470580101013,0.9726566076278687,18,0.43902439024390244,18,0,17,0.6675628510917105,0.6307756304740906
02813_H_D_FY_C6,1,1,FY,0.7226576209068298,0.6882157921791077,0.6582933664321899,6,0.14634146341463414,6,0,5,0.3464719863926492,0.26358428597450256
02817_H_D_FY_C5,1,1,FY,0.9769788384437561,0.9765533804893494,0.9760591387748718,22,0.5365853658536586,22,0,21,0.4512766875871798,0.38592812418937683
02819_H_D_FY_C5,1,1,FY,0.9609631896018982,0.95986407995224,0.9581285715103149,25,0.6097560975609756,25,0,24,0.4380758971702762,0.38830333948135376
02819_H_D_FY_C8,1,1,FY,0.9788269996643066,0.9784061908721924,0.9775026440620422,24,0.5853658536585366,24,0,23,0.5033638426443425,0.4695589244365692
02821_H_D_FY_C7,1,1,FY,0.9798705577850342,0.9796128273010254,0.9791280627250671,26,0.6341463414634146,26,5,30,0.5888970988552745,0.48760783672332764
02822_H_D_FY_C8,1,1,FY,0.978569507598877,0.978108823299408,0.9766766428947449,22,0.5365853658536586,22,0,21,0.5027742378595399,0.4660545289516449
02823_H_D_FY_C5,1,1,FY,0.976262092590332,0.975820004940033,0.9753948450088501,15,0.36585365853658536,15,0,14,0.2857011901896174,0.24314022064208984
02824_H_D_FY_C6,1,1,FY,0.9669609665870667,0.9664769172668457,0.9658805131912231,22,0.5365853658536586,22,7,28,0.43400069925843215,0.385323166847229
02824_H_D_FY_C7,1,1,FY,0.9777836203575134,0.9772962927818298,0.9762361645698547,25,0.6097560975609756,25,5,29,0.6426159870333787,0.5818602442741394
02825_H_D_FY_C5,1,1,FY,0.9688358306884766,0.9686777591705322,0.9679834246635437,24,0.5853658536585366,22,1,40,0.4465467966184383,0.39112013578414917
02826_H_D_FY_C7,1,1,FY,0.9496600031852722,0.9461659789085388,0.9405080676078796,20,0.4878048780487805,20,6,25,0.4047028204289878,0.3130151927471161
02827_H_D_FY_C8,1,1,FY,0.973772406578064,0.9734228253364563,0.9727950096130371,24,0.5853658536585366,24,11,34,0.5679749570241789,0.4350806474685669
02828_H_D_FY_C5,1,1,FY,0.5876688957214355,0.578670859336853,0.5653640031814575,5,0.12195121951219512,4,7,26,0.2900289795020731,0.2394547313451767
02828_H_D_FY_C6,1,1,FY,0.9014426469802856,0.8909046053886414,0.8850024342536926,18,0.43902439024390244,18,3,20,0.39038441966219645,0.3003113269805908
02830_H_D_FY_C6,1,1,FY,0.8472138047218323,0.842594563961029,0.8366448283195496,17,0.4146341463414634,17,5,21,0.3443619143672106,0.24278631806373596
02830_H_D_FY_C8,1,1,FY,0.6680693030357361,0.6489256024360657,0.6313571929931641,10,0.24390243902439024,4,5,21,0.34522750573914224,0.21531416475772858
02831_H_D_FY_C5,1,1,FY,0.9688689708709717,0.9661639332771301,0.9639348983764648,26,0.6341463414634146,26,5,30,0.3589219298304581,0.33314985036849976
02831_H_D_FY_C7,1,1,FY,0.974075436592102,0.973742663860321,0.9731491208076477,27,0.6585365853658537,27,4,30,0.5242684098278604,0.37116098403930664
02832_H_D_FY_C6,1,1,FY,0.9745128750801086,0.9743533730506897,0.974134087562561,19,0.4634146341463415,19,0,18,0.388201233090424,0.3508867621421814
02834_H_D_FY_C8,1,1,FY,0.9390524625778198,0.9366801381111145,0.9307049512863159,22,0.5365853658536586,22,2,23,0.3322331996225729,0.24202623963356018
02835_H_D_FY_C6,1,1,FY,0.9752761721611023,0.9739328026771545,0.9726921319961548,22,0.5365853658536586,22,0,21,0.45542866645789726,0.3509915769100189
02835_H_D_FY_C8,1,1,FY,0.9785207509994507,0.9783576130867004,0.9781176447868347,24,0.5853658536585366,24,0,23,0.41876227099721025,0.38812941312789917
02839_H_D_FY_C7,1,1,FY,0.9774032235145569,0.97735595703125,0.9772077798843384,27,0.6585365853658537,27,3,29,0.6184907257556915,0.4985126554965973
02840_H_D_FY_C7,1,1,FY,0.945693850517273,0.9441062808036804,0.9428462982177734,27,0.6585365853658537,22,6,34,0.49104963061286183,0.44443008303642273
02842_H_D_FY_C5,1,1,FY,0.972404420375824,0.9718191623687744,0.9713460803031921,21,0.5121951219512195,21,4,24,0.3487099132886747,0.29692503809928894
02843_H_D_FY_C5,1,1,FY,0.9778189659118652,0.9777578711509705,0.9776166081428528,24,0.5853658536585366,24,3,26,0.4762979847628896,0.4160739481449127
02844_H_D_FY_C6,1,1,FY,0.9289725422859192,0.9230347275733948,0.9151299595832825,18,0.43902439024390244,18,0,17,0.4642968294097156,0.4019737243652344
02845_H_D_FY_C8,1,1,FY,0.9772924184799194,0.9769694209098816,0.9765907526016235,26,0.6341463414634146,26,0,25,0.5440622960648885,0.4629225730895996
02849_H_D_FY_C7,1,1,FY,0.9763351082801819,0.9756187796592712,0.9749295115470886,21,0.5121951219512195,21,0,20,0.5250742951544319,0.4085499346256256
02851_H_D_FY_C6,1,1,FY,0.674070417881012,0.6431023478507996,0.616317868232727,9,0.21951219512195122,9,12,20,0.36553816242915826,0.28711456060409546
02853_H_D_FY_C6,1,1,FY,0.92292320728302,0.9165628552436829,0.9112604856491089,17,0.4146341463414634,17,0,16,0.30337956693114304,0.23566241562366486
02854_H_D_FY_C6,1,1,FY,0.6926289796829224,0.6832314133644104,0.6759818196296692,10,0.24390243902439024,10,0,9,0.4258935415163273,0.3991089165210724
02854_H_D_FY_C7,1,1,FY,0.8513972759246826,0.8452465534210205,0.8357785940170288,12,0.2926829268292683,12,0,11,0.5628858390377789,0.49210628867149353
02856_H_D_FY_C5,1,1,FY,0.9760192036628723,0.9757924675941467,0.9751669764518738,22,0.5365853658536586,22,0,21,0.3825625559178794,0.3107520341873169
02856_H_D_FY_C6,1,1,FY,0.891433835029602,0.8812942504882812,0.8715764284133911,19,0.4634146341463415,18,1,21,0.40772297833024,0.362005352973938
02857_H_D_FY_C6,1,0,FY,0.4466766119003296,0.4126642048358917,0.37995827198028564,0,0.0,0,-1,-1,0.2833800882827945,0.23671868443489075
02858_H_D_FY_C7,1,1,FY,0.9751572608947754,0.973297119140625,0.9688425064086914,22,0.5365853658536586,22,13,34,0.44536080156884544,0.336235374212265
02858_H_D_FY_C8,1,1,FY,0.9771935939788818,0.9762115478515625,0.9752317667007446,22,0.5365853658536586,22,12,33,0.43442090473523953,0.392744779586792
02859_H_D_FY_C6,1,1,FY,0.9688267707824707,0.9676238894462585,0.9661605954170227,17,0.4146341463414634,17,0,16,0.4439239640061448,0.41940930485725403
02860_H_D_FY_C7,1,1,FY,0.961876630783081,0.9608209729194641,0.9589212536811829,11,0.2682926829268293,11,0,10,0.45187499755766336,0.43315353989601135
02861_H_D_FY_C6,1,1,FY,0.6310510039329529,0.6195386052131653,0.6099110841751099,8,0.1951219512195122,8,6,13,0.38693280554399256,0.3296961784362793
02865_H_C_BY_C5,1,1,BY,0.9674533605575562,0.9654186367988586,0.9641702771186829,22,0.5365853658536586,22,0,21,0.39520738110309694,0.36593136191368103
02865_H_C_BY_C6,1,1,BY,0.9607670307159424,0.9584770202636719,0.9558629989624023,21,0.5121951219512195,21,0,20,0.4585749710478434,0.4380347430706024
02865_H_C_BY_C8,1,1,BY,0.7196492552757263,0.6886078715324402,0.6639681458473206,11,0.2682926829268293,9,5,19,0.3448258093217524,0.2800942361354828
02866_H_C_FY_C8,1,1,FY,0.8729832768440247,0.868887186050415,0.8651701211929321,19,0.4634146341463415,19,1,19,0.47832954511409853,0.37716495990753174
02867_H_C_BY_C6,1,1,BY,0.8100508451461792,0.794490396976471,0.7651746869087219,19,0.4634146341463415,19,1,19,0.45322107178408927,0.4075360596179962
02871_H_C_BY_C7,1,1,BY,0.9557746052742004,0.9551237225532532,0.954157829284668,23,0.5609756097560976,23,0,22,0.30077622612801996,0.1589331477880478
02874_H_C_FY_C6,1,1,FY,0.7976043820381165,0.7972261309623718,0.7950788140296936,21,0.5121951219512195,21,0,20,0.3478681001721359,0.3146216869354248
02874_H_C_FY_C7,1,1,FY,0.9134084582328796,0.8793643116950989,0.8426858186721802,13,0.3170731707317073,12,0,32,0.2650826366209402,0.20399300754070282
02876_H_C_FY_C5,1,1,FY,0.9768006801605225,0.9766101241111755,0.9756156802177429,23,0.5609756097560976,23,0,22,0.5205437272060208,0.4150245785713196
02876_H_C_FY_C8,1,1,FY,0.945107102394104,0.9427829384803772,0.9369314312934875,21,0.5121951219512195,21,0,20,0.40898079406924365,0.38160696625709534
02878_H_C_FY_C7,1,1,FY,0.9159072041511536,0.8917078971862793,0.8785631060600281,21,0.5121951219512195,21,0,20,0.3017368436586566,0.20492789149284363
02879_H_C_BY_C6,1,1,BY,0.9681185483932495,0.964726448059082,0.9611984491348267,15,0.36585365853658536,15,0,14,0.42112465820661404,0.3789123594760895
02879_H_C_BY_C8,1,1,BY,0.9331033229827881,0.9280068278312683,0.9029954671859741,11,0.2682926829268293,11,4,14,0.3525813868859919,0.31285396218299866
02880_H_C_FY_C6,1,1,FY,0.8638935685157776,0.8627752661705017,0.8567976951599121,19,0.4634146341463415,19,2,20,0.3215033891724377,0.292609304189682
02881_H_C_BY_C6,1,1,BY,0.8884485960006714,0.8593632578849792,0.8379024267196655,21,0.5121951219512195,21,0,20,0.41100570414124465,0.3855983018875122
02885_Y_C_FY_C5,1,1,FY,0.6997854709625244,0.6753358244895935,0.6621030569076538,19,0.4634146341463415,11,2,21,0.49690380474416224,0.4461989998817444
02887_Y_C_FY_C5,1,1,FY,0.9259531497955322,0.9219861626625061,0.9193993806838989,22,0.5365853658536586,22,0,21,0.44654355834170084,0.39676809310913086
02887_Y_C_FY_C7,1,1,FY,0.9801955819129944,0.9801363348960876,0.9800007939338684,21,0.5121951219512195,21,0,20,0.3659537238318746,0.2824140191078186
02888_Y_C_FY_C6,1,1,FY,0.6031784415245056,0.598107635974884,0.5916097164154053,10,0.24390243902439024,5,0,21,0.4089582242616793,0.40247082710266113
02890_Y_C_BY_C5,1,1,BY,0.976353645324707,0.9749496579170227,0.9742034077644348,20,0.4878048780487805,20,0,19,0.4782813278640189,0.427560031414032
02890_Y_C_BY_C6,1,1,BY,0.9180821776390076,0.9115021824836731,0.8995466232299805,19,0.4634146341463415,19,0,18,0.5102475416369554,0.48836755752563477
02892_Y_C_BY_C5,1,1,BY,0.951846182346344,0.9473094344139099,0.9396098852157593,17,0.4146341463414634,17,0,16,0.39650653484391,0.3724186420440674
02892_Y_C_BY_C6,1,1,BY,0.9316509962081909,0.9209589958190918,0.911408543586731,18,0.43902439024390244,18,0,17,0.4435754571019149,0.4211103618144989
02893_Y_C_FY_C7,1,1,FY,0.9501121640205383,0.9494574666023254,0.9486505389213562,20,0.4878048780487805,20,0,19,0.3686903344421852,0.2600210905075073
02898_Y_C_BY_C5,1,1,BY,0.8981190323829651,0.8604075908660889,0.794649600982666,8,0.1951219512195122,7,0,15,0.40580398425823305,0.37900158762931824
02898_Y_C_BY_C8,1,1,BY,0.9595354199409485,0.9550073742866516,0.9523337483406067,17,0.4146341463414634,17,0,16,0.37432621019642526,0.3402498960494995
02900_Y_C_BY_C6,1,1,BY,0.6333104968070984,0.5841047763824463,0.5660799741744995,5,0.12195121951219512,4,1,13,0.4108079242997053,0.3770774006843567
02915_H_B_BY_C6,1,1,BY,0.6514511704444885,0.6460716724395752,0.640934944152832,16,0.3902439024390244,14,3,19,0.29309889528809524,0.20217764377593994
02917_H_B_FY_C5,1,1,FY,0.9790001511573792,0.9785558581352234,0.97789466381073,24,0.5853658536585366,24,0,23,0.4616086119558753,0.4131389558315277
02917_H_B_FY_C6,1,1,FY,0.9770252704620361,0.9766501784324646,0.9759052395820618,24,0.5853658536585366,24,0,23,0.431984238508271,0.3352276086807251
02918_H_B_SY_C8,1,1,SY,0.9671739339828491,0.9660939574241638,0.9643704295158386,24,0.5853658536585366,24,1,24,0.46534109697109316,0.3806003928184509
02921_H_B_FY_C6,1,1,FY,0.8900254368782043,0.8794578909873962,0.8632580637931824,22,0.5365853658536586,22,2,23,0.4147604035168159,0.35040584206581116
02922_H_B_SY_C8,1,1,SY,0.979349672794342,0.9791693091392517,0.9787646532058716,24,0.5853658536585366,24,0,23,0.5027251541614532,0.4618358910083771
02923_H_B_BY_C7,1,1,BY,0.9735898375511169,0.9731569886207581,0.9727257490158081,22,0.5365853658536586,22,0,21,0.6201928723149184,0.5135331153869629
02923_H_B_BY_C8,1,1,BY,0.8065853118896484,0.8032895922660828,0.7964698076248169,18,0.43902439024390244,13,0,20,0.3099529176223569,0.282014936208725
02924_H_B_FY_C7,1,1,FY,0.9741172790527344,0.9737388491630554,0.9732658267021179,26,0.6341463414634146,26,0,25,0.4227096016814069,0.36560964584350586
02925_H_B_FY_C7,1,1,FY,0.9756289720535278,0.9752561450004578,0.9745475649833679,24,0.5853658536585366,24,1,24,0.4966358789583532,0.4281060993671417
02926_H_B_BY_C7,1,1,BY,0.9799544215202332,0.9796593189239502,0.9794306755065918,23,0.5609756097560976,23,0,22,0.5169513051102801,0.44381335377693176
02927_H_B_FY_C7,1,1,FY,0.9780244827270508,0.9778733849525452,0.9777094125747681,25,0.6097560975609756,25,0,24,0.3039841524711469,0.20181265473365784
02928_H_B_SY_C8,1,1,SY,0.9537595510482788,0.9529663920402527,0.9511882662773132,22,0.5365853658536586,22,0,21,0.33483838889656997,0.305886447429657
02930_H_B_FY_C5,1,1,FY,0.7101537585258484,0.6975750923156738,0.6883822679519653,12,0.2926829268292683,12,0,11,0.3241690760705529,0.2467631697654724
02931_H_B_SY_C7,1,1,SY,0.9469672441482544,0.9467985033988953,0.9461253881454468,20,0.4878048780487805,19,0,27,0.24915087332085864,0.12267699837684631
02932_H_B_BY_C7,1,1,BY,0.9768339991569519,0.9763674736022949,0.9758245348930359,24,0.5853658536585366,24,0,23,0.530189672621285,0.48976457118988037
02935_H_B_SY_C6,1,1,SY,0.9164934754371643,0.9047264456748962,0.9009790420532227,21,0.5121951219512195,21,0,20,0.3938868750886219,0.3613022565841675
02935_H_B_SY_C8,1,1,SY,0.9805395603179932,0.9803571701049805,0.9802389144897461,24,0.5853658536585366,24,0,23,0.525169766530758,0.48196378350257874
02941_H_B_FY_C6,1,1,FY,0.8746280074119568,0.8720456957817078,0.8695226907730103,10,0.24390243902439024,10,0,9,0.20186538594525036,0.1732272058725357
02943_H_B_FY_C5,1,1,FY,0.9787788987159729,0.9783928394317627,0.9774535298347473,25,0.6097560975609756,25,0,24,0.4685079484451108,0.41925543546676636
02943_H_B_FY_C6,1,1,FY,0.821190357208252,0.8125770688056946,0.8021847605705261,16,0.3902439024390244,16,7,22,0.3978843921568336,0.3028919994831085
02944_L_F_FY_C6,1,1,FY,0.9100702404975891,0.9091475605964661,0.9078866243362427,22,0.5365853658536586,22,1,22,0.34210459778948527,0.2733180820941925
02952_L_F_BY_C5,1,1,BY,0.9425391554832458,0.9373251795768738,0.9290645718574524,19,0.4634146341463415,19,0,18,0.49747111375738934,0.4491793215274811
02953_L_F_BY_C5,1,1,BY,0.9148532748222351,0.9145626425743103,0.9121469259262085,21,0.5121951219512195,21,0,20,0.49806759924423405,0.4342157244682312
02954_L_F_BY_C5,1,1,BY,0.9447689056396484,0.9393870234489441,0.935283362865448,19,0.4634146341463415,19,2,20,0.49693411806734594,0.4360288083553314
02955_L_F_FY_C5,1,0,FY,0.522159218788147,0.4623994827270508,0.42517757415771484,0,0.0,0,-1,-1,0.3536458836822975,0.28593382239341736
02957_L_F_BY_C5,1,1,BY,0.9209728837013245,0.9202716946601868,0.9181939959526062,20,0.4878048780487805,20,0,19,0.40310377754816196,0.356588751077652
02958_L_F_FY_C6,1,1,FY,0.9773993492126465,0.9762232303619385,0.9743196368217468,20,0.4878048780487805,20,0,19,0.4338060290348239,0.3991154432296753
02959_L_F_FY_C8,1,1,FY,0.8446555733680725,0.8414835333824158,0.8386961817741394,21,0.5121951219512195,21,0,20,0.4913614733916957,0.3761921226978302
02960_L_F_FY_C8,1,1,FY,0.9775027632713318,0.9767170548439026,0.9759292602539062,24,0.5853658536585366,24,0,23,0.5478963081429644,0.49231651425361633
02961_L_F_FY_C8,1,1,FY,0.9773548245429993,0.9765912890434265,0.9757900238037109,21,0.5121951219512195,21,0,20,0.6209156222459746,0.562249481678009
02962_L_F_FY_C5,1,1,FY,0.9541358947753906,0.9488124847412109,0.9436752200126648,8,0.1951219512195122,8,33,40,0.41259733060511145,0.35826289653778076
02962_L_F_FY_C6,1,1,FY,0.961719810962677,0.9602345824241638,0.9551790952682495,8,0.1951219512195122,8,33,40,0.4359419636610078,0.3863268494606018
02963_L_F_BY_C8,1,1,BY,0.9786298871040344,0.9784131050109863,0.9779671430587769,22,0.5365853658536586,22,0,21,0.4750248833400447,0.44954338669776917
02964_L_F_BY_C8,1,1,BY,0.9807315468788147,0.9803417325019836,0.9798723459243774,24,0.5853658536585366,24,0,23,0.533945744357458,0.4772012531757355
02965_L_F_BY_C6,1,1,BY,0.9794495105743408,0.979345977306366,0.9791622161865234,21,0.5121951219512195,21,0,20,0.4552821073590255,0.3552117645740509
02966_L_F_BY_C8,1,1,BY,0.9782550930976868,0.9773005843162537,0.9762139320373535,22,0.5365853658536586,22,0,21,0.3090202728422677,0.253091424703598
02967_L_F_FY_C5,1,1,FY,0.7231732606887817,0.7194392681121826,0.7106002569198608,15,0.36585365853658536,15,0,14,0.2670665608673561,0.2276451140642166
02969_L_F_FY_C5,1,1,FY,0.8060998320579529,0.8029201626777649,0.799487292766571,17,0.4146341463414634,16,0,40,0.2734769488253245,0.23702070116996765
02970_L_F_FY_C7,1,1,FY,0.6458556056022644,0.644235372543335,0.638428270816803,13,0.3170731707317073,13,0,12,0.22770482410744922,0.18191032111644745
02972_L_F_BY_C5,1,1,BY,0.9784976840019226,0.9780082702636719,0.9775745272636414,23,0.5609756097560976,23,0,22,0.4359260215991881,0.40387970209121704
02972_L_F_BY_C8,1,1,BY,0.9787099361419678,0.9785332083702087,0.9783264398574829,25,0.6097560975609756,25,0,24,0.5174740523826785,0.4497224688529968
02973_L_F_BY_C5,1,1,BY,0.9711925983428955,0.9702301025390625,0.9688378572463989,23,0.5609756097560976,23,0,22,0.4303675773667126,0.41012901067733765
02973_L_F_BY_C7,1,1,BY,0.9798595309257507,0.9791548848152161,0.9786794781684875,23,0.5609756097560976,23,0,22,0.46486706995382543,0.428514689207077
02974_L_F_BY_C8,1,1,BY,0.9802317023277283,0.9797319769859314,0.9793398976325989,23,0.5609756097560976,23,0,22,0.5085640586004024,0.46700379252433777
02975_L_F_FY_C8,1,1,FY,0.9786891341209412,0.9780704379081726,0.9773895144462585,23,0.5609756097560976,23,0,22,0.5968119443916693,0.56682288646698
02976_L_F_BY_C5,1,1,BY,0.9712029099464417,0.9667129516601562,0.9645718336105347,22,0.5365853658536586,22,0,21,0.48132301830663915,0.4339730143547058
02976_L_F_BY_C7,1,1,BY,0.9793657064437866,0.9791892170906067,0.9789252281188965,23,0.5609756097560976,23,0,22,0.4781857154718259,0.4563295543193817
02977_L_F_FY_C5,1,1,FY,0.6201419234275818,0.6093180179595947,0.5970892310142517,8,0.1951219512195122,7,0,8,0.16121709601181308,0.12786364555358887
02977_L_F_FY_C6,1,1,FY,0.8101046681404114,0.7975820899009705,0.7693909406661987,13,0.3170731707317073,13,0,12,0.29692716678468195,0.24466590583324432
